filename,basename,toolid,toolmode,parser_version,runid,start,duration,exit_code,findings,infos,errors,fails
contracts_output/contracts_output/codellama_contracts/1004.sol,1004.sol,oyente+-060ca34,solidity,2025/06/04,20260212_1543,1770911039.3300152,1.572199821472168,1,{},{analysis incomplete},{Solidity compilation failed},{}
contracts_output/contracts_output/codellama_contracts/1009.sol,1009.sol,oyente+-060ca34,solidity,2025/06/04,20260212_1543,1770911171.1370013,1.6439883708953857,1,{},{analysis incomplete},{Solidity compilation failed},{}
contracts_output/contracts_output/codellama_contracts/1010.sol,1010.sol,oyente+-060ca34,solidity,2025/06/04,20260212_1543,1770911355.4930024,39.57339358329773,0,"{Integer_Overflow,Integer_Underflow}","{coverage OfferContract 66.6%,coverage SafeMath 98.4%}",{},{}
contracts_output/contracts_output/codellama_contracts/1032.sol,1032.sol,oyente+-060ca34,solidity,2025/06/04,20260212_1543,1770911106.3060007,60.678550243377686,0,"{Integer_Overflow,Integer_Underflow}","{coverage SafeMath 98.4%,coverage VestingSchedule 82.1%}",{},{}
contracts_output/contracts_output/codellama_contracts/1053.sol,1053.sol,oyente+-060ca34,solidity,2025/06/04,20260212_1543,1770911156.990517,55.837361335754395,0,"{Integer_Overflow,Integer_Underflow}","{coverage Game 75.8%,coverage SafeMath 98.4%}",{},{}
contracts_output/contracts_output/codellama_contracts/107.sol,107.sol,oyente+-060ca34,solidity,2025/06/04,20260212_1543,1770911342.4117966,53.73096561431885,0,{Integer_Underflow},"{coverage SafeMath 98.4%,coverage TokenRegistry 29.8%}",{},{}
contracts_output/contracts_output/codellama_contracts/1091.sol,1091.sol,oyente+-060ca34,solidity,2025/06/04,20260212_1543,1770911346.0006351,1.940126895904541,1,{},{analysis incomplete},{Solidity compilation failed},{}
contracts_output/contracts_output/codellama_contracts/1094.sol,1094.sol,oyente+-060ca34,solidity,2025/06/04,20260212_1543,1770911277.388346,51.331122398376465,0,{Integer_Underflow},"{coverage NeumarkIssuance 72.0%,coverage SafeMath 98.4%}",{},{}
contracts_output/contracts_output/codellama_contracts/110.sol,110.sol,oyente+-060ca34,solidity,2025/06/04,20260212_1543,1770911413.1562889,1.4022588729858398,1,{},{analysis incomplete},{Solidity compilation failed},{}
contracts_output/contracts_output/codellama_contracts/1111.sol,1111.sol,oyente+-060ca34,solidity,2025/06/04,20260212_1543,1770911352.8535342,31.95756220817566,0,{Integer_Underflow},"{coverage GasCoverage 70.5%,coverage SafeMath 98.4%}",{},{}
contracts_output/contracts_output/codellama_contracts/1142.sol,1142.sol,oyente+-060ca34,solidity,2025/06/04,20260212_1543,1770911045.9965842,1.5798916816711426,1,{},{analysis incomplete},{Solidity compilation failed},{}
contracts_output/contracts_output/codellama_contracts/1147.sol,1147.sol,oyente+-060ca34,solidity,2025/06/04,20260212_1543,1770911293.7608957,2.239684581756592,1,{},{analysis incomplete},{Solidity compilation failed},{}
contracts_output/contracts_output/codellama_contracts/1148.sol,1148.sol,oyente+-060ca34,solidity,2025/06/04,20260212_1543,1770911406.436372,1.3751239776611328,1,{},{analysis incomplete},{Solidity compilation failed},{}
contracts_output/contracts_output/codellama_contracts/1160.sol,1160.sol,oyente+-060ca34,solidity,2025/06/04,20260212_1543,1770911046.508305,1.9143147468566895,1,{},{analysis incomplete},{Solidity compilation failed},{}
contracts_output/contracts_output/codellama_contracts/1164.sol,1164.sol,oyente+-060ca34,solidity,2025/06/04,20260212_1543,1770911057.2238274,1.486987590789795,1,{},{analysis incomplete},{Solidity compilation failed},{}
contracts_output/contracts_output/codellama_contracts/1195.sol,1195.sol,oyente+-060ca34,solidity,2025/06/04,20260212_1543,1770911158.2035196,1.8680169582366943,1,{},{analysis incomplete},{Solidity compilation failed},{}
contracts_output/contracts_output/codellama_contracts/1213.sol,1213.sol,oyente+-060ca34,solidity,2025/06/04,20260212_1543,1770911036.2499497,2.143890142440796,1,{},{analysis incomplete},{Solidity compilation failed},{}
contracts_output/contracts_output/codellama_contracts/1228.sol,1228.sol,oyente+-060ca34,solidity,2025/06/04,20260212_1543,1770911303.2630568,30.62162208557129,0,"{Integer_Overflow,Integer_Underflow}","{coverage Crowdfunding 71.3%,coverage SafeMath 98.4%}",{},{}
contracts_output/contracts_output/codellama_contracts/124.sol,124.sol,oyente+-060ca34,solidity,2025/06/04,20260212_1543,1770911386.7602513,1.3675172328948975,1,{},{analysis incomplete},{Solidity compilation failed},{}
contracts_output/contracts_output/codellama_contracts/1244.sol,1244.sol,oyente+-060ca34,solidity,2025/06/04,20260212_1543,1770911286.9099925,46.80807828903198,0,"{Integer_Overflow,Integer_Underflow}","{coverage GreyInfo 57.4%,coverage SafeMath 98.4%}",{},{}
contracts_output/contracts_output/codellama_contracts/1247.sol,1247.sol,oyente+-060ca34,solidity,2025/06/04,20260212_1543,1770911124.7370136,0.9829554557800293,1,{},{analysis incomplete},{Solidity compilation failed},{}
contracts_output/contracts_output/codellama_contracts/1259.sol,1259.sol,oyente+-060ca34,solidity,2025/06/04,20260212_1543,1770911142.9255264,1.5170965194702148,1,{},{analysis incomplete},{Solidity compilation failed},{}
contracts_output/contracts_output/codellama_contracts/1262.sol,1262.sol,oyente+-060ca34,solidity,2025/06/04,20260212_1543,1770911457.2351182,1.5352883338928223,1,{},{analysis incomplete},{Solidity compilation failed},{}
contracts_output/contracts_output/codellama_contracts/1265.sol,1265.sol,oyente+-060ca34,solidity,2025/06/04,20260212_1543,1770911208.1775637,1.6517322063446045,1,{},{analysis incomplete},{Solidity compilation failed},{}
contracts_output/contracts_output/codellama_contracts/1268.sol,1268.sol,oyente+-060ca34,solidity,2025/06/04,20260212_1543,1770911227.669864,1.4244725704193115,1,{},{analysis incomplete},{Solidity compilation failed},{}
contracts_output/contracts_output/codellama_contracts/1281.sol,1281.sol,oyente+-060ca34,solidity,2025/06/04,20260212_1543,1770911511.6704805,1.5963456630706787,1,{},{analysis incomplete},{Solidity compilation failed},{}
contracts_output/contracts_output/codellama_contracts/1283.sol,1283.sol,oyente+-060ca34,solidity,2025/06/04,20260212_1543,1770911433.2213683,1.6253700256347656,1,{},{analysis incomplete},{Solidity compilation failed},{}
contracts_output/contracts_output/codellama_contracts/1286.sol,1286.sol,oyente+-060ca34,solidity,2025/06/04,20260212_1543,1770911133.3782578,1.0740172863006592,1,{},{analysis incomplete},{Solidity compilation failed},{}
contracts_output/contracts_output/codellama_contracts/1315.sol,1315.sol,oyente+-060ca34,solidity,2025/06/04,20260212_1543,1770911333.5217586,48.397191524505615,0,{Integer_Underflow},"{coverage MyContract 84.5%,coverage SafeMath 98.4%}",{},{}
contracts_output/contracts_output/codellama_contracts/1319.sol,1319.sol,oyente+-060ca34,solidity,2025/06/04,20260212_1543,1770911297.1254084,1.4671814441680908,1,{},{analysis incomplete},{Solidity compilation failed},{}
contracts_output/contracts_output/codellama_contracts/1334.sol,1334.sol,oyente+-060ca34,solidity,2025/06/04,20260212_1543,1770911032.667719,84.30521583557129,0,{Integer_Underflow},"{coverage EarlyBacker 65.6%,coverage SafeMath 98.4%}",{},{}
contracts_output/contracts_output/codellama_contracts/1335.sol,1335.sol,oyente+-060ca34,solidity,2025/06/04,20260212_1543,1770911295.0423431,1.678964614868164,1,{},{analysis incomplete},{Solidity compilation failed},{}
contracts_output/contracts_output/codellama_contracts/1356.sol,1356.sol,oyente+-060ca34,solidity,2025/06/04,20260212_1543,1770911249.6713183,83.59461450576782,0,{Integer_Underflow},"{coverage MyContract 81.5%,coverage SafeMath 98.4%}",{},{}
contracts_output/contracts_output/codellama_contracts/1358.sol,1358.sol,oyente+-060ca34,solidity,2025/06/04,20260212_1543,1770911159.7016292,1.637582540512085,1,{},{analysis incomplete},{Solidity compilation failed},{}
contracts_output/contracts_output/codellama_contracts/1383.sol,1383.sol,oyente+-060ca34,solidity,2025/06/04,20260212_1543,1770911287.623118,46.00310683250427,0,{Integer_Underflow},"{coverage AssetTransfer 64.7%,coverage SafeMath 98.4%}",{},{}
contracts_output/contracts_output/codellama_contracts/1386.sol,1386.sol,oyente+-060ca34,solidity,2025/06/04,20260212_1543,1770911177.9291022,1.174478530883789,1,{},{analysis incomplete},{Solidity compilation failed},{}
contracts_output/contracts_output/codellama_contracts/1398.sol,1398.sol,oyente+-060ca34,solidity,2025/06/04,20260212_1543,1770911363.7083473,1.5214354991912842,1,{},{analysis incomplete},{Solidity compilation failed},{}
contracts_output/contracts_output/codellama_contracts/1413.sol,1413.sol,oyente+-060ca34,solidity,2025/06/04,20260212_1543,1770911036.5486326,1.9293992519378662,1,{},{analysis incomplete},{Solidity compilation failed},{}
contracts_output/contracts_output/codellama_contracts/1424.sol,1424.sol,oyente+-060ca34,solidity,2025/06/04,20260212_1543,1770911068.5130215,1.275632619857788,1,{},{analysis incomplete},{Solidity compilation failed},{}
contracts_output/contracts_output/codellama_contracts/1438.sol,1438.sol,oyente+-060ca34,solidity,2025/06/04,20260212_1543,1770911399.76655,1.4750549793243408,1,{},{analysis incomplete},{Solidity compilation failed},{}
contracts_output/contracts_output/codellama_contracts/1443.sol,1443.sol,oyente+-060ca34,solidity,2025/06/04,20260212_1543,1770911135.747159,36.793994426727295,0,"{Integer_Overflow,Integer_Underflow}","{coverage RegulatorClaim 74.4%,coverage SafeMath 98.4%}",{},{}
contracts_output/contracts_output/codellama_contracts/146.sol,146.sol,oyente+-060ca34,solidity,2025/06/04,20260212_1543,1770911238.2557843,56.92814111709595,0,"{Integer_Overflow,Integer_Underflow}","{coverage Members 72.1%,coverage SafeMath 98.4%}",{},{}
contracts_output/contracts_output/codellama_contracts/1493.sol,1493.sol,oyente+-060ca34,solidity,2025/06/04,20260212_1543,1770911280.6155546,1.3731188774108887,1,{},{analysis incomplete},{Solidity compilation failed},{}
contracts_output/contracts_output/codellama_contracts/1522.sol,1522.sol,oyente+-060ca34,solidity,2025/06/04,20260212_1543,1770911071.319788,1.081178903579712,1,{},{analysis incomplete},{Solidity compilation failed},{}
contracts_output/contracts_output/codellama_contracts/153.sol,153.sol,oyente+-060ca34,solidity,2025/06/04,20260212_1543,1770911295.544176,1.5795059204101562,1,{},{analysis incomplete},{Solidity compilation failed},{}
contracts_output/contracts_output/codellama_contracts/1531.sol,1531.sol,oyente+-060ca34,solidity,2025/06/04,20260212_1543,1770911342.2334082,2.210157632827759,1,{},{analysis incomplete},{Solidity compilation failed},{}
contracts_output/contracts_output/codellama_contracts/1558.sol,1558.sol,oyente+-060ca34,solidity,2025/06/04,20260212_1543,1770911257.9980085,76.10456848144531,0,"{Integer_Overflow,Integer_Underflow}","{coverage MyContract 74.0%,coverage SafeMath 98.4%}",{},{}
contracts_output/contracts_output/codellama_contracts/1565.sol,1565.sol,oyente+-060ca34,solidity,2025/06/04,20260212_1543,1770911373.8402321,1.4738562107086182,1,{},{analysis incomplete},{Solidity compilation failed},{}
contracts_output/contracts_output/codellama_contracts/1587.sol,1587.sol,oyente+-060ca34,solidity,2025/06/04,20260212_1543,1770911443.8729727,1.1570279598236084,1,{},{analysis incomplete},{Solidity compilation failed},{}
contracts_output/contracts_output/codellama_contracts/1589.sol,1589.sol,oyente+-060ca34,solidity,2025/06/04,20260212_1543,1770911472.4109273,45.57500433921814,0,"{Integer_Overflow,Integer_Underflow}","{coverage SafeMath 98.4%,coverage SporkToken 64.2%}",{},{}
contracts_output/contracts_output/codellama_contracts/1597.sol,1597.sol,oyente+-060ca34,solidity,2025/06/04,20260212_1543,1770911308.0638936,1.697988510131836,1,{},{analysis incomplete},{Solidity compilation failed},{}
contracts_output/contracts_output/codellama_contracts/1600.sol,1600.sol,oyente+-060ca34,solidity,2025/06/04,20260212_1543,1770911115.246211,1.9202589988708496,1,{},{analysis incomplete},{Solidity compilation failed},{}
contracts_output/contracts_output/codellama_contracts/1609.sol,1609.sol,oyente+-060ca34,solidity,2025/06/04,20260212_1543,1770911252.5906656,1.66046142578125,1,{},{analysis incomplete},{Solidity compilation failed},{}
contracts_output/contracts_output/codellama_contracts/1613.sol,1613.sol,oyente+-060ca34,solidity,2025/06/04,20260212_1543,1770911449.037308,53.45069766044617,0,"{Integer_Overflow,Integer_Underflow}","{coverage Miner 81.1%,coverage SafeMath 98.4%}",{},{}
contracts_output/contracts_output/codellama_contracts/1617.sol,1617.sol,oyente+-060ca34,solidity,2025/06/04,20260212_1543,1770911494.8396933,1.6485545635223389,1,{},{analysis incomplete},{Solidity compilation failed},{}
contracts_output/contracts_output/codellama_contracts/1642.sol,1642.sol,oyente+-060ca34,solidity,2025/06/04,20260212_1543,1770911436.191978,1.8202266693115234,1,{},{analysis incomplete},{Solidity compilation failed},{}
contracts_output/contracts_output/codellama_contracts/1644.sol,1644.sol,oyente+-060ca34,solidity,2025/06/04,20260212_1543,1770911450.980704,1.4018449783325195,1,{},{analysis incomplete},{Solidity compilation failed},{}
contracts_output/contracts_output/codellama_contracts/1662.sol,1662.sol,oyente+-060ca34,solidity,2025/06/04,20260212_1543,1770911365.23164,1.3276703357696533,1,{},{analysis incomplete},{Solidity compilation failed},{}
contracts_output/contracts_output/codellama_contracts/1663.sol,1663.sol,oyente+-060ca34,solidity,2025/06/04,20260212_1543,1770911471.8385284,45.82154202461243,0,"{Integer_Overflow,Integer_Underflow}","{coverage Havvens 76.3%,coverage SafeMath 98.4%}",{},{}
contracts_output/contracts_output/codellama_contracts/170.sol,170.sol,oyente+-060ca34,solidity,2025/06/04,20260212_1543,1770911153.374058,51.2547607421875,0,{Integer_Underflow},"{coverage Oracle 79.3%,coverage SafeMath 98.4%}",{},{}
contracts_output/contracts_output/codellama_contracts/1700.sol,1700.sol,oyente+-060ca34,solidity,2025/06/04,20260212_1543,1770911231.1791618,56.6525673866272,0,"{Integer_Overflow,Integer_Underflow}","{coverage MyContract 69.7%,coverage SafeMath 98.4%}",{},{}
contracts_output/contracts_output/codellama_contracts/1722.sol,1722.sol,oyente+-060ca34,solidity,2025/06/04,20260212_1543,1770911186.9695983,1.5895800590515137,1,{},{analysis incomplete},{Solidity compilation failed},{}
contracts_output/contracts_output/codellama_contracts/1735.sol,1735.sol,oyente+-060ca34,solidity,2025/06/04,20260212_1543,1770911352.7350643,1.406076431274414,1,{},{analysis incomplete},{Solidity compilation failed},{}
contracts_output/contracts_output/codellama_contracts/1777.sol,1777.sol,oyente+-060ca34,solidity,2025/06/04,20260212_1543,1770911389.1628098,52.84910249710083,0,"{Integer_Overflow,Integer_Underflow}","{coverage AttributeStaking 69.9%,coverage SafeMath 98.4%}",{},{}
contracts_output/contracts_output/codellama_contracts/1782.sol,1782.sol,oyente+-060ca34,solidity,2025/06/04,20260212_1543,1770911253.3228567,1.7151739597320557,1,{},{analysis incomplete},{Solidity compilation failed},{}
contracts_output/contracts_output/codellama_contracts/1790.sol,1790.sol,oyente+-060ca34,solidity,2025/06/04,20260212_1543,1770911378.3319008,1.52158784866333,1,{},{analysis incomplete},{Solidity compilation failed},{}
contracts_output/contracts_output/codellama_contracts/1809.sol,1809.sol,oyente+-060ca34,solidity,2025/06/04,20260212_1543,1770911038.8201697,23.26174545288086,0,{},{coverage Ownable 81.9%},{},{}
contracts_output/contracts_output/codellama_contracts/1814.sol,1814.sol,oyente+-060ca34,solidity,2025/06/04,20260212_1543,1770911268.8291962,1.5615992546081543,1,{},{analysis incomplete},{Solidity compilation failed},{}
contracts_output/contracts_output/codellama_contracts/1824.sol,1824.sol,oyente+-060ca34,solidity,2025/06/04,20260212_1543,1770911143.7417643,85.95936036109924,0,"{Integer_Overflow,Integer_Underflow}","{coverage MyContract 56.4%,coverage SafeMath 98.4%}",{},{}
contracts_output/contracts_output/codellama_contracts/1832.sol,1832.sol,oyente+-060ca34,solidity,2025/06/04,20260212_1543,1770911404.8480902,1.5866155624389648,1,{},{analysis incomplete},{Solidity compilation failed},{}
contracts_output/contracts_output/codellama_contracts/1838.sol,1838.sol,oyente+-060ca34,solidity,2025/06/04,20260212_1543,1770911151.102897,1.9183845520019531,1,{},{analysis incomplete},{Solidity compilation failed},{}
contracts_output/contracts_output/codellama_contracts/1872.sol,1872.sol,oyente+-060ca34,solidity,2025/06/04,20260212_1543,1770911297.890877,1.1923317909240723,1,{},{analysis incomplete},{Solidity compilation failed},{}
contracts_output/contracts_output/codellama_contracts/1877.sol,1877.sol,oyente+-060ca34,solidity,2025/06/04,20260212_1543,1770911289.495549,1.5209190845489502,1,{},{analysis incomplete},{Solidity compilation failed},{}
contracts_output/contracts_output/codellama_contracts/189.sol,189.sol,oyente+-060ca34,solidity,2025/06/04,20260212_1543,1770911477.0622892,1.7107861042022705,1,{},{analysis incomplete},{Solidity compilation failed},{}
contracts_output/contracts_output/codellama_contracts/1905.sol,1905.sol,oyente+-060ca34,solidity,2025/06/04,20260212_1543,1770911495.5867417,1.9411344528198242,1,{},{analysis incomplete},{Solidity compilation failed},{}
contracts_output/contracts_output/codellama_contracts/191.sol,191.sol,oyente+-060ca34,solidity,2025/06/04,20260212_1543,1770911026.2111104,52.06938028335571,0,{Integer_Underflow},"{coverage AccountingPeriod 83.5%,coverage SafeMath 98.4%}",{},{}
contracts_output/contracts_output/codellama_contracts/1924.sol,1924.sol,oyente+-060ca34,solidity,2025/06/04,20260212_1543,1770911055.3142664,1.5149786472320557,1,{},{analysis incomplete},{Solidity compilation failed},{}
contracts_output/contracts_output/codellama_contracts/1926.sol,1926.sol,oyente+-060ca34,solidity,2025/06/04,20260212_1543,1770911458.4209192,51.60623526573181,0,"{Integer_Overflow,Integer_Underflow}","{coverage MiniMeToken 69.8%,coverage SafeMath 98.4%}",{},{}
contracts_output/contracts_output/codellama_contracts/1932.sol,1932.sol,oyente+-060ca34,solidity,2025/06/04,20260212_1543,1770911481.9615686,41.5734703540802,0,"{Integer_Overflow,Integer_Underflow}","{coverage LoyaltyRewards 77.0%,coverage SafeMath 98.4%}",{},{}
contracts_output/contracts_output/codellama_contracts/1962.sol,1962.sol,oyente+-060ca34,solidity,2025/06/04,20260212_1543,1770911153.7944827,52.63366484642029,0,{Integer_Underflow},"{coverage MyContract 74.0%,coverage SafeMath 98.4%}",{},{}
contracts_output/contracts_output/codellama_contracts/1979.sol,1979.sol,oyente+-060ca34,solidity,2025/06/04,20260212_1543,1770911026.110892,1.428778886795044,1,{},{analysis incomplete},{Solidity compilation failed},{}
contracts_output/contracts_output/codellama_contracts/1993.sol,1993.sol,oyente+-060ca34,solidity,2025/06/04,20260212_1543,1770911210.9705462,1.6318433284759521,1,{},{analysis incomplete},{Solidity compilation failed},{}
contracts_output/contracts_output/codellama_contracts/2003.sol,2003.sol,oyente+-060ca34,solidity,2025/06/04,20260212_1543,1770911035.3107772,52.87041664123535,0,{Integer_Underflow},"{coverage RefundContract 83.1%,coverage SafeMath 98.4%}",{},{}
contracts_output/contracts_output/codellama_contracts/2019.sol,2019.sol,oyente+-060ca34,solidity,2025/06/04,20260212_1543,1770911312.6035593,1.6115071773529053,1,{},{analysis incomplete},{Solidity compilation failed},{}
contracts_output/contracts_output/codellama_contracts/2044.sol,2044.sol,oyente+-060ca34,solidity,2025/06/04,20260212_1543,1770911387.8094704,1.3517403602600098,1,{},{analysis incomplete},{Solidity compilation failed},{}
contracts_output/contracts_output/codellama_contracts/2053.sol,2053.sol,oyente+-060ca34,solidity,2025/06/04,20260212_1543,1770911392.0652997,2.5501749515533447,1,{},{analysis incomplete},{Solidity compilation failed},{}
contracts_output/contracts_output/codellama_contracts/2061.sol,2061.sol,oyente+-060ca34,solidity,2025/06/04,20260212_1543,1770911424.7651744,1.5638666152954102,1,{},{analysis incomplete},{Solidity compilation failed},{}
contracts_output/contracts_output/codellama_contracts/2081.sol,2081.sol,oyente+-060ca34,solidity,2025/06/04,20260212_1543,1770911077.1725352,1.2425925731658936,1,{},{analysis incomplete},{Solidity compilation failed},{}
contracts_output/contracts_output/codellama_contracts/2092.sol,2092.sol,oyente+-060ca34,solidity,2025/06/04,20260212_1543,1770911461.1735842,63.56706166267395,0,"{Integer_Overflow,Integer_Underflow}","{coverage InstantPot 66.3%,coverage SafeMath 98.4%}",{},{}
contracts_output/contracts_output/codellama_contracts/2093.sol,2093.sol,oyente+-060ca34,solidity,2025/06/04,20260212_1543,1770911187.8869486,1.4348077774047852,1,{},{analysis incomplete},{Solidity compilation failed},{}
contracts_output/contracts_output/codellama_contracts/211.sol,211.sol,oyente+-060ca34,solidity,2025/06/04,20260212_1543,1770911405.6156578,58.953277826309204,0,{Integer_Underflow},"{coverage MyContract 79.2%,coverage SafeMath 98.4%}",{},{}
contracts_output/contracts_output/codellama_contracts/2110.sol,2110.sol,oyente+-060ca34,solidity,2025/06/04,20260212_1543,1770911072.4902005,42.82686710357666,0,{Integer_Underflow},"{coverage LoanConverter 76.3%,coverage SafeMath 98.4%}",{},{}
contracts_output/contracts_output/codellama_contracts/2112.sol,2112.sol,oyente+-060ca34,solidity,2025/06/04,20260212_1543,1770911030.8150005,2.1322519779205322,1,{},{analysis incomplete},{Solidity compilation failed},{}
contracts_output/contracts_output/codellama_contracts/2119.sol,2119.sol,oyente+-060ca34,solidity,2025/06/04,20260212_1543,1770911118.2116222,40.947295904159546,0,"{Integer_Overflow,Integer_Underflow}","{coverage MyContract 74.1%,coverage SafeMath 98.4%}",{},{}
contracts_output/contracts_output/codellama_contracts/213.sol,213.sol,oyente+-060ca34,solidity,2025/06/04,20260212_1543,1770911438.0139935,49.686652421951294,0,"{Integer_Overflow,Integer_Underflow}","{coverage Campaign 73.2%,coverage SafeMath 98.4%}",{},{}
contracts_output/contracts_output/codellama_contracts/2141.sol,2141.sol,oyente+-060ca34,solidity,2025/06/04,20260212_1543,1770911143.495687,86.02671003341675,0,"{Integer_Overflow,Integer_Underflow}","{coverage Arbitration 44.2%,coverage SafeMath 98.4%}",{},{}
contracts_output/contracts_output/codellama_contracts/2199.sol,2199.sol,oyente+-060ca34,solidity,2025/06/04,20260212_1543,1770911242.7244265,1.4422876834869385,1,{},{analysis incomplete},{Solidity compilation failed},{}
contracts_output/contracts_output/codellama_contracts/2205.sol,2205.sol,oyente+-060ca34,solidity,2025/06/04,20260212_1543,1770911485.2622082,48.81713843345642,0,"{Integer_Overflow,Integer_Underflow}","{coverage Arbitration 38.9%,coverage SafeMath 98.4%}",{},{}
contracts_output/contracts_output/codellama_contracts/2209.sol,2209.sol,oyente+-060ca34,solidity,2025/06/04,20260212_1543,1770911362.73382,73.91953659057617,0,{Integer_Underflow},"{coverage OrderMatcher 69.3%,coverage SafeMath 98.4%}",{},{}
contracts_output/contracts_output/codellama_contracts/2215.sol,2215.sol,oyente+-060ca34,solidity,2025/06/04,20260212_1543,1770911245.506952,1.5395452976226807,1,{},{analysis incomplete},{Solidity compilation failed},{}
contracts_output/contracts_output/codellama_contracts/2223.sol,2223.sol,oyente+-060ca34,solidity,2025/06/04,20260212_1543,1770911314.6749792,1.674351453781128,1,{},{analysis incomplete},{Solidity compilation failed},{}
contracts_output/contracts_output/codellama_contracts/223.sol,223.sol,oyente+-060ca34,solidity,2025/06/04,20260212_1543,1770911348.281099,53.30794811248779,0,"{Integer_Overflow,Integer_Underflow}","{coverage CardInfo 37.9%,coverage SafeMath 98.4%}",{},{}
contracts_output/contracts_output/codellama_contracts/2236.sol,2236.sol,oyente+-060ca34,solidity,2025/06/04,20260212_1543,1770911449.7053785,71.79225969314575,0,"{Integer_Overflow,Integer_Underflow}","{coverage DarknodeVault 70.9%,coverage SafeMath 98.4%}",{},{}
contracts_output/contracts_output/codellama_contracts/2241.sol,2241.sol,oyente+-060ca34,solidity,2025/06/04,20260212_1543,1770911193.270773,1.932159662246704,1,{},{analysis incomplete},{Solidity compilation failed},{}
contracts_output/contracts_output/codellama_contracts/2268.sol,2268.sol,oyente+-060ca34,solidity,2025/06/04,20260212_1543,1770911051.9817288,1.418139934539795,1,{},{analysis incomplete},{Solidity compilation failed},{}
contracts_output/contracts_output/codellama_contracts/2271.sol,2271.sol,oyente+-060ca34,solidity,2025/06/04,20260212_1543,1770911496.085362,32.587421894073486,0,"{Integer_Overflow,Integer_Underflow}","{coverage DepositEther 86.0%,coverage SafeMath 98.4%}",{},{}
contracts_output/contracts_output/codellama_contracts/2278.sol,2278.sol,oyente+-060ca34,solidity,2025/06/04,20260212_1543,1770911262.697309,1.5619213581085205,1,{},{analysis incomplete},{Solidity compilation failed},{}
contracts_output/contracts_output/codellama_contracts/2295.sol,2295.sol,oyente+-060ca34,solidity,2025/06/04,20260212_1543,1770911065.1542711,1.631624698638916,1,{},{analysis incomplete},{Solidity compilation failed},{}
contracts_output/contracts_output/codellama_contracts/2308.sol,2308.sol,oyente+-060ca34,solidity,2025/06/04,20260212_1543,1770911184.1432984,56.635688066482544,0,"{Integer_Overflow,Integer_Underflow}","{coverage IssuerRegistration 79.9%,coverage SafeMath 98.4%}",{},{}
contracts_output/contracts_output/codellama_contracts/2313.sol,2313.sol,oyente+-060ca34,solidity,2025/06/04,20260212_1543,1770911060.3276567,51.497560024261475,0,{Integer_Underflow},"{coverage MyContract 83.6%,coverage SafeMath 98.4%}",{},{}
contracts_output/contracts_output/codellama_contracts/232.sol,232.sol,oyente+-060ca34,solidity,2025/06/04,20260212_1543,1770911471.4057791,1.6939454078674316,1,{},{analysis incomplete},{Solidity compilation failed},{}
contracts_output/contracts_output/codellama_contracts/2321.sol,2321.sol,oyente+-060ca34,solidity,2025/06/04,20260212_1543,1770911042.6413078,1.5894901752471924,1,{},{analysis incomplete},{Solidity compilation failed},{}
contracts_output/contracts_output/codellama_contracts/2323.sol,2323.sol,oyente+-060ca34,solidity,2025/06/04,20260212_1543,1770911265.3108213,1.4186615943908691,1,{},{analysis incomplete},{Solidity compilation failed},{}
contracts_output/contracts_output/codellama_contracts/2354.sol,2354.sol,oyente+-060ca34,solidity,2025/06/04,20260212_1543,1770911041.657456,1.2097578048706055,1,{},{analysis incomplete},{Solidity compilation failed},{}
contracts_output/contracts_output/codellama_contracts/2359.sol,2359.sol,oyente+-060ca34,solidity,2025/06/04,20260212_1543,1770911124.4350843,1.181790828704834,1,{},{analysis incomplete},{Solidity compilation failed},{}
contracts_output/contracts_output/codellama_contracts/2373.sol,2373.sol,oyente+-060ca34,solidity,2025/06/04,20260212_1543,1770911053.652306,1.7941668033599854,1,{},{analysis incomplete},{Solidity compilation failed},{}
contracts_output/contracts_output/codellama_contracts/2380.sol,2380.sol,oyente+-060ca34,solidity,2025/06/04,20260212_1543,1770911033.606142,2.941096782684326,1,{},{analysis incomplete},{Solidity compilation failed},{}
contracts_output/contracts_output/codellama_contracts/239.sol,239.sol,oyente+-060ca34,solidity,2025/06/04,20260212_1543,1770911029.7815957,2.883204698562622,1,{},{analysis incomplete},{Solidity compilation failed},{}
contracts_output/contracts_output/codellama_contracts/2394.sol,2394.sol,oyente+-060ca34,solidity,2025/06/04,20260212_1543,1770911431.1076994,1.4620177745819092,1,{},{analysis incomplete},{Solidity compilation failed},{}
contracts_output/contracts_output/codellama_contracts/2396.sol,2396.sol,oyente+-060ca34,solidity,2025/06/04,20260212_1543,1770911267.1989753,1.1192867755889893,1,{},{analysis incomplete},{Solidity compilation failed},{}
contracts_output/contracts_output/codellama_contracts/240.sol,240.sol,oyente+-060ca34,solidity,2025/06/04,20260212_1543,1770911362.1375299,1.225172758102417,1,{},{analysis incomplete},{Solidity compilation failed},{}
contracts_output/contracts_output/codellama_contracts/2419.sol,2419.sol,oyente+-060ca34,solidity,2025/06/04,20260212_1543,1770911433.3134155,1.435817003250122,1,{},{analysis incomplete},{Solidity compilation failed},{}
contracts_output/contracts_output/codellama_contracts/242.sol,242.sol,oyente+-060ca34,solidity,2025/06/04,20260212_1543,1770911026.2601376,1.5868432521820068,1,{},{analysis incomplete},{Solidity compilation failed},{}
contracts_output/contracts_output/codellama_contracts/2424.sol,2424.sol,oyente+-060ca34,solidity,2025/06/04,20260212_1543,1770911135.315632,1.6184608936309814,1,{},{analysis incomplete},{Solidity compilation failed},{}
contracts_output/contracts_output/codellama_contracts/243.sol,243.sol,oyente+-060ca34,solidity,2025/06/04,20260212_1543,1770911497.547598,1.4652047157287598,1,{},{analysis incomplete},{Solidity compilation failed},{}
contracts_output/contracts_output/codellama_contracts/2431.sol,2431.sol,oyente+-060ca34,solidity,2025/06/04,20260212_1543,1770911100.1123147,1.2193396091461182,1,{},{analysis incomplete},{Solidity compilation failed},{}
contracts_output/contracts_output/codellama_contracts/2433.sol,2433.sol,oyente+-060ca34,solidity,2025/06/04,20260212_1543,1770911466.9269419,49.43333888053894,0,"{Integer_Overflow,Integer_Underflow}","{coverage Miner 81.6%,coverage SafeMath 98.4%}",{},{}
contracts_output/contracts_output/codellama_contracts/2436.sol,2436.sol,oyente+-060ca34,solidity,2025/06/04,20260212_1543,1770911346.4724176,2.000786781311035,1,{},{analysis incomplete},{Solidity compilation failed},{}
contracts_output/contracts_output/codellama_contracts/2439.sol,2439.sol,oyente+-060ca34,solidity,2025/06/04,20260212_1543,1770911216.5189614,1.3352985382080078,1,{},{analysis incomplete},{Solidity compilation failed},{}
contracts_output/contracts_output/codellama_contracts/2463.sol,2463.sol,oyente+-060ca34,solidity,2025/06/04,20260212_1543,1770911043.0527263,1.8602888584136963,1,{},{analysis incomplete},{Solidity compilation failed},{}
contracts_output/contracts_output/codellama_contracts/2468.sol,2468.sol,oyente+-060ca34,solidity,2025/06/04,20260212_1543,1770911052.1566458,1.4342613220214844,1,{},{analysis incomplete},{Solidity compilation failed},{}
contracts_output/contracts_output/codellama_contracts/2473.sol,2473.sol,oyente+-060ca34,solidity,2025/06/04,20260212_1543,1770911147.8182418,1.1597046852111816,1,{},{analysis incomplete},{Solidity compilation failed},{}
contracts_output/contracts_output/codellama_contracts/2476.sol,2476.sol,oyente+-060ca34,solidity,2025/06/04,20260212_1543,1770911283.8804972,49.60421681404114,0,{Integer_Underflow},"{coverage SafeMath 98.4%,coverage Token 81.7%}",{},{}
contracts_output/contracts_output/codellama_contracts/2481.sol,2481.sol,oyente+-060ca34,solidity,2025/06/04,20260212_1543,1770911198.5057504,87.87622046470642,0,"{Integer_Overflow,Integer_Underflow}","{coverage SafeMath 98.4%,coverage Vesting 72.5%}",{},{}
contracts_output/contracts_output/codellama_contracts/2485.sol,2485.sol,oyente+-060ca34,solidity,2025/06/04,20260212_1543,1770911467.49721,1.6517016887664795,1,{},{analysis incomplete},{Solidity compilation failed},{}
contracts_output/contracts_output/codellama_contracts/2491.sol,2491.sol,oyente+-060ca34,solidity,2025/06/04,20260212_1543,1770911308.16999,87.00967860221863,0,{Integer_Underflow},"{coverage MyContract 85.3%,coverage SafeMath 98.4%}",{},{}
contracts_output/contracts_output/codellama_contracts/250.sol,250.sol,oyente+-060ca34,solidity,2025/06/04,20260212_1543,1770911473.3733013,1.2642590999603271,1,{},{analysis incomplete},{Solidity compilation failed},{}
contracts_output/contracts_output/codellama_contracts/2515.sol,2515.sol,oyente+-060ca34,solidity,2025/06/04,20260212_1543,1770911124.0754912,1.187955379486084,1,{},{analysis incomplete},{Solidity compilation failed},{}
contracts_output/contracts_output/codellama_contracts/2521.sol,2521.sol,oyente+-060ca34,solidity,2025/06/04,20260212_1543,1770911221.9153922,60.616493940353394,0,"{Integer_Overflow,Integer_Underflow}","{coverage SafeMath 98.4%,coverage Warriors 64.6%}",{},{}
contracts_output/contracts_output/codellama_contracts/2524.sol,2524.sol,oyente+-060ca34,solidity,2025/06/04,20260212_1543,1770911181.7674665,1.6863336563110352,1,{},{analysis incomplete},{Solidity compilation failed},{}
contracts_output/contracts_output/codellama_contracts/2532.sol,2532.sol,oyente+-060ca34,solidity,2025/06/04,20260212_1543,1770911361.5968091,23.354962825775146,0,{},"{coverage OwnedAddresses 62.8%,coverage SafeMath 98.4%}",{},{}
contracts_output/contracts_output/codellama_contracts/2533.sol,2533.sol,oyente+-060ca34,solidity,2025/06/04,20260212_1543,1770911394.43193,1.2903871536254883,1,{},{analysis incomplete},{Solidity compilation failed},{}
contracts_output/contracts_output/codellama_contracts/2566.sol,2566.sol,oyente+-060ca34,solidity,2025/06/04,20260212_1543,1770911089.793189,92.08567237854004,0,{Integer_Underflow},"{coverage Escrow 76.7%,coverage SafeMath 98.4%}",{},{}
contracts_output/contracts_output/codellama_contracts/2581.sol,2581.sol,oyente+-060ca34,solidity,2025/06/04,20260212_1543,1770911067.1929486,1.1313269138336182,1,{},{analysis incomplete},{Solidity compilation failed},{}
contracts_output/contracts_output/codellama_contracts/2600.sol,2600.sol,oyente+-060ca34,solidity,2025/06/04,20260212_1543,1770911369.1535463,52.49985980987549,0,{Integer_Underflow},"{coverage ConversionRate 83.5%,coverage SafeMath 98.4%}",{},{}
contracts_output/contracts_output/codellama_contracts/2602.sol,2602.sol,oyente+-060ca34,solidity,2025/06/04,20260212_1543,1770911184.2562928,2.5609610080718994,1,{},{analysis incomplete},{Solidity compilation failed},{}
contracts_output/contracts_output/codellama_contracts/2614.sol,2614.sol,oyente+-060ca34,solidity,2025/06/04,20260212_1543,1770911163.812667,2.0072021484375,1,{},{analysis incomplete},{Solidity compilation failed},{}
contracts_output/contracts_output/codellama_contracts/2617.sol,2617.sol,oyente+-060ca34,solidity,2025/06/04,20260212_1543,1770911274.8016138,0.9669826030731201,1,{},{analysis incomplete},{Solidity compilation failed},{}
contracts_output/contracts_output/codellama_contracts/2621.sol,2621.sol,oyente+-060ca34,solidity,2025/06/04,20260212_1543,1770911204.8035758,93.30449318885803,0,"{Integer_Overflow,Integer_Underflow}","{coverage Registration 66.2%,coverage SafeMath 98.4%}",{},{}
contracts_output/contracts_output/codellama_contracts/2632.sol,2632.sol,oyente+-060ca34,solidity,2025/06/04,20260212_1543,1770911164.6763115,56.414427518844604,0,"{Integer_Overflow,Integer_Underflow}","{coverage DonationContract 82.5%,coverage SafeMath 98.4%}",{},{}
contracts_output/contracts_output/codellama_contracts/2639.sol,2639.sol,oyente+-060ca34,solidity,2025/06/04,20260212_1543,1770911333.763644,2.2628610134124756,1,{},{analysis incomplete},{Solidity compilation failed},{}
contracts_output/contracts_output/codellama_contracts/267.sol,267.sol,oyente+-060ca34,solidity,2025/06/04,20260212_1543,1770911107.376535,1.315079689025879,1,{},{analysis incomplete},{Solidity compilation failed},{}
contracts_output/contracts_output/codellama_contracts/2680.sol,2680.sol,oyente+-060ca34,solidity,2025/06/04,20260212_1543,1770911441.8772974,1.2235760688781738,1,{},{analysis incomplete},{Solidity compilation failed},{}
contracts_output/contracts_output/codellama_contracts/2712.sol,2712.sol,oyente+-060ca34,solidity,2025/06/04,20260212_1543,1770911231.735714,98.81038761138916,0,{Integer_Underflow},"{coverage OwnerRestricted 81.3%,coverage SafeMath 98.4%}",{},{}
contracts_output/contracts_output/codellama_contracts/2733.sol,2733.sol,oyente+-060ca34,solidity,2025/06/04,20260212_1543,1770911202.5573914,54.63232111930847,0,"{Integer_Overflow,Integer_Underflow}","{coverage HavvenPrice 80.6%,coverage SafeMath 98.4%}",{},{}
contracts_output/contracts_output/codellama_contracts/2749.sol,2749.sol,oyente+-060ca34,solidity,2025/06/04,20260212_1543,1770911036.715228,2.5885579586029053,1,{},{analysis incomplete},{Solidity compilation failed},{}
contracts_output/contracts_output/codellama_contracts/2752.sol,2752.sol,oyente+-060ca34,solidity,2025/06/04,20260212_1543,1770911311.538844,20.53831934928894,0,"{Integer_Overflow,Integer_Underflow}","{coverage Lock 80.8%,coverage SafeMath 98.4%}",{},{}
contracts_output/contracts_output/codellama_contracts/277.sol,277.sol,oyente+-060ca34,solidity,2025/06/04,20260212_1543,1770911134.3362389,1.409804105758667,1,{},{analysis incomplete},{Solidity compilation failed},{}
contracts_output/contracts_output/codellama_contracts/2777.sol,2777.sol,oyente+-060ca34,solidity,2025/06/04,20260212_1543,1770911510.4190345,1.9800043106079102,1,{},{analysis incomplete},{Solidity compilation failed},{}
contracts_output/contracts_output/codellama_contracts/281.sol,281.sol,oyente+-060ca34,solidity,2025/06/04,20260212_1543,1770911244.611666,55.0484459400177,0,"{Integer_Overflow,Integer_Underflow}","{coverage CancelTokens 64.1%,coverage SafeMath 98.4%}",{},{}
contracts_output/contracts_output/codellama_contracts/2847.sol,2847.sol,oyente+-060ca34,solidity,2025/06/04,20260212_1543,1770911096.9616358,0.9597747325897217,1,{},{analysis incomplete},{Solidity compilation failed},{}
contracts_output/contracts_output/codellama_contracts/2851.sol,2851.sol,oyente+-060ca34,solidity,2025/06/04,20260212_1543,1770911147.7805195,51.61685037612915,0,"{Integer_Overflow,Integer_Underflow}","{coverage PresaleLimits 68.8%,coverage SafeMath 98.4%}",{},{}
contracts_output/contracts_output/codellama_contracts/2869.sol,2869.sol,oyente+-060ca34,solidity,2025/06/04,20260212_1543,1770911510.7900493,20.445586919784546,0,"{Integer_Overflow,Integer_Underflow}","{coverage Arbitrator 76.5%,coverage SafeMath 98.4%}",{},{}
contracts_output/contracts_output/codellama_contracts/2892.sol,2892.sol,oyente+-060ca34,solidity,2025/06/04,20260212_1543,1770911070.553841,77.22507166862488,0,{Integer_Underflow},"{coverage Offer 56.6%,coverage SafeMath 98.4%}",{},{}
contracts_output/contracts_output/codellama_contracts/2907.sol,2907.sol,oyente+-060ca34,solidity,2025/06/04,20260212_1543,1770911480.6509476,21.265734434127808,0,{Integer_Underflow},"{coverage MyContract 82.1%,coverage SafeMath 98.4%}",{},{}
contracts_output/contracts_output/codellama_contracts/2948.sol,2948.sol,oyente+-060ca34,solidity,2025/06/04,20260212_1543,1770911088.183874,53.51543092727661,0,{Integer_Underflow},"{coverage Auction 87.8%,coverage SafeMath 98.4%}",{},{}
contracts_output/contracts_output/codellama_contracts/2971.sol,2971.sol,oyente+-060ca34,solidity,2025/06/04,20260212_1543,1770911071.4470227,1.2961218357086182,1,{},{analysis incomplete},{Solidity compilation failed},{}
contracts_output/contracts_output/codellama_contracts/2976.sol,2976.sol,oyente+-060ca34,solidity,2025/06/04,20260212_1543,1770911242.7540743,2.108614683151245,1,{},{analysis incomplete},{Solidity compilation failed},{}
contracts_output/contracts_output/codellama_contracts/2989.sol,2989.sol,oyente+-060ca34,solidity,2025/06/04,20260212_1543,1770911028.5465863,53.564934730529785,0,"{Integer_Overflow,Integer_Underflow}","{coverage SafeMath 98.4%,coverage Validator 41.0%}",{},{}
contracts_output/contracts_output/codellama_contracts/30.sol,30.sol,oyente+-060ca34,solidity,2025/06/04,20260212_1543,1770911136.9357703,1.7554361820220947,1,{},{analysis incomplete},{Solidity compilation failed},{}
contracts_output/contracts_output/codellama_contracts/3024.sol,3024.sol,oyente+-060ca34,solidity,2025/06/04,20260212_1543,1770911166.9859293,1.9715898036956787,1,{},{analysis incomplete},{Solidity compilation failed},{}
contracts_output/contracts_output/codellama_contracts/3040.sol,3040.sol,oyente+-060ca34,solidity,2025/06/04,20260212_1543,1770911229.9455698,1.5293734073638916,1,{},{analysis incomplete},{Solidity compilation failed},{}
contracts_output/contracts_output/codellama_contracts/306.sol,306.sol,oyente+-060ca34,solidity,2025/06/04,20260212_1543,1770911302.3277295,1.491142749786377,1,{},{analysis incomplete},{Solidity compilation failed},{}
contracts_output/contracts_output/codellama_contracts/3060.sol,3060.sol,oyente+-060ca34,solidity,2025/06/04,20260212_1543,1770911445.6383317,1.300074815750122,1,{},{analysis incomplete},{Solidity compilation failed},{}
contracts_output/contracts_output/codellama_contracts/3064.sol,3064.sol,oyente+-060ca34,solidity,2025/06/04,20260212_1543,1770911172.7820795,1.5847241878509521,1,{},{analysis incomplete},{Solidity compilation failed},{}
contracts_output/contracts_output/codellama_contracts/3096.sol,3096.sol,oyente+-060ca34,solidity,2025/06/04,20260212_1543,1770911088.7483282,1.0706243515014648,1,{},{analysis incomplete},{Solidity compilation failed},{}
contracts_output/contracts_output/codellama_contracts/3103.sol,3103.sol,oyente+-060ca34,solidity,2025/06/04,20260212_1543,1770911026.1997058,51.61095213890076,0,"{Integer_Overflow,Integer_Underflow}","{coverage Redemption 84.2%,coverage SafeMath 98.4%}",{},{}
contracts_output/contracts_output/codellama_contracts/312.sol,312.sol,oyente+-060ca34,solidity,2025/06/04,20260212_1543,1770911151.6261103,51.40897607803345,0,"{Integer_Overflow,Integer_Underflow}","{coverage SafeMath 98.4%,coverage VestingSchedule 80.2%}",{},{}
contracts_output/contracts_output/codellama_contracts/3142.sol,3142.sol,oyente+-060ca34,solidity,2025/06/04,20260212_1543,1770911412.1367228,53.16923952102661,0,"{Integer_Overflow,Integer_Underflow}","{coverage SafeMath 98.4%,coverage Token 81.3%}",{},{}
contracts_output/contracts_output/codellama_contracts/3148.sol,3148.sol,oyente+-060ca34,solidity,2025/06/04,20260212_1543,1770911043.4755752,135.84811067581177,0,"{Integer_Overflow,Integer_Underflow}","{coverage Auction 67.2%,coverage SafeMath 98.4%}",{},{}
contracts_output/contracts_output/codellama_contracts/316.sol,316.sol,oyente+-060ca34,solidity,2025/06/04,20260212_1543,1770911505.0979824,1.1456360816955566,1,{},{analysis incomplete},{Solidity compilation failed},{}
contracts_output/contracts_output/codellama_contracts/3161.sol,3161.sol,oyente+-060ca34,solidity,2025/06/04,20260212_1543,1770911116.9741943,1.725548505783081,1,{},{analysis incomplete},{Solidity compilation failed},{}
contracts_output/contracts_output/codellama_contracts/3163.sol,3163.sol,oyente+-060ca34,solidity,2025/06/04,20260212_1543,1770911150.3826509,2.2975716590881348,1,{},{analysis incomplete},{Solidity compilation failed},{}
contracts_output/contracts_output/codellama_contracts/3170.sol,3170.sol,oyente+-060ca34,solidity,2025/06/04,20260212_1543,1770911403.9988558,1.615537166595459,1,{},{analysis incomplete},{Solidity compilation failed},{}
contracts_output/contracts_output/codellama_contracts/3181.sol,3181.sol,oyente+-060ca34,solidity,2025/06/04,20260212_1543,1770911138.7313695,1.8422303199768066,0,{},"{coverage FundingDisabled 41.9%,coverage SafeMath 98.4%}",{},{}
contracts_output/contracts_output/codellama_contracts/3185.sol,3185.sol,oyente+-060ca34,solidity,2025/06/04,20260212_1543,1770911430.1449738,56.022099018096924,0,{Integer_Underflow},"{coverage ContractChecker 79.1%,coverage SafeMath 98.4%}",{},{}
contracts_output/contracts_output/codellama_contracts/3195.sol,3195.sol,oyente+-060ca34,solidity,2025/06/04,20260212_1543,1770911382.9053621,1.3495237827301025,1,{},{analysis incomplete},{Solidity compilation failed},{}
contracts_output/contracts_output/codellama_contracts/32.sol,32.sol,oyente+-060ca34,solidity,2025/06/04,20260212_1543,1770911270.3921742,63.74143671989441,0,{Integer_Underflow},"{coverage SafeMath 98.4%,coverage Token 59.9%}",{},{}
contracts_output/contracts_output/codellama_contracts/3202.sol,3202.sol,oyente+-060ca34,solidity,2025/06/04,20260212_1543,1770911286.3833432,47.37894797325134,0,"{Integer_Overflow,Integer_Underflow}","{coverage MyContract 90.0%,coverage SafeMath 98.4%}",{},{}
contracts_output/contracts_output/codellama_contracts/3204.sol,3204.sol,oyente+-060ca34,solidity,2025/06/04,20260212_1543,1770911442.0136542,54.76510000228882,0,"{Integer_Overflow,Integer_Underflow}","{coverage MyContract 90.0%,coverage SafeMath 98.4%}",{},{}
contracts_output/contracts_output/codellama_contracts/321.sol,321.sol,oyente+-060ca34,solidity,2025/06/04,20260212_1543,1770911459.071835,1.4913825988769531,1,{},{analysis incomplete},{Solidity compilation failed},{}
contracts_output/contracts_output/codellama_contracts/3235.sol,3235.sol,oyente+-060ca34,solidity,2025/06/04,20260212_1543,1770911134.2005386,1.1121954917907715,1,{},{analysis incomplete},{Solidity compilation failed},{}
contracts_output/contracts_output/codellama_contracts/3265.sol,3265.sol,oyente+-060ca34,solidity,2025/06/04,20260212_1543,1770911395.1812818,83.81274485588074,0,{Integer_Underflow},"{coverage MyContract 79.9%,coverage SafeMath 98.4%}",{},{}
contracts_output/contracts_output/codellama_contracts/3277.sol,3277.sol,oyente+-060ca34,solidity,2025/06/04,20260212_1543,1770911433.9322484,84.8317482471466,0,{Integer_Underflow},"{coverage MyContract 61.5%,coverage SafeMath 98.4%}",{},{}
contracts_output/contracts_output/codellama_contracts/3285.sol,3285.sol,oyente+-060ca34,solidity,2025/06/04,20260212_1543,1770911338.4856522,2.17466402053833,1,{},{analysis incomplete},{Solidity compilation failed},{}
contracts_output/contracts_output/codellama_contracts/3288.sol,3288.sol,oyente+-060ca34,solidity,2025/06/04,20260212_1543,1770911121.1873953,1.337505578994751,1,{},{analysis incomplete},{Solidity compilation failed},{}
contracts_output/contracts_output/codellama_contracts/3297.sol,3297.sol,oyente+-060ca34,solidity,2025/06/04,20260212_1543,1770911153.8324182,54.34348392486572,0,"{Integer_Overflow,Integer_Underflow}","{coverage MyContract 59.7%,coverage SafeMath 98.4%}",{},{}
contracts_output/contracts_output/codellama_contracts/3314.sol,3314.sol,oyente+-060ca34,solidity,2025/06/04,20260212_1543,1770911046.0181563,1.9365777969360352,1,{},{analysis incomplete},{Solidity compilation failed},{}
contracts_output/contracts_output/codellama_contracts/3318.sol,3318.sol,oyente+-060ca34,solidity,2025/06/04,20260212_1543,1770911423.5586581,1.204530954360962,1,{},{analysis incomplete},{Solidity compilation failed},{}
contracts_output/contracts_output/codellama_contracts/3322.sol,3322.sol,oyente+-060ca34,solidity,2025/06/04,20260212_1543,1770911223.8828485,1.4477448463439941,1,{},{analysis incomplete},{Solidity compilation failed},{}
contracts_output/contracts_output/codellama_contracts/3332.sol,3332.sol,oyente+-060ca34,solidity,2025/06/04,20260212_1543,1770911251.4930267,1.630781888961792,1,{},{analysis incomplete},{Solidity compilation failed},{}
contracts_output/contracts_output/codellama_contracts/3338.sol,3338.sol,oyente+-060ca34,solidity,2025/06/04,20260212_1543,1770911161.872272,54.31531548500061,0,"{Integer_Overflow,Integer_Underflow}","{coverage AffiliateProgram 74.3%,coverage SafeMath 98.4%}",{},{}
contracts_output/contracts_output/codellama_contracts/3343.sol,3343.sol,oyente+-060ca34,solidity,2025/06/04,20260212_1543,1770911278.8340387,1.7720580101013184,1,{},{analysis incomplete},{Solidity compilation failed},{}
contracts_output/contracts_output/codellama_contracts/3368.sol,3368.sol,oyente+-060ca34,solidity,2025/06/04,20260212_1543,1770911091.67392,53.44663691520691,0,"{Integer_Overflow,Integer_Underflow}","{coverage RegularAddress 83.0%,coverage SafeMath 98.4%}",{},{}
contracts_output/contracts_output/codellama_contracts/3377.sol,3377.sol,oyente+-060ca34,solidity,2025/06/04,20260212_1543,1770911334.4778404,2.294471502304077,1,{},{analysis incomplete},{Solidity compilation failed},{}
contracts_output/contracts_output/codellama_contracts/3380.sol,3380.sol,oyente+-060ca34,solidity,2025/06/04,20260212_1543,1770911403.7738287,1.5893871784210205,1,{},{analysis incomplete},{Solidity compilation failed},{}
contracts_output/contracts_output/codellama_contracts/339.sol,339.sol,oyente+-060ca34,solidity,2025/06/04,20260212_1543,1770911360.8560853,56.0480170249939,0,{Integer_Underflow},"{coverage Card 71.1%,coverage SafeMath 98.4%}",{},{}
contracts_output/contracts_output/codellama_contracts/3416.sol,3416.sol,oyente+-060ca34,solidity,2025/06/04,20260212_1543,1770911350.8747559,56.330395460128784,0,"{Integer_Overflow,Integer_Underflow}","{coverage Property 70.2%,coverage SafeMath 98.4%}",{},{}
contracts_output/contracts_output/codellama_contracts/3424.sol,3424.sol,oyente+-060ca34,solidity,2025/06/04,20260212_1543,1770911045.1325529,57.229652404785156,0,"{Integer_Overflow,Integer_Underflow}","{coverage MyContract 63.3%,coverage SafeMath 98.4%}",{},{}
contracts_output/contracts_output/codellama_contracts/3433.sol,3433.sol,oyente+-060ca34,solidity,2025/06/04,20260212_1543,1770911365.715774,36.34975051879883,0,{Integer_Underflow},"{coverage NeuroChain 82.2%,coverage SafeMath 98.4%}",{},{}
contracts_output/contracts_output/codellama_contracts/3447.sol,3447.sol,oyente+-060ca34,solidity,2025/06/04,20260212_1543,1770911043.6982946,2.3721306324005127,1,{},{analysis incomplete},{Solidity compilation failed},{}
contracts_output/contracts_output/codellama_contracts/3452.sol,3452.sol,oyente+-060ca34,solidity,2025/06/04,20260212_1543,1770911171.2261665,2.097322702407837,1,{},{analysis incomplete},{Solidity compilation failed},{}
contracts_output/contracts_output/codellama_contracts/3458.sol,3458.sol,oyente+-060ca34,solidity,2025/06/04,20260212_1543,1770911082.88759,1.5435779094696045,1,{},{analysis incomplete},{Solidity compilation failed},{}
contracts_output/contracts_output/codellama_contracts/3464.sol,3464.sol,oyente+-060ca34,solidity,2025/06/04,20260212_1543,1770911210.7362921,60.68696188926697,0,"{Integer_Overflow,Integer_Underflow}","{coverage MyContract 76.9%,coverage SafeMath 98.4%}",{},{}
contracts_output/contracts_output/codellama_contracts/3476.sol,3476.sol,oyente+-060ca34,solidity,2025/06/04,20260212_1543,1770911141.8671303,2.3741462230682373,1,{},{analysis incomplete},{Solidity compilation failed},{}
contracts_output/contracts_output/codellama_contracts/3477.sol,3477.sol,oyente+-060ca34,solidity,2025/06/04,20260212_1543,1770911336.0279078,51.27326726913452,0,{Integer_Underflow},"{coverage Loan 51.3%,coverage SafeMath 98.4%}",{},{}
contracts_output/contracts_output/codellama_contracts/3500.sol,3500.sol,oyente+-060ca34,solidity,2025/06/04,20260212_1543,1770911169.2997959,53.15120029449463,0,{Integer_Underflow},"{coverage MyContract 81.1%,coverage SafeMath 98.4%}",{},{}
contracts_output/contracts_output/codellama_contracts/3520.sol,3520.sol,oyente+-060ca34,solidity,2025/06/04,20260212_1543,1770911038.3966715,2.0525686740875244,1,{},{analysis incomplete},{Solidity compilation failed},{}
contracts_output/contracts_output/codellama_contracts/3570.sol,3570.sol,oyente+-060ca34,solidity,2025/06/04,20260212_1543,1770911389.050559,1.793736457824707,1,{},{analysis incomplete},{Solidity compilation failed},{}
contracts_output/contracts_output/codellama_contracts/3576.sol,3576.sol,oyente+-060ca34,solidity,2025/06/04,20260212_1543,1770911082.4883587,57.62280035018921,0,{Integer_Underflow},"{coverage SafeMath 98.4%,coverage Whitelist 72.9%}",{},{}
contracts_output/contracts_output/codellama_contracts/3580.sol,3580.sol,oyente+-060ca34,solidity,2025/06/04,20260212_1543,1770911391.9968603,1.37290358543396,1,{},{analysis incomplete},{Solidity compilation failed},{}
contracts_output/contracts_output/codellama_contracts/36.sol,36.sol,oyente+-060ca34,solidity,2025/06/04,20260212_1543,1770911313.8514826,1.2410390377044678,1,{},{analysis incomplete},{Solidity compilation failed},{}
contracts_output/contracts_output/codellama_contracts/3604.sol,3604.sol,oyente+-060ca34,solidity,2025/06/04,20260212_1543,1770911196.115759,57.1133394241333,0,{Integer_Underflow},"{coverage Asset 54.2%,coverage SafeMath 98.4%}",{},{}
contracts_output/contracts_output/codellama_contracts/3619.sol,3619.sol,oyente+-060ca34,solidity,2025/06/04,20260212_1543,1770911043.6731093,2.3219780921936035,1,{},{analysis incomplete},{Solidity compilation failed},{}
contracts_output/contracts_output/codellama_contracts/3633.sol,3633.sol,oyente+-060ca34,solidity,2025/06/04,20260212_1543,1770911163.174645,1.7513890266418457,1,{},{analysis incomplete},{Solidity compilation failed},{}
contracts_output/contracts_output/codellama_contracts/3644.sol,3644.sol,oyente+-060ca34,solidity,2025/06/04,20260212_1543,1770911372.6020873,23.83002233505249,0,"{Integer_Overflow,Integer_Underflow}","{coverage SafeMath 98.4%,coverage Token 87.3%}",{},{}
contracts_output/contracts_output/codellama_contracts/3650.sol,3650.sol,oyente+-060ca34,solidity,2025/06/04,20260212_1543,1770911096.2532556,36.07429814338684,0,"{Integer_Overflow,Integer_Underflow}","{coverage IssuerFirmAuthority 71.2%,coverage SafeMath 98.4%}",{},{}
contracts_output/contracts_output/codellama_contracts/3662.sol,3662.sol,oyente+-060ca34,solidity,2025/06/04,20260212_1543,1770911389.4208913,37.32205009460449,0,{Integer_Underflow},"{coverage SafeMath 98.4%,coverage Token 73.8%}",{},{}
contracts_output/contracts_output/codellama_contracts/3698.sol,3698.sol,oyente+-060ca34,solidity,2025/06/04,20260212_1543,1770911228.1804311,1.3920745849609375,1,{},{analysis incomplete},{Solidity compilation failed},{}
contracts_output/contracts_output/codellama_contracts/3704.sol,3704.sol,oyente+-060ca34,solidity,2025/06/04,20260212_1543,1770911474.5022662,47.343464612960815,0,"{Integer_Overflow,Integer_Underflow}","{coverage SafeMath 98.4%,coverage TokenSale 70.2%}",{},{}
contracts_output/contracts_output/codellama_contracts/3719.sol,3719.sol,oyente+-060ca34,solidity,2025/06/04,20260212_1543,1770911056.8302727,81.89987063407898,0,{Integer_Underflow},"{coverage MyContract 60.2%,coverage SafeMath 98.4%}",{},{}
contracts_output/contracts_output/codellama_contracts/3727.sol,3727.sol,oyente+-060ca34,solidity,2025/06/04,20260212_1543,1770911395.5181382,1.8517746925354004,1,{},{analysis incomplete},{Solidity compilation failed},{}
contracts_output/contracts_output/codellama_contracts/3728.sol,3728.sol,oyente+-060ca34,solidity,2025/06/04,20260212_1543,1770911335.586586,34.07762384414673,0,"{Integer_Overflow,Integer_Underflow}","{coverage AllowanceMultipleWithdrawals 77.0%,coverage SafeMath 98.4%}",{},{}
contracts_output/contracts_output/codellama_contracts/3748.sol,3748.sol,oyente+-060ca34,solidity,2025/06/04,20260212_1543,1770911081.5162575,1.3182942867279053,1,{},{analysis incomplete},{Solidity compilation failed},{}
contracts_output/contracts_output/codellama_contracts/3756.sol,3756.sol,oyente+-060ca34,solidity,2025/06/04,20260212_1543,1770911336.4502287,2.281954288482666,1,{},{analysis incomplete},{Solidity compilation failed},{}
contracts_output/contracts_output/codellama_contracts/3776.sol,3776.sol,oyente+-060ca34,solidity,2025/06/04,20260212_1543,1770911139.6324334,1.132556676864624,1,{},{analysis incomplete},{Solidity compilation failed},{}
contracts_output/contracts_output/codellama_contracts/3785.sol,3785.sol,oyente+-060ca34,solidity,2025/06/04,20260212_1543,1770911457.0168622,1.4026618003845215,1,{},{analysis incomplete},{Solidity compilation failed},{}
contracts_output/contracts_output/codellama_contracts/3793.sol,3793.sol,oyente+-060ca34,solidity,2025/06/04,20260212_1543,1770911393.4023545,21.886561393737793,0,"{Integer_Overflow,Integer_Underflow}","{coverage Invite 78.5%,coverage SafeMath 98.4%}",{},{}
contracts_output/contracts_output/codellama_contracts/381.sol,381.sol,oyente+-060ca34,solidity,2025/06/04,20260212_1543,1770911175.733473,55.07410955429077,0,"{Integer_Overflow,Integer_Underflow}","{coverage Auction 81.7%,coverage SafeMath 98.4%}",{},{}
contracts_output/contracts_output/codellama_contracts/382.sol,382.sol,oyente+-060ca34,solidity,2025/06/04,20260212_1543,1770911136.1950502,51.951014041900635,0,{Integer_Underflow},"{coverage Rental 62.8%,coverage SafeMath 98.4%}",{},{}
contracts_output/contracts_output/codellama_contracts/3857.sol,3857.sol,oyente+-060ca34,solidity,2025/06/04,20260212_1543,1770911353.4067128,83.86312055587769,0,{Integer_Underflow},"{coverage Campaign 86.7%,coverage SafeMath 98.4%}",{},{}
contracts_output/contracts_output/codellama_contracts/3863.sol,3863.sol,oyente+-060ca34,solidity,2025/06/04,20260212_1543,1770911456.9015474,68.70844221115112,0,"{Integer_Overflow,Integer_Underflow}","{coverage SafeMath 98.4%,coverage TokenSale 44.7%}",{},{}
contracts_output/contracts_output/codellama_contracts/3881.sol,3881.sol,oyente+-060ca34,solidity,2025/06/04,20260212_1543,1770911309.611354,2.1093201637268066,1,{},{analysis incomplete},{Solidity compilation failed},{}
contracts_output/contracts_output/codellama_contracts/3890.sol,3890.sol,oyente+-060ca34,solidity,2025/06/04,20260212_1543,1770911237.4131584,1.3245558738708496,1,{},{analysis incomplete},{Solidity compilation failed},{}
contracts_output/contracts_output/codellama_contracts/3893.sol,3893.sol,oyente+-060ca34,solidity,2025/06/04,20260212_1543,1770911118.7998986,56.73226499557495,0,"{Integer_Overflow,Integer_Underflow}","{coverage MyContract 90.1%,coverage SafeMath 98.4%}",{},{}
contracts_output/contracts_output/codellama_contracts/3896.sol,3896.sol,oyente+-060ca34,solidity,2025/06/04,20260212_1543,1770911112.2680788,1.206416130065918,1,{},{analysis incomplete},{Solidity compilation failed},{}
contracts_output/contracts_output/codellama_contracts/39.sol,39.sol,oyente+-060ca34,solidity,2025/06/04,20260212_1543,1770911121.0831225,1.6687335968017578,1,{},{analysis incomplete},{Solidity compilation failed},{}
contracts_output/contracts_output/codellama_contracts/3939.sol,3939.sol,oyente+-060ca34,solidity,2025/06/04,20260212_1543,1770911197.3288827,91.12152099609375,0,{Integer_Underflow},"{coverage Registry 81.9%,coverage SafeMath 98.4%}",{},{}
contracts_output/contracts_output/codellama_contracts/3988.sol,3988.sol,oyente+-060ca34,solidity,2025/06/04,20260212_1543,1770911199.2135115,54.10768508911133,0,{Integer_Underflow},"{coverage SafeMath 98.4%,coverage Sale 76.9%}",{},{}
contracts_output/contracts_output/codellama_contracts/3990.sol,3990.sol,oyente+-060ca34,solidity,2025/06/04,20260212_1543,1770911432.1632757,1.767838716506958,1,{},{analysis incomplete},{Solidity compilation failed},{}
contracts_output/contracts_output/codellama_contracts/4001.sol,4001.sol,oyente+-060ca34,solidity,2025/06/04,20260212_1543,1770911455.172178,58.79161763191223,0,"{Integer_Overflow,Integer_Underflow}","{coverage MyContract 77.7%,coverage SafeMath 98.4%}",{},{}
contracts_output/contracts_output/codellama_contracts/4005.sol,4005.sol,oyente+-060ca34,solidity,2025/06/04,20260212_1543,1770911177.0224378,1.7875068187713623,1,{},{analysis incomplete},{Solidity compilation failed},{}
contracts_output/contracts_output/codellama_contracts/402.sol,402.sol,oyente+-060ca34,solidity,2025/06/04,20260212_1543,1770911141.9938312,1.5000717639923096,1,{},{analysis incomplete},{Solidity compilation failed},{}
contracts_output/contracts_output/codellama_contracts/4025.sol,4025.sol,oyente+-060ca34,solidity,2025/06/04,20260212_1543,1770911465.806762,1.1190004348754883,1,{},{analysis incomplete},{Solidity compilation failed},{}
contracts_output/contracts_output/codellama_contracts/4047.sol,4047.sol,oyente+-060ca34,solidity,2025/06/04,20260212_1543,1770911038.479938,56.3772075176239,0,{Integer_Underflow},"{coverage MyContract 51.6%,coverage SafeMath 98.4%}",{},{}
contracts_output/contracts_output/codellama_contracts/4051.sol,4051.sol,oyente+-060ca34,solidity,2025/06/04,20260212_1543,1770911129.7206612,23.726583242416382,0,{Integer_Underflow},"{coverage Operator 82.6%,coverage SafeMath 98.4%}",{},{}
contracts_output/contracts_output/codellama_contracts/4079.sol,4079.sol,oyente+-060ca34,solidity,2025/06/04,20260212_1543,1770911131.703164,1.335526466369629,1,{},{analysis incomplete},{Solidity compilation failed},{}
contracts_output/contracts_output/codellama_contracts/4083.sol,4083.sol,oyente+-060ca34,solidity,2025/06/04,20260212_1543,1770911495.4102225,39.58240342140198,0,"{Integer_Overflow,Integer_Underflow}","{coverage RewardCalculator 71.7%,coverage SafeMath 98.4%}",{},{}
contracts_output/contracts_output/codellama_contracts/4086.sol,4086.sol,oyente+-060ca34,solidity,2025/06/04,20260212_1543,1770911049.3145416,1.5542025566101074,1,{},{analysis incomplete},{Solidity compilation failed},{}
contracts_output/contracts_output/codellama_contracts/4148.sol,4148.sol,oyente+-060ca34,solidity,2025/06/04,20260212_1543,1770911183.140578,1.5735323429107666,1,{},{analysis incomplete},{Solidity compilation failed},{}
contracts_output/contracts_output/codellama_contracts/4173.sol,4173.sol,oyente+-060ca34,solidity,2025/06/04,20260212_1543,1770911239.8889854,1.5719585418701172,1,{},{analysis incomplete},{Solidity compilation failed},{}
contracts_output/contracts_output/codellama_contracts/4185.sol,4185.sol,oyente+-060ca34,solidity,2025/06/04,20260212_1543,1770911038.350011,1.6335220336914062,1,{},{analysis incomplete},{Solidity compilation failed},{}
contracts_output/contracts_output/codellama_contracts/4219.sol,4219.sol,oyente+-060ca34,solidity,2025/06/04,20260212_1543,1770911229.095349,1.7485113143920898,1,{},{analysis incomplete},{Solidity compilation failed},{}
contracts_output/contracts_output/codellama_contracts/4258.sol,4258.sol,oyente+-060ca34,solidity,2025/06/04,20260212_1543,1770911141.700841,1.375459909439087,1,{},{analysis incomplete},{Solidity compilation failed},{}
contracts_output/contracts_output/codellama_contracts/4267.sol,4267.sol,oyente+-060ca34,solidity,2025/06/04,20260212_1543,1770911340.0477312,2.0072181224823,1,{},{analysis incomplete},{Solidity compilation failed},{}
contracts_output/contracts_output/codellama_contracts/4301.sol,4301.sol,oyente+-060ca34,solidity,2025/06/04,20260212_1543,1770911049.8377273,52.963895320892334,0,{Integer_Underflow},"{coverage PluginCaller 80.5%,coverage SafeMath 98.4%}",{},{}
contracts_output/contracts_output/codellama_contracts/4311.sol,4311.sol,oyente+-060ca34,solidity,2025/06/04,20260212_1543,1770911026.1918283,51.308483362197876,0,"{Integer_Overflow,Integer_Underflow}","{coverage PrizePool 70.3%,coverage SafeMath 98.4%}",{},{}
contracts_output/contracts_output/codellama_contracts/4342.sol,4342.sol,oyente+-060ca34,solidity,2025/06/04,20260212_1543,1770911285.038876,1.869307041168213,1,{},{analysis incomplete},{Solidity compilation failed},{}
contracts_output/contracts_output/codellama_contracts/4344.sol,4344.sol,oyente+-060ca34,solidity,2025/06/04,20260212_1543,1770911437.2713532,1.3908038139343262,1,{},{analysis incomplete},{Solidity compilation failed},{}
contracts_output/contracts_output/codellama_contracts/4397.sol,4397.sol,oyente+-060ca34,solidity,2025/06/04,20260212_1543,1770911316.4068334,16.992077827453613,0,"{Integer_Overflow,Integer_Underflow}","{coverage MyContract 75.3%,coverage SafeMath 98.4%}",{},{}
contracts_output/contracts_output/codellama_contracts/4411.sol,4411.sol,oyente+-060ca34,solidity,2025/06/04,20260212_1543,1770911104.4109619,87.25373339653015,0,"{Integer_Overflow,Integer_Underflow}","{coverage Recovery 57.7%,coverage SafeMath 98.4%}",{},{}
contracts_output/contracts_output/codellama_contracts/4418.sol,4418.sol,oyente+-060ca34,solidity,2025/06/04,20260212_1543,1770911501.3443377,17.43851947784424,0,"{Integer_Overflow,Integer_Underflow}","{coverage PaymentChannel 82.9%,coverage SafeMath 98.4%}",{},{}
contracts_output/contracts_output/codellama_contracts/442.sol,442.sol,oyente+-060ca34,solidity,2025/06/04,20260212_1543,1770911042.8209333,63.82538151741028,0,"{Integer_Overflow,Integer_Underflow}","{coverage Auction 49.1%,coverage SafeMath 98.4%}",{},{}
contracts_output/contracts_output/codellama_contracts/4437.sol,4437.sol,oyente+-060ca34,solidity,2025/06/04,20260212_1543,1770911434.7503862,56.9714617729187,0,"{Integer_Overflow,Integer_Underflow}","{coverage SafeMath 98.4%,coverage Token 73.3%}",{},{}
contracts_output/contracts_output/codellama_contracts/4464.sol,4464.sol,oyente+-060ca34,solidity,2025/06/04,20260212_1543,1770911315.4305925,5.3491833209991455,1,{},{analysis incomplete},{Solidity compilation failed},{}
contracts_output/contracts_output/codellama_contracts/4481.sol,4481.sol,oyente+-060ca34,solidity,2025/06/04,20260212_1543,1770911135.2587183,1.4347975254058838,1,{},{analysis incomplete},{Solidity compilation failed},{}
contracts_output/contracts_output/codellama_contracts/4491.sol,4491.sol,oyente+-060ca34,solidity,2025/06/04,20260212_1543,1770911031.5574203,32.46721625328064,0,"{Integer_Overflow,Integer_Underflow}","{coverage Exchange 76.0%,coverage SafeMath 98.4%}",{},{}
contracts_output/contracts_output/codellama_contracts/4496.sol,4496.sol,oyente+-060ca34,solidity,2025/06/04,20260212_1543,1770911206.5642478,1.964186429977417,1,{},{analysis incomplete},{Solidity compilation failed},{}
contracts_output/contracts_output/codellama_contracts/4517.sol,4517.sol,oyente+-060ca34,solidity,2025/06/04,20260212_1543,1770911508.8311384,1.5833756923675537,1,{},{analysis incomplete},{Solidity compilation failed},{}
contracts_output/contracts_output/codellama_contracts/4527.sol,4527.sol,oyente+-060ca34,solidity,2025/06/04,20260212_1543,1770911205.5029128,85.28825831413269,0,{Integer_Underflow},"{coverage MyContract 66.3%,coverage SafeMath 98.4%}",{},{}
contracts_output/contracts_output/codellama_contracts/4553.sol,4553.sol,oyente+-060ca34,solidity,2025/06/04,20260212_1543,1770911193.6234558,2.4909327030181885,1,{},{analysis incomplete},{Solidity compilation failed},{}
contracts_output/contracts_output/codellama_contracts/4560.sol,4560.sol,oyente+-060ca34,solidity,2025/06/04,20260212_1543,1770911032.8538704,2.293773651123047,1,{},{analysis incomplete},{Solidity compilation failed},{}
contracts_output/contracts_output/codellama_contracts/4562.sol,4562.sol,oyente+-060ca34,solidity,2025/06/04,20260212_1543,1770911507.8260193,1.6867928504943848,1,{},{analysis incomplete},{Solidity compilation failed},{}
contracts_output/contracts_output/codellama_contracts/4567.sol,4567.sol,oyente+-060ca34,solidity,2025/06/04,20260212_1543,1770911337.682348,2.1803815364837646,1,{},{analysis incomplete},{Solidity compilation failed},{}
contracts_output/contracts_output/codellama_contracts/4568.sol,4568.sol,oyente+-060ca34,solidity,2025/06/04,20260212_1543,1770911425.7143683,1.7943546772003174,1,{},{analysis incomplete},{Solidity compilation failed},{}
contracts_output/contracts_output/codellama_contracts/4569.sol,4569.sol,oyente+-060ca34,solidity,2025/06/04,20260212_1543,1770911367.322911,54.27311968803406,0,"{Integer_Overflow,Integer_Underflow}","{coverage SafeMath 98.4%,coverage Whale 29.3%}",{},{}
contracts_output/contracts_output/codellama_contracts/4577.sol,4577.sol,oyente+-060ca34,solidity,2025/06/04,20260212_1543,1770911346.8923218,82.52737593650818,0,{Integer_Underflow},"{coverage MyContract 61.5%,coverage SafeMath 98.4%}",{},{}
contracts_output/contracts_output/codellama_contracts/4581.sol,4581.sol,oyente+-060ca34,solidity,2025/06/04,20260212_1543,1770911458.7718227,1.8877522945404053,1,{},{analysis incomplete},{Solidity compilation failed},{}
contracts_output/contracts_output/codellama_contracts/4592.sol,4592.sol,oyente+-060ca34,solidity,2025/06/04,20260212_1543,1770911257.6117775,53.42511177062988,0,{Integer_Underflow},"{coverage MyContract 85.0%,coverage SafeMath 98.4%}",{},{}
contracts_output/contracts_output/codellama_contracts/4597.sol,4597.sol,oyente+-060ca34,solidity,2025/06/04,20260212_1543,1770911096.794085,60.78421664237976,0,"{Integer_Overflow,Integer_Underflow}","{coverage PixelCounter 79.5%,coverage SafeMath 98.4%}",{},{}
contracts_output/contracts_output/codellama_contracts/4609.sol,4609.sol,oyente+-060ca34,solidity,2025/06/04,20260212_1543,1770911217.9592822,67.07805371284485,0,"{Integer_Overflow,Integer_Underflow}","{coverage BeneficiaryContract 68.1%,coverage SafeMath 98.4%}",{},{}
contracts_output/contracts_output/codellama_contracts/461.sol,461.sol,oyente+-060ca34,solidity,2025/06/04,20260212_1543,1770911180.0532222,1.7121732234954834,1,{},{analysis incomplete},{Solidity compilation failed},{}
contracts_output/contracts_output/codellama_contracts/4614.sol,4614.sol,oyente+-060ca34,solidity,2025/06/04,20260212_1543,1770911306.8733234,1.1892356872558594,1,{},{analysis incomplete},{Solidity compilation failed},{}
contracts_output/contracts_output/codellama_contracts/4646.sol,4646.sol,oyente+-060ca34,solidity,2025/06/04,20260212_1543,1770911390.958044,51.19449424743652,0,"{Integer_Overflow,Integer_Underflow}","{coverage Darknodes 76.1%,coverage SafeMath 98.4%}",{},{}
contracts_output/contracts_output/codellama_contracts/465.sol,465.sol,oyente+-060ca34,solidity,2025/06/04,20260212_1543,1770911487.7019212,39.08042311668396,0,"{Integer_Overflow,Integer_Underflow}","{coverage SafeMath 98.4%,coverage Token 79.2%}",{},{}
contracts_output/contracts_output/codellama_contracts/4661.sol,4661.sol,oyente+-060ca34,solidity,2025/06/04,20260212_1543,1770911197.437975,1.2071266174316406,1,{},{analysis incomplete},{Solidity compilation failed},{}
contracts_output/contracts_output/codellama_contracts/4669.sol,4669.sol,oyente+-060ca34,solidity,2025/06/04,20260212_1543,1770911335.0056784,2.460110664367676,1,{},{analysis incomplete},{Solidity compilation failed},{}
contracts_output/contracts_output/codellama_contracts/467.sol,467.sol,oyente+-060ca34,solidity,2025/06/04,20260212_1543,1770911052.100257,1.738342046737671,1,{},{analysis incomplete},{Solidity compilation failed},{}
contracts_output/contracts_output/codellama_contracts/4675.sol,4675.sol,oyente+-060ca34,solidity,2025/06/04,20260212_1543,1770911170.9007828,1.6629197597503662,1,{},{analysis incomplete},{Solidity compilation failed},{}
contracts_output/contracts_output/codellama_contracts/4681.sol,4681.sol,oyente+-060ca34,solidity,2025/06/04,20260212_1543,1770911449.4407225,1.5383620262145996,1,{},{analysis incomplete},{Solidity compilation failed},{}
contracts_output/contracts_output/codellama_contracts/4695.sol,4695.sol,oyente+-060ca34,solidity,2025/06/04,20260212_1543,1770911135.2610147,1.4583749771118164,1,{},{analysis incomplete},{Solidity compilation failed},{}
contracts_output/contracts_output/codellama_contracts/4726.sol,4726.sol,oyente+-060ca34,solidity,2025/06/04,20260212_1543,1770911254.7131333,1.396873950958252,1,{},{analysis incomplete},{Solidity compilation failed},{}
contracts_output/contracts_output/codellama_contracts/4727.sol,4727.sol,oyente+-060ca34,solidity,2025/06/04,20260212_1543,1770911188.3264656,62.17266058921814,0,"{Integer_Overflow,Integer_Underflow}","{coverage MyContract 75.3%,coverage SafeMath 98.4%}",{},{}
contracts_output/contracts_output/codellama_contracts/474.sol,474.sol,oyente+-060ca34,solidity,2025/06/04,20260212_1543,1770911313.5071986,2.0644359588623047,1,{},{analysis incomplete},{Solidity compilation failed},{}
contracts_output/contracts_output/codellama_contracts/4746.sol,4746.sol,oyente+-060ca34,solidity,2025/06/04,20260212_1543,1770911250.6383529,1.2989554405212402,1,{},{analysis incomplete},{Solidity compilation failed},{}
contracts_output/contracts_output/codellama_contracts/475.sol,475.sol,oyente+-060ca34,solidity,2025/06/04,20260212_1543,1770911393.307003,1.4400525093078613,1,{},{analysis incomplete},{Solidity compilation failed},{}
contracts_output/contracts_output/codellama_contracts/476.sol,476.sol,oyente+-060ca34,solidity,2025/06/04,20260212_1543,1770911394.5768037,59.642741680145264,0,"{Integer_Overflow,Integer_Underflow}","{coverage SATToken 67.3%,coverage SafeMath 98.4%}",{},{}
contracts_output/contracts_output/codellama_contracts/4761.sol,4761.sol,oyente+-060ca34,solidity,2025/06/04,20260212_1543,1770911032.7101364,37.283525705337524,0,{Integer_Underflow},"{coverage ResourcePriceUpdater 64.7%,coverage SafeMath 98.4%}",{},{}
contracts_output/contracts_output/codellama_contracts/4775.sol,4775.sol,oyente+-060ca34,solidity,2025/06/04,20260212_1543,1770911477.530422,1.7573583126068115,1,{},{analysis incomplete},{Solidity compilation failed},{}
contracts_output/contracts_output/codellama_contracts/4790.sol,4790.sol,oyente+-060ca34,solidity,2025/06/04,20260212_1543,1770911050.8732767,58.356123208999634,0,"{Integer_Overflow,Integer_Underflow}","{coverage SafeMath 98.4%,coverage Token 87.9%}",{},{}
contracts_output/contracts_output/codellama_contracts/4803.sol,4803.sol,oyente+-060ca34,solidity,2025/06/04,20260212_1543,1770911026.2804375,79.33416199684143,0,{Integer_Underflow},"{coverage MyContract 86.0%,coverage SafeMath 98.4%}",{},{}
contracts_output/contracts_output/codellama_contracts/4806.sol,4806.sol,oyente+-060ca34,solidity,2025/06/04,20260212_1543,1770911065.0391185,95.83680605888367,0,{Integer_Underflow},"{coverage Escrow 81.5%,coverage SafeMath 98.4%}",{},{}
contracts_output/contracts_output/codellama_contracts/4823.sol,4823.sol,oyente+-060ca34,solidity,2025/06/04,20260212_1543,1770911071.0957892,1.2298235893249512,1,{},{analysis incomplete},{Solidity compilation failed},{}
contracts_output/contracts_output/codellama_contracts/4839.sol,4839.sol,oyente+-060ca34,solidity,2025/06/04,20260212_1543,1770911030.5541656,2.346221923828125,1,{},{analysis incomplete},{Solidity compilation failed},{}
contracts_output/contracts_output/codellama_contracts/4847.sol,4847.sol,oyente+-060ca34,solidity,2025/06/04,20260212_1543,1770911334.2622564,54.786264181137085,1,"{Callstack_Depth_Attack_Vulnerability,Integer_Overflow,Integer_Underflow}","{coverage MyContract 63.0%,coverage SafeMath 98.4%}",{},{}
contracts_output/contracts_output/codellama_contracts/4852.sol,4852.sol,oyente+-060ca34,solidity,2025/06/04,20260212_1543,1770911401.5903335,29.565041303634644,0,"{Integer_Overflow,Integer_Underflow}","{coverage MintingContract 59.1%,coverage SafeMath 98.4%}",{},{}
contracts_output/contracts_output/codellama_contracts/4854.sol,4854.sol,oyente+-060ca34,solidity,2025/06/04,20260212_1543,1770911346.094206,56.06588649749756,0,"{Integer_Overflow,Integer_Underflow}","{coverage Pledge 81.2%,coverage SafeMath 98.4%}",{},{}
contracts_output/contracts_output/codellama_contracts/4864.sol,4864.sol,oyente+-060ca34,solidity,2025/06/04,20260212_1543,1770911178.092768,1.3299872875213623,1,{},{analysis incomplete},{Solidity compilation failed},{}
contracts_output/contracts_output/codellama_contracts/4877.sol,4877.sol,oyente+-060ca34,solidity,2025/06/04,20260212_1543,1770911108.6929479,1.4798460006713867,1,{},{analysis incomplete},{Solidity compilation failed},{}
contracts_output/contracts_output/codellama_contracts/4896.sol,4896.sol,oyente+-060ca34,solidity,2025/06/04,20260212_1543,1770911159.4780288,1.4333481788635254,1,{},{analysis incomplete},{Solidity compilation failed},{}
contracts_output/contracts_output/codellama_contracts/4898.sol,4898.sol,oyente+-060ca34,solidity,2025/06/04,20260212_1543,1770911293.568347,1.4724371433258057,1,{},{analysis incomplete},{Solidity compilation failed},{}
contracts_output/contracts_output/codellama_contracts/4912.sol,4912.sol,oyente+-060ca34,solidity,2025/06/04,20260212_1543,1770911402.4149103,1.389784812927246,1,{},{analysis incomplete},{Solidity compilation failed},{}
contracts_output/contracts_output/codellama_contracts/4928.sol,4928.sol,oyente+-060ca34,solidity,2025/06/04,20260212_1543,1770911427.098839,50.445748805999756,0,"{Integer_Overflow,Integer_Underflow}","{coverage InterfaceSet 86.9%,coverage SafeMath 98.4%}",{},{}
contracts_output/contracts_output/codellama_contracts/4942.sol,4942.sol,oyente+-060ca34,solidity,2025/06/04,20260212_1543,1770911343.4696767,2.5612401962280273,1,{},{analysis incomplete},{Solidity compilation failed},{}
contracts_output/contracts_output/codellama_contracts/497.sol,497.sol,oyente+-060ca34,solidity,2025/06/04,20260212_1543,1770911405.9981718,1.9091277122497559,1,{},{analysis incomplete},{Solidity compilation failed},{}
contracts_output/contracts_output/codellama_contracts/4986.sol,4986.sol,oyente+-060ca34,solidity,2025/06/04,20260212_1543,1770911309.3342686,1.750962734222412,1,{},{analysis incomplete},{Solidity compilation failed},{}
contracts_output/contracts_output/codellama_contracts/4993.sol,4993.sol,oyente+-060ca34,solidity,2025/06/04,20260212_1543,1770911205.9748387,1.7191872596740723,1,{},{analysis incomplete},{Solidity compilation failed},{}
contracts_output/contracts_output/codellama_contracts/5005.sol,5005.sol,oyente+-060ca34,solidity,2025/06/04,20260212_1543,1770911230.808842,1.5125799179077148,1,{},{analysis incomplete},{Solidity compilation failed},{}
contracts_output/contracts_output/codellama_contracts/5007.sol,5007.sol,oyente+-060ca34,solidity,2025/06/04,20260212_1543,1770911031.623811,1.7546777725219727,1,{},{analysis incomplete},{Solidity compilation failed},{}
contracts_output/contracts_output/codellama_contracts/5030.sol,5030.sol,oyente+-060ca34,solidity,2025/06/04,20260212_1543,1770911407.8128927,83.68416023254395,0,"{Integer_Overflow,Integer_Underflow}","{coverage SafeMath 98.4%,coverage TraderBond 57.2%}",{},{}
contracts_output/contracts_output/codellama_contracts/5033.sol,5033.sol,oyente+-060ca34,solidity,2025/06/04,20260212_1543,1770911097.9525433,1.5623717308044434,1,{},{analysis incomplete},{Solidity compilation failed},{}
contracts_output/contracts_output/codellama_contracts/5043.sol,5043.sol,oyente+-060ca34,solidity,2025/06/04,20260212_1543,1770911506.6366801,1.806527853012085,1,{},{analysis incomplete},{Solidity compilation failed},{}
contracts_output/contracts_output/codellama_contracts/5070.sol,5070.sol,oyente+-060ca34,solidity,2025/06/04,20260212_1543,1770911379.855346,1.3688228130340576,1,{},{analysis incomplete},{Solidity compilation failed},{}
contracts_output/contracts_output/codellama_contracts/5074.sol,5074.sol,oyente+-060ca34,solidity,2025/06/04,20260212_1543,1770911243.366313,1.240760087966919,1,{},{analysis incomplete},{Solidity compilation failed},{}
contracts_output/contracts_output/codellama_contracts/5098.sol,5098.sol,oyente+-060ca34,solidity,2025/06/04,20260212_1543,1770911031.5611625,2.089531660079956,1,{},{analysis incomplete},{Solidity compilation failed},{}
contracts_output/contracts_output/codellama_contracts/5099.sol,5099.sol,oyente+-060ca34,solidity,2025/06/04,20260212_1543,1770911489.5982761,1.3722333908081055,1,{},{analysis incomplete},{Solidity compilation failed},{}
contracts_output/contracts_output/codellama_contracts/5101.sol,5101.sol,oyente+-060ca34,solidity,2025/06/04,20260212_1543,1770911343.6564057,2.435929775238037,1,{},{analysis incomplete},{Solidity compilation failed},{}
contracts_output/contracts_output/codellama_contracts/5131.sol,5131.sol,oyente+-060ca34,solidity,2025/06/04,20260212_1543,1770911195.2949946,1.8933982849121094,1,{},{analysis incomplete},{Solidity compilation failed},{}
contracts_output/contracts_output/codellama_contracts/5169.sol,5169.sol,oyente+-060ca34,solidity,2025/06/04,20260212_1543,1770911165.9149475,1.5659492015838623,1,{},{analysis incomplete},{Solidity compilation failed},{}
contracts_output/contracts_output/codellama_contracts/517.sol,517.sol,oyente+-060ca34,solidity,2025/06/04,20260212_1543,1770911403.3919706,1.4537768363952637,1,{},{analysis incomplete},{Solidity compilation failed},{}
contracts_output/contracts_output/codellama_contracts/5173.sol,5173.sol,oyente+-060ca34,solidity,2025/06/04,20260212_1543,1770911491.9320643,1.5233657360076904,1,{},{analysis incomplete},{Solidity compilation failed},{}
contracts_output/contracts_output/codellama_contracts/5181.sol,5181.sol,oyente+-060ca34,solidity,2025/06/04,20260212_1543,1770911212.60369,1.450683355331421,1,{},{analysis incomplete},{Solidity compilation failed},{}
contracts_output/contracts_output/codellama_contracts/5188.sol,5188.sol,oyente+-060ca34,solidity,2025/06/04,20260212_1543,1770911371.0803323,54.073811054229736,0,"{Integer_Overflow,Integer_Underflow}","{coverage ExchangeRates 86.3%,coverage SafeMath 98.4%}",{},{}
contracts_output/contracts_output/codellama_contracts/52.sol,52.sol,oyente+-060ca34,solidity,2025/06/04,20260212_1543,1770911145.2599866,1.503622055053711,1,{},{analysis incomplete},{Solidity compilation failed},{}
contracts_output/contracts_output/codellama_contracts/5200.sol,5200.sol,oyente+-060ca34,solidity,2025/06/04,20260212_1543,1770911195.2168353,1.529911756515503,1,{},{analysis incomplete},{Solidity compilation failed},{}
contracts_output/contracts_output/codellama_contracts/521.sol,521.sol,oyente+-060ca34,solidity,2025/06/04,20260212_1543,1770911251.71388,52.59559082984924,0,{Integer_Underflow},"{coverage SafeMath 98.4%,coverage TickerRegistration 80.3%}",{},{}
contracts_output/contracts_output/codellama_contracts/5228.sol,5228.sol,oyente+-060ca34,solidity,2025/06/04,20260212_1543,1770911235.3664834,2.0396153926849365,1,{},{analysis incomplete},{Solidity compilation failed},{}
contracts_output/contracts_output/codellama_contracts/5253.sol,5253.sol,oyente+-060ca34,solidity,2025/06/04,20260212_1543,1770911374.4690642,1.1002895832061768,1,{},{analysis incomplete},{Solidity compilation failed},{}
contracts_output/contracts_output/codellama_contracts/527.sol,527.sol,oyente+-060ca34,solidity,2025/06/04,20260212_1543,1770911468.387762,1.6364092826843262,1,{},{analysis incomplete},{Solidity compilation failed},{}
contracts_output/contracts_output/codellama_contracts/5294.sol,5294.sol,oyente+-060ca34,solidity,2025/06/04,20260212_1543,1770911136.7212884,1.573932409286499,1,{},{analysis incomplete},{Solidity compilation failed},{}
contracts_output/contracts_output/codellama_contracts/5296.sol,5296.sol,oyente+-060ca34,solidity,2025/06/04,20260212_1543,1770911455.7244236,1.509547233581543,1,{},{analysis incomplete},{Solidity compilation failed},{}
contracts_output/contracts_output/codellama_contracts/5300.sol,5300.sol,oyente+-060ca34,solidity,2025/06/04,20260212_1543,1770911166.161104,1.7572009563446045,1,{},{analysis incomplete},{Solidity compilation failed},{}
contracts_output/contracts_output/codellama_contracts/5313.sol,5313.sol,oyente+-060ca34,solidity,2025/06/04,20260212_1543,1770911160.9129207,1.949244499206543,1,{},{analysis incomplete},{Solidity compilation failed},{}
contracts_output/contracts_output/codellama_contracts/5314.sol,5314.sol,oyente+-060ca34,solidity,2025/06/04,20260212_1543,1770911361.4453676,1.3803799152374268,1,{},{analysis incomplete},{Solidity compilation failed},{}
contracts_output/contracts_output/codellama_contracts/5346.sol,5346.sol,oyente+-060ca34,solidity,2025/06/04,20260212_1543,1770911382.950235,1.1091623306274414,1,{},{analysis incomplete},{Solidity compilation failed},{}
contracts_output/contracts_output/codellama_contracts/5392.sol,5392.sol,oyente+-060ca34,solidity,2025/06/04,20260212_1543,1770911299.6612675,1.5023398399353027,1,{},{analysis incomplete},{Solidity compilation failed},{}
contracts_output/contracts_output/codellama_contracts/5397.sol,5397.sol,oyente+-060ca34,solidity,2025/06/04,20260212_1543,1770911358.2622058,1.4025459289550781,1,{},{analysis incomplete},{Solidity compilation failed},{}
contracts_output/contracts_output/codellama_contracts/5406.sol,5406.sol,oyente+-060ca34,solidity,2025/06/04,20260212_1543,1770911328.7203186,6.389331340789795,1,{},{analysis incomplete},{Solidity compilation failed},{}
contracts_output/contracts_output/codellama_contracts/5414.sol,5414.sol,oyente+-060ca34,solidity,2025/06/04,20260212_1543,1770911238.1390684,1.5040314197540283,1,{},{analysis incomplete},{Solidity compilation failed},{}
contracts_output/contracts_output/codellama_contracts/5432.sol,5432.sol,oyente+-060ca34,solidity,2025/06/04,20260212_1543,1770911129.5774846,1.2244551181793213,1,{},{analysis incomplete},{Solidity compilation failed},{}
contracts_output/contracts_output/codellama_contracts/5444.sol,5444.sol,oyente+-060ca34,solidity,2025/06/04,20260212_1543,1770911414.0957484,22.263440132141113,0,"{Integer_Overflow,Integer_Underflow}","{coverage CampaignOwner 87.3%,coverage SafeMath 98.4%}",{},{}
contracts_output/contracts_output/codellama_contracts/5459.sol,5459.sol,oyente+-060ca34,solidity,2025/06/04,20260212_1543,1770911180.3826573,1.589106559753418,1,{},{analysis incomplete},{Solidity compilation failed},{}
contracts_output/contracts_output/codellama_contracts/5466.sol,5466.sol,oyente+-060ca34,solidity,2025/06/04,20260212_1543,1770911510.4205291,2.1170902252197266,1,{},{analysis incomplete},{Solidity compilation failed},{}
contracts_output/contracts_output/codellama_contracts/5478.sol,5478.sol,oyente+-060ca34,solidity,2025/06/04,20260212_1543,1770911366.8670082,1.119004249572754,1,{},{analysis incomplete},{Solidity compilation failed},{}
contracts_output/contracts_output/codellama_contracts/5480.sol,5480.sol,oyente+-060ca34,solidity,2025/06/04,20260212_1543,1770911314.7031424,1.82625150680542,1,{},{analysis incomplete},{Solidity compilation failed},{}
contracts_output/contracts_output/codellama_contracts/5481.sol,5481.sol,oyente+-060ca34,solidity,2025/06/04,20260212_1543,1770911343.4575417,2.0394656658172607,1,{},{analysis incomplete},{Solidity compilation failed},{}
contracts_output/contracts_output/codellama_contracts/5497.sol,5497.sol,oyente+-060ca34,solidity,2025/06/04,20260212_1543,1770911436.9272647,61.71275734901428,0,{Integer_Underflow},"{coverage AssetBalance 71.2%,coverage SafeMath 98.4%}",{},{}
contracts_output/contracts_output/codellama_contracts/5500.sol,5500.sol,oyente+-060ca34,solidity,2025/06/04,20260212_1543,1770911388.1289709,1.3741142749786377,1,{},{analysis incomplete},{Solidity compilation failed},{}
contracts_output/contracts_output/codellama_contracts/5527.sol,5527.sol,oyente+-060ca34,solidity,2025/06/04,20260212_1543,1770911231.4766383,1.616025447845459,1,{},{analysis incomplete},{Solidity compilation failed},{}
contracts_output/contracts_output/codellama_contracts/5531.sol,5531.sol,oyente+-060ca34,solidity,2025/06/04,20260212_1543,1770911211.3382115,1.8594868183135986,1,{},{analysis incomplete},{Solidity compilation failed},{}
contracts_output/contracts_output/codellama_contracts/5534.sol,5534.sol,oyente+-060ca34,solidity,2025/06/04,20260212_1543,1770911061.0100179,58.10127019882202,0,"{Integer_Overflow,Integer_Underflow}","{coverage Question 74.6%,coverage SafeMath 98.4%}",{},{}
contracts_output/contracts_output/codellama_contracts/5542.sol,5542.sol,oyente+-060ca34,solidity,2025/06/04,20260212_1543,1770911232.13076,2.057076930999756,1,{},{analysis incomplete},{Solidity compilation failed},{}
contracts_output/contracts_output/codellama_contracts/5584.sol,5584.sol,oyente+-060ca34,solidity,2025/06/04,20260212_1543,1770911193.5553987,1.6599211692810059,1,{},{analysis incomplete},{Solidity compilation failed},{}
contracts_output/contracts_output/codellama_contracts/5602.sol,5602.sol,oyente+-060ca34,solidity,2025/06/04,20260212_1543,1770911169.9103959,1.885556697845459,1,{},{analysis incomplete},{Solidity compilation failed},{}
contracts_output/contracts_output/codellama_contracts/5609.sol,5609.sol,oyente+-060ca34,solidity,2025/06/04,20260212_1543,1770911250.1649542,59.967066287994385,0,{Integer_Underflow},"{coverage Registration 75.1%,coverage SafeMath 98.4%}",{},{}
contracts_output/contracts_output/codellama_contracts/5627.sol,5627.sol,oyente+-060ca34,solidity,2025/06/04,20260212_1543,1770911446.9399855,57.963963985443115,0,"{Integer_Overflow,Integer_Underflow}","{coverage MyContract 58.3%,coverage SafeMath 98.4%}",{},{}
contracts_output/contracts_output/codellama_contracts/5639.sol,5639.sol,oyente+-060ca34,solidity,2025/06/04,20260212_1543,1770911126.9725482,0.9379708766937256,1,{},{analysis incomplete},{Solidity compilation failed},{}
contracts_output/contracts_output/codellama_contracts/5641.sol,5641.sol,oyente+-060ca34,solidity,2025/06/04,20260212_1543,1770911481.2625623,1.6186931133270264,1,{},{analysis incomplete},{Solidity compilation failed},{}
contracts_output/contracts_output/codellama_contracts/5648.sol,5648.sol,oyente+-060ca34,solidity,2025/06/04,20260212_1543,1770911235.0374458,57.50165939331055,0,"{Integer_Overflow,Integer_Underflow}","{coverage Checkpoint 84.6%,coverage SafeMath 98.4%}",{},{}
contracts_output/contracts_output/codellama_contracts/565.sol,565.sol,oyente+-060ca34,solidity,2025/06/04,20260212_1543,1770911472.258763,1.4818522930145264,1,{},{analysis incomplete},{Solidity compilation failed},{}
contracts_output/contracts_output/codellama_contracts/5667.sol,5667.sol,oyente+-060ca34,solidity,2025/06/04,20260212_1543,1770911098.523453,1.221228837966919,1,{},{analysis incomplete},{Solidity compilation failed},{}
contracts_output/contracts_output/codellama_contracts/5679.sol,5679.sol,oyente+-060ca34,solidity,2025/06/04,20260212_1543,1770911089.4994864,1.4051144123077393,1,{},{analysis incomplete},{Solidity compilation failed},{}
contracts_output/contracts_output/codellama_contracts/5691.sol,5691.sol,oyente+-060ca34,solidity,2025/06/04,20260212_1543,1770911260.5505419,53.411505937576294,0,"{Integer_Overflow,Integer_Underflow}","{coverage RewardClaim 75.9%,coverage SafeMath 98.4%}",{},{}
contracts_output/contracts_output/codellama_contracts/5701.sol,5701.sol,oyente+-060ca34,solidity,2025/06/04,20260212_1543,1770911299.7825456,34.47870135307312,0,{Integer_Underflow},"{coverage Division 73.1%,coverage SafeMath 98.4%}",{},{}
contracts_output/contracts_output/codellama_contracts/5707.sol,5707.sol,oyente+-060ca34,solidity,2025/06/04,20260212_1543,1770911312.305149,1.5449769496917725,1,{},{analysis incomplete},{Solidity compilation failed},{}
contracts_output/contracts_output/codellama_contracts/5732.sol,5732.sol,oyente+-060ca34,solidity,2025/06/04,20260212_1543,1770911315.5729854,2.8627989292144775,1,{},{analysis incomplete},{Solidity compilation failed},{}
contracts_output/contracts_output/codellama_contracts/5733.sol,5733.sol,oyente+-060ca34,solidity,2025/06/04,20260212_1543,1770911346.2650068,2.1092193126678467,1,{},{analysis incomplete},{Solidity compilation failed},{}
contracts_output/contracts_output/codellama_contracts/5740.sol,5740.sol,oyente+-060ca34,solidity,2025/06/04,20260212_1543,1770911255.0396538,1.295623779296875,1,{},{analysis incomplete},{Solidity compilation failed},{}
contracts_output/contracts_output/codellama_contracts/5759.sol,5759.sol,oyente+-060ca34,solidity,2025/06/04,20260212_1543,1770911387.3027902,1.3140759468078613,1,{},{analysis incomplete},{Solidity compilation failed},{}
contracts_output/contracts_output/codellama_contracts/5765.sol,5765.sol,oyente+-060ca34,solidity,2025/06/04,20260212_1543,1770911261.0738363,67.84748601913452,0,{Integer_Underflow},"{coverage MyContract 83.2%,coverage SafeMath 98.4%}",{},{}
contracts_output/contracts_output/codellama_contracts/5767.sol,5767.sol,oyente+-060ca34,solidity,2025/06/04,20260212_1543,1770911333.7191558,2.4551851749420166,1,{},{analysis incomplete},{Solidity compilation failed},{}
contracts_output/contracts_output/codellama_contracts/5781.sol,5781.sol,oyente+-060ca34,solidity,2025/06/04,20260212_1543,1770911408.5414202,54.94254755973816,0,"{Integer_Overflow,Integer_Underflow}","{coverage MyContract 82.4%,coverage SafeMath 98.4%}",{},{}
contracts_output/contracts_output/codellama_contracts/5791.sol,5791.sol,oyente+-060ca34,solidity,2025/06/04,20260212_1543,1770911108.7567167,1.6251888275146484,1,{},{analysis incomplete},{Solidity compilation failed},{}
contracts_output/contracts_output/codellama_contracts/5799.sol,5799.sol,oyente+-060ca34,solidity,2025/06/04,20260212_1543,1770911241.4623713,1.1430938243865967,1,{},{analysis incomplete},{Solidity compilation failed},{}
contracts_output/contracts_output/codellama_contracts/5800.sol,5800.sol,oyente+-060ca34,solidity,2025/06/04,20260212_1543,1770911321.129579,13.46419095993042,1,{},{analysis incomplete},{Solidity compilation failed},{}
contracts_output/contracts_output/codellama_contracts/5804.sol,5804.sol,oyente+-060ca34,solidity,2025/06/04,20260212_1543,1770911337.2322552,52.8423867225647,0,"{Integer_Overflow,Integer_Underflow}","{coverage CanvasSeller 75.4%,coverage SafeMath 98.4%}",{},{}
contracts_output/contracts_output/codellama_contracts/5822.sol,5822.sol,oyente+-060ca34,solidity,2025/06/04,20260212_1543,1770911431.156689,1.5441513061523438,1,{},{analysis incomplete},{Solidity compilation failed},{}
contracts_output/contracts_output/codellama_contracts/5836.sol,5836.sol,oyente+-060ca34,solidity,2025/06/04,20260212_1543,1770911221.6416035,1.3808300495147705,1,{},{analysis incomplete},{Solidity compilation failed},{}
contracts_output/contracts_output/codellama_contracts/5894.sol,5894.sol,oyente+-060ca34,solidity,2025/06/04,20260212_1543,1770911418.173046,52.665985107421875,0,{Integer_Underflow},"{coverage Channel 76.7%,coverage SafeMath 98.4%}",{},{}
contracts_output/contracts_output/codellama_contracts/5915.sol,5915.sol,oyente+-060ca34,solidity,2025/06/04,20260212_1543,1770911064.0276918,1.0557019710540771,1,{},{analysis incomplete},{Solidity compilation failed},{}
contracts_output/contracts_output/codellama_contracts/5919.sol,5919.sol,oyente+-060ca34,solidity,2025/06/04,20260212_1543,1770911097.9241621,1.3013191223144531,1,{},{analysis incomplete},{Solidity compilation failed},{}
contracts_output/contracts_output/codellama_contracts/5921.sol,5921.sol,oyente+-060ca34,solidity,2025/06/04,20260212_1543,1770911128.5712006,1.2401721477508545,1,{},{analysis incomplete},{Solidity compilation failed},{}
contracts_output/contracts_output/codellama_contracts/5927.sol,5927.sol,oyente+-060ca34,solidity,2025/06/04,20260212_1543,1770911448.9937496,1.9364867210388184,1,{},{analysis incomplete},{Solidity compilation failed},{}
contracts_output/contracts_output/codellama_contracts/5928.sol,5928.sol,oyente+-060ca34,solidity,2025/06/04,20260212_1543,1770911297.3167012,1.6839840412139893,1,{},{analysis incomplete},{Solidity compilation failed},{}
contracts_output/contracts_output/codellama_contracts/5946.sol,5946.sol,oyente+-060ca34,solidity,2025/06/04,20260212_1543,1770911360.5616307,25.90453267097473,0,{Integer_Underflow},"{coverage Ownable 74.1%,coverage SafeMath 98.4%}",{},{}
contracts_output/contracts_output/codellama_contracts/5952.sol,5952.sol,oyente+-060ca34,solidity,2025/06/04,20260212_1543,1770911152.261453,1.2664093971252441,1,{},{analysis incomplete},{Solidity compilation failed},{}
contracts_output/contracts_output/codellama_contracts/5953.sol,5953.sol,oyente+-060ca34,solidity,2025/06/04,20260212_1543,1770911469.8032694,1.2407329082489014,1,{},{analysis incomplete},{Solidity compilation failed},{}
contracts_output/contracts_output/codellama_contracts/598.sol,598.sol,oyente+-060ca34,solidity,2025/06/04,20260212_1543,1770911375.570825,0.9653797149658203,1,{},{analysis incomplete},{Solidity compilation failed},{}
contracts_output/contracts_output/codellama_contracts/5993.sol,5993.sol,oyente+-060ca34,solidity,2025/06/04,20260212_1543,1770911181.7554348,1.799813985824585,1,{},{analysis incomplete},{Solidity compilation failed},{}
contracts_output/contracts_output/codellama_contracts/6003.sol,6003.sol,oyente+-060ca34,solidity,2025/06/04,20260212_1543,1770911123.3859882,54.70528173446655,0,"{Integer_Overflow,Integer_Underflow}","{coverage Proxy 67.8%,coverage SafeMath 98.4%}",{},{}
contracts_output/contracts_output/codellama_contracts/6025.sol,6025.sol,oyente+-060ca34,solidity,2025/06/04,20260212_1543,1770911418.3883982,1.7795000076293945,1,{},{analysis incomplete},{Solidity compilation failed},{}
contracts_output/contracts_output/codellama_contracts/6042.sol,6042.sol,oyente+-060ca34,solidity,2025/06/04,20260212_1543,1770911084.3139758,51.87937521934509,0,"{Integer_Overflow,Integer_Underflow}","{coverage Library 57.8%,coverage SafeMath 98.4%}",{},{}
contracts_output/contracts_output/codellama_contracts/6047.sol,6047.sol,oyente+-060ca34,solidity,2025/06/04,20260212_1543,1770911226.587552,1.2097501754760742,1,{},{analysis incomplete},{Solidity compilation failed},{}
contracts_output/contracts_output/codellama_contracts/6054.sol,6054.sol,oyente+-060ca34,solidity,2025/06/04,20260212_1543,1770911178.81242,1.5687592029571533,1,{},{analysis incomplete},{Solidity compilation failed},{}
contracts_output/contracts_output/codellama_contracts/6060.sol,6060.sol,oyente+-060ca34,solidity,2025/06/04,20260212_1543,1770911401.2453053,50.660146951675415,0,{Integer_Underflow},"{coverage ICOContract 83.5%,coverage SafeMath 98.4%}",{},{}
contracts_output/contracts_output/codellama_contracts/6063.sol,6063.sol,oyente+-060ca34,solidity,2025/06/04,20260212_1543,1770911044.0338721,1.8520231246948242,1,{},{analysis incomplete},{Solidity compilation failed},{}
contracts_output/contracts_output/codellama_contracts/609.sol,609.sol,oyente+-060ca34,solidity,2025/06/04,20260212_1543,1770911102.894753,1.4368314743041992,1,{},{analysis incomplete},{Solidity compilation failed},{}
contracts_output/contracts_output/codellama_contracts/6100.sol,6100.sol,oyente+-060ca34,solidity,2025/06/04,20260212_1543,1770911086.7573833,56.490537881851196,0,"{Integer_Overflow,Integer_Underflow}","{coverage SafeMath 98.4%,coverage TokenGrant 37.7%}",{},{}
contracts_output/contracts_output/codellama_contracts/6110.sol,6110.sol,oyente+-060ca34,solidity,2025/06/04,20260212_1543,1770911412.7163427,53.703821659088135,0,{Integer_Underflow},"{coverage HavvenOracle 85.5%,coverage SafeMath 98.4%}",{},{}
contracts_output/contracts_output/codellama_contracts/6123.sol,6123.sol,oyente+-060ca34,solidity,2025/06/04,20260212_1543,1770911404.7673485,1.677314281463623,1,{},{analysis incomplete},{Solidity compilation failed},{}
contracts_output/contracts_output/codellama_contracts/6152.sol,6152.sol,oyente+-060ca34,solidity,2025/06/04,20260212_1543,1770911241.2773583,1.4454777240753174,1,{},{analysis incomplete},{Solidity compilation failed},{}
contracts_output/contracts_output/codellama_contracts/6178.sol,6178.sol,oyente+-060ca34,solidity,2025/06/04,20260212_1543,1770911113.1330755,1.7180676460266113,1,{},{analysis incomplete},{Solidity compilation failed},{}
contracts_output/contracts_output/codellama_contracts/6206.sol,6206.sol,oyente+-060ca34,solidity,2025/06/04,20260212_1543,1770911298.7749197,1.3445463180541992,1,{},{analysis incomplete},{Solidity compilation failed},{}
contracts_output/contracts_output/codellama_contracts/6236.sol,6236.sol,oyente+-060ca34,solidity,2025/06/04,20260212_1543,1770911154.9528837,1.2242803573608398,1,{},{analysis incomplete},{Solidity compilation failed},{}
contracts_output/contracts_output/codellama_contracts/6249.sol,6249.sol,oyente+-060ca34,solidity,2025/06/04,20260212_1543,1770911420.1691945,81.96899271011353,0,{Integer_Underflow},"{coverage PaymentThreshold 84.4%,coverage SafeMath 98.4%}",{},{}
contracts_output/contracts_output/codellama_contracts/6260.sol,6260.sol,oyente+-060ca34,solidity,2025/06/04,20260212_1543,1770911234.9641323,71.07837080955505,0,{Integer_Underflow},"{coverage Channel 85.4%,coverage SafeMath 98.4%}",{},{}
contracts_output/contracts_output/codellama_contracts/6276.sol,6276.sol,oyente+-060ca34,solidity,2025/06/04,20260212_1543,1770911486.5770922,1.770308017730713,1,{},{analysis incomplete},{Solidity compilation failed},{}
contracts_output/contracts_output/codellama_contracts/629.sol,629.sol,oyente+-060ca34,solidity,2025/06/04,20260212_1543,1770911453.6858606,1.2870712280273438,1,{},{analysis incomplete},{Solidity compilation failed},{}
contracts_output/contracts_output/codellama_contracts/6310.sol,6310.sol,oyente+-060ca34,solidity,2025/06/04,20260212_1543,1770911180.1345856,1.6191704273223877,1,{},{analysis incomplete},{Solidity compilation failed},{}
contracts_output/contracts_output/codellama_contracts/6311.sol,6311.sol,oyente+-060ca34,solidity,2025/06/04,20260212_1543,1770911229.5737925,1.6042206287384033,1,{},{analysis incomplete},{Solidity compilation failed},{}
contracts_output/contracts_output/codellama_contracts/6317.sol,6317.sol,oyente+-060ca34,solidity,2025/06/04,20260212_1543,1770911425.1557448,1.4764964580535889,1,{},{analysis incomplete},{Solidity compilation failed},{}
contracts_output/contracts_output/codellama_contracts/6318.sol,6318.sol,oyente+-060ca34,solidity,2025/06/04,20260212_1543,1770911111.7964122,1.738189935684204,1,{},{analysis incomplete},{Solidity compilation failed},{}
contracts_output/contracts_output/codellama_contracts/6330.sol,6330.sol,oyente+-060ca34,solidity,2025/06/04,20260212_1543,1770911315.4039786,18.41326332092285,0,{Integer_Underflow},"{coverage AssetValuation 67.8%,coverage SafeMath 98.4%}",{},{}
contracts_output/contracts_output/codellama_contracts/6348.sol,6348.sol,oyente+-060ca34,solidity,2025/06/04,20260212_1543,1770911122.526099,1.507540225982666,1,{},{analysis incomplete},{Solidity compilation failed},{}
contracts_output/contracts_output/codellama_contracts/6370.sol,6370.sol,oyente+-060ca34,solidity,2025/06/04,20260212_1543,1770911098.7370422,51.15390348434448,0,{Integer_Underflow},"{coverage MyContract 83.1%,coverage SafeMath 98.4%}",{},{}
contracts_output/contracts_output/codellama_contracts/6381.sol,6381.sol,oyente+-060ca34,solidity,2025/06/04,20260212_1543,1770911360.7005763,1.543109655380249,1,{},{analysis incomplete},{Solidity compilation failed},{}
contracts_output/contracts_output/codellama_contracts/6383.sol,6383.sol,oyente+-060ca34,solidity,2025/06/04,20260212_1543,1770911401.261468,2.129312515258789,1,{},{analysis incomplete},{Solidity compilation failed},{}
contracts_output/contracts_output/codellama_contracts/6386.sol,6386.sol,oyente+-060ca34,solidity,2025/06/04,20260212_1543,1770911400.0477338,1.211883783340454,1,{},{analysis incomplete},{Solidity compilation failed},{}
contracts_output/contracts_output/codellama_contracts/6399.sol,6399.sol,oyente+-060ca34,solidity,2025/06/04,20260212_1543,1770911499.3138013,22.205509901046753,0,{Integer_Underflow},"{coverage MyContract 82.1%,coverage SafeMath 98.4%}",{},{}
contracts_output/contracts_output/codellama_contracts/6404.sol,6404.sol,oyente+-060ca34,solidity,2025/06/04,20260212_1543,1770911447.26274,1.9409022331237793,1,{},{analysis incomplete},{Solidity compilation failed},{}
contracts_output/contracts_output/codellama_contracts/6408.sol,6408.sol,oyente+-060ca34,solidity,2025/06/04,20260212_1543,1770911055.7423859,1.280306339263916,1,{},{analysis incomplete},{Solidity compilation failed},{}
contracts_output/contracts_output/codellama_contracts/6427.sol,6427.sol,oyente+-060ca34,solidity,2025/06/04,20260212_1543,1770911188.2635486,1.63106369972229,1,{},{analysis incomplete},{Solidity compilation failed},{}
contracts_output/contracts_output/codellama_contracts/6429.sol,6429.sol,oyente+-060ca34,solidity,2025/06/04,20260212_1543,1770911140.5747766,1.2906255722045898,1,{},{analysis incomplete},{Solidity compilation failed},{}
contracts_output/contracts_output/codellama_contracts/6434.sol,6434.sol,oyente+-060ca34,solidity,2025/06/04,20260212_1543,1770911170.0211308,55.98431706428528,0,{Integer_Underflow},"{coverage Metadollar 83.5%,coverage SafeMath 98.4%}",{},{}
contracts_output/contracts_output/codellama_contracts/6458.sol,6458.sol,oyente+-060ca34,solidity,2025/06/04,20260212_1543,1770911074.5813513,1.2706100940704346,1,{},{analysis incomplete},{Solidity compilation failed},{}
contracts_output/contracts_output/codellama_contracts/6503.sol,6503.sol,oyente+-060ca34,solidity,2025/06/04,20260212_1543,1770911048.425537,42.349263191223145,0,{Integer_Underflow},"{coverage RewardCalculator 65.5%,coverage SafeMath 98.4%}",{},{}
contracts_output/contracts_output/codellama_contracts/6513.sol,6513.sol,oyente+-060ca34,solidity,2025/06/04,20260212_1543,1770911348.9924495,2.394345998764038,1,{},{analysis incomplete},{Solidity compilation failed},{}
contracts_output/contracts_output/codellama_contracts/6515.sol,6515.sol,oyente+-060ca34,solidity,2025/06/04,20260212_1543,1770911244.1680875,1.8160386085510254,1,{},{analysis incomplete},{Solidity compilation failed},{}
contracts_output/contracts_output/codellama_contracts/6517.sol,6517.sol,oyente+-060ca34,solidity,2025/06/04,20260212_1543,1770911066.0421226,20.289178371429443,0,{Integer_Underflow},"{coverage Auction 84.5%,coverage SafeMath 98.4%}",{},{}
contracts_output/contracts_output/codellama_contracts/6519.sol,6519.sol,oyente+-060ca34,solidity,2025/06/04,20260212_1543,1770911096.7699635,1.3573057651519775,1,{},{analysis incomplete},{Solidity compilation failed},{}
contracts_output/contracts_output/codellama_contracts/6528.sol,6528.sol,oyente+-060ca34,solidity,2025/06/04,20260212_1543,1770911174.4384737,26.61037278175354,0,{Integer_Underflow},"{coverage CommissionCalculator 64.6%,coverage SafeMath 98.4%}",{},{}
contracts_output/contracts_output/codellama_contracts/6552.sol,6552.sol,oyente+-060ca34,solidity,2025/06/04,20260212_1543,1770911392.1552505,1.1507577896118164,1,{},{analysis incomplete},{Solidity compilation failed},{}
contracts_output/contracts_output/codellama_contracts/6562.sol,6562.sol,oyente+-060ca34,solidity,2025/06/04,20260212_1543,1770911214.4165387,1.3221848011016846,1,{},{analysis incomplete},{Solidity compilation failed},{}
contracts_output/contracts_output/codellama_contracts/6593.sol,6593.sol,oyente+-060ca34,solidity,2025/06/04,20260212_1543,1770911226.00705,66.4191780090332,0,{Integer_Underflow},"{coverage Order 78.7%,coverage SafeMath 98.4%}",{},{}
contracts_output/contracts_output/codellama_contracts/6613.sol,6613.sol,oyente+-060ca34,solidity,2025/06/04,20260212_1543,1770911469.1100562,1.2526395320892334,1,{},{analysis incomplete},{Solidity compilation failed},{}
contracts_output/contracts_output/codellama_contracts/6641.sol,6641.sol,oyente+-060ca34,solidity,2025/06/04,20260212_1543,1770911039.081263,1.8210015296936035,1,{},{analysis incomplete},{Solidity compilation failed},{}
contracts_output/contracts_output/codellama_contracts/6644.sol,6644.sol,oyente+-060ca34,solidity,2025/06/04,20260212_1543,1770911333.8854961,80.20858335494995,0,"{Integer_Overflow,Integer_Underflow}","{coverage ProposalChallenger 56.2%,coverage SafeMath 98.4%}",{},{}
contracts_output/contracts_output/codellama_contracts/6660.sol,6660.sol,oyente+-060ca34,solidity,2025/06/04,20260212_1543,1770911223.1965163,83.5074450969696,0,{Integer_Underflow},"{coverage DeedApproval 78.7%,coverage SafeMath 98.4%}",{},{}
contracts_output/contracts_output/codellama_contracts/6667.sol,6667.sol,oyente+-060ca34,solidity,2025/06/04,20260212_1543,1770911106.6501884,56.50515651702881,0,"{Integer_Overflow,Integer_Underflow}","{coverage IssuanceData 83.9%,coverage SafeMath 98.4%}",{},{}
contracts_output/contracts_output/codellama_contracts/6671.sol,6671.sol,oyente+-060ca34,solidity,2025/06/04,20260212_1543,1770911412.2004175,1.5020127296447754,1,{},{analysis incomplete},{Solidity compilation failed},{}
contracts_output/contracts_output/codellama_contracts/6724.sol,6724.sol,oyente+-060ca34,solidity,2025/06/04,20260212_1543,1770911089.5429513,23.892916202545166,0,"{Integer_Overflow,Integer_Underflow}","{coverage ManualBlocking 84.1%,coverage SafeMath 98.4%}",{},{}
contracts_output/contracts_output/codellama_contracts/6726.sol,6726.sol,oyente+-060ca34,solidity,2025/06/04,20260212_1543,1770911074.868216,1.4521863460540771,1,{},{analysis incomplete},{Solidity compilation failed},{}
contracts_output/contracts_output/codellama_contracts/6728.sol,6728.sol,oyente+-060ca34,solidity,2025/06/04,20260212_1543,1770911026.1562138,52.533830881118774,0,"{Integer_Overflow,Integer_Underflow}","{coverage Controller 81.9%,coverage SafeMath 98.4%}",{},{}
contracts_output/contracts_output/codellama_contracts/6735.sol,6735.sol,oyente+-060ca34,solidity,2025/06/04,20260212_1543,1770911256.2296681,1.6247196197509766,1,{},{analysis incomplete},{Solidity compilation failed},{}
contracts_output/contracts_output/codellama_contracts/6751.sol,6751.sol,oyente+-060ca34,solidity,2025/06/04,20260212_1543,1770911439.254147,1.3086042404174805,1,{},{analysis incomplete},{Solidity compilation failed},{}
contracts_output/contracts_output/codellama_contracts/6764.sol,6764.sol,oyente+-060ca34,solidity,2025/06/04,20260212_1543,1770911394.6186953,61.208333253860474,0,"{Integer_Overflow,Integer_Underflow}","{coverage MyContract 87.4%,coverage SafeMath 98.4%}",{},{}
contracts_output/contracts_output/codellama_contracts/6774.sol,6774.sol,oyente+-060ca34,solidity,2025/06/04,20260212_1543,1770911445.2820125,1.470184087753296,1,{},{analysis incomplete},{Solidity compilation failed},{}
contracts_output/contracts_output/codellama_contracts/6776.sol,6776.sol,oyente+-060ca34,solidity,2025/06/04,20260212_1543,1770911371.238082,1.3625612258911133,1,{},{analysis incomplete},{Solidity compilation failed},{}
contracts_output/contracts_output/codellama_contracts/6786.sol,6786.sol,oyente+-060ca34,solidity,2025/06/04,20260212_1543,1770911435.1252728,1.0654549598693848,1,{},{analysis incomplete},{Solidity compilation failed},{}
contracts_output/contracts_output/codellama_contracts/6808.sol,6808.sol,oyente+-060ca34,solidity,2025/06/04,20260212_1543,1770911026.2316017,2.3109984397888184,1,{},{analysis incomplete},{Solidity compilation failed},{}
contracts_output/contracts_output/codellama_contracts/6826.sol,6826.sol,oyente+-060ca34,solidity,2025/06/04,20260212_1543,1770911391.5825553,57.40975594520569,0,"{Integer_Overflow,Integer_Underflow}","{coverage Channel 71.0%,coverage SafeMath 98.4%}",{},{}
contracts_output/contracts_output/codellama_contracts/6848.sol,6848.sol,oyente+-060ca34,solidity,2025/06/04,20260212_1543,1770911450.93129,1.433671474456787,1,{},{analysis incomplete},{Solidity compilation failed},{}
contracts_output/contracts_output/codellama_contracts/6875.sol,6875.sol,oyente+-060ca34,solidity,2025/06/04,20260212_1543,1770911087.1826305,55.741260051727295,0,"{Integer_Overflow,Integer_Underflow}","{coverage SafeMath 98.4%,coverage Token 74.8%}",{},{}
contracts_output/contracts_output/codellama_contracts/689.sol,689.sol,oyente+-060ca34,solidity,2025/06/04,20260212_1543,1770911288.4519632,45.51079988479614,0,"{Integer_Overflow,Integer_Underflow}","{coverage MyContract 81.5%,coverage SafeMath 98.4%}",{},{}
contracts_output/contracts_output/codellama_contracts/691.sol,691.sol,oyente+-060ca34,solidity,2025/06/04,20260212_1543,1770911046.4624796,1.9480032920837402,1,{},{analysis incomplete},{Solidity compilation failed},{}
contracts_output/contracts_output/codellama_contracts/694.sol,694.sol,oyente+-060ca34,solidity,2025/06/04,20260212_1543,1770911239.646041,1.2489416599273682,1,{},{analysis incomplete},{Solidity compilation failed},{}
contracts_output/contracts_output/codellama_contracts/714.sol,714.sol,oyente+-060ca34,solidity,2025/06/04,20260212_1543,1770911044.245064,1.8876125812530518,1,{},{analysis incomplete},{Solidity compilation failed},{}
contracts_output/contracts_output/codellama_contracts/725.sol,725.sol,oyente+-060ca34,solidity,2025/06/04,20260212_1543,1770911210.960403,1.9429521560668945,1,{},{analysis incomplete},{Solidity compilation failed},{}
contracts_output/contracts_output/codellama_contracts/732.sol,732.sol,oyente+-060ca34,solidity,2025/06/04,20260212_1543,1770911184.3373022,2.5880653858184814,1,{},{analysis incomplete},{Solidity compilation failed},{}
contracts_output/contracts_output/codellama_contracts/752.sol,752.sol,oyente+-060ca34,solidity,2025/06/04,20260212_1543,1770911338.16558,25.821078062057495,0,"{Integer_Overflow,Integer_Underflow}","{coverage SafeMath 98.4%,coverage Settlement 79.6%}",{},{}
contracts_output/contracts_output/codellama_contracts/761.sol,761.sol,oyente+-060ca34,solidity,2025/06/04,20260212_1543,1770911028.9896338,2.4752039909362793,1,{},{analysis incomplete},{Solidity compilation failed},{}
contracts_output/contracts_output/codellama_contracts/772.sol,772.sol,oyente+-060ca34,solidity,2025/06/04,20260212_1543,1770911095.1286364,1.1232430934906006,1,{},{analysis incomplete},{Solidity compilation failed},{}
contracts_output/contracts_output/codellama_contracts/780.sol,780.sol,oyente+-060ca34,solidity,2025/06/04,20260212_1543,1770911450.6727562,1.5385465621948242,1,{},{analysis incomplete},{Solidity compilation failed},{}
contracts_output/contracts_output/codellama_contracts/79.sol,79.sol,oyente+-060ca34,solidity,2025/06/04,20260212_1543,1770911133.0398927,1.2951178550720215,1,{},{analysis incomplete},{Solidity compilation failed},{}
contracts_output/contracts_output/codellama_contracts/790.sol,790.sol,oyente+-060ca34,solidity,2025/06/04,20260212_1543,1770911388.890169,1.97263765335083,1,{},{analysis incomplete},{Solidity compilation failed},{}
contracts_output/contracts_output/codellama_contracts/799.sol,799.sol,oyente+-060ca34,solidity,2025/06/04,20260212_1543,1770911337.8892393,56.10932016372681,0,"{Integer_Overflow,Integer_Underflow}","{coverage Collectible 63.2%,coverage SafeMath 98.4%}",{},{}
contracts_output/contracts_output/codellama_contracts/812.sol,812.sol,oyente+-060ca34,solidity,2025/06/04,20260212_1543,1770911468.1765215,1.6254730224609375,1,{},{analysis incomplete},{Solidity compilation failed},{}
contracts_output/contracts_output/codellama_contracts/827.sol,827.sol,oyente+-060ca34,solidity,2025/06/04,20260212_1543,1770911493.5556495,2.4982750415802,1,{},{analysis incomplete},{Solidity compilation failed},{}
contracts_output/contracts_output/codellama_contracts/86.sol,86.sol,oyente+-060ca34,solidity,2025/06/04,20260212_1543,1770911163.1576698,1.7706642150878906,1,{},{analysis incomplete},{Solidity compilation failed},{}
contracts_output/contracts_output/codellama_contracts/868.sol,868.sol,oyente+-060ca34,solidity,2025/06/04,20260212_1543,1770911346.2885401,1.9914166927337646,1,{},{analysis incomplete},{Solidity compilation failed},{}
contracts_output/contracts_output/codellama_contracts/876.sol,876.sol,oyente+-060ca34,solidity,2025/06/04,20260212_1543,1770911062.6844153,35.37194752693176,0,"{Integer_Overflow,Integer_Underflow}","{coverage FinanceApp 84.9%,coverage SafeMath 98.4%}",{},{}
contracts_output/contracts_output/codellama_contracts/883.sol,883.sol,oyente+-060ca34,solidity,2025/06/04,20260212_1543,1770911431.398122,1.370734691619873,1,{},{analysis incomplete},{Solidity compilation failed},{}
contracts_output/contracts_output/codellama_contracts/892.sol,892.sol,oyente+-060ca34,solidity,2025/06/04,20260212_1543,1770911363.0622606,1.8373703956604004,1,{},{analysis incomplete},{Solidity compilation failed},{}
contracts_output/contracts_output/codellama_contracts/906.sol,906.sol,oyente+-060ca34,solidity,2025/06/04,20260212_1543,1770911161.2739215,1.2106895446777344,1,{},{analysis incomplete},{Solidity compilation failed},{}
contracts_output/contracts_output/codellama_contracts/915.sol,915.sol,oyente+-060ca34,solidity,2025/06/04,20260212_1543,1770911154.4033403,1.4117531776428223,1,{},{analysis incomplete},{Solidity compilation failed},{}
contracts_output/contracts_output/codellama_contracts/949.sol,949.sol,oyente+-060ca34,solidity,2025/06/04,20260212_1543,1770911230.081264,55.38413166999817,0,{Integer_Overflow},"{coverage MyContract 57.0%,coverage SafeMath 98.4%}",{},{}
contracts_output/contracts_output/codellama_contracts/963.sol,963.sol,oyente+-060ca34,solidity,2025/06/04,20260212_1543,1770911192.9978223,2.5834994316101074,1,{},{analysis incomplete},{Solidity compilation failed},{}
contracts_output/contracts_output/codellama_contracts/967.sol,967.sol,oyente+-060ca34,solidity,2025/06/04,20260212_1543,1770911084.1604562,54.63712549209595,0,"{Integer_Overflow,Integer_Underflow}","{coverage Hunt 71.5%,coverage SafeMath 98.4%}",{},{}
contracts_output/contracts_output/codellama_contracts/97.sol,97.sol,oyente+-060ca34,solidity,2025/06/04,20260212_1543,1770911227.4134133,1.2063279151916504,1,{},{analysis incomplete},{Solidity compilation failed},{}
contracts_output/contracts_output/codellama_contracts/971.sol,971.sol,oyente+-060ca34,solidity,2025/06/04,20260212_1543,1770911195.524701,56.90813207626343,0,"{Integer_Overflow,Integer_Underflow}","{coverage SafeMath 98.4%,coverage Token 78.9%}",{},{}
contracts_output/contracts_output/codellama_contracts/1004.sol,1004.sol,slither-0.11.3,solidity,2025/09/14,20260212_1543,1770911096.5651324,1.3859310150146484,1,{},{},{EXIT_CODE_1},"{""analysis unsuccessful, check output.json"",""error parsing results: file could not be opened successfully:
- method gz: ReadError('empty file')
- method bz2: ReadError('not a bzip2 file')
- method xz: ReadError('not an lzma file')
- method tar: ReadError('empty file')"",exception (crytic_compile.platform.exceptions.InvalidCompilation: Invalid solc compilation Error: Unable to deduce common type for array elements.),exception (json.decoder.JSONDecodeError: Expecting value: line 1 column 1 (char 0))}"
contracts_output/contracts_output/codellama_contracts/1009.sol,1009.sol,slither-0.11.3,solidity,2025/09/14,20260212_1543,1770911333.6269417,2.4295313358306885,1,{},{},{EXIT_CODE_1},"{""analysis unsuccessful, check output.json"",""error parsing results: file could not be opened successfully:
- method gz: ReadError('empty file')
- method bz2: ReadError('not a bzip2 file')
- method xz: ReadError('not an lzma file')
- method tar: ReadError('empty file')"",""exception (crytic_compile.platform.exceptions.InvalidCompilation: Invalid solc compilation Warning: SPDX license identifier not provided in source file. Before publishing, consider adding a comment containing \""SPDX-License-Identifier: <SPDX-License>\"" to each source file. Use \""SPDX-License-Identifier: UNLICENSED\"" for non-open-source code. Please see https://spdx.org for more information.)"",exception (json.decoder.JSONDecodeError: Expecting value: line 1 column 1 (char 0))}"
contracts_output/contracts_output/codellama_contracts/1010.sol,1010.sol,slither-0.11.3,solidity,2025/09/14,20260212_1543,1770911321.37324,13.628556251525879,255,"{dead_code,naming_convention,solc_version}",{},{},{}
contracts_output/contracts_output/codellama_contracts/1032.sol,1032.sol,slither-0.11.3,solidity,2025/09/14,20260212_1543,1770911395.7237022,1.788187026977539,255,"{dead_code,solc_version,timestamp,uninitialized_state}",{},{},{}
contracts_output/contracts_output/codellama_contracts/1053.sol,1053.sol,slither-0.11.3,solidity,2025/09/14,20260212_1543,1770911432.7699292,1.6540226936340332,255,"{dead_code,solc_version}",{},{},{}
contracts_output/contracts_output/codellama_contracts/107.sol,107.sol,slither-0.11.3,solidity,2025/09/14,20260212_1543,1770911363.8591726,2.0628535747528076,255,"{dead_code,solc_version}",{},{},{}
contracts_output/contracts_output/codellama_contracts/1091.sol,1091.sol,slither-0.11.3,solidity,2025/09/14,20260212_1543,1770911187.167361,2.431452512741089,1,{},{},{EXIT_CODE_1},"{""analysis unsuccessful, check output.json"",""error parsing results: file could not be opened successfully:
- method gz: ReadError('empty file')
- method bz2: ReadError('not a bzip2 file')
- method xz: ReadError('not an lzma file')
- method tar: ReadError('empty file')"",""exception (crytic_compile.platform.exceptions.InvalidCompilation: Invalid solc compilation Warning: SPDX license identifier not provided in source file. Before publishing, consider adding a comment containing \""SPDX-License-Identifier: <SPDX-License>\"" to each source file. Use \""SPDX-License-Identifier: UNLICENSED\"" for non-open-source code. Please see https://spdx.org for more information.)"",exception (json.decoder.JSONDecodeError: Expecting value: line 1 column 1 (char 0))}"
contracts_output/contracts_output/codellama_contracts/1094.sol,1094.sol,slither-0.11.3,solidity,2025/09/14,20260212_1543,1770911499.014217,1.889031171798706,255,"{dead_code,immutable_states,solc_version}",{},{},{}
contracts_output/contracts_output/codellama_contracts/110.sol,110.sol,slither-0.11.3,solidity,2025/09/14,20260212_1543,1770911452.4866576,1.858520269393921,1,{},{},{EXIT_CODE_1},"{""analysis unsuccessful, check output.json"",""error parsing results: file could not be opened successfully:
- method gz: ReadError('empty file')
- method bz2: ReadError('not a bzip2 file')
- method xz: ReadError('not an lzma file')
- method tar: ReadError('empty file')"",""exception (crytic_compile.platform.exceptions.InvalidCompilation: Invalid solc compilation Warning: SPDX license identifier not provided in source file. Before publishing, consider adding a comment containing \""SPDX-License-Identifier: <SPDX-License>\"" to each source file. Use \""SPDX-License-Identifier: UNLICENSED\"" for non-open-source code. Please see https://spdx.org for more information.)"",exception (json.decoder.JSONDecodeError: Expecting value: line 1 column 1 (char 0))}"
contracts_output/contracts_output/codellama_contracts/1111.sol,1111.sol,slither-0.11.3,solidity,2025/09/14,20260212_1543,1770911388.6184547,1.6943175792694092,255,"{dead_code,immutable_states,locked_ether,solc_version,too_many_digits}",{},{},{}
contracts_output/contracts_output/codellama_contracts/1142.sol,1142.sol,slither-0.11.3,solidity,2025/09/14,20260212_1543,1770911498.1169598,1.8979876041412354,1,{},{},{EXIT_CODE_1},"{""analysis unsuccessful, check output.json"",""error parsing results: file could not be opened successfully:
- method gz: ReadError('empty file')
- method bz2: ReadError('not a bzip2 file')
- method xz: ReadError('not an lzma file')
- method tar: ReadError('empty file')"",""exception (crytic_compile.platform.exceptions.InvalidCompilation: Invalid solc compilation Warning: SPDX license identifier not provided in source file. Before publishing, consider adding a comment containing \""SPDX-License-Identifier: <SPDX-License>\"" to each source file. Use \""SPDX-License-Identifier: UNLICENSED\"" for non-open-source code. Please see https://spdx.org for more information.)"",exception (json.decoder.JSONDecodeError: Expecting value: line 1 column 1 (char 0))}"
contracts_output/contracts_output/codellama_contracts/1147.sol,1147.sol,slither-0.11.3,solidity,2025/09/14,20260212_1543,1770911164.988819,1.6987090110778809,1,{},{},{EXIT_CODE_1},"{""analysis unsuccessful, check output.json"",""error parsing results: file could not be opened successfully:
- method gz: ReadError('empty file')
- method bz2: ReadError('not a bzip2 file')
- method xz: ReadError('not an lzma file')
- method tar: ReadError('empty file')"",exception (crytic_compile.platform.exceptions.InvalidCompilation: Invalid solc compilation Error: Expected primary expression.),exception (json.decoder.JSONDecodeError: Expecting value: line 1 column 1 (char 0))}"
contracts_output/contracts_output/codellama_contracts/1148.sol,1148.sol,slither-0.11.3,solidity,2025/09/14,20260212_1543,1770911212.829399,1.5854291915893555,1,{},{},{EXIT_CODE_1},"{""analysis unsuccessful, check output.json"",""error parsing results: file could not be opened successfully:
- method gz: ReadError('empty file')
- method bz2: ReadError('not a bzip2 file')
- method xz: ReadError('not an lzma file')
- method tar: ReadError('empty file')"",""exception (crytic_compile.platform.exceptions.InvalidCompilation: Invalid solc compilation Warning: SPDX license identifier not provided in source file. Before publishing, consider adding a comment containing \""SPDX-License-Identifier: <SPDX-License>\"" to each source file. Use \""SPDX-License-Identifier: UNLICENSED\"" for non-open-source code. Please see https://spdx.org for more information.)"",exception (json.decoder.JSONDecodeError: Expecting value: line 1 column 1 (char 0))}"
contracts_output/contracts_output/codellama_contracts/1160.sol,1160.sol,slither-0.11.3,solidity,2025/09/14,20260212_1543,1770911042.0004196,1.8219666481018066,1,{},{},{EXIT_CODE_1},"{""analysis unsuccessful, check output.json"",""error parsing results: file could not be opened successfully:
- method gz: ReadError('empty file')
- method bz2: ReadError('not a bzip2 file')
- method xz: ReadError('not an lzma file')
- method tar: ReadError('empty file')"",""exception (crytic_compile.platform.exceptions.InvalidCompilation: Invalid solc compilation Warning: SPDX license identifier not provided in source file. Before publishing, consider adding a comment containing \""SPDX-License-Identifier: <SPDX-License>\"" to each source file. Use \""SPDX-License-Identifier: UNLICENSED\"" for non-open-source code. Please see https://spdx.org for more information.)"",exception (json.decoder.JSONDecodeError: Expecting value: line 1 column 1 (char 0))}"
contracts_output/contracts_output/codellama_contracts/1164.sol,1164.sol,slither-0.11.3,solidity,2025/09/14,20260212_1543,1770911428.7921355,1.511397361755371,1,{},{},{EXIT_CODE_1},"{""analysis unsuccessful, check output.json"",""error parsing results: file could not be opened successfully:
- method gz: ReadError('empty file')
- method bz2: ReadError('not a bzip2 file')
- method xz: ReadError('not an lzma file')
- method tar: ReadError('empty file')"",exception (crytic_compile.platform.exceptions.InvalidCompilation: Invalid solc compilation Error: Types in storage containing (nested) mappings cannot be assigned to.),exception (json.decoder.JSONDecodeError: Expecting value: line 1 column 1 (char 0))}"
contracts_output/contracts_output/codellama_contracts/1195.sol,1195.sol,slither-0.11.3,solidity,2025/09/14,20260212_1543,1770911151.7693753,2.061434030532837,1,{},{},{EXIT_CODE_1},"{""analysis unsuccessful, check output.json"",""error parsing results: file could not be opened successfully:
- method gz: ReadError('empty file')
- method bz2: ReadError('not a bzip2 file')
- method xz: ReadError('not an lzma file')
- method tar: ReadError('empty file')"",""exception (crytic_compile.platform.exceptions.InvalidCompilation: Invalid solc compilation Warning: SPDX license identifier not provided in source file. Before publishing, consider adding a comment containing \""SPDX-License-Identifier: <SPDX-License>\"" to each source file. Use \""SPDX-License-Identifier: UNLICENSED\"" for non-open-source code. Please see https://spdx.org for more information.)"",exception (json.decoder.JSONDecodeError: Expecting value: line 1 column 1 (char 0))}"
contracts_output/contracts_output/codellama_contracts/1213.sol,1213.sol,slither-0.11.3,solidity,2025/09/14,20260212_1543,1770911376.6455214,1.3756103515625,1,{},{},{EXIT_CODE_1},"{""analysis unsuccessful, check output.json"",""error parsing results: file could not be opened successfully:
- method gz: ReadError('empty file')
- method bz2: ReadError('not a bzip2 file')
- method xz: ReadError('not an lzma file')
- method tar: ReadError('empty file')"",""exception (crytic_compile.platform.exceptions.InvalidCompilation: Invalid solc compilation Warning: SPDX license identifier not provided in source file. Before publishing, consider adding a comment containing \""SPDX-License-Identifier: <SPDX-License>\"" to each source file. Use \""SPDX-License-Identifier: UNLICENSED\"" for non-open-source code. Please see https://spdx.org for more information.)"",exception (json.decoder.JSONDecodeError: Expecting value: line 1 column 1 (char 0))}"
contracts_output/contracts_output/codellama_contracts/1228.sol,1228.sol,slither-0.11.3,solidity,2025/09/14,20260212_1543,1770911338.0852604,2.448188304901123,255,"{dead_code,immutable_states,naming_convention,solc_version,too_many_digits}",{},{},{}
contracts_output/contracts_output/codellama_contracts/124.sol,124.sol,slither-0.11.3,solidity,2025/09/14,20260212_1543,1770911334.134797,2.312757730484009,1,{},{},{EXIT_CODE_1},"{""analysis unsuccessful, check output.json"",""error parsing results: file could not be opened successfully:
- method gz: ReadError('empty file')
- method bz2: ReadError('not a bzip2 file')
- method xz: ReadError('not an lzma file')
- method tar: ReadError('empty file')"",""exception (crytic_compile.platform.exceptions.InvalidCompilation: Invalid solc compilation Warning: SPDX license identifier not provided in source file. Before publishing, consider adding a comment containing \""SPDX-License-Identifier: <SPDX-License>\"" to each source file. Use \""SPDX-License-Identifier: UNLICENSED\"" for non-open-source code. Please see https://spdx.org for more information.)"",exception (json.decoder.JSONDecodeError: Expecting value: line 1 column 1 (char 0))}"
contracts_output/contracts_output/codellama_contracts/1244.sol,1244.sol,slither-0.11.3,solidity,2025/09/14,20260212_1543,1770911498.6420822,2.6992287635803223,255,"{dead_code,solc_version}",{},{},{}
contracts_output/contracts_output/codellama_contracts/1247.sol,1247.sol,slither-0.11.3,solidity,2025/09/14,20260212_1543,1770911440.564143,1.804687738418579,1,{},{},{EXIT_CODE_1},"{""analysis unsuccessful, check output.json"",""error parsing results: file could not be opened successfully:
- method gz: ReadError('empty file')
- method bz2: ReadError('not a bzip2 file')
- method xz: ReadError('not an lzma file')
- method tar: ReadError('empty file')"",""exception (crytic_compile.platform.exceptions.InvalidCompilation: Invalid solc compilation Warning: SPDX license identifier not provided in source file. Before publishing, consider adding a comment containing \""SPDX-License-Identifier: <SPDX-License>\"" to each source file. Use \""SPDX-License-Identifier: UNLICENSED\"" for non-open-source code. Please see https://spdx.org for more information.)"",exception (json.decoder.JSONDecodeError: Expecting value: line 1 column 1 (char 0))}"
contracts_output/contracts_output/codellama_contracts/1259.sol,1259.sol,slither-0.11.3,solidity,2025/09/14,20260212_1543,1770911242.6071615,2.505323886871338,1,{},{},{EXIT_CODE_1},"{""analysis unsuccessful, check output.json"",""error parsing results: file could not be opened successfully:
- method gz: ReadError('empty file')
- method bz2: ReadError('not a bzip2 file')
- method xz: ReadError('not an lzma file')
- method tar: ReadError('empty file')"",""exception (crytic_compile.platform.exceptions.InvalidCompilation: Invalid solc compilation Warning: SPDX license identifier not provided in source file. Before publishing, consider adding a comment containing \""SPDX-License-Identifier: <SPDX-License>\"" to each source file. Use \""SPDX-License-Identifier: UNLICENSED\"" for non-open-source code. Please see https://spdx.org for more information.)"",exception (json.decoder.JSONDecodeError: Expecting value: line 1 column 1 (char 0))}"
contracts_output/contracts_output/codellama_contracts/1262.sol,1262.sol,slither-0.11.3,solidity,2025/09/14,20260212_1543,1770911095.1688979,1.6231536865234375,1,{},{},{EXIT_CODE_1},"{""analysis unsuccessful, check output.json"",""error parsing results: file could not be opened successfully:
- method gz: ReadError('empty file')
- method bz2: ReadError('not a bzip2 file')
- method xz: ReadError('not an lzma file')
- method tar: ReadError('empty file')"",""exception (crytic_compile.platform.exceptions.InvalidCompilation: Invalid solc compilation Warning: SPDX license identifier not provided in source file. Before publishing, consider adding a comment containing \""SPDX-License-Identifier: <SPDX-License>\"" to each source file. Use \""SPDX-License-Identifier: UNLICENSED\"" for non-open-source code. Please see https://spdx.org for more information.)"",exception (json.decoder.JSONDecodeError: Expecting value: line 1 column 1 (char 0))}"
contracts_output/contracts_output/codellama_contracts/1265.sol,1265.sol,slither-0.11.3,solidity,2025/09/14,20260212_1543,1770911470.3641832,1.4730594158172607,1,{},{},{EXIT_CODE_1},"{""analysis unsuccessful, check output.json"",""error parsing results: file could not be opened successfully:
- method gz: ReadError('empty file')
- method bz2: ReadError('not a bzip2 file')
- method xz: ReadError('not an lzma file')
- method tar: ReadError('empty file')"",""exception (crytic_compile.platform.exceptions.InvalidCompilation: Invalid solc compilation Warning: SPDX license identifier not provided in source file. Before publishing, consider adding a comment containing \""SPDX-License-Identifier: <SPDX-License>\"" to each source file. Use \""SPDX-License-Identifier: UNLICENSED\"" for non-open-source code. Please see https://spdx.org for more information.)"",exception (json.decoder.JSONDecodeError: Expecting value: line 1 column 1 (char 0))}"
contracts_output/contracts_output/codellama_contracts/1268.sol,1268.sol,slither-0.11.3,solidity,2025/09/14,20260212_1543,1770911421.6547513,2.026311159133911,1,{},{},{EXIT_CODE_1},"{""analysis unsuccessful, check output.json"",""error parsing results: file could not be opened successfully:
- method gz: ReadError('empty file')
- method bz2: ReadError('not a bzip2 file')
- method xz: ReadError('not an lzma file')
- method tar: ReadError('empty file')"",""exception (crytic_compile.platform.exceptions.InvalidCompilation: Invalid solc compilation Warning: SPDX license identifier not provided in source file. Before publishing, consider adding a comment containing \""SPDX-License-Identifier: <SPDX-License>\"" to each source file. Use \""SPDX-License-Identifier: UNLICENSED\"" for non-open-source code. Please see https://spdx.org for more information.)"",exception (json.decoder.JSONDecodeError: Expecting value: line 1 column 1 (char 0))}"
contracts_output/contracts_output/codellama_contracts/1281.sol,1281.sol,slither-0.11.3,solidity,2025/09/14,20260212_1543,1770911189.60063,2.323082685470581,1,{},{},{EXIT_CODE_1},"{""analysis unsuccessful, check output.json"",""error parsing results: file could not be opened successfully:
- method gz: ReadError('empty file')
- method bz2: ReadError('not a bzip2 file')
- method xz: ReadError('not an lzma file')
- method tar: ReadError('empty file')"",""exception (crytic_compile.platform.exceptions.InvalidCompilation: Invalid solc compilation Warning: SPDX license identifier not provided in source file. Before publishing, consider adding a comment containing \""SPDX-License-Identifier: <SPDX-License>\"" to each source file. Use \""SPDX-License-Identifier: UNLICENSED\"" for non-open-source code. Please see https://spdx.org for more information.)"",exception (json.decoder.JSONDecodeError: Expecting value: line 1 column 1 (char 0))}"
contracts_output/contracts_output/codellama_contracts/1283.sol,1283.sol,slither-0.11.3,solidity,2025/09/14,20260212_1543,1770911114.953577,1.4742779731750488,1,{},{},{EXIT_CODE_1},"{""analysis unsuccessful, check output.json"",""error parsing results: file could not be opened successfully:
- method gz: ReadError('empty file')
- method bz2: ReadError('not a bzip2 file')
- method xz: ReadError('not an lzma file')
- method tar: ReadError('empty file')"",""exception (crytic_compile.platform.exceptions.InvalidCompilation: Invalid solc compilation Warning: SPDX license identifier not provided in source file. Before publishing, consider adding a comment containing \""SPDX-License-Identifier: <SPDX-License>\"" to each source file. Use \""SPDX-License-Identifier: UNLICENSED\"" for non-open-source code. Please see https://spdx.org for more information.)"",exception (json.decoder.JSONDecodeError: Expecting value: line 1 column 1 (char 0))}"
contracts_output/contracts_output/codellama_contracts/1286.sol,1286.sol,slither-0.11.3,solidity,2025/09/14,20260212_1543,1770911026.1595328,1.4566476345062256,1,{},{},{EXIT_CODE_1},"{""analysis unsuccessful, check output.json"",""error parsing results: file could not be opened successfully:
- method gz: ReadError('empty file')
- method bz2: ReadError('not a bzip2 file')
- method xz: ReadError('not an lzma file')
- method tar: ReadError('empty file')"",""exception (crytic_compile.platform.exceptions.InvalidCompilation: Invalid solc compilation Warning: SPDX license identifier not provided in source file. Before publishing, consider adding a comment containing \""SPDX-License-Identifier: <SPDX-License>\"" to each source file. Use \""SPDX-License-Identifier: UNLICENSED\"" for non-open-source code. Please see https://spdx.org for more information.)"",exception (json.decoder.JSONDecodeError: Expecting value: line 1 column 1 (char 0))}"
contracts_output/contracts_output/codellama_contracts/1315.sol,1315.sol,slither-0.11.3,solidity,2025/09/14,20260212_1543,1770911371.7121856,1.7056691646575928,255,"{dead_code,naming_convention,shadowing_local,solc_version}",{},{},{}
contracts_output/contracts_output/codellama_contracts/1319.sol,1319.sol,slither-0.11.3,solidity,2025/09/14,20260212_1543,1770911129.8127215,1.8039796352386475,1,{},{},{EXIT_CODE_1},"{""analysis unsuccessful, check output.json"",""error parsing results: file could not be opened successfully:
- method gz: ReadError('empty file')
- method bz2: ReadError('not a bzip2 file')
- method xz: ReadError('not an lzma file')
- method tar: ReadError('empty file')"",""exception (crytic_compile.platform.exceptions.InvalidCompilation: Invalid solc compilation Warning: SPDX license identifier not provided in source file. Before publishing, consider adding a comment containing \""SPDX-License-Identifier: <SPDX-License>\"" to each source file. Use \""SPDX-License-Identifier: UNLICENSED\"" for non-open-source code. Please see https://spdx.org for more information.)"",exception (json.decoder.JSONDecodeError: Expecting value: line 1 column 1 (char 0))}"
contracts_output/contracts_output/codellama_contracts/1334.sol,1334.sol,slither-0.11.3,solidity,2025/09/14,20260212_1543,1770911300.2525132,2.0732290744781494,255,"{cache_array_length,dead_code,naming_convention,solc_version}",{},{},{}
contracts_output/contracts_output/codellama_contracts/1335.sol,1335.sol,slither-0.11.3,solidity,2025/09/14,20260212_1543,1770911454.2692177,1.7050268650054932,1,{},{},{EXIT_CODE_1},"{""analysis unsuccessful, check output.json"",""error parsing results: file could not be opened successfully:
- method gz: ReadError('empty file')
- method bz2: ReadError('not a bzip2 file')
- method xz: ReadError('not an lzma file')
- method tar: ReadError('empty file')"",""exception (crytic_compile.platform.exceptions.InvalidCompilation: Invalid solc compilation Warning: SPDX license identifier not provided in source file. Before publishing, consider adding a comment containing \""SPDX-License-Identifier: <SPDX-License>\"" to each source file. Use \""SPDX-License-Identifier: UNLICENSED\"" for non-open-source code. Please see https://spdx.org for more information.)"",exception (json.decoder.JSONDecodeError: Expecting value: line 1 column 1 (char 0))}"
contracts_output/contracts_output/codellama_contracts/1356.sol,1356.sol,slither-0.11.3,solidity,2025/09/14,20260212_1543,1770911337.8574412,2.588454246520996,255,"{dead_code,solc_version}",{},{},{}
contracts_output/contracts_output/codellama_contracts/1358.sol,1358.sol,slither-0.11.3,solidity,2025/09/14,20260212_1543,1770911310.818226,1.7835783958435059,1,{},{},{EXIT_CODE_1},"{""analysis unsuccessful, check output.json"",""error parsing results: file could not be opened successfully:
- method gz: ReadError('empty file')
- method bz2: ReadError('not a bzip2 file')
- method xz: ReadError('not an lzma file')
- method tar: ReadError('empty file')"",""exception (crytic_compile.platform.exceptions.InvalidCompilation: Invalid solc compilation Warning: SPDX license identifier not provided in source file. Before publishing, consider adding a comment containing \""SPDX-License-Identifier: <SPDX-License>\"" to each source file. Use \""SPDX-License-Identifier: UNLICENSED\"" for non-open-source code. Please see https://spdx.org for more information.)"",exception (json.decoder.JSONDecodeError: Expecting value: line 1 column 1 (char 0))}"
contracts_output/contracts_output/codellama_contracts/1383.sol,1383.sol,slither-0.11.3,solidity,2025/09/14,20260212_1543,1770911261.3238776,1.3714673519134521,255,"{dead_code,solc_version}",{},{},{}
contracts_output/contracts_output/codellama_contracts/1386.sol,1386.sol,slither-0.11.3,solidity,2025/09/14,20260212_1543,1770911346.40671,2.1672017574310303,1,{},{},{EXIT_CODE_1},"{""analysis unsuccessful, check output.json"",""error parsing results: file could not be opened successfully:
- method gz: ReadError('empty file')
- method bz2: ReadError('not a bzip2 file')
- method xz: ReadError('not an lzma file')
- method tar: ReadError('empty file')"",""exception (crytic_compile.platform.exceptions.InvalidCompilation: Invalid solc compilation Error: Overriding public state variable is missing \""override\"" specifier.)"",exception (json.decoder.JSONDecodeError: Expecting value: line 1 column 1 (char 0))}"
contracts_output/contracts_output/codellama_contracts/1398.sol,1398.sol,slither-0.11.3,solidity,2025/09/14,20260212_1543,1770911473.741829,1.4759769439697266,1,{},{},{EXIT_CODE_1},"{""analysis unsuccessful, check output.json"",""error parsing results: file could not be opened successfully:
- method gz: ReadError('empty file')
- method bz2: ReadError('not a bzip2 file')
- method xz: ReadError('not an lzma file')
- method tar: ReadError('empty file')"",""exception (crytic_compile.platform.exceptions.InvalidCompilation: Invalid solc compilation Warning: SPDX license identifier not provided in source file. Before publishing, consider adding a comment containing \""SPDX-License-Identifier: <SPDX-License>\"" to each source file. Use \""SPDX-License-Identifier: UNLICENSED\"" for non-open-source code. Please see https://spdx.org for more information.)"",exception (json.decoder.JSONDecodeError: Expecting value: line 1 column 1 (char 0))}"
contracts_output/contracts_output/codellama_contracts/1413.sol,1413.sol,slither-0.11.3,solidity,2025/09/14,20260212_1543,1770911098.8662517,1.2440829277038574,1,{},{},{EXIT_CODE_1},"{""analysis unsuccessful, check output.json"",""error parsing results: file could not be opened successfully:
- method gz: ReadError('empty file')
- method bz2: ReadError('not a bzip2 file')
- method xz: ReadError('not an lzma file')
- method tar: ReadError('empty file')"",""exception (crytic_compile.platform.exceptions.InvalidCompilation: Invalid solc compilation Warning: SPDX license identifier not provided in source file. Before publishing, consider adding a comment containing \""SPDX-License-Identifier: <SPDX-License>\"" to each source file. Use \""SPDX-License-Identifier: UNLICENSED\"" for non-open-source code. Please see https://spdx.org for more information.)"",exception (json.decoder.JSONDecodeError: Expecting value: line 1 column 1 (char 0))}"
contracts_output/contracts_output/codellama_contracts/1424.sol,1424.sol,slither-0.11.3,solidity,2025/09/14,20260212_1543,1770911138.8015919,2.5642201900482178,1,{},{},{EXIT_CODE_1},"{""analysis unsuccessful, check output.json"",""error parsing results: file could not be opened successfully:
- method gz: ReadError('empty file')
- method bz2: ReadError('not a bzip2 file')
- method xz: ReadError('not an lzma file')
- method tar: ReadError('empty file')"",""exception (crytic_compile.platform.exceptions.InvalidCompilation: Invalid solc compilation Warning: SPDX license identifier not provided in source file. Before publishing, consider adding a comment containing \""SPDX-License-Identifier: <SPDX-License>\"" to each source file. Use \""SPDX-License-Identifier: UNLICENSED\"" for non-open-source code. Please see https://spdx.org for more information.)"",exception (json.decoder.JSONDecodeError: Expecting value: line 1 column 1 (char 0))}"
contracts_output/contracts_output/codellama_contracts/1438.sol,1438.sol,slither-0.11.3,solidity,2025/09/14,20260212_1543,1770911217.528681,1.8464877605438232,1,{},{},{EXIT_CODE_1},"{""analysis unsuccessful, check output.json"",""error parsing results: file could not be opened successfully:
- method gz: ReadError('empty file')
- method bz2: ReadError('not a bzip2 file')
- method xz: ReadError('not an lzma file')
- method tar: ReadError('empty file')"",""exception (crytic_compile.platform.exceptions.InvalidCompilation: Invalid solc compilation Warning: SPDX license identifier not provided in source file. Before publishing, consider adding a comment containing \""SPDX-License-Identifier: <SPDX-License>\"" to each source file. Use \""SPDX-License-Identifier: UNLICENSED\"" for non-open-source code. Please see https://spdx.org for more information.)"",exception (json.decoder.JSONDecodeError: Expecting value: line 1 column 1 (char 0))}"
contracts_output/contracts_output/codellama_contracts/1443.sol,1443.sol,slither-0.11.3,solidity,2025/09/14,20260212_1543,1770911040.904333,2.403428554534912,255,"{dead_code,naming_convention,shadowing_local,solc_version}",{},{},{}
contracts_output/contracts_output/codellama_contracts/146.sol,146.sol,slither-0.11.3,solidity,2025/09/14,20260212_1543,1770911351.748208,1.9554922580718994,255,"{dead_code,naming_convention,solc_version}",{},{},{}
contracts_output/contracts_output/codellama_contracts/1493.sol,1493.sol,slither-0.11.3,solidity,2025/09/14,20260212_1543,1770911102.9551494,1.7271220684051514,1,{},{},{EXIT_CODE_1},"{""analysis unsuccessful, check output.json"",""error parsing results: file could not be opened successfully:
- method gz: ReadError('empty file')
- method bz2: ReadError('not a bzip2 file')
- method xz: ReadError('not an lzma file')
- method tar: ReadError('empty file')"",""exception (crytic_compile.platform.exceptions.InvalidCompilation: Invalid solc compilation Warning: SPDX license identifier not provided in source file. Before publishing, consider adding a comment containing \""SPDX-License-Identifier: <SPDX-License>\"" to each source file. Use \""SPDX-License-Identifier: UNLICENSED\"" for non-open-source code. Please see https://spdx.org for more information.)"",exception (json.decoder.JSONDecodeError: Expecting value: line 1 column 1 (char 0))}"
contracts_output/contracts_output/codellama_contracts/1522.sol,1522.sol,slither-0.11.3,solidity,2025/09/14,20260212_1543,1770911059.0473804,1.9604172706604004,1,{},{},{EXIT_CODE_1},"{""analysis unsuccessful, check output.json"",""error parsing results: file could not be opened successfully:
- method gz: ReadError('empty file')
- method bz2: ReadError('not a bzip2 file')
- method xz: ReadError('not an lzma file')
- method tar: ReadError('empty file')"",""exception (crytic_compile.platform.exceptions.InvalidCompilation: Invalid solc compilation Warning: SPDX license identifier not provided in source file. Before publishing, consider adding a comment containing \""SPDX-License-Identifier: <SPDX-License>\"" to each source file. Use \""SPDX-License-Identifier: UNLICENSED\"" for non-open-source code. Please see https://spdx.org for more information.)"",exception (json.decoder.JSONDecodeError: Expecting value: line 1 column 1 (char 0))}"
contracts_output/contracts_output/codellama_contracts/153.sol,153.sol,slither-0.11.3,solidity,2025/09/14,20260212_1543,1770911170.9407506,1.7414710521697998,1,{},{},{EXIT_CODE_1},"{""analysis unsuccessful, check output.json"",""error parsing results: file could not be opened successfully:
- method gz: ReadError('empty file')
- method bz2: ReadError('not a bzip2 file')
- method xz: ReadError('not an lzma file')
- method tar: ReadError('empty file')"",""exception (crytic_compile.platform.exceptions.InvalidCompilation: Invalid solc compilation Error: Expected ',' but got ';')"",exception (json.decoder.JSONDecodeError: Expecting value: line 1 column 1 (char 0))}"
contracts_output/contracts_output/codellama_contracts/1531.sol,1531.sol,slither-0.11.3,solidity,2025/09/14,20260212_1543,1770911101.1977081,1.494994878768921,1,{},{},{EXIT_CODE_1},"{""analysis unsuccessful, check output.json"",""error parsing results: file could not be opened successfully:
- method gz: ReadError('empty file')
- method bz2: ReadError('not a bzip2 file')
- method xz: ReadError('not an lzma file')
- method tar: ReadError('empty file')"",exception (crytic_compile.platform.exceptions.InvalidCompilation: Invalid solc compilation Error: Expression has to be an lvalue.),exception (json.decoder.JSONDecodeError: Expecting value: line 1 column 1 (char 0))}"
contracts_output/contracts_output/codellama_contracts/1558.sol,1558.sol,slither-0.11.3,solidity,2025/09/14,20260212_1543,1770911146.7650635,2.0470118522644043,255,"{dead_code,naming_convention,shadowing_local,solc_version}",{},{},{}
contracts_output/contracts_output/codellama_contracts/1565.sol,1565.sol,slither-0.11.3,solidity,2025/09/14,20260212_1543,1770911108.0854511,1.9807181358337402,1,{},{},{EXIT_CODE_1},"{""analysis unsuccessful, check output.json"",""error parsing results: file could not be opened successfully:
- method gz: ReadError('empty file')
- method bz2: ReadError('not a bzip2 file')
- method xz: ReadError('not an lzma file')
- method tar: ReadError('empty file')"",""exception (crytic_compile.platform.exceptions.InvalidCompilation: Invalid solc compilation Warning: SPDX license identifier not provided in source file. Before publishing, consider adding a comment containing \""SPDX-License-Identifier: <SPDX-License>\"" to each source file. Use \""SPDX-License-Identifier: UNLICENSED\"" for non-open-source code. Please see https://spdx.org for more information.)"",exception (json.decoder.JSONDecodeError: Expecting value: line 1 column 1 (char 0))}"
contracts_output/contracts_output/codellama_contracts/1587.sol,1587.sol,slither-0.11.3,solidity,2025/09/14,20260212_1543,1770911309.6995327,1.837498426437378,1,{},{},{EXIT_CODE_1},"{""analysis unsuccessful, check output.json"",""error parsing results: file could not be opened successfully:
- method gz: ReadError('empty file')
- method bz2: ReadError('not a bzip2 file')
- method xz: ReadError('not an lzma file')
- method tar: ReadError('empty file')"",""exception (crytic_compile.platform.exceptions.InvalidCompilation: Invalid solc compilation Warning: SPDX license identifier not provided in source file. Before publishing, consider adding a comment containing \""SPDX-License-Identifier: <SPDX-License>\"" to each source file. Use \""SPDX-License-Identifier: UNLICENSED\"" for non-open-source code. Please see https://spdx.org for more information.)"",exception (json.decoder.JSONDecodeError: Expecting value: line 1 column 1 (char 0))}"
contracts_output/contracts_output/codellama_contracts/1589.sol,1589.sol,slither-0.11.3,solidity,2025/09/14,20260212_1543,1770911143.681743,1.7579705715179443,255,"{dead_code,erc20_interface,solc_version}",{},{},{}
contracts_output/contracts_output/codellama_contracts/1597.sol,1597.sol,slither-0.11.3,solidity,2025/09/14,20260212_1543,1770911292.4277544,1.7379789352416992,1,{},{},{EXIT_CODE_1},"{""analysis unsuccessful, check output.json"",""error parsing results: file could not be opened successfully:
- method gz: ReadError('empty file')
- method bz2: ReadError('not a bzip2 file')
- method xz: ReadError('not an lzma file')
- method tar: ReadError('empty file')"",""exception (crytic_compile.platform.exceptions.InvalidCompilation: Invalid solc compilation Warning: SPDX license identifier not provided in source file. Before publishing, consider adding a comment containing \""SPDX-License-Identifier: <SPDX-License>\"" to each source file. Use \""SPDX-License-Identifier: UNLICENSED\"" for non-open-source code. Please see https://spdx.org for more information.)"",exception (json.decoder.JSONDecodeError: Expecting value: line 1 column 1 (char 0))}"
contracts_output/contracts_output/codellama_contracts/1600.sol,1600.sol,slither-0.11.3,solidity,2025/09/14,20260212_1543,1770911470.0255644,2.129926919937134,1,{},{},{EXIT_CODE_1},"{""analysis unsuccessful, check output.json"",""error parsing results: file could not be opened successfully:
- method gz: ReadError('empty file')
- method bz2: ReadError('not a bzip2 file')
- method xz: ReadError('not an lzma file')
- method tar: ReadError('empty file')"",""exception (crytic_compile.platform.exceptions.InvalidCompilation: Invalid solc compilation Warning: SPDX license identifier not provided in source file. Before publishing, consider adding a comment containing \""SPDX-License-Identifier: <SPDX-License>\"" to each source file. Use \""SPDX-License-Identifier: UNLICENSED\"" for non-open-source code. Please see https://spdx.org for more information.)"",exception (json.decoder.JSONDecodeError: Expecting value: line 1 column 1 (char 0))}"
contracts_output/contracts_output/codellama_contracts/1609.sol,1609.sol,slither-0.11.3,solidity,2025/09/14,20260212_1543,1770911509.5143168,1.2743892669677734,1,{},{},{EXIT_CODE_1},"{""analysis unsuccessful, check output.json"",""error parsing results: file could not be opened successfully:
- method gz: ReadError('empty file')
- method bz2: ReadError('not a bzip2 file')
- method xz: ReadError('not an lzma file')
- method tar: ReadError('empty file')"",""exception (crytic_compile.platform.exceptions.InvalidCompilation: Invalid solc compilation Error: Function, variable, struct or modifier declaration expected.)"",exception (json.decoder.JSONDecodeError: Expecting value: line 1 column 1 (char 0))}"
contracts_output/contracts_output/codellama_contracts/1613.sol,1613.sol,slither-0.11.3,solidity,2025/09/14,20260212_1543,1770911093.3111868,1.7822113037109375,255,"{dead_code,naming_convention,solc_version}",{},{},{}
contracts_output/contracts_output/codellama_contracts/1617.sol,1617.sol,slither-0.11.3,solidity,2025/09/14,20260212_1543,1770911036.5122366,2.8161449432373047,1,{},{},{EXIT_CODE_1},"{""analysis unsuccessful, check output.json"",""error parsing results: file could not be opened successfully:
- method gz: ReadError('empty file')
- method bz2: ReadError('not a bzip2 file')
- method xz: ReadError('not an lzma file')
- method tar: ReadError('empty file')"",""exception (crytic_compile.platform.exceptions.InvalidCompilation: Invalid solc compilation Warning: SPDX license identifier not provided in source file. Before publishing, consider adding a comment containing \""SPDX-License-Identifier: <SPDX-License>\"" to each source file. Use \""SPDX-License-Identifier: UNLICENSED\"" for non-open-source code. Please see https://spdx.org for more information.)"",exception (json.decoder.JSONDecodeError: Expecting value: line 1 column 1 (char 0))}"
contracts_output/contracts_output/codellama_contracts/1642.sol,1642.sol,slither-0.11.3,solidity,2025/09/14,20260212_1543,1770911316.9811347,17.49576163291931,1,{},{},{EXIT_CODE_1},"{""analysis unsuccessful, check output.json"",""error parsing results: file could not be opened successfully:
- method gz: ReadError('empty file')
- method bz2: ReadError('not a bzip2 file')
- method xz: ReadError('not an lzma file')
- method tar: ReadError('empty file')"",exception (crytic_compile.platform.exceptions.InvalidCompilation: Invalid solc compilation Error: Expected ';' but got 'public'),exception (json.decoder.JSONDecodeError: Expecting value: line 1 column 1 (char 0))}"
contracts_output/contracts_output/codellama_contracts/1644.sol,1644.sol,slither-0.11.3,solidity,2025/09/14,20260212_1543,1770911028.9025176,1.9098436832427979,1,{},{},{EXIT_CODE_1},"{""analysis unsuccessful, check output.json"",""error parsing results: file could not be opened successfully:
- method gz: ReadError('empty file')
- method bz2: ReadError('not a bzip2 file')
- method xz: ReadError('not an lzma file')
- method tar: ReadError('empty file')"",""exception (crytic_compile.platform.exceptions.InvalidCompilation: Invalid solc compilation Warning: SPDX license identifier not provided in source file. Before publishing, consider adding a comment containing \""SPDX-License-Identifier: <SPDX-License>\"" to each source file. Use \""SPDX-License-Identifier: UNLICENSED\"" for non-open-source code. Please see https://spdx.org for more information.)"",exception (json.decoder.JSONDecodeError: Expecting value: line 1 column 1 (char 0))}"
contracts_output/contracts_output/codellama_contracts/1662.sol,1662.sol,slither-0.11.3,solidity,2025/09/14,20260212_1543,1770911160.225246,1.6457080841064453,1,{},{},{EXIT_CODE_1},"{""analysis unsuccessful, check output.json"",""error parsing results: file could not be opened successfully:
- method gz: ReadError('empty file')
- method bz2: ReadError('not a bzip2 file')
- method xz: ReadError('not an lzma file')
- method tar: ReadError('empty file')"",""exception (crytic_compile.platform.exceptions.InvalidCompilation: Invalid solc compilation Warning: SPDX license identifier not provided in source file. Before publishing, consider adding a comment containing \""SPDX-License-Identifier: <SPDX-License>\"" to each source file. Use \""SPDX-License-Identifier: UNLICENSED\"" for non-open-source code. Please see https://spdx.org for more information.)"",exception (json.decoder.JSONDecodeError: Expecting value: line 1 column 1 (char 0))}"
contracts_output/contracts_output/codellama_contracts/1663.sol,1663.sol,slither-0.11.3,solidity,2025/09/14,20260212_1543,1770911402.230692,1.7655212879180908,255,"{dead_code,naming_convention,solc_version}",{},{},{}
contracts_output/contracts_output/codellama_contracts/170.sol,170.sol,slither-0.11.3,solidity,2025/09/14,20260212_1543,1770911218.6724677,2.224364995956421,255,"{constable_states,dead_code,solc_version}",{},{},{}
contracts_output/contracts_output/codellama_contracts/1700.sol,1700.sol,slither-0.11.3,solidity,2025/09/14,20260212_1543,1770911088.4943252,1.7665057182312012,255,"{dead_code,solc_version}",{},{},{}
contracts_output/contracts_output/codellama_contracts/1722.sol,1722.sol,slither-0.11.3,solidity,2025/09/14,20260212_1543,1770911179.3263457,1.9925014972686768,1,{},{},{EXIT_CODE_1},"{""analysis unsuccessful, check output.json"",""error parsing results: file could not be opened successfully:
- method gz: ReadError('empty file')
- method bz2: ReadError('not a bzip2 file')
- method xz: ReadError('not an lzma file')
- method tar: ReadError('empty file')"",""exception (crytic_compile.platform.exceptions.InvalidCompilation: Invalid solc compilation Warning: SPDX license identifier not provided in source file. Before publishing, consider adding a comment containing \""SPDX-License-Identifier: <SPDX-License>\"" to each source file. Use \""SPDX-License-Identifier: UNLICENSED\"" for non-open-source code. Please see https://spdx.org for more information.)"",exception (json.decoder.JSONDecodeError: Expecting value: line 1 column 1 (char 0))}"
contracts_output/contracts_output/codellama_contracts/1735.sol,1735.sol,slither-0.11.3,solidity,2025/09/14,20260212_1543,1770911134.4563823,1.2118957042694092,1,{},{},{EXIT_CODE_1},"{""analysis unsuccessful, check output.json"",""error parsing results: file could not be opened successfully:
- method gz: ReadError('empty file')
- method bz2: ReadError('not a bzip2 file')
- method xz: ReadError('not an lzma file')
- method tar: ReadError('empty file')"",""exception (crytic_compile.platform.exceptions.InvalidCompilation: Invalid solc compilation Warning: SPDX license identifier not provided in source file. Before publishing, consider adding a comment containing \""SPDX-License-Identifier: <SPDX-License>\"" to each source file. Use \""SPDX-License-Identifier: UNLICENSED\"" for non-open-source code. Please see https://spdx.org for more information.)"",exception (json.decoder.JSONDecodeError: Expecting value: line 1 column 1 (char 0))}"
contracts_output/contracts_output/codellama_contracts/1777.sol,1777.sol,slither-0.11.3,solidity,2025/09/14,20260212_1543,1770911181.2686255,1.9860615730285645,255,"{dead_code,naming_convention,solc_version}",{},{},{}
contracts_output/contracts_output/codellama_contracts/1782.sol,1782.sol,slither-0.11.3,solidity,2025/09/14,20260212_1543,1770911340.3558016,2.0546374320983887,1,{},{},{EXIT_CODE_1},"{""analysis unsuccessful, check output.json"",""error parsing results: file could not be opened successfully:
- method gz: ReadError('empty file')
- method bz2: ReadError('not a bzip2 file')
- method xz: ReadError('not an lzma file')
- method tar: ReadError('empty file')"",""exception (crytic_compile.platform.exceptions.InvalidCompilation: Invalid solc compilation Warning: SPDX license identifier not provided in source file. Before publishing, consider adding a comment containing \""SPDX-License-Identifier: <SPDX-License>\"" to each source file. Use \""SPDX-License-Identifier: UNLICENSED\"" for non-open-source code. Please see https://spdx.org for more information.)"",exception (json.decoder.JSONDecodeError: Expecting value: line 1 column 1 (char 0))}"
contracts_output/contracts_output/codellama_contracts/1790.sol,1790.sol,slither-0.11.3,solidity,2025/09/14,20260212_1543,1770911306.4409494,1.727609634399414,1,{},{},{EXIT_CODE_1},"{""analysis unsuccessful, check output.json"",""error parsing results: file could not be opened successfully:
- method gz: ReadError('empty file')
- method bz2: ReadError('not a bzip2 file')
- method xz: ReadError('not an lzma file')
- method tar: ReadError('empty file')"",""exception (crytic_compile.platform.exceptions.InvalidCompilation: Invalid solc compilation Warning: SPDX license identifier not provided in source file. Before publishing, consider adding a comment containing \""SPDX-License-Identifier: <SPDX-License>\"" to each source file. Use \""SPDX-License-Identifier: UNLICENSED\"" for non-open-source code. Please see https://spdx.org for more information.)"",exception (json.decoder.JSONDecodeError: Expecting value: line 1 column 1 (char 0))}"
contracts_output/contracts_output/codellama_contracts/1809.sol,1809.sol,slither-0.11.3,solidity,2025/09/14,20260212_1543,1770911122.753182,1.643925428390503,255,"{immutable_states,solc_version}",{},{},{}
contracts_output/contracts_output/codellama_contracts/1814.sol,1814.sol,slither-0.11.3,solidity,2025/09/14,20260212_1543,1770911503.6852367,1.5024127960205078,1,{},{},{EXIT_CODE_1},"{""analysis unsuccessful, check output.json"",""error parsing results: file could not be opened successfully:
- method gz: ReadError('empty file')
- method bz2: ReadError('not a bzip2 file')
- method xz: ReadError('not an lzma file')
- method tar: ReadError('empty file')"",""exception (crytic_compile.platform.exceptions.InvalidCompilation: Invalid solc compilation Error: Expected ',' but got 'seconds')"",exception (json.decoder.JSONDecodeError: Expecting value: line 1 column 1 (char 0))}"
contracts_output/contracts_output/codellama_contracts/1824.sol,1824.sol,slither-0.11.3,solidity,2025/09/14,20260212_1543,1770911333.9640048,2.8910765647888184,255,"{boolean_equal,dead_code,naming_convention,solc_version}",{},{},{}
contracts_output/contracts_output/codellama_contracts/1832.sol,1832.sol,slither-0.11.3,solidity,2025/09/14,20260212_1543,1770911128.642559,1.6912906169891357,1,{},{},{EXIT_CODE_1},"{""analysis unsuccessful, check output.json"",""error parsing results: file could not be opened successfully:
- method gz: ReadError('empty file')
- method bz2: ReadError('not a bzip2 file')
- method xz: ReadError('not an lzma file')
- method tar: ReadError('empty file')"",""exception (crytic_compile.platform.exceptions.InvalidCompilation: Invalid solc compilation Warning: SPDX license identifier not provided in source file. Before publishing, consider adding a comment containing \""SPDX-License-Identifier: <SPDX-License>\"" to each source file. Use \""SPDX-License-Identifier: UNLICENSED\"" for non-open-source code. Please see https://spdx.org for more information.)"",exception (json.decoder.JSONDecodeError: Expecting value: line 1 column 1 (char 0))}"
contracts_output/contracts_output/codellama_contracts/1838.sol,1838.sol,slither-0.11.3,solidity,2025/09/14,20260212_1543,1770911390.075847,1.5053701400756836,1,{},{},{EXIT_CODE_1},"{""analysis unsuccessful, check output.json"",""error parsing results: file could not be opened successfully:
- method gz: ReadError('empty file')
- method bz2: ReadError('not a bzip2 file')
- method xz: ReadError('not an lzma file')
- method tar: ReadError('empty file')"",""exception (crytic_compile.platform.exceptions.InvalidCompilation: Invalid solc compilation Warning: SPDX license identifier not provided in source file. Before publishing, consider adding a comment containing \""SPDX-License-Identifier: <SPDX-License>\"" to each source file. Use \""SPDX-License-Identifier: UNLICENSED\"" for non-open-source code. Please see https://spdx.org for more information.)"",exception (json.decoder.JSONDecodeError: Expecting value: line 1 column 1 (char 0))}"
contracts_output/contracts_output/codellama_contracts/1872.sol,1872.sol,slither-0.11.3,solidity,2025/09/14,20260212_1543,1770911218.1318324,1.7783756256103516,1,{},{},{EXIT_CODE_1},"{""analysis unsuccessful, check output.json"",""error parsing results: file could not be opened successfully:
- method gz: ReadError('empty file')
- method bz2: ReadError('not a bzip2 file')
- method xz: ReadError('not an lzma file')
- method tar: ReadError('empty file')"",""exception (crytic_compile.platform.exceptions.InvalidCompilation: Invalid solc compilation Warning: SPDX license identifier not provided in source file. Before publishing, consider adding a comment containing \""SPDX-License-Identifier: <SPDX-License>\"" to each source file. Use \""SPDX-License-Identifier: UNLICENSED\"" for non-open-source code. Please see https://spdx.org for more information.)"",exception (json.decoder.JSONDecodeError: Expecting value: line 1 column 1 (char 0))}"
contracts_output/contracts_output/codellama_contracts/1877.sol,1877.sol,slither-0.11.3,solidity,2025/09/14,20260212_1543,1770911186.5680788,1.7569305896759033,1,{},{},{EXIT_CODE_1},"{""analysis unsuccessful, check output.json"",""error parsing results: file could not be opened successfully:
- method gz: ReadError('empty file')
- method bz2: ReadError('not a bzip2 file')
- method xz: ReadError('not an lzma file')
- method tar: ReadError('empty file')"",""exception (crytic_compile.platform.exceptions.InvalidCompilation: Invalid solc compilation Warning: SPDX license identifier not provided in source file. Before publishing, consider adding a comment containing \""SPDX-License-Identifier: <SPDX-License>\"" to each source file. Use \""SPDX-License-Identifier: UNLICENSED\"" for non-open-source code. Please see https://spdx.org for more information.)"",exception (json.decoder.JSONDecodeError: Expecting value: line 1 column 1 (char 0))}"
contracts_output/contracts_output/codellama_contracts/189.sol,189.sol,slither-0.11.3,solidity,2025/09/14,20260212_1543,1770911109.2321332,1.5911335945129395,1,{},{},{EXIT_CODE_1},"{""analysis unsuccessful, check output.json"",""error parsing results: file could not be opened successfully:
- method gz: ReadError('empty file')
- method bz2: ReadError('not a bzip2 file')
- method xz: ReadError('not an lzma file')
- method tar: ReadError('empty file')"",""exception (crytic_compile.platform.exceptions.InvalidCompilation: Invalid solc compilation Warning: SPDX license identifier not provided in source file. Before publishing, consider adding a comment containing \""SPDX-License-Identifier: <SPDX-License>\"" to each source file. Use \""SPDX-License-Identifier: UNLICENSED\"" for non-open-source code. Please see https://spdx.org for more information.)"",exception (json.decoder.JSONDecodeError: Expecting value: line 1 column 1 (char 0))}"
contracts_output/contracts_output/codellama_contracts/1905.sol,1905.sol,slither-0.11.3,solidity,2025/09/14,20260212_1543,1770911240.4090247,2.165933847427368,1,{},{},{EXIT_CODE_1},"{""analysis unsuccessful, check output.json"",""error parsing results: file could not be opened successfully:
- method gz: ReadError('empty file')
- method bz2: ReadError('not a bzip2 file')
- method xz: ReadError('not an lzma file')
- method tar: ReadError('empty file')"",""exception (crytic_compile.platform.exceptions.InvalidCompilation: Invalid solc compilation Warning: SPDX license identifier not provided in source file. Before publishing, consider adding a comment containing \""SPDX-License-Identifier: <SPDX-License>\"" to each source file. Use \""SPDX-License-Identifier: UNLICENSED\"" for non-open-source code. Please see https://spdx.org for more information.)"",exception (json.decoder.JSONDecodeError: Expecting value: line 1 column 1 (char 0))}"
contracts_output/contracts_output/codellama_contracts/191.sol,191.sol,slither-0.11.3,solidity,2025/09/14,20260212_1543,1770911097.12414,1.7401955127716064,255,"{dead_code,naming_convention,solc_version}",{},{},{}
contracts_output/contracts_output/codellama_contracts/1924.sol,1924.sol,slither-0.11.3,solidity,2025/09/14,20260212_1543,1770911350.7136955,1.5380120277404785,1,{},{},{EXIT_CODE_1},"{""analysis unsuccessful, check output.json"",""error parsing results: file could not be opened successfully:
- method gz: ReadError('empty file')
- method bz2: ReadError('not a bzip2 file')
- method xz: ReadError('not an lzma file')
- method tar: ReadError('empty file')"",""exception (crytic_compile.platform.exceptions.InvalidCompilation: Invalid solc compilation Warning: SPDX license identifier not provided in source file. Before publishing, consider adding a comment containing \""SPDX-License-Identifier: <SPDX-License>\"" to each source file. Use \""SPDX-License-Identifier: UNLICENSED\"" for non-open-source code. Please see https://spdx.org for more information.)"",exception (json.decoder.JSONDecodeError: Expecting value: line 1 column 1 (char 0))}"
contracts_output/contracts_output/codellama_contracts/1926.sol,1926.sol,slither-0.11.3,solidity,2025/09/14,20260212_1543,1770911153.0400374,1.9107277393341064,255,"{dead_code,immutable_states,locked_ether,shadowing_state,solc_version}",{},{},{}
contracts_output/contracts_output/codellama_contracts/1932.sol,1932.sol,slither-0.11.3,solidity,2025/09/14,20260212_1543,1770911292.2331948,2.0299627780914307,255,"{dead_code,naming_convention,solc_version}",{},{},{}
contracts_output/contracts_output/codellama_contracts/1962.sol,1962.sol,slither-0.11.3,solidity,2025/09/14,20260212_1543,1770911346.809026,2.6277990341186523,255,"{dead_code,solc_version}",{},{},{}
contracts_output/contracts_output/codellama_contracts/1979.sol,1979.sol,slither-0.11.3,solidity,2025/09/14,20260212_1543,1770911324.8077748,10.19404411315918,1,{},{},{EXIT_CODE_1},"{""analysis unsuccessful, check output.json"",""error parsing results: file could not be opened successfully:
- method gz: ReadError('empty file')
- method bz2: ReadError('not a bzip2 file')
- method xz: ReadError('not an lzma file')
- method tar: ReadError('empty file')"",""exception (crytic_compile.platform.exceptions.InvalidCompilation: Invalid solc compilation Warning: SPDX license identifier not provided in source file. Before publishing, consider adding a comment containing \""SPDX-License-Identifier: <SPDX-License>\"" to each source file. Use \""SPDX-License-Identifier: UNLICENSED\"" for non-open-source code. Please see https://spdx.org for more information.)"",exception (json.decoder.JSONDecodeError: Expecting value: line 1 column 1 (char 0))}"
contracts_output/contracts_output/codellama_contracts/1993.sol,1993.sol,slither-0.11.3,solidity,2025/09/14,20260212_1543,1770911187.3158252,1.6786348819732666,1,{},{},{EXIT_CODE_1},"{""analysis unsuccessful, check output.json"",""error parsing results: file could not be opened successfully:
- method gz: ReadError('empty file')
- method bz2: ReadError('not a bzip2 file')
- method xz: ReadError('not an lzma file')
- method tar: ReadError('empty file')"",""exception (crytic_compile.platform.exceptions.InvalidCompilation: Invalid solc compilation Warning: SPDX license identifier not provided in source file. Before publishing, consider adding a comment containing \""SPDX-License-Identifier: <SPDX-License>\"" to each source file. Use \""SPDX-License-Identifier: UNLICENSED\"" for non-open-source code. Please see https://spdx.org for more information.)"",exception (json.decoder.JSONDecodeError: Expecting value: line 1 column 1 (char 0))}"
contracts_output/contracts_output/codellama_contracts/2003.sol,2003.sol,slither-0.11.3,solidity,2025/09/14,20260212_1543,1770911489.094134,1.4787590503692627,255,"{dead_code,solc_version}",{},{},{}
contracts_output/contracts_output/codellama_contracts/2019.sol,2019.sol,slither-0.11.3,solidity,2025/09/14,20260212_1543,1770911095.096835,1.466740608215332,1,{},{},{EXIT_CODE_1},"{""analysis unsuccessful, check output.json"",""error parsing results: file could not be opened successfully:
- method gz: ReadError('empty file')
- method bz2: ReadError('not a bzip2 file')
- method xz: ReadError('not an lzma file')
- method tar: ReadError('empty file')"",""exception (crytic_compile.platform.exceptions.InvalidCompilation: Invalid solc compilation Warning: SPDX license identifier not provided in source file. Before publishing, consider adding a comment containing \""SPDX-License-Identifier: <SPDX-License>\"" to each source file. Use \""SPDX-License-Identifier: UNLICENSED\"" for non-open-source code. Please see https://spdx.org for more information.)"",exception (json.decoder.JSONDecodeError: Expecting value: line 1 column 1 (char 0))}"
contracts_output/contracts_output/codellama_contracts/2044.sol,2044.sol,slither-0.11.3,solidity,2025/09/14,20260212_1543,1770911204.7342176,2.0092623233795166,1,{},{},{EXIT_CODE_1},"{""analysis unsuccessful, check output.json"",""error parsing results: file could not be opened successfully:
- method gz: ReadError('empty file')
- method bz2: ReadError('not a bzip2 file')
- method xz: ReadError('not an lzma file')
- method tar: ReadError('empty file')"",""exception (crytic_compile.platform.exceptions.InvalidCompilation: Invalid solc compilation Warning: SPDX license identifier not provided in source file. Before publishing, consider adding a comment containing \""SPDX-License-Identifier: <SPDX-License>\"" to each source file. Use \""SPDX-License-Identifier: UNLICENSED\"" for non-open-source code. Please see https://spdx.org for more information.)"",exception (json.decoder.JSONDecodeError: Expecting value: line 1 column 1 (char 0))}"
contracts_output/contracts_output/codellama_contracts/2053.sol,2053.sol,slither-0.11.3,solidity,2025/09/14,20260212_1543,1770911111.7747467,1.887451410293579,1,{},{},{EXIT_CODE_1},"{""analysis unsuccessful, check output.json"",""error parsing results: file could not be opened successfully:
- method gz: ReadError('empty file')
- method bz2: ReadError('not a bzip2 file')
- method xz: ReadError('not an lzma file')
- method tar: ReadError('empty file')"",""exception (crytic_compile.platform.exceptions.InvalidCompilation: Invalid solc compilation Warning: SPDX license identifier not provided in source file. Before publishing, consider adding a comment containing \""SPDX-License-Identifier: <SPDX-License>\"" to each source file. Use \""SPDX-License-Identifier: UNLICENSED\"" for non-open-source code. Please see https://spdx.org for more information.)"",exception (json.decoder.JSONDecodeError: Expecting value: line 1 column 1 (char 0))}"
contracts_output/contracts_output/codellama_contracts/2061.sol,2061.sol,slither-0.11.3,solidity,2025/09/14,20260212_1543,1770911407.2066905,1.676579475402832,1,{},{},{EXIT_CODE_1},"{""analysis unsuccessful, check output.json"",""error parsing results: file could not be opened successfully:
- method gz: ReadError('empty file')
- method bz2: ReadError('not a bzip2 file')
- method xz: ReadError('not an lzma file')
- method tar: ReadError('empty file')"",""exception (crytic_compile.platform.exceptions.InvalidCompilation: Invalid solc compilation Warning: SPDX license identifier not provided in source file. Before publishing, consider adding a comment containing \""SPDX-License-Identifier: <SPDX-License>\"" to each source file. Use \""SPDX-License-Identifier: UNLICENSED\"" for non-open-source code. Please see https://spdx.org for more information.)"",exception (json.decoder.JSONDecodeError: Expecting value: line 1 column 1 (char 0))}"
contracts_output/contracts_output/codellama_contracts/2081.sol,2081.sol,slither-0.11.3,solidity,2025/09/14,20260212_1543,1770911425.4716547,1.6253631114959717,1,{},{},{EXIT_CODE_1},"{""analysis unsuccessful, check output.json"",""error parsing results: file could not be opened successfully:
- method gz: ReadError('empty file')
- method bz2: ReadError('not a bzip2 file')
- method xz: ReadError('not an lzma file')
- method tar: ReadError('empty file')"",""exception (crytic_compile.platform.exceptions.InvalidCompilation: Invalid solc compilation Warning: SPDX license identifier not provided in source file. Before publishing, consider adding a comment containing \""SPDX-License-Identifier: <SPDX-License>\"" to each source file. Use \""SPDX-License-Identifier: UNLICENSED\"" for non-open-source code. Please see https://spdx.org for more information.)"",exception (json.decoder.JSONDecodeError: Expecting value: line 1 column 1 (char 0))}"
contracts_output/contracts_output/codellama_contracts/2092.sol,2092.sol,slither-0.11.3,solidity,2025/09/14,20260212_1543,1770911292.1460168,1.42087721824646,255,"{dead_code,solc_version}",{},{},{}
contracts_output/contracts_output/codellama_contracts/2093.sol,2093.sol,slither-0.11.3,solidity,2025/09/14,20260212_1543,1770911051.821133,1.829902172088623,1,{},{},{EXIT_CODE_1},"{""analysis unsuccessful, check output.json"",""error parsing results: file could not be opened successfully:
- method gz: ReadError('empty file')
- method bz2: ReadError('not a bzip2 file')
- method xz: ReadError('not an lzma file')
- method tar: ReadError('empty file')"",""exception (crytic_compile.platform.exceptions.InvalidCompilation: Invalid solc compilation Warning: SPDX license identifier not provided in source file. Before publishing, consider adding a comment containing \""SPDX-License-Identifier: <SPDX-License>\"" to each source file. Use \""SPDX-License-Identifier: UNLICENSED\"" for non-open-source code. Please see https://spdx.org for more information.)"",exception (json.decoder.JSONDecodeError: Expecting value: line 1 column 1 (char 0))}"
contracts_output/contracts_output/codellama_contracts/211.sol,211.sol,slither-0.11.3,solidity,2025/09/14,20260212_1543,1770911470.0177934,2.391170024871826,255,"{dead_code,immutable_states,solc_version}",{},{},{}
contracts_output/contracts_output/codellama_contracts/2110.sol,2110.sol,slither-0.11.3,solidity,2025/09/14,20260212_1543,1770911466.0346825,2.14032244682312,255,"{dead_code,solc_version}",{},{},{}
contracts_output/contracts_output/codellama_contracts/2112.sol,2112.sol,slither-0.11.3,solidity,2025/09/14,20260212_1543,1770911047.9562728,2.019968271255493,1,{},{},{EXIT_CODE_1},"{""analysis unsuccessful, check output.json"",""error parsing results: file could not be opened successfully:
- method gz: ReadError('empty file')
- method bz2: ReadError('not a bzip2 file')
- method xz: ReadError('not an lzma file')
- method tar: ReadError('empty file')"",""exception (crytic_compile.platform.exceptions.InvalidCompilation: Invalid solc compilation Warning: SPDX license identifier not provided in source file. Before publishing, consider adding a comment containing \""SPDX-License-Identifier: <SPDX-License>\"" to each source file. Use \""SPDX-License-Identifier: UNLICENSED\"" for non-open-source code. Please see https://spdx.org for more information.)"",exception (json.decoder.JSONDecodeError: Expecting value: line 1 column 1 (char 0))}"
contracts_output/contracts_output/codellama_contracts/2119.sol,2119.sol,slither-0.11.3,solidity,2025/09/14,20260212_1543,1770911268.334289,1.9653029441833496,255,"{dead_code,immutable_states,naming_convention,solc_version,too_many_digits}",{},{},{}
contracts_output/contracts_output/codellama_contracts/213.sol,213.sol,slither-0.11.3,solidity,2025/09/14,20260212_1543,1770911237.4071972,1.7297418117523193,255,"{dead_code,solc_version,uninitialized_state}",{},{},{}
contracts_output/contracts_output/codellama_contracts/2141.sol,2141.sol,slither-0.11.3,solidity,2025/09/14,20260212_1543,1770911311.3558877,2.05544376373291,255,"{dead_code,solc_version,timestamp}",{},{},{}
contracts_output/contracts_output/codellama_contracts/2199.sol,2199.sol,slither-0.11.3,solidity,2025/09/14,20260212_1543,1770911030.5677533,2.470320224761963,1,{},{},{EXIT_CODE_1},"{""analysis unsuccessful, check output.json"",""error parsing results: file could not be opened successfully:
- method gz: ReadError('empty file')
- method bz2: ReadError('not a bzip2 file')
- method xz: ReadError('not an lzma file')
- method tar: ReadError('empty file')"",""exception (crytic_compile.platform.exceptions.InvalidCompilation: Invalid solc compilation Warning: SPDX license identifier not provided in source file. Before publishing, consider adding a comment containing \""SPDX-License-Identifier: <SPDX-License>\"" to each source file. Use \""SPDX-License-Identifier: UNLICENSED\"" for non-open-source code. Please see https://spdx.org for more information.)"",exception (json.decoder.JSONDecodeError: Expecting value: line 1 column 1 (char 0))}"
contracts_output/contracts_output/codellama_contracts/2205.sol,2205.sol,slither-0.11.3,solidity,2025/09/14,20260212_1543,1770911104.6727214,1.6309313774108887,255,"{dead_code,naming_convention,solc_version,timestamp}",{},{},{}
contracts_output/contracts_output/codellama_contracts/2209.sol,2209.sol,slither-0.11.3,solidity,2025/09/14,20260212_1543,1770911162.8632514,1.9313175678253174,255,"{dead_code,solc_version}",{},{},{}
contracts_output/contracts_output/codellama_contracts/2215.sol,2215.sol,slither-0.11.3,solidity,2025/09/14,20260212_1543,1770911094.858643,1.9096765518188477,1,{},{},{EXIT_CODE_1},"{""analysis unsuccessful, check output.json"",""error parsing results: file could not be opened successfully:
- method gz: ReadError('empty file')
- method bz2: ReadError('not a bzip2 file')
- method xz: ReadError('not an lzma file')
- method tar: ReadError('empty file')"",""exception (crytic_compile.platform.exceptions.InvalidCompilation: Invalid solc compilation Warning: SPDX license identifier not provided in source file. Before publishing, consider adding a comment containing \""SPDX-License-Identifier: <SPDX-License>\"" to each source file. Use \""SPDX-License-Identifier: UNLICENSED\"" for non-open-source code. Please see https://spdx.org for more information.)"",exception (json.decoder.JSONDecodeError: Expecting value: line 1 column 1 (char 0))}"
contracts_output/contracts_output/codellama_contracts/2223.sol,2223.sol,slither-0.11.3,solidity,2025/09/14,20260212_1543,1770911238.2095392,2.365226984024048,1,{},{},{EXIT_CODE_1},"{""analysis unsuccessful, check output.json"",""error parsing results: file could not be opened successfully:
- method gz: ReadError('empty file')
- method bz2: ReadError('not a bzip2 file')
- method xz: ReadError('not an lzma file')
- method tar: ReadError('empty file')"",""exception (crytic_compile.platform.exceptions.InvalidCompilation: Invalid solc compilation Warning: SPDX license identifier not provided in source file. Before publishing, consider adding a comment containing \""SPDX-License-Identifier: <SPDX-License>\"" to each source file. Use \""SPDX-License-Identifier: UNLICENSED\"" for non-open-source code. Please see https://spdx.org for more information.)"",exception (json.decoder.JSONDecodeError: Expecting value: line 1 column 1 (char 0))}"
contracts_output/contracts_output/codellama_contracts/223.sol,223.sol,slither-0.11.3,solidity,2025/09/14,20260212_1543,1770911165.9536183,1.528172492980957,255,"{dead_code,naming_convention,solc_version}",{},{},{}
contracts_output/contracts_output/codellama_contracts/2236.sol,2236.sol,slither-0.11.3,solidity,2025/09/14,20260212_1543,1770911157.856004,2.367326259613037,255,"{dead_code,solc_version}",{},{},{}
contracts_output/contracts_output/codellama_contracts/2241.sol,2241.sol,slither-0.11.3,solidity,2025/09/14,20260212_1543,1770911364.2752426,1.4386959075927734,1,{},{},{EXIT_CODE_1},"{""analysis unsuccessful, check output.json"",""error parsing results: file could not be opened successfully:
- method gz: ReadError('empty file')
- method bz2: ReadError('not a bzip2 file')
- method xz: ReadError('not an lzma file')
- method tar: ReadError('empty file')"",""exception (crytic_compile.platform.exceptions.InvalidCompilation: Invalid solc compilation Warning: SPDX license identifier not provided in source file. Before publishing, consider adding a comment containing \""SPDX-License-Identifier: <SPDX-License>\"" to each source file. Use \""SPDX-License-Identifier: UNLICENSED\"" for non-open-source code. Please see https://spdx.org for more information.)"",exception (json.decoder.JSONDecodeError: Expecting value: line 1 column 1 (char 0))}"
contracts_output/contracts_output/codellama_contracts/2268.sol,2268.sol,slither-0.11.3,solidity,2025/09/14,20260212_1543,1770911157.5335,1.9428513050079346,1,{},{},{EXIT_CODE_1},"{""analysis unsuccessful, check output.json"",""error parsing results: file could not be opened successfully:
- method gz: ReadError('empty file')
- method bz2: ReadError('not a bzip2 file')
- method xz: ReadError('not an lzma file')
- method tar: ReadError('empty file')"",""exception (crytic_compile.platform.exceptions.InvalidCompilation: Invalid solc compilation Warning: SPDX license identifier not provided in source file. Before publishing, consider adding a comment containing \""SPDX-License-Identifier: <SPDX-License>\"" to each source file. Use \""SPDX-License-Identifier: UNLICENSED\"" for non-open-source code. Please see https://spdx.org for more information.)"",exception (json.decoder.JSONDecodeError: Expecting value: line 1 column 1 (char 0))}"
contracts_output/contracts_output/codellama_contracts/2271.sol,2271.sol,slither-0.11.3,solidity,2025/09/14,20260212_1543,1770911198.7966955,2.565880060195923,255,"{arbitrary_send_eth,dead_code,immutable_states,missing_zero_check,solc_version,too_many_digits}",{},{},{}
contracts_output/contracts_output/codellama_contracts/2278.sol,2278.sol,slither-0.11.3,solidity,2025/09/14,20260212_1543,1770911409.4538434,1.7797119617462158,1,{},{},{EXIT_CODE_1},"{""analysis unsuccessful, check output.json"",""error parsing results: file could not be opened successfully:
- method gz: ReadError('empty file')
- method bz2: ReadError('not a bzip2 file')
- method xz: ReadError('not an lzma file')
- method tar: ReadError('empty file')"",""exception (crytic_compile.platform.exceptions.InvalidCompilation: Invalid solc compilation Warning: SPDX license identifier not provided in source file. Before publishing, consider adding a comment containing \""SPDX-License-Identifier: <SPDX-License>\"" to each source file. Use \""SPDX-License-Identifier: UNLICENSED\"" for non-open-source code. Please see https://spdx.org for more information.)"",exception (json.decoder.JSONDecodeError: Expecting value: line 1 column 1 (char 0))}"
contracts_output/contracts_output/codellama_contracts/2295.sol,2295.sol,slither-0.11.3,solidity,2025/09/14,20260212_1543,1770911493.4569077,2.626756429672241,1,{},{},{EXIT_CODE_1},"{""analysis unsuccessful, check output.json"",""error parsing results: file could not be opened successfully:
- method gz: ReadError('empty file')
- method bz2: ReadError('not a bzip2 file')
- method xz: ReadError('not an lzma file')
- method tar: ReadError('empty file')"",""exception (crytic_compile.platform.exceptions.InvalidCompilation: Invalid solc compilation Warning: SPDX license identifier not provided in source file. Before publishing, consider adding a comment containing \""SPDX-License-Identifier: <SPDX-License>\"" to each source file. Use \""SPDX-License-Identifier: UNLICENSED\"" for non-open-source code. Please see https://spdx.org for more information.)"",exception (json.decoder.JSONDecodeError: Expecting value: line 1 column 1 (char 0))}"
contracts_output/contracts_output/codellama_contracts/2308.sol,2308.sol,slither-0.11.3,solidity,2025/09/14,20260212_1543,1770911059.3754404,2.0454328060150146,255,"{dead_code,naming_convention,solc_version}",{},{},{}
contracts_output/contracts_output/codellama_contracts/2313.sol,2313.sol,slither-0.11.3,solidity,2025/09/14,20260212_1543,1770911398.3291435,1.7165844440460205,255,"{dead_code,naming_convention,solc_version}",{},{},{}
contracts_output/contracts_output/codellama_contracts/232.sol,232.sol,slither-0.11.3,solidity,2025/09/14,20260212_1543,1770911373.420185,1.6533973217010498,1,{},{},{EXIT_CODE_1},"{""analysis unsuccessful, check output.json"",""error parsing results: file could not be opened successfully:
- method gz: ReadError('empty file')
- method bz2: ReadError('not a bzip2 file')
- method xz: ReadError('not an lzma file')
- method tar: ReadError('empty file')"",""exception (crytic_compile.platform.exceptions.InvalidCompilation: Invalid solc compilation Warning: SPDX license identifier not provided in source file. Before publishing, consider adding a comment containing \""SPDX-License-Identifier: <SPDX-License>\"" to each source file. Use \""SPDX-License-Identifier: UNLICENSED\"" for non-open-source code. Please see https://spdx.org for more information.)"",exception (json.decoder.JSONDecodeError: Expecting value: line 1 column 1 (char 0))}"
contracts_output/contracts_output/codellama_contracts/2321.sol,2321.sol,slither-0.11.3,solidity,2025/09/14,20260212_1543,1770911342.3809261,1.9364228248596191,1,{},{},{EXIT_CODE_1},"{""analysis unsuccessful, check output.json"",""error parsing results: file could not be opened successfully:
- method gz: ReadError('empty file')
- method bz2: ReadError('not a bzip2 file')
- method xz: ReadError('not an lzma file')
- method tar: ReadError('empty file')"",""exception (crytic_compile.platform.exceptions.InvalidCompilation: Invalid solc compilation Warning: SPDX license identifier not provided in source file. Before publishing, consider adding a comment containing \""SPDX-License-Identifier: <SPDX-License>\"" to each source file. Use \""SPDX-License-Identifier: UNLICENSED\"" for non-open-source code. Please see https://spdx.org for more information.)"",exception (json.decoder.JSONDecodeError: Expecting value: line 1 column 1 (char 0))}"
contracts_output/contracts_output/codellama_contracts/2323.sol,2323.sol,slither-0.11.3,solidity,2025/09/14,20260212_1543,1770911225.3317287,1.76607346534729,1,{},{},{EXIT_CODE_1},"{""analysis unsuccessful, check output.json"",""error parsing results: file could not be opened successfully:
- method gz: ReadError('empty file')
- method bz2: ReadError('not a bzip2 file')
- method xz: ReadError('not an lzma file')
- method tar: ReadError('empty file')"",""exception (crytic_compile.platform.exceptions.InvalidCompilation: Invalid solc compilation Warning: SPDX license identifier not provided in source file. Before publishing, consider adding a comment containing \""SPDX-License-Identifier: <SPDX-License>\"" to each source file. Use \""SPDX-License-Identifier: UNLICENSED\"" for non-open-source code. Please see https://spdx.org for more information.)"",exception (json.decoder.JSONDecodeError: Expecting value: line 1 column 1 (char 0))}"
contracts_output/contracts_output/codellama_contracts/2354.sol,2354.sol,slither-0.11.3,solidity,2025/09/14,20260212_1543,1770911348.4743605,2.4830517768859863,1,{},{},{EXIT_CODE_1},"{""analysis unsuccessful, check output.json"",""error parsing results: file could not be opened successfully:
- method gz: ReadError('empty file')
- method bz2: ReadError('not a bzip2 file')
- method xz: ReadError('not an lzma file')
- method tar: ReadError('empty file')"",""exception (crytic_compile.platform.exceptions.InvalidCompilation: Invalid solc compilation Warning: SPDX license identifier not provided in source file. Before publishing, consider adding a comment containing \""SPDX-License-Identifier: <SPDX-License>\"" to each source file. Use \""SPDX-License-Identifier: UNLICENSED\"" for non-open-source code. Please see https://spdx.org for more information.)"",exception (json.decoder.JSONDecodeError: Expecting value: line 1 column 1 (char 0))}"
contracts_output/contracts_output/codellama_contracts/2359.sol,2359.sol,slither-0.11.3,solidity,2025/09/14,20260212_1543,1770911133.1508205,2.2864556312561035,1,{},{},{EXIT_CODE_1},"{""analysis unsuccessful, check output.json"",""error parsing results: file could not be opened successfully:
- method gz: ReadError('empty file')
- method bz2: ReadError('not a bzip2 file')
- method xz: ReadError('not an lzma file')
- method tar: ReadError('empty file')"",""exception (crytic_compile.platform.exceptions.InvalidCompilation: Invalid solc compilation Warning: SPDX license identifier not provided in source file. Before publishing, consider adding a comment containing \""SPDX-License-Identifier: <SPDX-License>\"" to each source file. Use \""SPDX-License-Identifier: UNLICENSED\"" for non-open-source code. Please see https://spdx.org for more information.)"",exception (json.decoder.JSONDecodeError: Expecting value: line 1 column 1 (char 0))}"
contracts_output/contracts_output/codellama_contracts/2373.sol,2373.sol,slither-0.11.3,solidity,2025/09/14,20260212_1543,1770911430.645008,1.7426533699035645,1,{},{},{EXIT_CODE_1},"{""analysis unsuccessful, check output.json"",""error parsing results: file could not be opened successfully:
- method gz: ReadError('empty file')
- method bz2: ReadError('not a bzip2 file')
- method xz: ReadError('not an lzma file')
- method tar: ReadError('empty file')"",""exception (crytic_compile.platform.exceptions.InvalidCompilation: Invalid solc compilation Error: Source \""node_modules/@openzeppelin/contracts/token/ERC20/IERC20.sol\"" not found: File not found. Searched the following locations: \""\"".)"",exception (json.decoder.JSONDecodeError: Expecting value: line 1 column 1 (char 0))}"
contracts_output/contracts_output/codellama_contracts/2380.sol,2380.sol,slither-0.11.3,solidity,2025/09/14,20260212_1543,1770911357.5447528,2.9696741104125977,1,{},{},{EXIT_CODE_1},"{""analysis unsuccessful, check output.json"",""error parsing results: file could not be opened successfully:
- method gz: ReadError('empty file')
- method bz2: ReadError('not a bzip2 file')
- method xz: ReadError('not an lzma file')
- method tar: ReadError('empty file')"",""exception (crytic_compile.platform.exceptions.InvalidCompilation: Invalid solc compilation Warning: SPDX license identifier not provided in source file. Before publishing, consider adding a comment containing \""SPDX-License-Identifier: <SPDX-License>\"" to each source file. Use \""SPDX-License-Identifier: UNLICENSED\"" for non-open-source code. Please see https://spdx.org for more information.)"",exception (json.decoder.JSONDecodeError: Expecting value: line 1 column 1 (char 0))}"
contracts_output/contracts_output/codellama_contracts/239.sol,239.sol,slither-0.11.3,solidity,2025/09/14,20260212_1543,1770911383.6969502,1.3047635555267334,1,{},{},{EXIT_CODE_1},"{""analysis unsuccessful, check output.json"",""error parsing results: file could not be opened successfully:
- method gz: ReadError('empty file')
- method bz2: ReadError('not a bzip2 file')
- method xz: ReadError('not an lzma file')
- method tar: ReadError('empty file')"",""exception (crytic_compile.platform.exceptions.InvalidCompilation: Invalid solc compilation Warning: SPDX license identifier not provided in source file. Before publishing, consider adding a comment containing \""SPDX-License-Identifier: <SPDX-License>\"" to each source file. Use \""SPDX-License-Identifier: UNLICENSED\"" for non-open-source code. Please see https://spdx.org for more information.)"",exception (json.decoder.JSONDecodeError: Expecting value: line 1 column 1 (char 0))}"
contracts_output/contracts_output/codellama_contracts/2394.sol,2394.sol,slither-0.11.3,solidity,2025/09/14,20260212_1543,1770911362.2448838,1.7039430141448975,1,{},{},{EXIT_CODE_1},"{""analysis unsuccessful, check output.json"",""error parsing results: file could not be opened successfully:
- method gz: ReadError('empty file')
- method bz2: ReadError('not a bzip2 file')
- method xz: ReadError('not an lzma file')
- method tar: ReadError('empty file')"",""exception (crytic_compile.platform.exceptions.InvalidCompilation: Invalid solc compilation Warning: SPDX license identifier not provided in source file. Before publishing, consider adding a comment containing \""SPDX-License-Identifier: <SPDX-License>\"" to each source file. Use \""SPDX-License-Identifier: UNLICENSED\"" for non-open-source code. Please see https://spdx.org for more information.)"",exception (json.decoder.JSONDecodeError: Expecting value: line 1 column 1 (char 0))}"
contracts_output/contracts_output/codellama_contracts/2396.sol,2396.sol,slither-0.11.3,solidity,2025/09/14,20260212_1543,1770911271.4246123,1.5352518558502197,1,{},{},{EXIT_CODE_1},"{""analysis unsuccessful, check output.json"",""error parsing results: file could not be opened successfully:
- method gz: ReadError('empty file')
- method bz2: ReadError('not a bzip2 file')
- method xz: ReadError('not an lzma file')
- method tar: ReadError('empty file')"",""exception (crytic_compile.platform.exceptions.InvalidCompilation: Invalid solc compilation Warning: SPDX license identifier not provided in source file. Before publishing, consider adding a comment containing \""SPDX-License-Identifier: <SPDX-License>\"" to each source file. Use \""SPDX-License-Identifier: UNLICENSED\"" for non-open-source code. Please see https://spdx.org for more information.)"",exception (json.decoder.JSONDecodeError: Expecting value: line 1 column 1 (char 0))}"
contracts_output/contracts_output/codellama_contracts/240.sol,240.sol,slither-0.11.3,solidity,2025/09/14,20260212_1543,1770911311.7222319,2.0563766956329346,1,{},{},{EXIT_CODE_1},"{""analysis unsuccessful, check output.json"",""error parsing results: file could not be opened successfully:
- method gz: ReadError('empty file')
- method bz2: ReadError('not a bzip2 file')
- method xz: ReadError('not an lzma file')
- method tar: ReadError('empty file')"",""exception (crytic_compile.platform.exceptions.InvalidCompilation: Invalid solc compilation Warning: SPDX license identifier not provided in source file. Before publishing, consider adding a comment containing \""SPDX-License-Identifier: <SPDX-License>\"" to each source file. Use \""SPDX-License-Identifier: UNLICENSED\"" for non-open-source code. Please see https://spdx.org for more information.)"",exception (json.decoder.JSONDecodeError: Expecting value: line 1 column 1 (char 0))}"
contracts_output/contracts_output/codellama_contracts/2419.sol,2419.sol,slither-0.11.3,solidity,2025/09/14,20260212_1543,1770911205.8638895,2.1541335582733154,1,{},{},{EXIT_CODE_1},"{""analysis unsuccessful, check output.json"",""error parsing results: file could not be opened successfully:
- method gz: ReadError('empty file')
- method bz2: ReadError('not a bzip2 file')
- method xz: ReadError('not an lzma file')
- method tar: ReadError('empty file')"",""exception (crytic_compile.platform.exceptions.InvalidCompilation: Invalid solc compilation Warning: SPDX license identifier not provided in source file. Before publishing, consider adding a comment containing \""SPDX-License-Identifier: <SPDX-License>\"" to each source file. Use \""SPDX-License-Identifier: UNLICENSED\"" for non-open-source code. Please see https://spdx.org for more information.)"",exception (json.decoder.JSONDecodeError: Expecting value: line 1 column 1 (char 0))}"
contracts_output/contracts_output/codellama_contracts/242.sol,242.sol,slither-0.11.3,solidity,2025/09/14,20260212_1543,1770911233.8886,1.6938343048095703,1,{},{},{EXIT_CODE_1},"{""analysis unsuccessful, check output.json"",""error parsing results: file could not be opened successfully:
- method gz: ReadError('empty file')
- method bz2: ReadError('not a bzip2 file')
- method xz: ReadError('not an lzma file')
- method tar: ReadError('empty file')"",""exception (crytic_compile.platform.exceptions.InvalidCompilation: Invalid solc compilation Warning: SPDX license identifier not provided in source file. Before publishing, consider adding a comment containing \""SPDX-License-Identifier: <SPDX-License>\"" to each source file. Use \""SPDX-License-Identifier: UNLICENSED\"" for non-open-source code. Please see https://spdx.org for more information.)"",exception (json.decoder.JSONDecodeError: Expecting value: line 1 column 1 (char 0))}"
contracts_output/contracts_output/codellama_contracts/2424.sol,2424.sol,slither-0.11.3,solidity,2025/09/14,20260212_1543,1770911222.4543793,2.425147533416748,1,{},{},{EXIT_CODE_1},"{""analysis unsuccessful, check output.json"",""error parsing results: file could not be opened successfully:
- method gz: ReadError('empty file')
- method bz2: ReadError('not a bzip2 file')
- method xz: ReadError('not an lzma file')
- method tar: ReadError('empty file')"",""exception (crytic_compile.platform.exceptions.InvalidCompilation: Invalid solc compilation Warning: SPDX license identifier not provided in source file. Before publishing, consider adding a comment containing \""SPDX-License-Identifier: <SPDX-License>\"" to each source file. Use \""SPDX-License-Identifier: UNLICENSED\"" for non-open-source code. Please see https://spdx.org for more information.)"",exception (json.decoder.JSONDecodeError: Expecting value: line 1 column 1 (char 0))}"
contracts_output/contracts_output/codellama_contracts/243.sol,243.sol,slither-0.11.3,solidity,2025/09/14,20260212_1543,1770911457.1230142,2.145843029022217,1,{},{},{EXIT_CODE_1},"{""analysis unsuccessful, check output.json"",""error parsing results: file could not be opened successfully:
- method gz: ReadError('empty file')
- method bz2: ReadError('not a bzip2 file')
- method xz: ReadError('not an lzma file')
- method tar: ReadError('empty file')"",""exception (crytic_compile.platform.exceptions.InvalidCompilation: Invalid solc compilation Warning: SPDX license identifier not provided in source file. Before publishing, consider adding a comment containing \""SPDX-License-Identifier: <SPDX-License>\"" to each source file. Use \""SPDX-License-Identifier: UNLICENSED\"" for non-open-source code. Please see https://spdx.org for more information.)"",exception (json.decoder.JSONDecodeError: Expecting value: line 1 column 1 (char 0))}"
contracts_output/contracts_output/codellama_contracts/2431.sol,2431.sol,slither-0.11.3,solidity,2025/09/14,20260212_1543,1770911228.4297624,1.6500599384307861,1,{},{},{EXIT_CODE_1},"{""analysis unsuccessful, check output.json"",""error parsing results: file could not be opened successfully:
- method gz: ReadError('empty file')
- method bz2: ReadError('not a bzip2 file')
- method xz: ReadError('not an lzma file')
- method tar: ReadError('empty file')"",""exception (crytic_compile.platform.exceptions.InvalidCompilation: Invalid solc compilation Warning: SPDX license identifier not provided in source file. Before publishing, consider adding a comment containing \""SPDX-License-Identifier: <SPDX-License>\"" to each source file. Use \""SPDX-License-Identifier: UNLICENSED\"" for non-open-source code. Please see https://spdx.org for more information.)"",exception (json.decoder.JSONDecodeError: Expecting value: line 1 column 1 (char 0))}"
contracts_output/contracts_output/codellama_contracts/2433.sol,2433.sol,slither-0.11.3,solidity,2025/09/14,20260212_1543,1770911393.9666176,1.8938987255096436,255,"{dead_code,solc_version}",{},{},{}
contracts_output/contracts_output/codellama_contracts/2436.sol,2436.sol,slither-0.11.3,solidity,2025/09/14,20260212_1543,1770911390.314403,1.7771797180175781,1,{},{},{EXIT_CODE_1},"{""analysis unsuccessful, check output.json"",""error parsing results: file could not be opened successfully:
- method gz: ReadError('empty file')
- method bz2: ReadError('not a bzip2 file')
- method xz: ReadError('not an lzma file')
- method tar: ReadError('empty file')"",""exception (crytic_compile.platform.exceptions.InvalidCompilation: Invalid solc compilation Warning: SPDX license identifier not provided in source file. Before publishing, consider adding a comment containing \""SPDX-License-Identifier: <SPDX-License>\"" to each source file. Use \""SPDX-License-Identifier: UNLICENSED\"" for non-open-source code. Please see https://spdx.org for more information.)"",exception (json.decoder.JSONDecodeError: Expecting value: line 1 column 1 (char 0))}"
contracts_output/contracts_output/codellama_contracts/2439.sol,2439.sol,slither-0.11.3,solidity,2025/09/14,20260212_1543,1770911047.1281183,2.011190414428711,1,{},{},{EXIT_CODE_1},"{""analysis unsuccessful, check output.json"",""error parsing results: file could not be opened successfully:
- method gz: ReadError('empty file')
- method bz2: ReadError('not a bzip2 file')
- method xz: ReadError('not an lzma file')
- method tar: ReadError('empty file')"",""exception (crytic_compile.platform.exceptions.InvalidCompilation: Invalid solc compilation Warning: SPDX license identifier not provided in source file. Before publishing, consider adding a comment containing \""SPDX-License-Identifier: <SPDX-License>\"" to each source file. Use \""SPDX-License-Identifier: UNLICENSED\"" for non-open-source code. Please see https://spdx.org for more information.)"",exception (json.decoder.JSONDecodeError: Expecting value: line 1 column 1 (char 0))}"
contracts_output/contracts_output/codellama_contracts/2463.sol,2463.sol,slither-0.11.3,solidity,2025/09/14,20260212_1543,1770911346.6200073,2.1850554943084717,1,{},{},{EXIT_CODE_1},"{""analysis unsuccessful, check output.json"",""error parsing results: file could not be opened successfully:
- method gz: ReadError('empty file')
- method bz2: ReadError('not a bzip2 file')
- method xz: ReadError('not an lzma file')
- method tar: ReadError('empty file')"",exception (crytic_compile.platform.exceptions.InvalidCompilation: Invalid solc compilation Error: Expected ';' but got 'private'),exception (json.decoder.JSONDecodeError: Expecting value: line 1 column 1 (char 0))}"
contracts_output/contracts_output/codellama_contracts/2468.sol,2468.sol,slither-0.11.3,solidity,2025/09/14,20260212_1543,1770911470.043262,1.5947661399841309,1,{},{},{EXIT_CODE_1},"{""analysis unsuccessful, check output.json"",""error parsing results: file could not be opened successfully:
- method gz: ReadError('empty file')
- method bz2: ReadError('not a bzip2 file')
- method xz: ReadError('not an lzma file')
- method tar: ReadError('empty file')"",""exception (crytic_compile.platform.exceptions.InvalidCompilation: Invalid solc compilation Error: Overriding public state variable is missing \""override\"" specifier.)"",exception (json.decoder.JSONDecodeError: Expecting value: line 1 column 1 (char 0))}"
contracts_output/contracts_output/codellama_contracts/2473.sol,2473.sol,slither-0.11.3,solidity,2025/09/14,20260212_1543,1770911348.3753822,2.2077860832214355,1,{},{},{EXIT_CODE_1},"{""analysis unsuccessful, check output.json"",""error parsing results: file could not be opened successfully:
- method gz: ReadError('empty file')
- method bz2: ReadError('not a bzip2 file')
- method xz: ReadError('not an lzma file')
- method tar: ReadError('empty file')"",""exception (crytic_compile.platform.exceptions.InvalidCompilation: Invalid solc compilation Error: Expected pragma, import directive or contract/interface/library/struct/enum/constant/function/error definition.)"",exception (json.decoder.JSONDecodeError: Expecting value: line 1 column 1 (char 0))}"
contracts_output/contracts_output/codellama_contracts/2476.sol,2476.sol,slither-0.11.3,solidity,2025/09/14,20260212_1543,1770911144.444318,1.5837414264678955,255,"{dead_code,immutable_states,naming_convention,shadowing_local,solc_version}",{},{},{}
contracts_output/contracts_output/codellama_contracts/2481.sol,2481.sol,slither-0.11.3,solidity,2025/09/14,20260212_1543,1770911049.8483574,2.1299362182617188,255,"{dead_code,solc_version,timestamp}",{},{},{}
contracts_output/contracts_output/codellama_contracts/2485.sol,2485.sol,slither-0.11.3,solidity,2025/09/14,20260212_1543,1770911498.377768,1.7268707752227783,1,{},{},{EXIT_CODE_1},"{""analysis unsuccessful, check output.json"",""error parsing results: file could not be opened successfully:
- method gz: ReadError('empty file')
- method bz2: ReadError('not a bzip2 file')
- method xz: ReadError('not an lzma file')
- method tar: ReadError('empty file')"",""exception (crytic_compile.platform.exceptions.InvalidCompilation: Invalid solc compilation Error: \""send\"" and \""transfer\"" are only available for objects of type \""address payable\"", not \""address\"".)"",exception (json.decoder.JSONDecodeError: Expecting value: line 1 column 1 (char 0))}"
contracts_output/contracts_output/codellama_contracts/2491.sol,2491.sol,slither-0.11.3,solidity,2025/09/14,20260212_1543,1770911182.3748267,1.8792400360107422,255,"{dead_code,solc_version}",{},{},{}
contracts_output/contracts_output/codellama_contracts/250.sol,250.sol,slither-0.11.3,solidity,2025/09/14,20260212_1543,1770911282.2631564,1.6774179935455322,1,{},{},{EXIT_CODE_1},"{""analysis unsuccessful, check output.json"",""error parsing results: file could not be opened successfully:
- method gz: ReadError('empty file')
- method bz2: ReadError('not a bzip2 file')
- method xz: ReadError('not an lzma file')
- method tar: ReadError('empty file')"",""exception (crytic_compile.platform.exceptions.InvalidCompilation: Invalid solc compilation Warning: SPDX license identifier not provided in source file. Before publishing, consider adding a comment containing \""SPDX-License-Identifier: <SPDX-License>\"" to each source file. Use \""SPDX-License-Identifier: UNLICENSED\"" for non-open-source code. Please see https://spdx.org for more information.)"",exception (json.decoder.JSONDecodeError: Expecting value: line 1 column 1 (char 0))}"
contracts_output/contracts_output/codellama_contracts/2515.sol,2515.sol,slither-0.11.3,solidity,2025/09/14,20260212_1543,1770911306.141307,2.2077791690826416,1,{},{},{EXIT_CODE_1},"{""analysis unsuccessful, check output.json"",""error parsing results: file could not be opened successfully:
- method gz: ReadError('empty file')
- method bz2: ReadError('not a bzip2 file')
- method xz: ReadError('not an lzma file')
- method tar: ReadError('empty file')"",exception (crytic_compile.platform.exceptions.InvalidCompilation: Invalid solc compilation Error: Expected primary expression.),exception (json.decoder.JSONDecodeError: Expecting value: line 1 column 1 (char 0))}"
contracts_output/contracts_output/codellama_contracts/2521.sol,2521.sol,slither-0.11.3,solidity,2025/09/14,20260212_1543,1770911181.584417,1.7490942478179932,255,"{dead_code,naming_convention,solc_version}",{},{},{}
contracts_output/contracts_output/codellama_contracts/2524.sol,2524.sol,slither-0.11.3,solidity,2025/09/14,20260212_1543,1770911253.230349,1.4802870750427246,1,{},{},{EXIT_CODE_1},"{""analysis unsuccessful, check output.json"",""error parsing results: file could not be opened successfully:
- method gz: ReadError('empty file')
- method bz2: ReadError('not a bzip2 file')
- method xz: ReadError('not an lzma file')
- method tar: ReadError('empty file')"",""exception (crytic_compile.platform.exceptions.InvalidCompilation: Invalid solc compilation Warning: SPDX license identifier not provided in source file. Before publishing, consider adding a comment containing \""SPDX-License-Identifier: <SPDX-License>\"" to each source file. Use \""SPDX-License-Identifier: UNLICENSED\"" for non-open-source code. Please see https://spdx.org for more information.)"",exception (json.decoder.JSONDecodeError: Expecting value: line 1 column 1 (char 0))}"
contracts_output/contracts_output/codellama_contracts/2532.sol,2532.sol,slither-0.11.3,solidity,2025/09/14,20260212_1543,1770911155.8196652,2.034130334854126,255,{solc_version},{},{},{}
contracts_output/contracts_output/codellama_contracts/2533.sol,2533.sol,slither-0.11.3,solidity,2025/09/14,20260212_1543,1770911063.2033644,1.7432184219360352,1,{},{},{EXIT_CODE_1},"{""analysis unsuccessful, check output.json"",""error parsing results: file could not be opened successfully:
- method gz: ReadError('empty file')
- method bz2: ReadError('not a bzip2 file')
- method xz: ReadError('not an lzma file')
- method tar: ReadError('empty file')"",""exception (crytic_compile.platform.exceptions.InvalidCompilation: Invalid solc compilation Warning: SPDX license identifier not provided in source file. Before publishing, consider adding a comment containing \""SPDX-License-Identifier: <SPDX-License>\"" to each source file. Use \""SPDX-License-Identifier: UNLICENSED\"" for non-open-source code. Please see https://spdx.org for more information.)"",exception (json.decoder.JSONDecodeError: Expecting value: line 1 column 1 (char 0))}"
contracts_output/contracts_output/codellama_contracts/2566.sol,2566.sol,slither-0.11.3,solidity,2025/09/14,20260212_1543,1770911389.5043569,2.4902079105377197,255,"{dead_code,immutable_states,missing_zero_check,solc_version}",{},{},{}
contracts_output/contracts_output/codellama_contracts/2581.sol,2581.sol,slither-0.11.3,solidity,2025/09/14,20260212_1543,1770911040.4505122,2.393489360809326,1,{},{},{EXIT_CODE_1},"{""analysis unsuccessful, check output.json"",""error parsing results: file could not be opened successfully:
- method gz: ReadError('empty file')
- method bz2: ReadError('not a bzip2 file')
- method xz: ReadError('not an lzma file')
- method tar: ReadError('empty file')"",""exception (crytic_compile.platform.exceptions.InvalidCompilation: Invalid solc compilation Warning: SPDX license identifier not provided in source file. Before publishing, consider adding a comment containing \""SPDX-License-Identifier: <SPDX-License>\"" to each source file. Use \""SPDX-License-Identifier: UNLICENSED\"" for non-open-source code. Please see https://spdx.org for more information.)"",exception (json.decoder.JSONDecodeError: Expecting value: line 1 column 1 (char 0))}"
contracts_output/contracts_output/codellama_contracts/2600.sol,2600.sol,slither-0.11.3,solidity,2025/09/14,20260212_1543,1770911115.028701,1.651252269744873,255,"{dead_code,naming_convention,solc_version}",{},{},{}
contracts_output/contracts_output/codellama_contracts/2602.sol,2602.sol,slither-0.11.3,solidity,2025/09/14,20260212_1543,1770911346.0321922,2.434591770172119,1,{},{},{EXIT_CODE_1},"{""analysis unsuccessful, check output.json"",""error parsing results: file could not be opened successfully:
- method gz: ReadError('empty file')
- method bz2: ReadError('not a bzip2 file')
- method xz: ReadError('not an lzma file')
- method tar: ReadError('empty file')"",""exception (crytic_compile.platform.exceptions.InvalidCompilation: Invalid solc compilation Warning: SPDX license identifier not provided in source file. Before publishing, consider adding a comment containing \""SPDX-License-Identifier: <SPDX-License>\"" to each source file. Use \""SPDX-License-Identifier: UNLICENSED\"" for non-open-source code. Please see https://spdx.org for more information.)"",exception (json.decoder.JSONDecodeError: Expecting value: line 1 column 1 (char 0))}"
contracts_output/contracts_output/codellama_contracts/2614.sol,2614.sol,slither-0.11.3,solidity,2025/09/14,20260212_1543,1770911093.6853368,1.4412355422973633,1,{},{},{EXIT_CODE_1},"{""analysis unsuccessful, check output.json"",""error parsing results: file could not be opened successfully:
- method gz: ReadError('empty file')
- method bz2: ReadError('not a bzip2 file')
- method xz: ReadError('not an lzma file')
- method tar: ReadError('empty file')"",""exception (crytic_compile.platform.exceptions.InvalidCompilation: Invalid solc compilation Warning: SPDX license identifier not provided in source file. Before publishing, consider adding a comment containing \""SPDX-License-Identifier: <SPDX-License>\"" to each source file. Use \""SPDX-License-Identifier: UNLICENSED\"" for non-open-source code. Please see https://spdx.org for more information.)"",exception (json.decoder.JSONDecodeError: Expecting value: line 1 column 1 (char 0))}"
contracts_output/contracts_output/codellama_contracts/2617.sol,2617.sol,slither-0.11.3,solidity,2025/09/14,20260212_1543,1770911141.4855943,2.254518985748291,1,{},{},{EXIT_CODE_1},"{""analysis unsuccessful, check output.json"",""error parsing results: file could not be opened successfully:
- method gz: ReadError('empty file')
- method bz2: ReadError('not a bzip2 file')
- method xz: ReadError('not an lzma file')
- method tar: ReadError('empty file')"",""exception (crytic_compile.platform.exceptions.InvalidCompilation: Invalid solc compilation Warning: SPDX license identifier not provided in source file. Before publishing, consider adding a comment containing \""SPDX-License-Identifier: <SPDX-License>\"" to each source file. Use \""SPDX-License-Identifier: UNLICENSED\"" for non-open-source code. Please see https://spdx.org for more information.)"",exception (json.decoder.JSONDecodeError: Expecting value: line 1 column 1 (char 0))}"
contracts_output/contracts_output/codellama_contracts/2621.sol,2621.sol,slither-0.11.3,solidity,2025/09/14,20260212_1543,1770911309.9655633,2.3377606868743896,255,"{dead_code,solc_version}",{},{},{}
contracts_output/contracts_output/codellama_contracts/2632.sol,2632.sol,slither-0.11.3,solidity,2025/09/14,20260212_1543,1770911229.523646,2.2263476848602295,255,"{cache_array_length,dead_code,immutable_states,naming_convention,solc_version,uninitialized_state}",{},{},{}
contracts_output/contracts_output/codellama_contracts/2639.sol,2639.sol,slither-0.11.3,solidity,2025/09/14,20260212_1543,1770911446.067601,1.4583592414855957,1,{},{},{EXIT_CODE_1},"{""analysis unsuccessful, check output.json"",""error parsing results: file could not be opened successfully:
- method gz: ReadError('empty file')
- method bz2: ReadError('not a bzip2 file')
- method xz: ReadError('not an lzma file')
- method tar: ReadError('empty file')"",""exception (crytic_compile.platform.exceptions.InvalidCompilation: Invalid solc compilation Warning: SPDX license identifier not provided in source file. Before publishing, consider adding a comment containing \""SPDX-License-Identifier: <SPDX-License>\"" to each source file. Use \""SPDX-License-Identifier: UNLICENSED\"" for non-open-source code. Please see https://spdx.org for more information.)"",exception (json.decoder.JSONDecodeError: Expecting value: line 1 column 1 (char 0))}"
contracts_output/contracts_output/codellama_contracts/267.sol,267.sol,slither-0.11.3,solidity,2025/09/14,20260212_1543,1770911259.2546787,1.8169963359832764,1,{},{},{EXIT_CODE_1},"{""analysis unsuccessful, check output.json"",""error parsing results: file could not be opened successfully:
- method gz: ReadError('empty file')
- method bz2: ReadError('not a bzip2 file')
- method xz: ReadError('not an lzma file')
- method tar: ReadError('empty file')"",""exception (crytic_compile.platform.exceptions.InvalidCompilation: Invalid solc compilation Warning: SPDX license identifier not provided in source file. Before publishing, consider adding a comment containing \""SPDX-License-Identifier: <SPDX-License>\"" to each source file. Use \""SPDX-License-Identifier: UNLICENSED\"" for non-open-source code. Please see https://spdx.org for more information.)"",exception (json.decoder.JSONDecodeError: Expecting value: line 1 column 1 (char 0))}"
contracts_output/contracts_output/codellama_contracts/2680.sol,2680.sol,slither-0.11.3,solidity,2025/09/14,20260212_1543,1770911345.9906626,2.3724544048309326,1,{},{},{EXIT_CODE_1},"{""analysis unsuccessful, check output.json"",""error parsing results: file could not be opened successfully:
- method gz: ReadError('empty file')
- method bz2: ReadError('not a bzip2 file')
- method xz: ReadError('not an lzma file')
- method tar: ReadError('empty file')"",""exception (crytic_compile.platform.exceptions.InvalidCompilation: Invalid solc compilation Warning: SPDX license identifier not provided in source file. Before publishing, consider adding a comment containing \""SPDX-License-Identifier: <SPDX-License>\"" to each source file. Use \""SPDX-License-Identifier: UNLICENSED\"" for non-open-source code. Please see https://spdx.org for more information.)"",exception (json.decoder.JSONDecodeError: Expecting value: line 1 column 1 (char 0))}"
contracts_output/contracts_output/codellama_contracts/2712.sol,2712.sol,slither-0.11.3,solidity,2025/09/14,20260212_1543,1770911371.7653108,1.740234375,255,"{dead_code,immutable_states,shadowing_state,solc_version}",{},{},{}
contracts_output/contracts_output/codellama_contracts/2733.sol,2733.sol,slither-0.11.3,solidity,2025/09/14,20260212_1543,1770911375.075026,1.5617587566375732,255,"{dead_code,naming_convention,solc_version,timestamp}",{},{},{}
contracts_output/contracts_output/codellama_contracts/2749.sol,2749.sol,slither-0.11.3,solidity,2025/09/14,20260212_1543,1770911148.8141007,2.8104968070983887,1,{},{},{EXIT_CODE_1},"{""analysis unsuccessful, check output.json"",""error parsing results: file could not be opened successfully:
- method gz: ReadError('empty file')
- method bz2: ReadError('not a bzip2 file')
- method xz: ReadError('not an lzma file')
- method tar: ReadError('empty file')"",""exception (crytic_compile.platform.exceptions.InvalidCompilation: Invalid solc compilation Warning: SPDX license identifier not provided in source file. Before publishing, consider adding a comment containing \""SPDX-License-Identifier: <SPDX-License>\"" to each source file. Use \""SPDX-License-Identifier: UNLICENSED\"" for non-open-source code. Please see https://spdx.org for more information.)"",exception (json.decoder.JSONDecodeError: Expecting value: line 1 column 1 (char 0))}"
contracts_output/contracts_output/codellama_contracts/2752.sol,2752.sol,slither-0.11.3,solidity,2025/09/14,20260212_1543,1770911238.4038868,1.8252339363098145,255,"{dead_code,naming_convention,solc_version,timestamp}",{},{},{}
contracts_output/contracts_output/codellama_contracts/277.sol,277.sol,slither-0.11.3,solidity,2025/09/14,20260212_1543,1770911311.0382123,1.8170216083526611,1,{},{},{EXIT_CODE_1},"{""analysis unsuccessful, check output.json"",""error parsing results: file could not be opened successfully:
- method gz: ReadError('empty file')
- method bz2: ReadError('not a bzip2 file')
- method xz: ReadError('not an lzma file')
- method tar: ReadError('empty file')"",""exception (crytic_compile.platform.exceptions.InvalidCompilation: Invalid solc compilation Warning: SPDX license identifier not provided in source file. Before publishing, consider adding a comment containing \""SPDX-License-Identifier: <SPDX-License>\"" to each source file. Use \""SPDX-License-Identifier: UNLICENSED\"" for non-open-source code. Please see https://spdx.org for more information.)"",exception (json.decoder.JSONDecodeError: Expecting value: line 1 column 1 (char 0))}"
contracts_output/contracts_output/codellama_contracts/2777.sol,2777.sol,slither-0.11.3,solidity,2025/09/14,20260212_1543,1770911064.1171975,1.5681641101837158,1,{},{},{EXIT_CODE_1},"{""analysis unsuccessful, check output.json"",""error parsing results: file could not be opened successfully:
- method gz: ReadError('empty file')
- method bz2: ReadError('not a bzip2 file')
- method xz: ReadError('not an lzma file')
- method tar: ReadError('empty file')"",""exception (crytic_compile.platform.exceptions.InvalidCompilation: Invalid solc compilation Warning: SPDX license identifier not provided in source file. Before publishing, consider adding a comment containing \""SPDX-License-Identifier: <SPDX-License>\"" to each source file. Use \""SPDX-License-Identifier: UNLICENSED\"" for non-open-source code. Please see https://spdx.org for more information.)"",exception (json.decoder.JSONDecodeError: Expecting value: line 1 column 1 (char 0))}"
contracts_output/contracts_output/codellama_contracts/281.sol,281.sol,slither-0.11.3,solidity,2025/09/14,20260212_1543,1770911479.805569,1.9516308307647705,255,"{dead_code,naming_convention,shadowing_local,solc_version}",{},{},{}
contracts_output/contracts_output/codellama_contracts/2847.sol,2847.sol,slither-0.11.3,solidity,2025/09/14,20260212_1543,1770911451.9072425,1.5927226543426514,1,{},{},{EXIT_CODE_1},"{""analysis unsuccessful, check output.json"",""error parsing results: file could not be opened successfully:
- method gz: ReadError('empty file')
- method bz2: ReadError('not a bzip2 file')
- method xz: ReadError('not an lzma file')
- method tar: ReadError('empty file')"",""exception (crytic_compile.platform.exceptions.InvalidCompilation: Invalid solc compilation Warning: SPDX license identifier not provided in source file. Before publishing, consider adding a comment containing \""SPDX-License-Identifier: <SPDX-License>\"" to each source file. Use \""SPDX-License-Identifier: UNLICENSED\"" for non-open-source code. Please see https://spdx.org for more information.)"",exception (json.decoder.JSONDecodeError: Expecting value: line 1 column 1 (char 0))}"
contracts_output/contracts_output/codellama_contracts/2851.sol,2851.sol,slither-0.11.3,solidity,2025/09/14,20260212_1543,1770911312.8568208,1.8431732654571533,255,"{dead_code,naming_convention,solc_version}",{},{},{}
contracts_output/contracts_output/codellama_contracts/2869.sol,2869.sol,slither-0.11.3,solidity,2025/09/14,20260212_1543,1770911039.4016776,2.2175989151000977,255,"{dead_code,immutable_states,naming_convention,solc_version,too_many_digits}",{},{},{}
contracts_output/contracts_output/codellama_contracts/2892.sol,2892.sol,slither-0.11.3,solidity,2025/09/14,20260212_1543,1770911080.7006528,1.7592451572418213,255,"{boolean_equal,dead_code,solc_version}",{},{},{}
contracts_output/contracts_output/codellama_contracts/2907.sol,2907.sol,slither-0.11.3,solidity,2025/09/14,20260212_1543,1770911350.5851407,2.148073196411133,255,"{dead_code,naming_convention,solc_version}",{},{},{}
contracts_output/contracts_output/codellama_contracts/2948.sol,2948.sol,slither-0.11.3,solidity,2025/09/14,20260212_1543,1770911228.4206984,1.4926307201385498,255,"{dead_code,immutable_states,locked_ether,solc_version}",{},{},{}
contracts_output/contracts_output/codellama_contracts/2971.sol,2971.sol,slither-0.11.3,solidity,2025/09/14,20260212_1543,1770911268.319662,1.817556619644165,1,{},{},{EXIT_CODE_1},"{""analysis unsuccessful, check output.json"",""error parsing results: file could not be opened successfully:
- method gz: ReadError('empty file')
- method bz2: ReadError('not a bzip2 file')
- method xz: ReadError('not an lzma file')
- method tar: ReadError('empty file')"",""exception (crytic_compile.platform.exceptions.InvalidCompilation: Invalid solc compilation Warning: SPDX license identifier not provided in source file. Before publishing, consider adding a comment containing \""SPDX-License-Identifier: <SPDX-License>\"" to each source file. Use \""SPDX-License-Identifier: UNLICENSED\"" for non-open-source code. Please see https://spdx.org for more information.)"",exception (json.decoder.JSONDecodeError: Expecting value: line 1 column 1 (char 0))}"
contracts_output/contracts_output/codellama_contracts/2976.sol,2976.sol,slither-0.11.3,solidity,2025/09/14,20260212_1543,1770911426.6339438,2.033097743988037,1,{},{},{EXIT_CODE_1},"{""analysis unsuccessful, check output.json"",""error parsing results: file could not be opened successfully:
- method gz: ReadError('empty file')
- method bz2: ReadError('not a bzip2 file')
- method xz: ReadError('not an lzma file')
- method tar: ReadError('empty file')"",""exception (crytic_compile.platform.exceptions.InvalidCompilation: Invalid solc compilation Warning: SPDX license identifier not provided in source file. Before publishing, consider adding a comment containing \""SPDX-License-Identifier: <SPDX-License>\"" to each source file. Use \""SPDX-License-Identifier: UNLICENSED\"" for non-open-source code. Please see https://spdx.org for more information.)"",exception (json.decoder.JSONDecodeError: Expecting value: line 1 column 1 (char 0))}"
contracts_output/contracts_output/codellama_contracts/2989.sol,2989.sol,slither-0.11.3,solidity,2025/09/14,20260212_1543,1770911363.3642519,1.3643178939819336,255,"{dead_code,naming_convention,solc_version}",{},{},{}
contracts_output/contracts_output/codellama_contracts/30.sol,30.sol,slither-0.11.3,solidity,2025/09/14,20260212_1543,1770911249.1664314,2.0862460136413574,1,{},{},{EXIT_CODE_1},"{""analysis unsuccessful, check output.json"",""error parsing results: file could not be opened successfully:
- method gz: ReadError('empty file')
- method bz2: ReadError('not a bzip2 file')
- method xz: ReadError('not an lzma file')
- method tar: ReadError('empty file')"",""exception (crytic_compile.platform.exceptions.InvalidCompilation: Invalid solc compilation Warning: SPDX license identifier not provided in source file. Before publishing, consider adding a comment containing \""SPDX-License-Identifier: <SPDX-License>\"" to each source file. Use \""SPDX-License-Identifier: UNLICENSED\"" for non-open-source code. Please see https://spdx.org for more information.)"",exception (json.decoder.JSONDecodeError: Expecting value: line 1 column 1 (char 0))}"
contracts_output/contracts_output/codellama_contracts/3024.sol,3024.sol,slither-0.11.3,solidity,2025/09/14,20260212_1543,1770911235.5840962,1.8499207496643066,1,{},{},{EXIT_CODE_1},"{""analysis unsuccessful, check output.json"",""error parsing results: file could not be opened successfully:
- method gz: ReadError('empty file')
- method bz2: ReadError('not a bzip2 file')
- method xz: ReadError('not an lzma file')
- method tar: ReadError('empty file')"",""exception (crytic_compile.platform.exceptions.InvalidCompilation: Invalid solc compilation Warning: SPDX license identifier not provided in source file. Before publishing, consider adding a comment containing \""SPDX-License-Identifier: <SPDX-License>\"" to each source file. Use \""SPDX-License-Identifier: UNLICENSED\"" for non-open-source code. Please see https://spdx.org for more information.)"",exception (json.decoder.JSONDecodeError: Expecting value: line 1 column 1 (char 0))}"
contracts_output/contracts_output/codellama_contracts/3040.sol,3040.sol,slither-0.11.3,solidity,2025/09/14,20260212_1543,1770911492.805549,2.39699649810791,1,{},{},{EXIT_CODE_1},"{""analysis unsuccessful, check output.json"",""error parsing results: file could not be opened successfully:
- method gz: ReadError('empty file')
- method bz2: ReadError('not a bzip2 file')
- method xz: ReadError('not an lzma file')
- method tar: ReadError('empty file')"",""exception (crytic_compile.platform.exceptions.InvalidCompilation: Invalid solc compilation Warning: SPDX license identifier not provided in source file. Before publishing, consider adding a comment containing \""SPDX-License-Identifier: <SPDX-License>\"" to each source file. Use \""SPDX-License-Identifier: UNLICENSED\"" for non-open-source code. Please see https://spdx.org for more information.)"",exception (json.decoder.JSONDecodeError: Expecting value: line 1 column 1 (char 0))}"
contracts_output/contracts_output/codellama_contracts/306.sol,306.sol,slither-0.11.3,solidity,2025/09/14,20260212_1543,1770911416.120392,2.051013469696045,1,{},{},{EXIT_CODE_1},"{""analysis unsuccessful, check output.json"",""error parsing results: file could not be opened successfully:
- method gz: ReadError('empty file')
- method bz2: ReadError('not a bzip2 file')
- method xz: ReadError('not an lzma file')
- method tar: ReadError('empty file')"",""exception (crytic_compile.platform.exceptions.InvalidCompilation: Invalid solc compilation Warning: SPDX license identifier not provided in source file. Before publishing, consider adding a comment containing \""SPDX-License-Identifier: <SPDX-License>\"" to each source file. Use \""SPDX-License-Identifier: UNLICENSED\"" for non-open-source code. Please see https://spdx.org for more information.)"",exception (json.decoder.JSONDecodeError: Expecting value: line 1 column 1 (char 0))}"
contracts_output/contracts_output/codellama_contracts/3060.sol,3060.sol,slither-0.11.3,solidity,2025/09/14,20260212_1543,1770911061.422661,1.7789826393127441,1,{},{},{EXIT_CODE_1},"{""analysis unsuccessful, check output.json"",""error parsing results: file could not be opened successfully:
- method gz: ReadError('empty file')
- method bz2: ReadError('not a bzip2 file')
- method xz: ReadError('not an lzma file')
- method tar: ReadError('empty file')"",""exception (crytic_compile.platform.exceptions.InvalidCompilation: Invalid solc compilation Warning: SPDX license identifier not provided in source file. Before publishing, consider adding a comment containing \""SPDX-License-Identifier: <SPDX-License>\"" to each source file. Use \""SPDX-License-Identifier: UNLICENSED\"" for non-open-source code. Please see https://spdx.org for more information.)"",exception (json.decoder.JSONDecodeError: Expecting value: line 1 column 1 (char 0))}"
contracts_output/contracts_output/codellama_contracts/3064.sol,3064.sol,slither-0.11.3,solidity,2025/09/14,20260212_1543,1770911116.681365,2.164552688598633,1,{},{},{EXIT_CODE_1},"{""analysis unsuccessful, check output.json"",""error parsing results: file could not be opened successfully:
- method gz: ReadError('empty file')
- method bz2: ReadError('not a bzip2 file')
- method xz: ReadError('not an lzma file')
- method tar: ReadError('empty file')"",""exception (crytic_compile.platform.exceptions.InvalidCompilation: Invalid solc compilation Warning: SPDX license identifier not provided in source file. Before publishing, consider adding a comment containing \""SPDX-License-Identifier: <SPDX-License>\"" to each source file. Use \""SPDX-License-Identifier: UNLICENSED\"" for non-open-source code. Please see https://spdx.org for more information.)"",exception (json.decoder.JSONDecodeError: Expecting value: line 1 column 1 (char 0))}"
contracts_output/contracts_output/codellama_contracts/3096.sol,3096.sol,slither-0.11.3,solidity,2025/09/14,20260212_1543,1770911292.6717644,1.9592888355255127,1,{},{},{EXIT_CODE_1},"{""analysis unsuccessful, check output.json"",""error parsing results: file could not be opened successfully:
- method gz: ReadError('empty file')
- method bz2: ReadError('not a bzip2 file')
- method xz: ReadError('not an lzma file')
- method tar: ReadError('empty file')"",""exception (crytic_compile.platform.exceptions.InvalidCompilation: Invalid solc compilation Warning: SPDX license identifier not provided in source file. Before publishing, consider adding a comment containing \""SPDX-License-Identifier: <SPDX-License>\"" to each source file. Use \""SPDX-License-Identifier: UNLICENSED\"" for non-open-source code. Please see https://spdx.org for more information.)"",exception (json.decoder.JSONDecodeError: Expecting value: line 1 column 1 (char 0))}"
contracts_output/contracts_output/codellama_contracts/3103.sol,3103.sol,slither-0.11.3,solidity,2025/09/14,20260212_1543,1770911338.346808,2.455019474029541,255,"{dead_code,naming_convention,solc_version}",{},{},{}
contracts_output/contracts_output/codellama_contracts/312.sol,312.sol,slither-0.11.3,solidity,2025/09/14,20260212_1543,1770911233.199202,1.8359417915344238,255,"{dead_code,solc_version,timestamp,uninitialized_state}",{},{},{}
contracts_output/contracts_output/codellama_contracts/3142.sol,3142.sol,slither-0.11.3,solidity,2025/09/14,20260212_1543,1770911036.6806533,2.2488598823547363,255,"{dead_code,solc_version}",{},{},{}
contracts_output/contracts_output/codellama_contracts/3148.sol,3148.sol,slither-0.11.3,solidity,2025/09/14,20260212_1543,1770911493.3527453,2.231876850128174,255,"{cache_array_length,dead_code,immutable_states,solc_version,timestamp,uninitialized_state}",{},{},{}
contracts_output/contracts_output/codellama_contracts/316.sol,316.sol,slither-0.11.3,solidity,2025/09/14,20260212_1543,1770911304.6531403,2.4245104789733887,1,{},{},{EXIT_CODE_1},"{""analysis unsuccessful, check output.json"",""error parsing results: file could not be opened successfully:
- method gz: ReadError('empty file')
- method bz2: ReadError('not a bzip2 file')
- method xz: ReadError('not an lzma file')
- method tar: ReadError('empty file')"",""exception (crytic_compile.platform.exceptions.InvalidCompilation: Invalid solc compilation Warning: SPDX license identifier not provided in source file. Before publishing, consider adding a comment containing \""SPDX-License-Identifier: <SPDX-License>\"" to each source file. Use \""SPDX-License-Identifier: UNLICENSED\"" for non-open-source code. Please see https://spdx.org for more information.)"",exception (json.decoder.JSONDecodeError: Expecting value: line 1 column 1 (char 0))}"
contracts_output/contracts_output/codellama_contracts/3161.sol,3161.sol,slither-0.11.3,solidity,2025/09/14,20260212_1543,1770911026.2206242,1.6730763912200928,1,{},{},{EXIT_CODE_1},"{""analysis unsuccessful, check output.json"",""error parsing results: file could not be opened successfully:
- method gz: ReadError('empty file')
- method bz2: ReadError('not a bzip2 file')
- method xz: ReadError('not an lzma file')
- method tar: ReadError('empty file')"",""exception (crytic_compile.platform.exceptions.InvalidCompilation: Invalid solc compilation Warning: SPDX license identifier not provided in source file. Before publishing, consider adding a comment containing \""SPDX-License-Identifier: <SPDX-License>\"" to each source file. Use \""SPDX-License-Identifier: UNLICENSED\"" for non-open-source code. Please see https://spdx.org for more information.)"",exception (json.decoder.JSONDecodeError: Expecting value: line 1 column 1 (char 0))}"
contracts_output/contracts_output/codellama_contracts/3163.sol,3163.sol,slither-0.11.3,solidity,2025/09/14,20260212_1543,1770911314.9469738,2.0326459407806396,1,{},{},{EXIT_CODE_1},"{""analysis unsuccessful, check output.json"",""error parsing results: file could not be opened successfully:
- method gz: ReadError('empty file')
- method bz2: ReadError('not a bzip2 file')
- method xz: ReadError('not an lzma file')
- method tar: ReadError('empty file')"",""exception (crytic_compile.platform.exceptions.InvalidCompilation: Invalid solc compilation Warning: SPDX license identifier not provided in source file. Before publishing, consider adding a comment containing \""SPDX-License-Identifier: <SPDX-License>\"" to each source file. Use \""SPDX-License-Identifier: UNLICENSED\"" for non-open-source code. Please see https://spdx.org for more information.)"",exception (json.decoder.JSONDecodeError: Expecting value: line 1 column 1 (char 0))}"
contracts_output/contracts_output/codellama_contracts/3170.sol,3170.sol,slither-0.11.3,solidity,2025/09/14,20260212_1543,1770911101.3446758,1.6090898513793945,1,{},{},{EXIT_CODE_1},"{""analysis unsuccessful, check output.json"",""error parsing results: file could not be opened successfully:
- method gz: ReadError('empty file')
- method bz2: ReadError('not a bzip2 file')
- method xz: ReadError('not an lzma file')
- method tar: ReadError('empty file')"",""exception (crytic_compile.platform.exceptions.InvalidCompilation: Invalid solc compilation Warning: SPDX license identifier not provided in source file. Before publishing, consider adding a comment containing \""SPDX-License-Identifier: <SPDX-License>\"" to each source file. Use \""SPDX-License-Identifier: UNLICENSED\"" for non-open-source code. Please see https://spdx.org for more information.)"",exception (json.decoder.JSONDecodeError: Expecting value: line 1 column 1 (char 0))}"
contracts_output/contracts_output/codellama_contracts/3181.sol,3181.sol,slither-0.11.3,solidity,2025/09/14,20260212_1543,1770911452.3837836,1.3003814220428467,255,{solc_version},{},{},{}
contracts_output/contracts_output/codellama_contracts/3185.sol,3185.sol,slither-0.11.3,solidity,2025/09/14,20260212_1543,1770911214.0125709,2.0724494457244873,255,"{assembly,dead_code,naming_convention,solc_version}",{},{},{}
contracts_output/contracts_output/codellama_contracts/3195.sol,3195.sol,slither-0.11.3,solidity,2025/09/14,20260212_1543,1770911088.3281498,1.8151843547821045,1,{},{},{EXIT_CODE_1},"{""analysis unsuccessful, check output.json"",""error parsing results: file could not be opened successfully:
- method gz: ReadError('empty file')
- method bz2: ReadError('not a bzip2 file')
- method xz: ReadError('not an lzma file')
- method tar: ReadError('empty file')"",""exception (crytic_compile.platform.exceptions.InvalidCompilation: Invalid solc compilation Error: Expected ',' but got ':')"",exception (json.decoder.JSONDecodeError: Expecting value: line 1 column 1 (char 0))}"
contracts_output/contracts_output/codellama_contracts/32.sol,32.sol,slither-0.11.3,solidity,2025/09/14,20260212_1543,1770911459.8781383,1.775238275527954,255,"{constable_states,dead_code,naming_convention,solc_version}",{},{},{}
contracts_output/contracts_output/codellama_contracts/3202.sol,3202.sol,slither-0.11.3,solidity,2025/09/14,20260212_1543,1770911041.6214623,2.62005615234375,255,"{dead_code,immutable_states,solc_version}",{},{},{}
contracts_output/contracts_output/codellama_contracts/3204.sol,3204.sol,slither-0.11.3,solidity,2025/09/14,20260212_1543,1770911135.6698017,2.04940128326416,255,"{dead_code,immutable_states,solc_version}",{},{},{}
contracts_output/contracts_output/codellama_contracts/321.sol,321.sol,slither-0.11.3,solidity,2025/09/14,20260212_1543,1770911338.302972,2.2362477779388428,1,{},{},{EXIT_CODE_1},"{""analysis unsuccessful, check output.json"",""error parsing results: file could not be opened successfully:
- method gz: ReadError('empty file')
- method bz2: ReadError('not a bzip2 file')
- method xz: ReadError('not an lzma file')
- method tar: ReadError('empty file')"",""exception (crytic_compile.platform.exceptions.InvalidCompilation: Invalid solc compilation Warning: SPDX license identifier not provided in source file. Before publishing, consider adding a comment containing \""SPDX-License-Identifier: <SPDX-License>\"" to each source file. Use \""SPDX-License-Identifier: UNLICENSED\"" for non-open-source code. Please see https://spdx.org for more information.)"",exception (json.decoder.JSONDecodeError: Expecting value: line 1 column 1 (char 0))}"
contracts_output/contracts_output/codellama_contracts/3235.sol,3235.sol,slither-0.11.3,solidity,2025/09/14,20260212_1543,1770911246.1355133,1.670515775680542,1,{},{},{EXIT_CODE_1},"{""analysis unsuccessful, check output.json"",""error parsing results: file could not be opened successfully:
- method gz: ReadError('empty file')
- method bz2: ReadError('not a bzip2 file')
- method xz: ReadError('not an lzma file')
- method tar: ReadError('empty file')"",""exception (crytic_compile.platform.exceptions.InvalidCompilation: Invalid solc compilation Warning: SPDX license identifier not provided in source file. Before publishing, consider adding a comment containing \""SPDX-License-Identifier: <SPDX-License>\"" to each source file. Use \""SPDX-License-Identifier: UNLICENSED\"" for non-open-source code. Please see https://spdx.org for more information.)"",exception (json.decoder.JSONDecodeError: Expecting value: line 1 column 1 (char 0))}"
contracts_output/contracts_output/codellama_contracts/3265.sol,3265.sol,slither-0.11.3,solidity,2025/09/14,20260212_1543,1770911356.2175863,2.01999568939209,255,"{dead_code,solc_version}",{},{},{}
contracts_output/contracts_output/codellama_contracts/3277.sol,3277.sol,slither-0.11.3,solidity,2025/09/14,20260212_1543,1770911197.7966702,1.6929216384887695,255,"{dead_code,divide_before_multiply,immutable_states,naming_convention,shadowing_local,solc_version}",{},{},{}
contracts_output/contracts_output/codellama_contracts/3285.sol,3285.sol,slither-0.11.3,solidity,2025/09/14,20260212_1543,1770911346.6223037,2.3484439849853516,1,{},{},{EXIT_CODE_1},"{""analysis unsuccessful, check output.json"",""error parsing results: file could not be opened successfully:
- method gz: ReadError('empty file')
- method bz2: ReadError('not a bzip2 file')
- method xz: ReadError('not an lzma file')
- method tar: ReadError('empty file')"",""exception (crytic_compile.platform.exceptions.InvalidCompilation: Invalid solc compilation Warning: SPDX license identifier not provided in source file. Before publishing, consider adding a comment containing \""SPDX-License-Identifier: <SPDX-License>\"" to each source file. Use \""SPDX-License-Identifier: UNLICENSED\"" for non-open-source code. Please see https://spdx.org for more information.)"",exception (json.decoder.JSONDecodeError: Expecting value: line 1 column 1 (char 0))}"
contracts_output/contracts_output/codellama_contracts/3288.sol,3288.sol,slither-0.11.3,solidity,2025/09/14,20260212_1543,1770911469.1501818,1.6457421779632568,1,{},{},{EXIT_CODE_1},"{""analysis unsuccessful, check output.json"",""error parsing results: file could not be opened successfully:
- method gz: ReadError('empty file')
- method bz2: ReadError('not a bzip2 file')
- method xz: ReadError('not an lzma file')
- method tar: ReadError('empty file')"",""exception (crytic_compile.platform.exceptions.InvalidCompilation: Invalid solc compilation Warning: SPDX license identifier not provided in source file. Before publishing, consider adding a comment containing \""SPDX-License-Identifier: <SPDX-License>\"" to each source file. Use \""SPDX-License-Identifier: UNLICENSED\"" for non-open-source code. Please see https://spdx.org for more information.)"",exception (json.decoder.JSONDecodeError: Expecting value: line 1 column 1 (char 0))}"
contracts_output/contracts_output/codellama_contracts/3297.sol,3297.sol,slither-0.11.3,solidity,2025/09/14,20260212_1543,1770911357.4640892,2.084843635559082,255,"{dead_code,naming_convention,solc_version}",{},{},{}
contracts_output/contracts_output/codellama_contracts/3314.sol,3314.sol,slither-0.11.3,solidity,2025/09/14,20260212_1543,1770911045.7995152,2.3100554943084717,1,{},{},{EXIT_CODE_1},"{""analysis unsuccessful, check output.json"",""error parsing results: file could not be opened successfully:
- method gz: ReadError('empty file')
- method bz2: ReadError('not a bzip2 file')
- method xz: ReadError('not an lzma file')
- method tar: ReadError('empty file')"",""exception (crytic_compile.platform.exceptions.InvalidCompilation: Invalid solc compilation Warning: SPDX license identifier not provided in source file. Before publishing, consider adding a comment containing \""SPDX-License-Identifier: <SPDX-License>\"" to each source file. Use \""SPDX-License-Identifier: UNLICENSED\"" for non-open-source code. Please see https://spdx.org for more information.)"",exception (json.decoder.JSONDecodeError: Expecting value: line 1 column 1 (char 0))}"
contracts_output/contracts_output/codellama_contracts/3318.sol,3318.sol,slither-0.11.3,solidity,2025/09/14,20260212_1543,1770911334.3153102,2.8305225372314453,1,{},{},{EXIT_CODE_1},"{""analysis unsuccessful, check output.json"",""error parsing results: file could not be opened successfully:
- method gz: ReadError('empty file')
- method bz2: ReadError('not a bzip2 file')
- method xz: ReadError('not an lzma file')
- method tar: ReadError('empty file')"",""exception (crytic_compile.platform.exceptions.InvalidCompilation: Invalid solc compilation Warning: SPDX license identifier not provided in source file. Before publishing, consider adding a comment containing \""SPDX-License-Identifier: <SPDX-License>\"" to each source file. Use \""SPDX-License-Identifier: UNLICENSED\"" for non-open-source code. Please see https://spdx.org for more information.)"",exception (json.decoder.JSONDecodeError: Expecting value: line 1 column 1 (char 0))}"
contracts_output/contracts_output/codellama_contracts/3322.sol,3322.sol,slither-0.11.3,solidity,2025/09/14,20260212_1543,1770911257.1540072,2.1398444175720215,1,{},{},{EXIT_CODE_1},"{""analysis unsuccessful, check output.json"",""error parsing results: file could not be opened successfully:
- method gz: ReadError('empty file')
- method bz2: ReadError('not a bzip2 file')
- method xz: ReadError('not an lzma file')
- method tar: ReadError('empty file')"",""exception (crytic_compile.platform.exceptions.InvalidCompilation: Invalid solc compilation Warning: SPDX license identifier not provided in source file. Before publishing, consider adding a comment containing \""SPDX-License-Identifier: <SPDX-License>\"" to each source file. Use \""SPDX-License-Identifier: UNLICENSED\"" for non-open-source code. Please see https://spdx.org for more information.)"",exception (json.decoder.JSONDecodeError: Expecting value: line 1 column 1 (char 0))}"
contracts_output/contracts_output/codellama_contracts/3332.sol,3332.sol,slither-0.11.3,solidity,2025/09/14,20260212_1543,1770911266.6752799,1.5433473587036133,1,{},{},{EXIT_CODE_1},"{""analysis unsuccessful, check output.json"",""error parsing results: file could not be opened successfully:
- method gz: ReadError('empty file')
- method bz2: ReadError('not a bzip2 file')
- method xz: ReadError('not an lzma file')
- method tar: ReadError('empty file')"",""exception (crytic_compile.platform.exceptions.InvalidCompilation: Invalid solc compilation Warning: SPDX license identifier not provided in source file. Before publishing, consider adding a comment containing \""SPDX-License-Identifier: <SPDX-License>\"" to each source file. Use \""SPDX-License-Identifier: UNLICENSED\"" for non-open-source code. Please see https://spdx.org for more information.)"",exception (json.decoder.JSONDecodeError: Expecting value: line 1 column 1 (char 0))}"
contracts_output/contracts_output/codellama_contracts/3338.sol,3338.sol,slither-0.11.3,solidity,2025/09/14,20260212_1543,1770911092.2432978,1.4391400814056396,255,"{dead_code,solc_version}",{},{},{}
contracts_output/contracts_output/codellama_contracts/3343.sol,3343.sol,slither-0.11.3,solidity,2025/09/14,20260212_1543,1770911110.0677786,1.7046613693237305,1,{},{},{EXIT_CODE_1},"{""analysis unsuccessful, check output.json"",""error parsing results: file could not be opened successfully:
- method gz: ReadError('empty file')
- method bz2: ReadError('not a bzip2 file')
- method xz: ReadError('not an lzma file')
- method tar: ReadError('empty file')"",""exception (crytic_compile.platform.exceptions.InvalidCompilation: Invalid solc compilation Warning: SPDX license identifier not provided in source file. Before publishing, consider adding a comment containing \""SPDX-License-Identifier: <SPDX-License>\"" to each source file. Use \""SPDX-License-Identifier: UNLICENSED\"" for non-open-source code. Please see https://spdx.org for more information.)"",exception (json.decoder.JSONDecodeError: Expecting value: line 1 column 1 (char 0))}"
contracts_output/contracts_output/codellama_contracts/3368.sol,3368.sol,slither-0.11.3,solidity,2025/09/14,20260212_1543,1770911439.353343,2.0997626781463623,255,"{dead_code,immutable_states,naming_convention,solc_version,too_many_digits}",{},{},{}
contracts_output/contracts_output/codellama_contracts/3377.sol,3377.sol,slither-0.11.3,solidity,2025/09/14,20260212_1543,1770911213.198878,1.6922657489776611,1,{},{},{EXIT_CODE_1},"{""analysis unsuccessful, check output.json"",""error parsing results: file could not be opened successfully:
- method gz: ReadError('empty file')
- method bz2: ReadError('not a bzip2 file')
- method xz: ReadError('not an lzma file')
- method tar: ReadError('empty file')"",""exception (crytic_compile.platform.exceptions.InvalidCompilation: Invalid solc compilation Warning: SPDX license identifier not provided in source file. Before publishing, consider adding a comment containing \""SPDX-License-Identifier: <SPDX-License>\"" to each source file. Use \""SPDX-License-Identifier: UNLICENSED\"" for non-open-source code. Please see https://spdx.org for more information.)"",exception (json.decoder.JSONDecodeError: Expecting value: line 1 column 1 (char 0))}"
contracts_output/contracts_output/codellama_contracts/3380.sol,3380.sol,slither-0.11.3,solidity,2025/09/14,20260212_1543,1770911121.635234,1.8445093631744385,1,{},{},{EXIT_CODE_1},"{""analysis unsuccessful, check output.json"",""error parsing results: file could not be opened successfully:
- method gz: ReadError('empty file')
- method bz2: ReadError('not a bzip2 file')
- method xz: ReadError('not an lzma file')
- method tar: ReadError('empty file')"",""exception (crytic_compile.platform.exceptions.InvalidCompilation: Invalid solc compilation Warning: SPDX license identifier not provided in source file. Before publishing, consider adding a comment containing \""SPDX-License-Identifier: <SPDX-License>\"" to each source file. Use \""SPDX-License-Identifier: UNLICENSED\"" for non-open-source code. Please see https://spdx.org for more information.)"",exception (json.decoder.JSONDecodeError: Expecting value: line 1 column 1 (char 0))}"
contracts_output/contracts_output/codellama_contracts/339.sol,339.sol,slither-0.11.3,solidity,2025/09/14,20260212_1543,1770911223.5577936,2.8464713096618652,255,"{dead_code,solc_version}",{},{},{}
contracts_output/contracts_output/codellama_contracts/3416.sol,3416.sol,slither-0.11.3,solidity,2025/09/14,20260212_1543,1770911138.987387,1.825953483581543,255,"{dead_code,solc_version}",{},{},{}
contracts_output/contracts_output/codellama_contracts/3424.sol,3424.sol,slither-0.11.3,solidity,2025/09/14,20260212_1543,1770911065.32184,1.869401216506958,255,"{dead_code,naming_convention,solc_version}",{},{},{}
contracts_output/contracts_output/codellama_contracts/3433.sol,3433.sol,slither-0.11.3,solidity,2025/09/14,20260212_1543,1770911344.2324595,2.3878815174102783,255,"{dead_code,naming_convention,solc_version}",{},{},{}
contracts_output/contracts_output/codellama_contracts/3447.sol,3447.sol,slither-0.11.3,solidity,2025/09/14,20260212_1543,1770911453.9159114,1.5493626594543457,1,{},{},{EXIT_CODE_1},"{""analysis unsuccessful, check output.json"",""error parsing results: file could not be opened successfully:
- method gz: ReadError('empty file')
- method bz2: ReadError('not a bzip2 file')
- method xz: ReadError('not an lzma file')
- method tar: ReadError('empty file')"",""exception (crytic_compile.platform.exceptions.InvalidCompilation: Invalid solc compilation Warning: SPDX license identifier not provided in source file. Before publishing, consider adding a comment containing \""SPDX-License-Identifier: <SPDX-License>\"" to each source file. Use \""SPDX-License-Identifier: UNLICENSED\"" for non-open-source code. Please see https://spdx.org for more information.)"",exception (json.decoder.JSONDecodeError: Expecting value: line 1 column 1 (char 0))}"
contracts_output/contracts_output/codellama_contracts/3452.sol,3452.sol,slither-0.11.3,solidity,2025/09/14,20260212_1543,1770911129.1377184,1.6882567405700684,1,{},{},{EXIT_CODE_1},"{""analysis unsuccessful, check output.json"",""error parsing results: file could not be opened successfully:
- method gz: ReadError('empty file')
- method bz2: ReadError('not a bzip2 file')
- method xz: ReadError('not an lzma file')
- method tar: ReadError('empty file')"",""exception (crytic_compile.platform.exceptions.InvalidCompilation: Invalid solc compilation Warning: SPDX license identifier not provided in source file. Before publishing, consider adding a comment containing \""SPDX-License-Identifier: <SPDX-License>\"" to each source file. Use \""SPDX-License-Identifier: UNLICENSED\"" for non-open-source code. Please see https://spdx.org for more information.)"",exception (json.decoder.JSONDecodeError: Expecting value: line 1 column 1 (char 0))}"
contracts_output/contracts_output/codellama_contracts/3458.sol,3458.sol,slither-0.11.3,solidity,2025/09/14,20260212_1543,1770911247.165366,1.622870683670044,1,{},{},{EXIT_CODE_1},"{""analysis unsuccessful, check output.json"",""error parsing results: file could not be opened successfully:
- method gz: ReadError('empty file')
- method bz2: ReadError('not a bzip2 file')
- method xz: ReadError('not an lzma file')
- method tar: ReadError('empty file')"",""exception (crytic_compile.platform.exceptions.InvalidCompilation: Invalid solc compilation Warning: This function is named \""fallback\"" but is not the fallback function of the contract. If you intend this to be a fallback function, use \""fallback(...) { ... }\"" without the \""function\"" keyword to define it.)"",exception (json.decoder.JSONDecodeError: Expecting value: line 1 column 1 (char 0))}"
contracts_output/contracts_output/codellama_contracts/3464.sol,3464.sol,slither-0.11.3,solidity,2025/09/14,20260212_1543,1770911376.537806,1.792494535446167,255,"{dead_code,naming_convention,solc_version}",{},{},{}
contracts_output/contracts_output/codellama_contracts/3476.sol,3476.sol,slither-0.11.3,solidity,2025/09/14,20260212_1543,1770911038.5162437,2.190419912338257,1,{},{},{EXIT_CODE_1},"{""analysis unsuccessful, check output.json"",""error parsing results: file could not be opened successfully:
- method gz: ReadError('empty file')
- method bz2: ReadError('not a bzip2 file')
- method xz: ReadError('not an lzma file')
- method tar: ReadError('empty file')"",""exception (crytic_compile.platform.exceptions.InvalidCompilation: Invalid solc compilation Warning: SPDX license identifier not provided in source file. Before publishing, consider adding a comment containing \""SPDX-License-Identifier: <SPDX-License>\"" to each source file. Use \""SPDX-License-Identifier: UNLICENSED\"" for non-open-source code. Please see https://spdx.org for more information.)"",exception (json.decoder.JSONDecodeError: Expecting value: line 1 column 1 (char 0))}"
contracts_output/contracts_output/codellama_contracts/3477.sol,3477.sol,slither-0.11.3,solidity,2025/09/14,20260212_1543,1770911040.7085695,2.987741708755493,255,"{dead_code,solc_version}",{},{},{}
contracts_output/contracts_output/codellama_contracts/3500.sol,3500.sol,slither-0.11.3,solidity,2025/09/14,20260212_1543,1770911026.2077022,3.1426141262054443,255,"{dead_code,solc_version}",{},{},{}
contracts_output/contracts_output/codellama_contracts/3520.sol,3520.sol,slither-0.11.3,solidity,2025/09/14,20260212_1543,1770911252.3664827,1.8055675029754639,1,{},{},{EXIT_CODE_1},"{""analysis unsuccessful, check output.json"",""error parsing results: file could not be opened successfully:
- method gz: ReadError('empty file')
- method bz2: ReadError('not a bzip2 file')
- method xz: ReadError('not an lzma file')
- method tar: ReadError('empty file')"",""exception (crytic_compile.platform.exceptions.InvalidCompilation: Invalid solc compilation Warning: SPDX license identifier not provided in source file. Before publishing, consider adding a comment containing \""SPDX-License-Identifier: <SPDX-License>\"" to each source file. Use \""SPDX-License-Identifier: UNLICENSED\"" for non-open-source code. Please see https://spdx.org for more information.)"",exception (json.decoder.JSONDecodeError: Expecting value: line 1 column 1 (char 0))}"
contracts_output/contracts_output/codellama_contracts/3570.sol,3570.sol,slither-0.11.3,solidity,2025/09/14,20260212_1543,1770911341.3462617,2.1244547367095947,1,{},{},{EXIT_CODE_1},"{""analysis unsuccessful, check output.json"",""error parsing results: file could not be opened successfully:
- method gz: ReadError('empty file')
- method bz2: ReadError('not a bzip2 file')
- method xz: ReadError('not an lzma file')
- method tar: ReadError('empty file')"",""exception (crytic_compile.platform.exceptions.InvalidCompilation: Invalid solc compilation Warning: SPDX license identifier not provided in source file. Before publishing, consider adding a comment containing \""SPDX-License-Identifier: <SPDX-License>\"" to each source file. Use \""SPDX-License-Identifier: UNLICENSED\"" for non-open-source code. Please see https://spdx.org for more information.)"",exception (json.decoder.JSONDecodeError: Expecting value: line 1 column 1 (char 0))}"
contracts_output/contracts_output/codellama_contracts/3576.sol,3576.sol,slither-0.11.3,solidity,2025/09/14,20260212_1543,1770911044.2357275,2.403313398361206,255,"{dead_code,immutable_states,solc_version,too_many_digits}",{},{},{}
contracts_output/contracts_output/codellama_contracts/3580.sol,3580.sol,slither-0.11.3,solidity,2025/09/14,20260212_1543,1770911387.344249,1.69818115234375,1,{},{},{EXIT_CODE_1},"{""analysis unsuccessful, check output.json"",""error parsing results: file could not be opened successfully:
- method gz: ReadError('empty file')
- method bz2: ReadError('not a bzip2 file')
- method xz: ReadError('not an lzma file')
- method tar: ReadError('empty file')"",""exception (crytic_compile.platform.exceptions.InvalidCompilation: Invalid solc compilation Warning: SPDX license identifier not provided in source file. Before publishing, consider adding a comment containing \""SPDX-License-Identifier: <SPDX-License>\"" to each source file. Use \""SPDX-License-Identifier: UNLICENSED\"" for non-open-source code. Please see https://spdx.org for more information.)"",exception (json.decoder.JSONDecodeError: Expecting value: line 1 column 1 (char 0))}"
contracts_output/contracts_output/codellama_contracts/36.sol,36.sol,slither-0.11.3,solidity,2025/09/14,20260212_1543,1770911297.5766406,1.7053401470184326,1,{},{},{EXIT_CODE_1},"{""analysis unsuccessful, check output.json"",""error parsing results: file could not be opened successfully:
- method gz: ReadError('empty file')
- method bz2: ReadError('not a bzip2 file')
- method xz: ReadError('not an lzma file')
- method tar: ReadError('empty file')"",""exception (crytic_compile.platform.exceptions.InvalidCompilation: Invalid solc compilation Warning: SPDX license identifier not provided in source file. Before publishing, consider adding a comment containing \""SPDX-License-Identifier: <SPDX-License>\"" to each source file. Use \""SPDX-License-Identifier: UNLICENSED\"" for non-open-source code. Please see https://spdx.org for more information.)"",exception (json.decoder.JSONDecodeError: Expecting value: line 1 column 1 (char 0))}"
contracts_output/contracts_output/codellama_contracts/3604.sol,3604.sol,slither-0.11.3,solidity,2025/09/14,20260212_1543,1770911077.5037389,2.0282349586486816,255,"{dead_code,solc_version}",{},{},{}
contracts_output/contracts_output/codellama_contracts/3619.sol,3619.sol,slither-0.11.3,solidity,2025/09/14,20260212_1543,1770911452.0957985,1.84751558303833,1,{},{},{EXIT_CODE_1},"{""analysis unsuccessful, check output.json"",""error parsing results: file could not be opened successfully:
- method gz: ReadError('empty file')
- method bz2: ReadError('not a bzip2 file')
- method xz: ReadError('not an lzma file')
- method tar: ReadError('empty file')"",""exception (crytic_compile.platform.exceptions.InvalidCompilation: Invalid solc compilation Warning: SPDX license identifier not provided in source file. Before publishing, consider adding a comment containing \""SPDX-License-Identifier: <SPDX-License>\"" to each source file. Use \""SPDX-License-Identifier: UNLICENSED\"" for non-open-source code. Please see https://spdx.org for more information.)"",exception (json.decoder.JSONDecodeError: Expecting value: line 1 column 1 (char 0))}"
contracts_output/contracts_output/codellama_contracts/3633.sol,3633.sol,slither-0.11.3,solidity,2025/09/14,20260212_1543,1770911488.6079047,1.7588698863983154,1,{},{},{EXIT_CODE_1},"{""analysis unsuccessful, check output.json"",""error parsing results: file could not be opened successfully:
- method gz: ReadError('empty file')
- method bz2: ReadError('not a bzip2 file')
- method xz: ReadError('not an lzma file')
- method tar: ReadError('empty file')"",""exception (crytic_compile.platform.exceptions.InvalidCompilation: Invalid solc compilation Warning: SPDX license identifier not provided in source file. Before publishing, consider adding a comment containing \""SPDX-License-Identifier: <SPDX-License>\"" to each source file. Use \""SPDX-License-Identifier: UNLICENSED\"" for non-open-source code. Please see https://spdx.org for more information.)"",exception (json.decoder.JSONDecodeError: Expecting value: line 1 column 1 (char 0))}"
contracts_output/contracts_output/codellama_contracts/3644.sol,3644.sol,slither-0.11.3,solidity,2025/09/14,20260212_1543,1770911217.8554325,1.8547637462615967,255,"{dead_code,naming_convention,solc_version}",{},{},{}
contracts_output/contracts_output/codellama_contracts/3650.sol,3650.sol,slither-0.11.3,solidity,2025/09/14,20260212_1543,1770911492.0101116,2.8272409439086914,255,"{dead_code,naming_convention,solc_version,timestamp}",{},{},{}
contracts_output/contracts_output/codellama_contracts/3662.sol,3662.sol,slither-0.11.3,solidity,2025/09/14,20260212_1543,1770911248.2730997,1.677811861038208,255,"{naming_convention,solc_version}",{},{},{}
contracts_output/contracts_output/codellama_contracts/3698.sol,3698.sol,slither-0.11.3,solidity,2025/09/14,20260212_1543,1770911479.2892191,1.9715821743011475,1,{},{},{EXIT_CODE_1},"{""analysis unsuccessful, check output.json"",""error parsing results: file could not be opened successfully:
- method gz: ReadError('empty file')
- method bz2: ReadError('not a bzip2 file')
- method xz: ReadError('not an lzma file')
- method tar: ReadError('empty file')"",""exception (crytic_compile.platform.exceptions.InvalidCompilation: Invalid solc compilation Warning: SPDX license identifier not provided in source file. Before publishing, consider adding a comment containing \""SPDX-License-Identifier: <SPDX-License>\"" to each source file. Use \""SPDX-License-Identifier: UNLICENSED\"" for non-open-source code. Please see https://spdx.org for more information.)"",exception (json.decoder.JSONDecodeError: Expecting value: line 1 column 1 (char 0))}"
contracts_output/contracts_output/codellama_contracts/3704.sol,3704.sol,slither-0.11.3,solidity,2025/09/14,20260212_1543,1770911185.1864033,2.6987597942352295,255,"{dead_code,locked_ether,solc_version}",{},{},{}
contracts_output/contracts_output/codellama_contracts/3719.sol,3719.sol,slither-0.11.3,solidity,2025/09/14,20260212_1543,1770911285.1369157,2.5769424438476562,255,"{dead_code,missing_zero_check,solc_version}",{},{},{}
contracts_output/contracts_output/codellama_contracts/3727.sol,3727.sol,slither-0.11.3,solidity,2025/09/14,20260212_1543,1770911058.7120018,1.759054183959961,1,{},{},{EXIT_CODE_1},"{""analysis unsuccessful, check output.json"",""error parsing results: file could not be opened successfully:
- method gz: ReadError('empty file')
- method bz2: ReadError('not a bzip2 file')
- method xz: ReadError('not an lzma file')
- method tar: ReadError('empty file')"",""exception (crytic_compile.platform.exceptions.InvalidCompilation: Invalid solc compilation Warning: SPDX license identifier not provided in source file. Before publishing, consider adding a comment containing \""SPDX-License-Identifier: <SPDX-License>\"" to each source file. Use \""SPDX-License-Identifier: UNLICENSED\"" for non-open-source code. Please see https://spdx.org for more information.)"",exception (json.decoder.JSONDecodeError: Expecting value: line 1 column 1 (char 0))}"
contracts_output/contracts_output/codellama_contracts/3728.sol,3728.sol,slither-0.11.3,solidity,2025/09/14,20260212_1543,1770911195.582581,2.34078049659729,255,"{dead_code,immutable_states,naming_convention,solc_version,too_many_digits}",{},{},{}
contracts_output/contracts_output/codellama_contracts/3748.sol,3748.sol,slither-0.11.3,solidity,2025/09/14,20260212_1543,1770911257.3206446,2.087644338607788,1,{},{},{EXIT_CODE_1},"{""analysis unsuccessful, check output.json"",""error parsing results: file could not be opened successfully:
- method gz: ReadError('empty file')
- method bz2: ReadError('not a bzip2 file')
- method xz: ReadError('not an lzma file')
- method tar: ReadError('empty file')"",""exception (crytic_compile.platform.exceptions.InvalidCompilation: Invalid solc compilation Warning: SPDX license identifier not provided in source file. Before publishing, consider adding a comment containing \""SPDX-License-Identifier: <SPDX-License>\"" to each source file. Use \""SPDX-License-Identifier: UNLICENSED\"" for non-open-source code. Please see https://spdx.org for more information.)"",exception (json.decoder.JSONDecodeError: Expecting value: line 1 column 1 (char 0))}"
contracts_output/contracts_output/codellama_contracts/3756.sol,3756.sol,slither-0.11.3,solidity,2025/09/14,20260212_1543,1770911488.6618624,1.728187084197998,1,{},{},{EXIT_CODE_1},"{""analysis unsuccessful, check output.json"",""error parsing results: file could not be opened successfully:
- method gz: ReadError('empty file')
- method bz2: ReadError('not a bzip2 file')
- method xz: ReadError('not an lzma file')
- method tar: ReadError('empty file')"",""exception (crytic_compile.platform.exceptions.InvalidCompilation: Invalid solc compilation Warning: SPDX license identifier not provided in source file. Before publishing, consider adding a comment containing \""SPDX-License-Identifier: <SPDX-License>\"" to each source file. Use \""SPDX-License-Identifier: UNLICENSED\"" for non-open-source code. Please see https://spdx.org for more information.)"",exception (json.decoder.JSONDecodeError: Expecting value: line 1 column 1 (char 0))}"
contracts_output/contracts_output/codellama_contracts/3776.sol,3776.sol,slither-0.11.3,solidity,2025/09/14,20260212_1543,1770911028.1322248,1.7480778694152832,1,{},{},{EXIT_CODE_1},"{""analysis unsuccessful, check output.json"",""error parsing results: file could not be opened successfully:
- method gz: ReadError('empty file')
- method bz2: ReadError('not a bzip2 file')
- method xz: ReadError('not an lzma file')
- method tar: ReadError('empty file')"",""exception (crytic_compile.platform.exceptions.InvalidCompilation: Invalid solc compilation Warning: SPDX license identifier not provided in source file. Before publishing, consider adding a comment containing \""SPDX-License-Identifier: <SPDX-License>\"" to each source file. Use \""SPDX-License-Identifier: UNLICENSED\"" for non-open-source code. Please see https://spdx.org for more information.)"",exception (json.decoder.JSONDecodeError: Expecting value: line 1 column 1 (char 0))}"
contracts_output/contracts_output/codellama_contracts/3785.sol,3785.sol,slither-0.11.3,solidity,2025/09/14,20260212_1543,1770911201.4429407,1.8642182350158691,1,{},{},{EXIT_CODE_1},"{""analysis unsuccessful, check output.json"",""error parsing results: file could not be opened successfully:
- method gz: ReadError('empty file')
- method bz2: ReadError('not a bzip2 file')
- method xz: ReadError('not an lzma file')
- method tar: ReadError('empty file')"",""exception (crytic_compile.platform.exceptions.InvalidCompilation: Invalid solc compilation Warning: SPDX license identifier not provided in source file. Before publishing, consider adding a comment containing \""SPDX-License-Identifier: <SPDX-License>\"" to each source file. Use \""SPDX-License-Identifier: UNLICENSED\"" for non-open-source code. Please see https://spdx.org for more information.)"",exception (json.decoder.JSONDecodeError: Expecting value: line 1 column 1 (char 0))}"
contracts_output/contracts_output/codellama_contracts/3793.sol,3793.sol,slither-0.11.3,solidity,2025/09/14,20260212_1543,1770911113.535986,1.708451271057129,255,"{dead_code,naming_convention,solc_version,timestamp}",{},{},{}
contracts_output/contracts_output/codellama_contracts/381.sol,381.sol,slither-0.11.3,solidity,2025/09/14,20260212_1543,1770911162.095879,2.8910303115844727,255,"{dead_code,immutable_states,solc_version}",{},{},{}
contracts_output/contracts_output/codellama_contracts/382.sol,382.sol,slither-0.11.3,solidity,2025/09/14,20260212_1543,1770911370.1271224,1.6358742713928223,255,"{dead_code,immutable_states,locked_ether,shadowing_local,solc_version}",{},{},{}
contracts_output/contracts_output/codellama_contracts/3857.sol,3857.sol,slither-0.11.3,solidity,2025/09/14,20260212_1543,1770911026.1693294,2.7263994216918945,255,"{dead_code,immutable_states,solc_version}",{},{},{}
contracts_output/contracts_output/codellama_contracts/3863.sol,3863.sol,slither-0.11.3,solidity,2025/09/14,20260212_1543,1770911042.8703308,2.259772777557373,255,"{dead_code,solc_version}",{},{},{}
contracts_output/contracts_output/codellama_contracts/3881.sol,3881.sol,slither-0.11.3,solidity,2025/09/14,20260212_1543,1770911247.655688,1.509462594985962,1,{},{},{EXIT_CODE_1},"{""analysis unsuccessful, check output.json"",""error parsing results: file could not be opened successfully:
- method gz: ReadError('empty file')
- method bz2: ReadError('not a bzip2 file')
- method xz: ReadError('not an lzma file')
- method tar: ReadError('empty file')"",""exception (crytic_compile.platform.exceptions.InvalidCompilation: Invalid solc compilation Warning: SPDX license identifier not provided in source file. Before publishing, consider adding a comment containing \""SPDX-License-Identifier: <SPDX-License>\"" to each source file. Use \""SPDX-License-Identifier: UNLICENSED\"" for non-open-source code. Please see https://spdx.org for more information.)"",exception (json.decoder.JSONDecodeError: Expecting value: line 1 column 1 (char 0))}"
contracts_output/contracts_output/codellama_contracts/3890.sol,3890.sol,slither-0.11.3,solidity,2025/09/14,20260212_1543,1770911204.110234,1.8627455234527588,1,{},{},{EXIT_CODE_1},"{""analysis unsuccessful, check output.json"",""error parsing results: file could not be opened successfully:
- method gz: ReadError('empty file')
- method bz2: ReadError('not a bzip2 file')
- method xz: ReadError('not an lzma file')
- method tar: ReadError('empty file')"",""exception (crytic_compile.platform.exceptions.InvalidCompilation: Invalid solc compilation Warning: SPDX license identifier not provided in source file. Before publishing, consider adding a comment containing \""SPDX-License-Identifier: <SPDX-License>\"" to each source file. Use \""SPDX-License-Identifier: UNLICENSED\"" for non-open-source code. Please see https://spdx.org for more information.)"",exception (json.decoder.JSONDecodeError: Expecting value: line 1 column 1 (char 0))}"
contracts_output/contracts_output/codellama_contracts/3893.sol,3893.sol,slither-0.11.3,solidity,2025/09/14,20260212_1543,1770911085.5346072,1.6442911624908447,255,"{dead_code,immutable_states,locked_ether,solc_version}",{},{},{}
contracts_output/contracts_output/codellama_contracts/3896.sol,3896.sol,slither-0.11.3,solidity,2025/09/14,20260212_1543,1770911033.6531563,3.080716609954834,1,{},{},{EXIT_CODE_1},"{""analysis unsuccessful, check output.json"",""error parsing results: file could not be opened successfully:
- method gz: ReadError('empty file')
- method bz2: ReadError('not a bzip2 file')
- method xz: ReadError('not an lzma file')
- method tar: ReadError('empty file')"",""exception (crytic_compile.platform.exceptions.InvalidCompilation: Invalid solc compilation Warning: SPDX license identifier not provided in source file. Before publishing, consider adding a comment containing \""SPDX-License-Identifier: <SPDX-License>\"" to each source file. Use \""SPDX-License-Identifier: UNLICENSED\"" for non-open-source code. Please see https://spdx.org for more information.)"",exception (json.decoder.JSONDecodeError: Expecting value: line 1 column 1 (char 0))}"
contracts_output/contracts_output/codellama_contracts/39.sol,39.sol,slither-0.11.3,solidity,2025/09/14,20260212_1543,1770911511.755542,1.9636869430541992,1,{},{},{EXIT_CODE_1},"{""analysis unsuccessful, check output.json"",""error parsing results: file could not be opened successfully:
- method gz: ReadError('empty file')
- method bz2: ReadError('not a bzip2 file')
- method xz: ReadError('not an lzma file')
- method tar: ReadError('empty file')"",""exception (crytic_compile.platform.exceptions.InvalidCompilation: Invalid solc compilation Warning: SPDX license identifier not provided in source file. Before publishing, consider adding a comment containing \""SPDX-License-Identifier: <SPDX-License>\"" to each source file. Use \""SPDX-License-Identifier: UNLICENSED\"" for non-open-source code. Please see https://spdx.org for more information.)"",exception (json.decoder.JSONDecodeError: Expecting value: line 1 column 1 (char 0))}"
contracts_output/contracts_output/codellama_contracts/3939.sol,3939.sol,slither-0.11.3,solidity,2025/09/14,20260212_1543,1770911031.283131,2.318268060684204,255,"{dead_code,solc_version}",{},{},{}
contracts_output/contracts_output/codellama_contracts/3988.sol,3988.sol,slither-0.11.3,solidity,2025/09/14,20260212_1543,1770911248.7902899,1.8460371494293213,255,"{dead_code,naming_convention,solc_version}",{},{},{}
contracts_output/contracts_output/codellama_contracts/3990.sol,3990.sol,slither-0.11.3,solidity,2025/09/14,20260212_1543,1770911196.4840033,2.0201058387756348,1,{},{},{EXIT_CODE_1},"{""analysis unsuccessful, check output.json"",""error parsing results: file could not be opened successfully:
- method gz: ReadError('empty file')
- method bz2: ReadError('not a bzip2 file')
- method xz: ReadError('not an lzma file')
- method tar: ReadError('empty file')"",""exception (crytic_compile.platform.exceptions.InvalidCompilation: Invalid solc compilation Warning: SPDX license identifier not provided in source file. Before publishing, consider adding a comment containing \""SPDX-License-Identifier: <SPDX-License>\"" to each source file. Use \""SPDX-License-Identifier: UNLICENSED\"" for non-open-source code. Please see https://spdx.org for more information.)"",exception (json.decoder.JSONDecodeError: Expecting value: line 1 column 1 (char 0))}"
contracts_output/contracts_output/codellama_contracts/4001.sol,4001.sol,slither-0.11.3,solidity,2025/09/14,20260212_1543,1770911471.5374584,1.833667516708374,255,"{dead_code,immutable_states,solc_version}",{},{},{}
contracts_output/contracts_output/codellama_contracts/4005.sol,4005.sol,slither-0.11.3,solidity,2025/09/14,20260212_1543,1770911333.4858773,2.4061763286590576,1,{},{},{EXIT_CODE_1},"{""analysis unsuccessful, check output.json"",""error parsing results: file could not be opened successfully:
- method gz: ReadError('empty file')
- method bz2: ReadError('not a bzip2 file')
- method xz: ReadError('not an lzma file')
- method tar: ReadError('empty file')"",""exception (crytic_compile.platform.exceptions.InvalidCompilation: Invalid solc compilation Error: Overriding public state variable is missing \""override\"" specifier.)"",exception (json.decoder.JSONDecodeError: Expecting value: line 1 column 1 (char 0))}"
contracts_output/contracts_output/codellama_contracts/402.sol,402.sol,slither-0.11.3,solidity,2025/09/14,20260212_1543,1770911496.915275,1.4604456424713135,1,{},{},{EXIT_CODE_1},"{""analysis unsuccessful, check output.json"",""error parsing results: file could not be opened successfully:
- method gz: ReadError('empty file')
- method bz2: ReadError('not a bzip2 file')
- method xz: ReadError('not an lzma file')
- method tar: ReadError('empty file')"",""exception (crytic_compile.platform.exceptions.InvalidCompilation: Invalid solc compilation Warning: SPDX license identifier not provided in source file. Before publishing, consider adding a comment containing \""SPDX-License-Identifier: <SPDX-License>\"" to each source file. Use \""SPDX-License-Identifier: UNLICENSED\"" for non-open-source code. Please see https://spdx.org for more information.)"",exception (json.decoder.JSONDecodeError: Expecting value: line 1 column 1 (char 0))}"
contracts_output/contracts_output/codellama_contracts/4025.sol,4025.sol,slither-0.11.3,solidity,2025/09/14,20260212_1543,1770911159.1602106,2.112377882003784,1,{},{},{EXIT_CODE_1},"{""analysis unsuccessful, check output.json"",""error parsing results: file could not be opened successfully:
- method gz: ReadError('empty file')
- method bz2: ReadError('not a bzip2 file')
- method xz: ReadError('not an lzma file')
- method tar: ReadError('empty file')"",""exception (crytic_compile.platform.exceptions.InvalidCompilation: Invalid solc compilation Warning: SPDX license identifier not provided in source file. Before publishing, consider adding a comment containing \""SPDX-License-Identifier: <SPDX-License>\"" to each source file. Use \""SPDX-License-Identifier: UNLICENSED\"" for non-open-source code. Please see https://spdx.org for more information.)"",exception (json.decoder.JSONDecodeError: Expecting value: line 1 column 1 (char 0))}"
contracts_output/contracts_output/codellama_contracts/4047.sol,4047.sol,slither-0.11.3,solidity,2025/09/14,20260212_1543,1770911434.2008212,1.595381736755371,255,"{dead_code,solc_version}",{},{},{}
contracts_output/contracts_output/codellama_contracts/4051.sol,4051.sol,slither-0.11.3,solidity,2025/09/14,20260212_1543,1770911128.1715467,1.5463604927062988,255,"{dead_code,immutable_states,naming_convention,shadowing_local,solc_version,too_many_digits}",{},{},{}
contracts_output/contracts_output/codellama_contracts/4079.sol,4079.sol,slither-0.11.3,solidity,2025/09/14,20260212_1543,1770911380.6020403,2.0830771923065186,1,{},{},{EXIT_CODE_1},"{""analysis unsuccessful, check output.json"",""error parsing results: file could not be opened successfully:
- method gz: ReadError('empty file')
- method bz2: ReadError('not a bzip2 file')
- method xz: ReadError('not an lzma file')
- method tar: ReadError('empty file')"",""exception (crytic_compile.platform.exceptions.InvalidCompilation: Invalid solc compilation Warning: SPDX license identifier not provided in source file. Before publishing, consider adding a comment containing \""SPDX-License-Identifier: <SPDX-License>\"" to each source file. Use \""SPDX-License-Identifier: UNLICENSED\"" for non-open-source code. Please see https://spdx.org for more information.)"",exception (json.decoder.JSONDecodeError: Expecting value: line 1 column 1 (char 0))}"
contracts_output/contracts_output/codellama_contracts/4083.sol,4083.sol,slither-0.11.3,solidity,2025/09/14,20260212_1543,1770911166.6887183,2.1204020977020264,255,"{dead_code,solc_version,uninitialized_state}",{},{},{}
contracts_output/contracts_output/codellama_contracts/4086.sol,4086.sol,slither-0.11.3,solidity,2025/09/14,20260212_1543,1770911486.9018688,1.7586784362792969,1,{},{},{EXIT_CODE_1},"{""analysis unsuccessful, check output.json"",""error parsing results: file could not be opened successfully:
- method gz: ReadError('empty file')
- method bz2: ReadError('not a bzip2 file')
- method xz: ReadError('not an lzma file')
- method tar: ReadError('empty file')"",""exception (crytic_compile.platform.exceptions.InvalidCompilation: Invalid solc compilation Warning: SPDX license identifier not provided in source file. Before publishing, consider adding a comment containing \""SPDX-License-Identifier: <SPDX-License>\"" to each source file. Use \""SPDX-License-Identifier: UNLICENSED\"" for non-open-source code. Please see https://spdx.org for more information.)"",exception (json.decoder.JSONDecodeError: Expecting value: line 1 column 1 (char 0))}"
contracts_output/contracts_output/codellama_contracts/4148.sol,4148.sol,slither-0.11.3,solidity,2025/09/14,20260212_1543,1770911225.80511,1.860058069229126,1,{},{},{EXIT_CODE_1},"{""analysis unsuccessful, check output.json"",""error parsing results: file could not be opened successfully:
- method gz: ReadError('empty file')
- method bz2: ReadError('not a bzip2 file')
- method xz: ReadError('not an lzma file')
- method tar: ReadError('empty file')"",""exception (crytic_compile.platform.exceptions.InvalidCompilation: Invalid solc compilation Warning: SPDX license identifier not provided in source file. Before publishing, consider adding a comment containing \""SPDX-License-Identifier: <SPDX-License>\"" to each source file. Use \""SPDX-License-Identifier: UNLICENSED\"" for non-open-source code. Please see https://spdx.org for more information.)"",exception (json.decoder.JSONDecodeError: Expecting value: line 1 column 1 (char 0))}"
contracts_output/contracts_output/codellama_contracts/4173.sol,4173.sol,slither-0.11.3,solidity,2025/09/14,20260212_1543,1770911042.8453982,1.8842523097991943,1,{},{},{EXIT_CODE_1},"{""analysis unsuccessful, check output.json"",""error parsing results: file could not be opened successfully:
- method gz: ReadError('empty file')
- method bz2: ReadError('not a bzip2 file')
- method xz: ReadError('not an lzma file')
- method tar: ReadError('empty file')"",""exception (crytic_compile.platform.exceptions.InvalidCompilation: Invalid solc compilation Warning: SPDX license identifier not provided in source file. Before publishing, consider adding a comment containing \""SPDX-License-Identifier: <SPDX-License>\"" to each source file. Use \""SPDX-License-Identifier: UNLICENSED\"" for non-open-source code. Please see https://spdx.org for more information.)"",exception (json.decoder.JSONDecodeError: Expecting value: line 1 column 1 (char 0))}"
contracts_output/contracts_output/codellama_contracts/4185.sol,4185.sol,slither-0.11.3,solidity,2025/09/14,20260212_1543,1770911315.2578022,1.8046889305114746,1,{},{},{EXIT_CODE_1},"{""analysis unsuccessful, check output.json"",""error parsing results: file could not be opened successfully:
- method gz: ReadError('empty file')
- method bz2: ReadError('not a bzip2 file')
- method xz: ReadError('not an lzma file')
- method tar: ReadError('empty file')"",""exception (crytic_compile.platform.exceptions.InvalidCompilation: Invalid solc compilation Warning: SPDX license identifier not provided in source file. Before publishing, consider adding a comment containing \""SPDX-License-Identifier: <SPDX-License>\"" to each source file. Use \""SPDX-License-Identifier: UNLICENSED\"" for non-open-source code. Please see https://spdx.org for more information.)"",exception (json.decoder.JSONDecodeError: Expecting value: line 1 column 1 (char 0))}"
contracts_output/contracts_output/codellama_contracts/4219.sol,4219.sol,slither-0.11.3,solidity,2025/09/14,20260212_1543,1770911110.383508,1.3275330066680908,1,{},{},{EXIT_CODE_1},"{""analysis unsuccessful, check output.json"",""error parsing results: file could not be opened successfully:
- method gz: ReadError('empty file')
- method bz2: ReadError('not a bzip2 file')
- method xz: ReadError('not an lzma file')
- method tar: ReadError('empty file')"",""exception (crytic_compile.platform.exceptions.InvalidCompilation: Invalid solc compilation Warning: SPDX license identifier not provided in source file. Before publishing, consider adding a comment containing \""SPDX-License-Identifier: <SPDX-License>\"" to each source file. Use \""SPDX-License-Identifier: UNLICENSED\"" for non-open-source code. Please see https://spdx.org for more information.)"",exception (json.decoder.JSONDecodeError: Expecting value: line 1 column 1 (char 0))}"
contracts_output/contracts_output/codellama_contracts/4258.sol,4258.sol,slither-0.11.3,solidity,2025/09/14,20260212_1543,1770911197.1900618,1.752115249633789,1,{},{},{EXIT_CODE_1},"{""analysis unsuccessful, check output.json"",""error parsing results: file could not be opened successfully:
- method gz: ReadError('empty file')
- method bz2: ReadError('not a bzip2 file')
- method xz: ReadError('not an lzma file')
- method tar: ReadError('empty file')"",exception (crytic_compile.platform.exceptions.InvalidCompilation: Invalid solc compilation Error: Undeclared identifier.),exception (json.decoder.JSONDecodeError: Expecting value: line 1 column 1 (char 0))}"
contracts_output/contracts_output/codellama_contracts/4267.sol,4267.sol,slither-0.11.3,solidity,2025/09/14,20260212_1543,1770911506.8602123,1.5606961250305176,1,{},{},{EXIT_CODE_1},"{""analysis unsuccessful, check output.json"",""error parsing results: file could not be opened successfully:
- method gz: ReadError('empty file')
- method bz2: ReadError('not a bzip2 file')
- method xz: ReadError('not an lzma file')
- method tar: ReadError('empty file')"",""exception (crytic_compile.platform.exceptions.InvalidCompilation: Invalid solc compilation Error: Member \""length\"" not found or not visible after argument-dependent lookup in mapping(address => struct Holder.HolderInfo storage ref).)"",exception (json.decoder.JSONDecodeError: Expecting value: line 1 column 1 (char 0))}"
contracts_output/contracts_output/codellama_contracts/4301.sol,4301.sol,slither-0.11.3,solidity,2025/09/14,20260212_1543,1770911169.3228912,3.112257957458496,255,"{dead_code,solc_version}",{},{},{}
contracts_output/contracts_output/codellama_contracts/4311.sol,4311.sol,slither-0.11.3,solidity,2025/09/14,20260212_1543,1770911179.4254935,2.4887218475341797,255,"{dead_code,solc_version}",{},{},{}
contracts_output/contracts_output/codellama_contracts/4342.sol,4342.sol,slither-0.11.3,solidity,2025/09/14,20260212_1543,1770911428.3362312,1.6871957778930664,1,{},{},{EXIT_CODE_1},"{""analysis unsuccessful, check output.json"",""error parsing results: file could not be opened successfully:
- method gz: ReadError('empty file')
- method bz2: ReadError('not a bzip2 file')
- method xz: ReadError('not an lzma file')
- method tar: ReadError('empty file')"",""exception (crytic_compile.platform.exceptions.InvalidCompilation: Invalid solc compilation Warning: SPDX license identifier not provided in source file. Before publishing, consider adding a comment containing \""SPDX-License-Identifier: <SPDX-License>\"" to each source file. Use \""SPDX-License-Identifier: UNLICENSED\"" for non-open-source code. Please see https://spdx.org for more information.)"",exception (json.decoder.JSONDecodeError: Expecting value: line 1 column 1 (char 0))}"
contracts_output/contracts_output/codellama_contracts/4344.sol,4344.sol,slither-0.11.3,solidity,2025/09/14,20260212_1543,1770911389.1485116,1.7073328495025635,1,{},{},{EXIT_CODE_1},"{""analysis unsuccessful, check output.json"",""error parsing results: file could not be opened successfully:
- method gz: ReadError('empty file')
- method bz2: ReadError('not a bzip2 file')
- method xz: ReadError('not an lzma file')
- method tar: ReadError('empty file')"",""exception (crytic_compile.platform.exceptions.InvalidCompilation: Invalid solc compilation Warning: SPDX license identifier not provided in source file. Before publishing, consider adding a comment containing \""SPDX-License-Identifier: <SPDX-License>\"" to each source file. Use \""SPDX-License-Identifier: UNLICENSED\"" for non-open-source code. Please see https://spdx.org for more information.)"",exception (json.decoder.JSONDecodeError: Expecting value: line 1 column 1 (char 0))}"
contracts_output/contracts_output/codellama_contracts/4397.sol,4397.sol,slither-0.11.3,solidity,2025/09/14,20260212_1543,1770911315.0943475,2.1319172382354736,255,"{dead_code,immutable_states,solc_version,too_many_digits}",{},{},{}
contracts_output/contracts_output/codellama_contracts/4411.sol,4411.sol,slither-0.11.3,solidity,2025/09/14,20260212_1543,1770911043.536945,2.4406111240386963,255,"{dead_code,solc_version}",{},{},{}
contracts_output/contracts_output/codellama_contracts/4418.sol,4418.sol,slither-0.11.3,solidity,2025/09/14,20260212_1543,1770911486.16832,2.4378232955932617,255,"{dead_code,naming_convention,solc_version,timestamp}",{},{},{}
contracts_output/contracts_output/codellama_contracts/442.sol,442.sol,slither-0.11.3,solidity,2025/09/14,20260212_1543,1770911166.7275107,2.3634955883026123,255,"{dead_code,reentrancy_unlimited_gas,solc_version,uninitialized_local}",{},{},{}
contracts_output/contracts_output/codellama_contracts/4437.sol,4437.sol,slither-0.11.3,solidity,2025/09/14,20260212_1543,1770911340.5373116,2.71331524848938,255,"{dead_code,naming_convention,solc_version}",{},{},{}
contracts_output/contracts_output/codellama_contracts/4464.sol,4464.sol,slither-0.11.3,solidity,2025/09/14,20260212_1543,1770911254.2528782,1.984229564666748,1,{},{},{EXIT_CODE_1},"{""analysis unsuccessful, check output.json"",""error parsing results: file could not be opened successfully:
- method gz: ReadError('empty file')
- method bz2: ReadError('not a bzip2 file')
- method xz: ReadError('not an lzma file')
- method tar: ReadError('empty file')"",""exception (crytic_compile.platform.exceptions.InvalidCompilation: Invalid solc compilation Warning: SPDX license identifier not provided in source file. Before publishing, consider adding a comment containing \""SPDX-License-Identifier: <SPDX-License>\"" to each source file. Use \""SPDX-License-Identifier: UNLICENSED\"" for non-open-source code. Please see https://spdx.org for more information.)"",exception (json.decoder.JSONDecodeError: Expecting value: line 1 column 1 (char 0))}"
contracts_output/contracts_output/codellama_contracts/4481.sol,4481.sol,slither-0.11.3,solidity,2025/09/14,20260212_1543,1770911179.7853558,1.6221435070037842,1,{},{},{EXIT_CODE_1},"{""analysis unsuccessful, check output.json"",""error parsing results: file could not be opened successfully:
- method gz: ReadError('empty file')
- method bz2: ReadError('not a bzip2 file')
- method xz: ReadError('not an lzma file')
- method tar: ReadError('empty file')"",exception (crytic_compile.platform.exceptions.InvalidCompilation: Invalid solc compilation Error: Expected ';' but got 'public'),exception (json.decoder.JSONDecodeError: Expecting value: line 1 column 1 (char 0))}"
contracts_output/contracts_output/codellama_contracts/4491.sol,4491.sol,slither-0.11.3,solidity,2025/09/14,20260212_1543,1770911306.2500052,2.300142526626587,255,"{arbitrary_send_eth,dead_code,immutable_states,solc_version}",{},{},{}
contracts_output/contracts_output/codellama_contracts/4496.sol,4496.sol,slither-0.11.3,solidity,2025/09/14,20260212_1543,1770911172.4369643,1.9966528415679932,1,{},{},{EXIT_CODE_1},"{""analysis unsuccessful, check output.json"",""error parsing results: file could not be opened successfully:
- method gz: ReadError('empty file')
- method bz2: ReadError('not a bzip2 file')
- method xz: ReadError('not an lzma file')
- method tar: ReadError('empty file')"",""exception (crytic_compile.platform.exceptions.InvalidCompilation: Invalid solc compilation Warning: SPDX license identifier not provided in source file. Before publishing, consider adding a comment containing \""SPDX-License-Identifier: <SPDX-License>\"" to each source file. Use \""SPDX-License-Identifier: UNLICENSED\"" for non-open-source code. Please see https://spdx.org for more information.)"",exception (json.decoder.JSONDecodeError: Expecting value: line 1 column 1 (char 0))}"
contracts_output/contracts_output/codellama_contracts/4517.sol,4517.sol,slither-0.11.3,solidity,2025/09/14,20260212_1543,1770911044.7315993,2.5104029178619385,1,{},{},{EXIT_CODE_1},"{""analysis unsuccessful, check output.json"",""error parsing results: file could not be opened successfully:
- method gz: ReadError('empty file')
- method bz2: ReadError('not a bzip2 file')
- method xz: ReadError('not an lzma file')
- method tar: ReadError('empty file')"",""exception (crytic_compile.platform.exceptions.InvalidCompilation: Invalid solc compilation Error: Expected ',' but got ':')"",exception (json.decoder.JSONDecodeError: Expecting value: line 1 column 1 (char 0))}"
contracts_output/contracts_output/codellama_contracts/4527.sol,4527.sol,slither-0.11.3,solidity,2025/09/14,20260212_1543,1770911342.1853724,1.987684726715088,255,"{dead_code,solc_version}",{},{},{}
contracts_output/contracts_output/codellama_contracts/4553.sol,4553.sol,slither-0.11.3,solidity,2025/09/14,20260212_1543,1770911352.253728,1.7763614654541016,1,{},{},{EXIT_CODE_1},"{""analysis unsuccessful, check output.json"",""error parsing results: file could not be opened successfully:
- method gz: ReadError('empty file')
- method bz2: ReadError('not a bzip2 file')
- method xz: ReadError('not an lzma file')
- method tar: ReadError('empty file')"",""exception (crytic_compile.platform.exceptions.InvalidCompilation: Invalid solc compilation Warning: SPDX license identifier not provided in source file. Before publishing, consider adding a comment containing \""SPDX-License-Identifier: <SPDX-License>\"" to each source file. Use \""SPDX-License-Identifier: UNLICENSED\"" for non-open-source code. Please see https://spdx.org for more information.)"",exception (json.decoder.JSONDecodeError: Expecting value: line 1 column 1 (char 0))}"
contracts_output/contracts_output/codellama_contracts/4560.sol,4560.sol,slither-0.11.3,solidity,2025/09/14,20260212_1543,1770911504.9059236,1.4783997535705566,1,{},{},{EXIT_CODE_1},"{""analysis unsuccessful, check output.json"",""error parsing results: file could not be opened successfully:
- method gz: ReadError('empty file')
- method bz2: ReadError('not a bzip2 file')
- method xz: ReadError('not an lzma file')
- method tar: ReadError('empty file')"",""exception (crytic_compile.platform.exceptions.InvalidCompilation: Invalid solc compilation Error: Expected ',' but got ':')"",exception (json.decoder.JSONDecodeError: Expecting value: line 1 column 1 (char 0))}"
contracts_output/contracts_output/codellama_contracts/4562.sol,4562.sol,slither-0.11.3,solidity,2025/09/14,20260212_1543,1770911290.1350782,2.008676528930664,1,{},{},{EXIT_CODE_1},"{""analysis unsuccessful, check output.json"",""error parsing results: file could not be opened successfully:
- method gz: ReadError('empty file')
- method bz2: ReadError('not a bzip2 file')
- method xz: ReadError('not an lzma file')
- method tar: ReadError('empty file')"",""exception (crytic_compile.platform.exceptions.InvalidCompilation: Invalid solc compilation Warning: SPDX license identifier not provided in source file. Before publishing, consider adding a comment containing \""SPDX-License-Identifier: <SPDX-License>\"" to each source file. Use \""SPDX-License-Identifier: UNLICENSED\"" for non-open-source code. Please see https://spdx.org for more information.)"",exception (json.decoder.JSONDecodeError: Expecting value: line 1 column 1 (char 0))}"
contracts_output/contracts_output/codellama_contracts/4567.sol,4567.sol,slither-0.11.3,solidity,2025/09/14,20260212_1543,1770911357.2328606,1.9588654041290283,1,{},{},{EXIT_CODE_1},"{""analysis unsuccessful, check output.json"",""error parsing results: file could not be opened successfully:
- method gz: ReadError('empty file')
- method bz2: ReadError('not a bzip2 file')
- method xz: ReadError('not an lzma file')
- method tar: ReadError('empty file')"",""exception (crytic_compile.platform.exceptions.InvalidCompilation: Invalid solc compilation Warning: SPDX license identifier not provided in source file. Before publishing, consider adding a comment containing \""SPDX-License-Identifier: <SPDX-License>\"" to each source file. Use \""SPDX-License-Identifier: UNLICENSED\"" for non-open-source code. Please see https://spdx.org for more information.)"",exception (json.decoder.JSONDecodeError: Expecting value: line 1 column 1 (char 0))}"
contracts_output/contracts_output/codellama_contracts/4568.sol,4568.sol,slither-0.11.3,solidity,2025/09/14,20260212_1543,1770911088.0828052,1.4579658508300781,1,{},{},{EXIT_CODE_1},"{""analysis unsuccessful, check output.json"",""error parsing results: file could not be opened successfully:
- method gz: ReadError('empty file')
- method bz2: ReadError('not a bzip2 file')
- method xz: ReadError('not an lzma file')
- method tar: ReadError('empty file')"",""exception (crytic_compile.platform.exceptions.InvalidCompilation: Invalid solc compilation Warning: SPDX license identifier not provided in source file. Before publishing, consider adding a comment containing \""SPDX-License-Identifier: <SPDX-License>\"" to each source file. Use \""SPDX-License-Identifier: UNLICENSED\"" for non-open-source code. Please see https://spdx.org for more information.)"",exception (json.decoder.JSONDecodeError: Expecting value: line 1 column 1 (char 0))}"
contracts_output/contracts_output/codellama_contracts/4569.sol,4569.sol,slither-0.11.3,solidity,2025/09/14,20260212_1543,1770911029.354641,2.6047565937042236,255,"{dead_code,naming_convention,solc_version}",{},{},{}
contracts_output/contracts_output/codellama_contracts/4577.sol,4577.sol,slither-0.11.3,solidity,2025/09/14,20260212_1543,1770911384.2565632,1.7465012073516846,255,"{dead_code,naming_convention,solc_version}",{},{},{}
contracts_output/contracts_output/codellama_contracts/4581.sol,4581.sol,slither-0.11.3,solidity,2025/09/14,20260212_1543,1770911180.7995238,1.5740399360656738,1,{},{},{EXIT_CODE_1},"{""analysis unsuccessful, check output.json"",""error parsing results: file could not be opened successfully:
- method gz: ReadError('empty file')
- method bz2: ReadError('not a bzip2 file')
- method xz: ReadError('not an lzma file')
- method tar: ReadError('empty file')"",exception (crytic_compile.platform.exceptions.InvalidCompilation: Invalid solc compilation Error: Wrong argument count for modifier invocation: 0 arguments given but expected 1.),exception (json.decoder.JSONDecodeError: Expecting value: line 1 column 1 (char 0))}"
contracts_output/contracts_output/codellama_contracts/4592.sol,4592.sol,slither-0.11.3,solidity,2025/09/14,20260212_1543,1770911215.7397945,1.7869179248809814,255,"{dead_code,naming_convention,solc_version}",{},{},{}
contracts_output/contracts_output/codellama_contracts/4597.sol,4597.sol,slither-0.11.3,solidity,2025/09/14,20260212_1543,1770911141.3691924,1.640974521636963,255,"{dead_code,solc_version}",{},{},{}
contracts_output/contracts_output/codellama_contracts/4609.sol,4609.sol,slither-0.11.3,solidity,2025/09/14,20260212_1543,1770911289.3525639,2.598604679107666,255,"{dead_code,naming_convention,solc_version}",{},{},{}
contracts_output/contracts_output/codellama_contracts/461.sol,461.sol,slither-0.11.3,solidity,2025/09/14,20260212_1543,1770911433.851612,1.6087868213653564,1,{},{},{EXIT_CODE_1},"{""analysis unsuccessful, check output.json"",""error parsing results: file could not be opened successfully:
- method gz: ReadError('empty file')
- method bz2: ReadError('not a bzip2 file')
- method xz: ReadError('not an lzma file')
- method tar: ReadError('empty file')"",exception (crytic_compile.platform.exceptions.InvalidCompilation: Invalid solc compilation Error: Expected primary expression.),exception (json.decoder.JSONDecodeError: Expecting value: line 1 column 1 (char 0))}"
contracts_output/contracts_output/codellama_contracts/4614.sol,4614.sol,slither-0.11.3,solidity,2025/09/14,20260212_1543,1770911339.9563866,2.2752015590667725,1,{},{},{EXIT_CODE_1},"{""analysis unsuccessful, check output.json"",""error parsing results: file could not be opened successfully:
- method gz: ReadError('empty file')
- method bz2: ReadError('not a bzip2 file')
- method xz: ReadError('not an lzma file')
- method tar: ReadError('empty file')"",exception (crytic_compile.platform.exceptions.InvalidCompilation: Invalid solc compilation Error: Expression has to be an lvalue.),exception (json.decoder.JSONDecodeError: Expecting value: line 1 column 1 (char 0))}"
contracts_output/contracts_output/codellama_contracts/4646.sol,4646.sol,slither-0.11.3,solidity,2025/09/14,20260212_1543,1770911348.5756278,2.6240508556365967,255,"{dead_code,naming_convention,shadowing_local,solc_version}",{},{},{}
contracts_output/contracts_output/codellama_contracts/465.sol,465.sol,slither-0.11.3,solidity,2025/09/14,20260212_1543,1770911121.0300453,2.01522159576416,255,"{dead_code,solc_version}",{},{},{}
contracts_output/contracts_output/codellama_contracts/4661.sol,4661.sol,slither-0.11.3,solidity,2025/09/14,20260212_1543,1770911181.880091,2.4559974670410156,1,{},{},{EXIT_CODE_1},"{""analysis unsuccessful, check output.json"",""error parsing results: file could not be opened successfully:
- method gz: ReadError('empty file')
- method bz2: ReadError('not a bzip2 file')
- method xz: ReadError('not an lzma file')
- method tar: ReadError('empty file')"",""exception (crytic_compile.platform.exceptions.InvalidCompilation: Invalid solc compilation Warning: SPDX license identifier not provided in source file. Before publishing, consider adding a comment containing \""SPDX-License-Identifier: <SPDX-License>\"" to each source file. Use \""SPDX-License-Identifier: UNLICENSED\"" for non-open-source code. Please see https://spdx.org for more information.)"",exception (json.decoder.JSONDecodeError: Expecting value: line 1 column 1 (char 0))}"
contracts_output/contracts_output/codellama_contracts/4669.sol,4669.sol,slither-0.11.3,solidity,2025/09/14,20260212_1543,1770911145.4442856,1.6560039520263672,1,{},{},{EXIT_CODE_1},"{""analysis unsuccessful, check output.json"",""error parsing results: file could not be opened successfully:
- method gz: ReadError('empty file')
- method bz2: ReadError('not a bzip2 file')
- method xz: ReadError('not an lzma file')
- method tar: ReadError('empty file')"",""exception (crytic_compile.platform.exceptions.InvalidCompilation: Invalid solc compilation Warning: SPDX license identifier not provided in source file. Before publishing, consider adding a comment containing \""SPDX-License-Identifier: <SPDX-License>\"" to each source file. Use \""SPDX-License-Identifier: UNLICENSED\"" for non-open-source code. Please see https://spdx.org for more information.)"",exception (json.decoder.JSONDecodeError: Expecting value: line 1 column 1 (char 0))}"
contracts_output/contracts_output/codellama_contracts/467.sol,467.sol,slither-0.11.3,solidity,2025/09/14,20260212_1543,1770911179.6856341,1.5808873176574707,1,{},{},{EXIT_CODE_1},"{""analysis unsuccessful, check output.json"",""error parsing results: file could not be opened successfully:
- method gz: ReadError('empty file')
- method bz2: ReadError('not a bzip2 file')
- method xz: ReadError('not an lzma file')
- method tar: ReadError('empty file')"",""exception (crytic_compile.platform.exceptions.InvalidCompilation: Invalid solc compilation Warning: SPDX license identifier not provided in source file. Before publishing, consider adding a comment containing \""SPDX-License-Identifier: <SPDX-License>\"" to each source file. Use \""SPDX-License-Identifier: UNLICENSED\"" for non-open-source code. Please see https://spdx.org for more information.)"",exception (json.decoder.JSONDecodeError: Expecting value: line 1 column 1 (char 0))}"
contracts_output/contracts_output/codellama_contracts/4675.sol,4675.sol,slither-0.11.3,solidity,2025/09/14,20260212_1543,1770911438.540956,1.6021382808685303,1,{},{},{EXIT_CODE_1},"{""analysis unsuccessful, check output.json"",""error parsing results: file could not be opened successfully:
- method gz: ReadError('empty file')
- method bz2: ReadError('not a bzip2 file')
- method xz: ReadError('not an lzma file')
- method tar: ReadError('empty file')"",""exception (crytic_compile.platform.exceptions.InvalidCompilation: Invalid solc compilation Warning: SPDX license identifier not provided in source file. Before publishing, consider adding a comment containing \""SPDX-License-Identifier: <SPDX-License>\"" to each source file. Use \""SPDX-License-Identifier: UNLICENSED\"" for non-open-source code. Please see https://spdx.org for more information.)"",exception (json.decoder.JSONDecodeError: Expecting value: line 1 column 1 (char 0))}"
contracts_output/contracts_output/codellama_contracts/4681.sol,4681.sol,slither-0.11.3,solidity,2025/09/14,20260212_1543,1770911163.867468,2.083629846572876,1,{},{},{EXIT_CODE_1},"{""analysis unsuccessful, check output.json"",""error parsing results: file could not be opened successfully:
- method gz: ReadError('empty file')
- method bz2: ReadError('not a bzip2 file')
- method xz: ReadError('not an lzma file')
- method tar: ReadError('empty file')"",exception (crytic_compile.platform.exceptions.InvalidCompilation: Invalid solc compilation Error: Expected identifier but got 'constructor'),exception (json.decoder.JSONDecodeError: Expecting value: line 1 column 1 (char 0))}"
contracts_output/contracts_output/codellama_contracts/4695.sol,4695.sol,slither-0.11.3,solidity,2025/09/14,20260212_1543,1770911119.3956578,1.6859455108642578,1,{},{},{EXIT_CODE_1},"{""analysis unsuccessful, check output.json"",""error parsing results: file could not be opened successfully:
- method gz: ReadError('empty file')
- method bz2: ReadError('not a bzip2 file')
- method xz: ReadError('not an lzma file')
- method tar: ReadError('empty file')"",""exception (crytic_compile.platform.exceptions.InvalidCompilation: Invalid solc compilation Error: Overriding public state variable is missing \""override\"" specifier.)"",exception (json.decoder.JSONDecodeError: Expecting value: line 1 column 1 (char 0))}"
contracts_output/contracts_output/codellama_contracts/4726.sol,4726.sol,slither-0.11.3,solidity,2025/09/14,20260212_1543,1770911102.694323,1.976820707321167,1,{},{},{EXIT_CODE_1},"{""analysis unsuccessful, check output.json"",""error parsing results: file could not be opened successfully:
- method gz: ReadError('empty file')
- method bz2: ReadError('not a bzip2 file')
- method xz: ReadError('not an lzma file')
- method tar: ReadError('empty file')"",""exception (crytic_compile.platform.exceptions.InvalidCompilation: Invalid solc compilation Warning: SPDX license identifier not provided in source file. Before publishing, consider adding a comment containing \""SPDX-License-Identifier: <SPDX-License>\"" to each source file. Use \""SPDX-License-Identifier: UNLICENSED\"" for non-open-source code. Please see https://spdx.org for more information.)"",exception (json.decoder.JSONDecodeError: Expecting value: line 1 column 1 (char 0))}"
contracts_output/contracts_output/codellama_contracts/4727.sol,4727.sol,slither-0.11.3,solidity,2025/09/14,20260212_1543,1770911304.3108513,1.557471513748169,255,"{dead_code,immutable_states,solc_version}",{},{},{}
contracts_output/contracts_output/codellama_contracts/474.sol,474.sol,slither-0.11.3,solidity,2025/09/14,20260212_1543,1770911032.9033158,2.43027925491333,1,{},{},{EXIT_CODE_1},"{""analysis unsuccessful, check output.json"",""error parsing results: file could not be opened successfully:
- method gz: ReadError('empty file')
- method bz2: ReadError('not a bzip2 file')
- method xz: ReadError('not an lzma file')
- method tar: ReadError('empty file')"",""exception (crytic_compile.platform.exceptions.InvalidCompilation: Invalid solc compilation Warning: SPDX license identifier not provided in source file. Before publishing, consider adding a comment containing \""SPDX-License-Identifier: <SPDX-License>\"" to each source file. Use \""SPDX-License-Identifier: UNLICENSED\"" for non-open-source code. Please see https://spdx.org for more information.)"",exception (json.decoder.JSONDecodeError: Expecting value: line 1 column 1 (char 0))}"
contracts_output/contracts_output/codellama_contracts/4746.sol,4746.sol,slither-0.11.3,solidity,2025/09/14,20260212_1543,1770911253.1352787,2.1224844455718994,1,{},{},{EXIT_CODE_1},"{""analysis unsuccessful, check output.json"",""error parsing results: file could not be opened successfully:
- method gz: ReadError('empty file')
- method bz2: ReadError('not a bzip2 file')
- method xz: ReadError('not an lzma file')
- method tar: ReadError('empty file')"",""exception (crytic_compile.platform.exceptions.InvalidCompilation: Invalid solc compilation Warning: SPDX license identifier not provided in source file. Before publishing, consider adding a comment containing \""SPDX-License-Identifier: <SPDX-License>\"" to each source file. Use \""SPDX-License-Identifier: UNLICENSED\"" for non-open-source code. Please see https://spdx.org for more information.)"",exception (json.decoder.JSONDecodeError: Expecting value: line 1 column 1 (char 0))}"
contracts_output/contracts_output/codellama_contracts/475.sol,475.sol,slither-0.11.3,solidity,2025/09/14,20260212_1543,1770911448.6194582,2.0516953468322754,1,{},{},{EXIT_CODE_1},"{""analysis unsuccessful, check output.json"",""error parsing results: file could not be opened successfully:
- method gz: ReadError('empty file')
- method bz2: ReadError('not a bzip2 file')
- method xz: ReadError('not an lzma file')
- method tar: ReadError('empty file')"",""exception (crytic_compile.platform.exceptions.InvalidCompilation: Invalid solc compilation Warning: SPDX license identifier not provided in source file. Before publishing, consider adding a comment containing \""SPDX-License-Identifier: <SPDX-License>\"" to each source file. Use \""SPDX-License-Identifier: UNLICENSED\"" for non-open-source code. Please see https://spdx.org for more information.)"",exception (json.decoder.JSONDecodeError: Expecting value: line 1 column 1 (char 0))}"
contracts_output/contracts_output/codellama_contracts/476.sol,476.sol,slither-0.11.3,solidity,2025/09/14,20260212_1543,1770911364.9016216,1.5452098846435547,255,"{dead_code,naming_convention,solc_version}",{},{},{}
contracts_output/contracts_output/codellama_contracts/4761.sol,4761.sol,slither-0.11.3,solidity,2025/09/14,20260212_1543,1770911219.3773215,1.992565631866455,255,"{dead_code,immutable_states,naming_convention,solc_version}",{},{},{}
contracts_output/contracts_output/codellama_contracts/4775.sol,4775.sol,slither-0.11.3,solidity,2025/09/14,20260212_1543,1770911369.668021,1.410508632659912,1,{},{},{EXIT_CODE_1},"{""analysis unsuccessful, check output.json"",""error parsing results: file could not be opened successfully:
- method gz: ReadError('empty file')
- method bz2: ReadError('not a bzip2 file')
- method xz: ReadError('not an lzma file')
- method tar: ReadError('empty file')"",""exception (crytic_compile.platform.exceptions.InvalidCompilation: Invalid solc compilation Warning: SPDX license identifier not provided in source file. Before publishing, consider adding a comment containing \""SPDX-License-Identifier: <SPDX-License>\"" to each source file. Use \""SPDX-License-Identifier: UNLICENSED\"" for non-open-source code. Please see https://spdx.org for more information.)"",exception (json.decoder.JSONDecodeError: Expecting value: line 1 column 1 (char 0))}"
contracts_output/contracts_output/codellama_contracts/4790.sol,4790.sol,slither-0.11.3,solidity,2025/09/14,20260212_1543,1770911439.2201715,2.1899189949035645,255,"{dead_code,erc20_interface,naming_convention,solc_version}",{},{},{}
contracts_output/contracts_output/codellama_contracts/4803.sol,4803.sol,slither-0.11.3,solidity,2025/09/14,20260212_1543,1770911296.002424,1.8869373798370361,255,"{constable_states,dead_code,solc_version}",{},{},{}
contracts_output/contracts_output/codellama_contracts/4806.sol,4806.sol,slither-0.11.3,solidity,2025/09/14,20260212_1543,1770911199.9818764,1.459326982498169,255,"{constable_states,dead_code,reentrancy_unlimited_gas,solc_version}",{},{},{}
contracts_output/contracts_output/codellama_contracts/4823.sol,4823.sol,slither-0.11.3,solidity,2025/09/14,20260212_1543,1770911102.3638175,1.6723556518554688,1,{},{},{EXIT_CODE_1},"{""analysis unsuccessful, check output.json"",""error parsing results: file could not be opened successfully:
- method gz: ReadError('empty file')
- method bz2: ReadError('not a bzip2 file')
- method xz: ReadError('not an lzma file')
- method tar: ReadError('empty file')"",exception (crytic_compile.platform.exceptions.InvalidCompilation: Invalid solc compilation Error: Expected primary expression.),exception (json.decoder.JSONDecodeError: Expecting value: line 1 column 1 (char 0))}"
contracts_output/contracts_output/codellama_contracts/4839.sol,4839.sol,slither-0.11.3,solidity,2025/09/14,20260212_1543,1770911099.7463164,1.44925856590271,1,{},{},{EXIT_CODE_1},"{""analysis unsuccessful, check output.json"",""error parsing results: file could not be opened successfully:
- method gz: ReadError('empty file')
- method bz2: ReadError('not a bzip2 file')
- method xz: ReadError('not an lzma file')
- method tar: ReadError('empty file')"",""exception (crytic_compile.platform.exceptions.InvalidCompilation: Invalid solc compilation Warning: SPDX license identifier not provided in source file. Before publishing, consider adding a comment containing \""SPDX-License-Identifier: <SPDX-License>\"" to each source file. Use \""SPDX-License-Identifier: UNLICENSED\"" for non-open-source code. Please see https://spdx.org for more information.)"",exception (json.decoder.JSONDecodeError: Expecting value: line 1 column 1 (char 0))}"
contracts_output/contracts_output/codellama_contracts/4847.sol,4847.sol,slither-0.11.3,solidity,2025/09/14,20260212_1543,1770911316.7464325,16.7739098072052,255,"{arbitrary_send_eth,dead_code,erc20_interface,immutable_states,low_level_calls,naming_convention,solc_version}",{},{},{}
contracts_output/contracts_output/codellama_contracts/4852.sol,4852.sol,slither-0.11.3,solidity,2025/09/14,20260212_1543,1770911127.1973033,1.7496387958526611,255,"{constable_states,dead_code,shadowing_local,solc_version}",{},{},{}
contracts_output/contracts_output/codellama_contracts/4854.sol,4854.sol,slither-0.11.3,solidity,2025/09/14,20260212_1543,1770911131.61817,1.7585115432739258,255,"{constable_states,dead_code,immutable_states,solc_version,too_many_digits}",{},{},{}
contracts_output/contracts_output/codellama_contracts/4864.sol,4864.sol,slither-0.11.3,solidity,2025/09/14,20260212_1543,1770911368.2215126,1.9034390449523926,1,{},{},{EXIT_CODE_1},"{""analysis unsuccessful, check output.json"",""error parsing results: file could not be opened successfully:
- method gz: ReadError('empty file')
- method bz2: ReadError('not a bzip2 file')
- method xz: ReadError('not an lzma file')
- method tar: ReadError('empty file')"",""exception (crytic_compile.platform.exceptions.InvalidCompilation: Invalid solc compilation Warning: SPDX license identifier not provided in source file. Before publishing, consider adding a comment containing \""SPDX-License-Identifier: <SPDX-License>\"" to each source file. Use \""SPDX-License-Identifier: UNLICENSED\"" for non-open-source code. Please see https://spdx.org for more information.)"",exception (json.decoder.JSONDecodeError: Expecting value: line 1 column 1 (char 0))}"
contracts_output/contracts_output/codellama_contracts/4877.sol,4877.sol,slither-0.11.3,solidity,2025/09/14,20260212_1543,1770911245.9855855,1.6686084270477295,1,{},{},{EXIT_CODE_1},"{""analysis unsuccessful, check output.json"",""error parsing results: file could not be opened successfully:
- method gz: ReadError('empty file')
- method bz2: ReadError('not a bzip2 file')
- method xz: ReadError('not an lzma file')
- method tar: ReadError('empty file')"",""exception (crytic_compile.platform.exceptions.InvalidCompilation: Invalid solc compilation Error: Overriding public state variable is missing \""override\"" specifier.)"",exception (json.decoder.JSONDecodeError: Expecting value: line 1 column 1 (char 0))}"
contracts_output/contracts_output/codellama_contracts/4896.sol,4896.sol,slither-0.11.3,solidity,2025/09/14,20260212_1543,1770911032.9500577,2.7238364219665527,1,{},{},{EXIT_CODE_1},"{""analysis unsuccessful, check output.json"",""error parsing results: file could not be opened successfully:
- method gz: ReadError('empty file')
- method bz2: ReadError('not a bzip2 file')
- method xz: ReadError('not an lzma file')
- method tar: ReadError('empty file')"",""exception (crytic_compile.platform.exceptions.InvalidCompilation: Invalid solc compilation Warning: SPDX license identifier not provided in source file. Before publishing, consider adding a comment containing \""SPDX-License-Identifier: <SPDX-License>\"" to each source file. Use \""SPDX-License-Identifier: UNLICENSED\"" for non-open-source code. Please see https://spdx.org for more information.)"",exception (json.decoder.JSONDecodeError: Expecting value: line 1 column 1 (char 0))}"
contracts_output/contracts_output/codellama_contracts/4898.sol,4898.sol,slither-0.11.3,solidity,2025/09/14,20260212_1543,1770911102.795707,1.612760305404663,1,{},{},{EXIT_CODE_1},"{""analysis unsuccessful, check output.json"",""error parsing results: file could not be opened successfully:
- method gz: ReadError('empty file')
- method bz2: ReadError('not a bzip2 file')
- method xz: ReadError('not an lzma file')
- method tar: ReadError('empty file')"",""exception (crytic_compile.platform.exceptions.InvalidCompilation: Invalid solc compilation Warning: SPDX license identifier not provided in source file. Before publishing, consider adding a comment containing \""SPDX-License-Identifier: <SPDX-License>\"" to each source file. Use \""SPDX-License-Identifier: UNLICENSED\"" for non-open-source code. Please see https://spdx.org for more information.)"",exception (json.decoder.JSONDecodeError: Expecting value: line 1 column 1 (char 0))}"
contracts_output/contracts_output/codellama_contracts/4912.sol,4912.sol,slither-0.11.3,solidity,2025/09/14,20260212_1543,1770911190.3836377,1.9665453433990479,1,{},{},{EXIT_CODE_1},"{""analysis unsuccessful, check output.json"",""error parsing results: file could not be opened successfully:
- method gz: ReadError('empty file')
- method bz2: ReadError('not a bzip2 file')
- method xz: ReadError('not an lzma file')
- method tar: ReadError('empty file')"",""exception (crytic_compile.platform.exceptions.InvalidCompilation: Invalid solc compilation Warning: SPDX license identifier not provided in source file. Before publishing, consider adding a comment containing \""SPDX-License-Identifier: <SPDX-License>\"" to each source file. Use \""SPDX-License-Identifier: UNLICENSED\"" for non-open-source code. Please see https://spdx.org for more information.)"",exception (json.decoder.JSONDecodeError: Expecting value: line 1 column 1 (char 0))}"
contracts_output/contracts_output/codellama_contracts/4928.sol,4928.sol,slither-0.11.3,solidity,2025/09/14,20260212_1543,1770911490.9720058,1.831604242324829,255,"{dead_code,immutable_states,naming_convention,solc_version,too_many_digits}",{},{},{}
contracts_output/contracts_output/codellama_contracts/4942.sol,4942.sol,slither-0.11.3,solidity,2025/09/14,20260212_1543,1770911209.5768685,1.7595088481903076,1,{},{},{EXIT_CODE_1},"{""analysis unsuccessful, check output.json"",""error parsing results: file could not be opened successfully:
- method gz: ReadError('empty file')
- method bz2: ReadError('not a bzip2 file')
- method xz: ReadError('not an lzma file')
- method tar: ReadError('empty file')"",""exception (crytic_compile.platform.exceptions.InvalidCompilation: Invalid solc compilation Warning: SPDX license identifier not provided in source file. Before publishing, consider adding a comment containing \""SPDX-License-Identifier: <SPDX-License>\"" to each source file. Use \""SPDX-License-Identifier: UNLICENSED\"" for non-open-source code. Please see https://spdx.org for more information.)"",exception (json.decoder.JSONDecodeError: Expecting value: line 1 column 1 (char 0))}"
contracts_output/contracts_output/codellama_contracts/497.sol,497.sol,slither-0.11.3,solidity,2025/09/14,20260212_1543,1770911369.405541,1.6325860023498535,1,{},{},{EXIT_CODE_1},"{""analysis unsuccessful, check output.json"",""error parsing results: file could not be opened successfully:
- method gz: ReadError('empty file')
- method bz2: ReadError('not a bzip2 file')
- method xz: ReadError('not an lzma file')
- method tar: ReadError('empty file')"",""exception (crytic_compile.platform.exceptions.InvalidCompilation: Invalid solc compilation Warning: SPDX license identifier not provided in source file. Before publishing, consider adding a comment containing \""SPDX-License-Identifier: <SPDX-License>\"" to each source file. Use \""SPDX-License-Identifier: UNLICENSED\"" for non-open-source code. Please see https://spdx.org for more information.)"",exception (json.decoder.JSONDecodeError: Expecting value: line 1 column 1 (char 0))}"
contracts_output/contracts_output/codellama_contracts/4986.sol,4986.sol,slither-0.11.3,solidity,2025/09/14,20260212_1543,1770911132.3289142,1.539621353149414,1,{},{},{EXIT_CODE_1},"{""analysis unsuccessful, check output.json"",""error parsing results: file could not be opened successfully:
- method gz: ReadError('empty file')
- method bz2: ReadError('not a bzip2 file')
- method xz: ReadError('not an lzma file')
- method tar: ReadError('empty file')"",""exception (crytic_compile.platform.exceptions.InvalidCompilation: Invalid solc compilation Warning: SPDX license identifier not provided in source file. Before publishing, consider adding a comment containing \""SPDX-License-Identifier: <SPDX-License>\"" to each source file. Use \""SPDX-License-Identifier: UNLICENSED\"" for non-open-source code. Please see https://spdx.org for more information.)"",exception (json.decoder.JSONDecodeError: Expecting value: line 1 column 1 (char 0))}"
contracts_output/contracts_output/codellama_contracts/4993.sol,4993.sol,slither-0.11.3,solidity,2025/09/14,20260212_1543,1770911456.3382173,1.8064134120941162,1,{},{},{EXIT_CODE_1},"{""analysis unsuccessful, check output.json"",""error parsing results: file could not be opened successfully:
- method gz: ReadError('empty file')
- method bz2: ReadError('not a bzip2 file')
- method xz: ReadError('not an lzma file')
- method tar: ReadError('empty file')"",""exception (crytic_compile.platform.exceptions.InvalidCompilation: Invalid solc compilation Warning: SPDX license identifier not provided in source file. Before publishing, consider adding a comment containing \""SPDX-License-Identifier: <SPDX-License>\"" to each source file. Use \""SPDX-License-Identifier: UNLICENSED\"" for non-open-source code. Please see https://spdx.org for more information.)"",exception (json.decoder.JSONDecodeError: Expecting value: line 1 column 1 (char 0))}"
contracts_output/contracts_output/codellama_contracts/5005.sol,5005.sol,slither-0.11.3,solidity,2025/09/14,20260212_1543,1770911256.3365982,1.6594769954681396,1,{},{},{EXIT_CODE_1},"{""analysis unsuccessful, check output.json"",""error parsing results: file could not be opened successfully:
- method gz: ReadError('empty file')
- method bz2: ReadError('not a bzip2 file')
- method xz: ReadError('not an lzma file')
- method tar: ReadError('empty file')"",""exception (crytic_compile.platform.exceptions.InvalidCompilation: Invalid solc compilation Warning: SPDX license identifier not provided in source file. Before publishing, consider adding a comment containing \""SPDX-License-Identifier: <SPDX-License>\"" to each source file. Use \""SPDX-License-Identifier: UNLICENSED\"" for non-open-source code. Please see https://spdx.org for more information.)"",exception (json.decoder.JSONDecodeError: Expecting value: line 1 column 1 (char 0))}"
contracts_output/contracts_output/codellama_contracts/5007.sol,5007.sol,slither-0.11.3,solidity,2025/09/14,20260212_1543,1770911125.7211835,1.4741361141204834,1,{},{},{EXIT_CODE_1},"{""analysis unsuccessful, check output.json"",""error parsing results: file could not be opened successfully:
- method gz: ReadError('empty file')
- method bz2: ReadError('not a bzip2 file')
- method xz: ReadError('not an lzma file')
- method tar: ReadError('empty file')"",""exception (crytic_compile.platform.exceptions.InvalidCompilation: Invalid solc compilation Warning: SPDX license identifier not provided in source file. Before publishing, consider adding a comment containing \""SPDX-License-Identifier: <SPDX-License>\"" to each source file. Use \""SPDX-License-Identifier: UNLICENSED\"" for non-open-source code. Please see https://spdx.org for more information.)"",exception (json.decoder.JSONDecodeError: Expecting value: line 1 column 1 (char 0))}"
contracts_output/contracts_output/codellama_contracts/5030.sol,5030.sol,slither-0.11.3,solidity,2025/09/14,20260212_1543,1770911031.934106,2.611501932144165,255,"{dead_code,naming_convention,solc_version}",{},{},{}
contracts_output/contracts_output/codellama_contracts/5033.sol,5033.sol,slither-0.11.3,solidity,2025/09/14,20260212_1543,1770911430.2972116,1.8606369495391846,1,{},{},{EXIT_CODE_1},"{""analysis unsuccessful, check output.json"",""error parsing results: file could not be opened successfully:
- method gz: ReadError('empty file')
- method bz2: ReadError('not a bzip2 file')
- method xz: ReadError('not an lzma file')
- method tar: ReadError('empty file')"",exception (crytic_compile.platform.exceptions.InvalidCompilation: Invalid solc compilation Warning: This declaration shadows an existing declaration.),exception (json.decoder.JSONDecodeError: Expecting value: line 1 column 1 (char 0))}"
contracts_output/contracts_output/codellama_contracts/5043.sol,5043.sol,slither-0.11.3,solidity,2025/09/14,20260212_1543,1770911188.5603385,1.9700138568878174,1,{},{},{EXIT_CODE_1},"{""analysis unsuccessful, check output.json"",""error parsing results: file could not be opened successfully:
- method gz: ReadError('empty file')
- method bz2: ReadError('not a bzip2 file')
- method xz: ReadError('not an lzma file')
- method tar: ReadError('empty file')"",""exception (crytic_compile.platform.exceptions.InvalidCompilation: Invalid solc compilation Warning: SPDX license identifier not provided in source file. Before publishing, consider adding a comment containing \""SPDX-License-Identifier: <SPDX-License>\"" to each source file. Use \""SPDX-License-Identifier: UNLICENSED\"" for non-open-source code. Please see https://spdx.org for more information.)"",exception (json.decoder.JSONDecodeError: Expecting value: line 1 column 1 (char 0))}"
contracts_output/contracts_output/codellama_contracts/5070.sol,5070.sol,slither-0.11.3,solidity,2025/09/14,20260212_1543,1770911084.79733,1.9585566520690918,1,{},{},{EXIT_CODE_1},"{""analysis unsuccessful, check output.json"",""error parsing results: file could not be opened successfully:
- method gz: ReadError('empty file')
- method bz2: ReadError('not a bzip2 file')
- method xz: ReadError('not an lzma file')
- method tar: ReadError('empty file')"",""exception (crytic_compile.platform.exceptions.InvalidCompilation: Invalid solc compilation Warning: SPDX license identifier not provided in source file. Before publishing, consider adding a comment containing \""SPDX-License-Identifier: <SPDX-License>\"" to each source file. Use \""SPDX-License-Identifier: UNLICENSED\"" for non-open-source code. Please see https://spdx.org for more information.)"",exception (json.decoder.JSONDecodeError: Expecting value: line 1 column 1 (char 0))}"
contracts_output/contracts_output/codellama_contracts/5074.sol,5074.sol,slither-0.11.3,solidity,2025/09/14,20260212_1543,1770911337.6777654,2.2757158279418945,1,{},{},{EXIT_CODE_1},"{""analysis unsuccessful, check output.json"",""error parsing results: file could not be opened successfully:
- method gz: ReadError('empty file')
- method bz2: ReadError('not a bzip2 file')
- method xz: ReadError('not an lzma file')
- method tar: ReadError('empty file')"",""exception (crytic_compile.platform.exceptions.InvalidCompilation: Invalid solc compilation Warning: SPDX license identifier not provided in source file. Before publishing, consider adding a comment containing \""SPDX-License-Identifier: <SPDX-License>\"" to each source file. Use \""SPDX-License-Identifier: UNLICENSED\"" for non-open-source code. Please see https://spdx.org for more information.)"",exception (json.decoder.JSONDecodeError: Expecting value: line 1 column 1 (char 0))}"
contracts_output/contracts_output/codellama_contracts/5098.sol,5098.sol,slither-0.11.3,solidity,2025/09/14,20260212_1543,1770911165.428134,1.4236714839935303,1,{},{},{EXIT_CODE_1},"{""analysis unsuccessful, check output.json"",""error parsing results: file could not be opened successfully:
- method gz: ReadError('empty file')
- method bz2: ReadError('not a bzip2 file')
- method xz: ReadError('not an lzma file')
- method tar: ReadError('empty file')"",""exception (crytic_compile.platform.exceptions.InvalidCompilation: Invalid solc compilation Warning: SPDX license identifier not provided in source file. Before publishing, consider adding a comment containing \""SPDX-License-Identifier: <SPDX-License>\"" to each source file. Use \""SPDX-License-Identifier: UNLICENSED\"" for non-open-source code. Please see https://spdx.org for more information.)"",exception (json.decoder.JSONDecodeError: Expecting value: line 1 column 1 (char 0))}"
contracts_output/contracts_output/codellama_contracts/5099.sol,5099.sol,slither-0.11.3,solidity,2025/09/14,20260212_1543,1770911276.5108268,1.3904695510864258,1,{},{},{EXIT_CODE_1},"{""analysis unsuccessful, check output.json"",""error parsing results: file could not be opened successfully:
- method gz: ReadError('empty file')
- method bz2: ReadError('not a bzip2 file')
- method xz: ReadError('not an lzma file')
- method tar: ReadError('empty file')"",""exception (crytic_compile.platform.exceptions.InvalidCompilation: Invalid solc compilation Warning: SPDX license identifier not provided in source file. Before publishing, consider adding a comment containing \""SPDX-License-Identifier: <SPDX-License>\"" to each source file. Use \""SPDX-License-Identifier: UNLICENSED\"" for non-open-source code. Please see https://spdx.org for more information.)"",exception (json.decoder.JSONDecodeError: Expecting value: line 1 column 1 (char 0))}"
contracts_output/contracts_output/codellama_contracts/5101.sol,5101.sol,slither-0.11.3,solidity,2025/09/14,20260212_1543,1770911424.1597896,1.7753450870513916,1,{},{},{EXIT_CODE_1},"{""analysis unsuccessful, check output.json"",""error parsing results: file could not be opened successfully:
- method gz: ReadError('empty file')
- method bz2: ReadError('not a bzip2 file')
- method xz: ReadError('not an lzma file')
- method tar: ReadError('empty file')"",""exception (crytic_compile.platform.exceptions.InvalidCompilation: Invalid solc compilation Warning: SPDX license identifier not provided in source file. Before publishing, consider adding a comment containing \""SPDX-License-Identifier: <SPDX-License>\"" to each source file. Use \""SPDX-License-Identifier: UNLICENSED\"" for non-open-source code. Please see https://spdx.org for more information.)"",exception (json.decoder.JSONDecodeError: Expecting value: line 1 column 1 (char 0))}"
contracts_output/contracts_output/codellama_contracts/5131.sol,5131.sol,slither-0.11.3,solidity,2025/09/14,20260212_1543,1770911335.8933525,2.3207945823669434,1,{},{},{EXIT_CODE_1},"{""analysis unsuccessful, check output.json"",""error parsing results: file could not be opened successfully:
- method gz: ReadError('empty file')
- method bz2: ReadError('not a bzip2 file')
- method xz: ReadError('not an lzma file')
- method tar: ReadError('empty file')"",""exception (crytic_compile.platform.exceptions.InvalidCompilation: Invalid solc compilation Warning: SPDX license identifier not provided in source file. Before publishing, consider adding a comment containing \""SPDX-License-Identifier: <SPDX-License>\"" to each source file. Use \""SPDX-License-Identifier: UNLICENSED\"" for non-open-source code. Please see https://spdx.org for more information.)"",exception (json.decoder.JSONDecodeError: Expecting value: line 1 column 1 (char 0))}"
contracts_output/contracts_output/codellama_contracts/5169.sol,5169.sol,slither-0.11.3,solidity,2025/09/14,20260212_1543,1770911069.7903442,1.5280704498291016,1,{},{},{EXIT_CODE_1},"{""analysis unsuccessful, check output.json"",""error parsing results: file could not be opened successfully:
- method gz: ReadError('empty file')
- method bz2: ReadError('not a bzip2 file')
- method xz: ReadError('not an lzma file')
- method tar: ReadError('empty file')"",""exception (crytic_compile.platform.exceptions.InvalidCompilation: Invalid solc compilation Warning: SPDX license identifier not provided in source file. Before publishing, consider adding a comment containing \""SPDX-License-Identifier: <SPDX-License>\"" to each source file. Use \""SPDX-License-Identifier: UNLICENSED\"" for non-open-source code. Please see https://spdx.org for more information.)"",exception (json.decoder.JSONDecodeError: Expecting value: line 1 column 1 (char 0))}"
contracts_output/contracts_output/codellama_contracts/517.sol,517.sol,slither-0.11.3,solidity,2025/09/14,20260212_1543,1770911366.4489546,1.6663291454315186,1,{},{},{EXIT_CODE_1},"{""analysis unsuccessful, check output.json"",""error parsing results: file could not be opened successfully:
- method gz: ReadError('empty file')
- method bz2: ReadError('not a bzip2 file')
- method xz: ReadError('not an lzma file')
- method tar: ReadError('empty file')"",""exception (crytic_compile.platform.exceptions.InvalidCompilation: Invalid solc compilation Warning: SPDX license identifier not provided in source file. Before publishing, consider adding a comment containing \""SPDX-License-Identifier: <SPDX-License>\"" to each source file. Use \""SPDX-License-Identifier: UNLICENSED\"" for non-open-source code. Please see https://spdx.org for more information.)"",exception (json.decoder.JSONDecodeError: Expecting value: line 1 column 1 (char 0))}"
contracts_output/contracts_output/codellama_contracts/5173.sol,5173.sol,slither-0.11.3,solidity,2025/09/14,20260212_1543,1770911183.4552534,3.1115167140960693,1,{},{},{EXIT_CODE_1},"{""analysis unsuccessful, check output.json"",""error parsing results: file could not be opened successfully:
- method gz: ReadError('empty file')
- method bz2: ReadError('not a bzip2 file')
- method xz: ReadError('not an lzma file')
- method tar: ReadError('empty file')"",""exception (crytic_compile.platform.exceptions.InvalidCompilation: Invalid solc compilation Warning: SPDX license identifier not provided in source file. Before publishing, consider adding a comment containing \""SPDX-License-Identifier: <SPDX-License>\"" to each source file. Use \""SPDX-License-Identifier: UNLICENSED\"" for non-open-source code. Please see https://spdx.org for more information.)"",exception (json.decoder.JSONDecodeError: Expecting value: line 1 column 1 (char 0))}"
contracts_output/contracts_output/codellama_contracts/5181.sol,5181.sol,slither-0.11.3,solidity,2025/09/14,20260212_1543,1770911182.1888812,1.9530227184295654,1,{},{},{EXIT_CODE_1},"{""analysis unsuccessful, check output.json"",""error parsing results: file could not be opened successfully:
- method gz: ReadError('empty file')
- method bz2: ReadError('not a bzip2 file')
- method xz: ReadError('not an lzma file')
- method tar: ReadError('empty file')"",""exception (crytic_compile.platform.exceptions.InvalidCompilation: Invalid solc compilation Warning: SPDX license identifier not provided in source file. Before publishing, consider adding a comment containing \""SPDX-License-Identifier: <SPDX-License>\"" to each source file. Use \""SPDX-License-Identifier: UNLICENSED\"" for non-open-source code. Please see https://spdx.org for more information.)"",exception (json.decoder.JSONDecodeError: Expecting value: line 1 column 1 (char 0))}"
contracts_output/contracts_output/codellama_contracts/5188.sol,5188.sol,slither-0.11.3,solidity,2025/09/14,20260212_1543,1770911381.225569,1.722661018371582,255,"{dead_code,immutable_states,solc_version}",{},{},{}
contracts_output/contracts_output/codellama_contracts/52.sol,52.sol,slither-0.11.3,solidity,2025/09/14,20260212_1543,1770911047.2438006,1.70512056350708,1,{},{},{EXIT_CODE_1},"{""analysis unsuccessful, check output.json"",""error parsing results: file could not be opened successfully:
- method gz: ReadError('empty file')
- method bz2: ReadError('not a bzip2 file')
- method xz: ReadError('not an lzma file')
- method tar: ReadError('empty file')"",""exception (crytic_compile.platform.exceptions.InvalidCompilation: Invalid solc compilation Warning: SPDX license identifier not provided in source file. Before publishing, consider adding a comment containing \""SPDX-License-Identifier: <SPDX-License>\"" to each source file. Use \""SPDX-License-Identifier: UNLICENSED\"" for non-open-source code. Please see https://spdx.org for more information.)"",exception (json.decoder.JSONDecodeError: Expecting value: line 1 column 1 (char 0))}"
contracts_output/contracts_output/codellama_contracts/5200.sol,5200.sol,slither-0.11.3,solidity,2025/09/14,20260212_1543,1770911069.8960218,1.6975555419921875,1,{},{},{EXIT_CODE_1},"{""analysis unsuccessful, check output.json"",""error parsing results: file could not be opened successfully:
- method gz: ReadError('empty file')
- method bz2: ReadError('not a bzip2 file')
- method xz: ReadError('not an lzma file')
- method tar: ReadError('empty file')"",exception (crytic_compile.platform.exceptions.InvalidCompilation: Invalid solc compilation Error: Expected ';' but got 'public'),exception (json.decoder.JSONDecodeError: Expecting value: line 1 column 1 (char 0))}"
contracts_output/contracts_output/codellama_contracts/521.sol,521.sol,slither-0.11.3,solidity,2025/09/14,20260212_1543,1770911462.2861822,2.0275843143463135,255,"{dead_code,immutable_states,solc_version}",{},{},{}
contracts_output/contracts_output/codellama_contracts/5228.sol,5228.sol,slither-0.11.3,solidity,2025/09/14,20260212_1543,1770911423.7149248,1.7550108432769775,1,{},{},{EXIT_CODE_1},"{""analysis unsuccessful, check output.json"",""error parsing results: file could not be opened successfully:
- method gz: ReadError('empty file')
- method bz2: ReadError('not a bzip2 file')
- method xz: ReadError('not an lzma file')
- method tar: ReadError('empty file')"",""exception (crytic_compile.platform.exceptions.InvalidCompilation: Invalid solc compilation Warning: SPDX license identifier not provided in source file. Before publishing, consider adding a comment containing \""SPDX-License-Identifier: <SPDX-License>\"" to each source file. Use \""SPDX-License-Identifier: UNLICENSED\"" for non-open-source code. Please see https://spdx.org for more information.)"",exception (json.decoder.JSONDecodeError: Expecting value: line 1 column 1 (char 0))}"
contracts_output/contracts_output/codellama_contracts/5253.sol,5253.sol,slither-0.11.3,solidity,2025/09/14,20260212_1543,1770911077.3592465,1.7029190063476562,1,{},{},{EXIT_CODE_1},"{""analysis unsuccessful, check output.json"",""error parsing results: file could not be opened successfully:
- method gz: ReadError('empty file')
- method bz2: ReadError('not a bzip2 file')
- method xz: ReadError('not an lzma file')
- method tar: ReadError('empty file')"",""exception (crytic_compile.platform.exceptions.InvalidCompilation: Invalid solc compilation Warning: SPDX license identifier not provided in source file. Before publishing, consider adding a comment containing \""SPDX-License-Identifier: <SPDX-License>\"" to each source file. Use \""SPDX-License-Identifier: UNLICENSED\"" for non-open-source code. Please see https://spdx.org for more information.)"",exception (json.decoder.JSONDecodeError: Expecting value: line 1 column 1 (char 0))}"
contracts_output/contracts_output/codellama_contracts/527.sol,527.sol,slither-0.11.3,solidity,2025/09/14,20260212_1543,1770911033.3376014,3.173093318939209,1,{},{},{EXIT_CODE_1},"{""analysis unsuccessful, check output.json"",""error parsing results: file could not be opened successfully:
- method gz: ReadError('empty file')
- method bz2: ReadError('not a bzip2 file')
- method xz: ReadError('not an lzma file')
- method tar: ReadError('empty file')"",""exception (crytic_compile.platform.exceptions.InvalidCompilation: Invalid solc compilation Warning: SPDX license identifier not provided in source file. Before publishing, consider adding a comment containing \""SPDX-License-Identifier: <SPDX-License>\"" to each source file. Use \""SPDX-License-Identifier: UNLICENSED\"" for non-open-source code. Please see https://spdx.org for more information.)"",exception (json.decoder.JSONDecodeError: Expecting value: line 1 column 1 (char 0))}"
contracts_output/contracts_output/codellama_contracts/5294.sol,5294.sol,slither-0.11.3,solidity,2025/09/14,20260212_1543,1770911446.753306,1.8641657829284668,1,{},{},{EXIT_CODE_1},"{""analysis unsuccessful, check output.json"",""error parsing results: file could not be opened successfully:
- method gz: ReadError('empty file')
- method bz2: ReadError('not a bzip2 file')
- method xz: ReadError('not an lzma file')
- method tar: ReadError('empty file')"",""exception (crytic_compile.platform.exceptions.InvalidCompilation: Invalid solc compilation Warning: SPDX license identifier not provided in source file. Before publishing, consider adding a comment containing \""SPDX-License-Identifier: <SPDX-License>\"" to each source file. Use \""SPDX-License-Identifier: UNLICENSED\"" for non-open-source code. Please see https://spdx.org for more information.)"",exception (json.decoder.JSONDecodeError: Expecting value: line 1 column 1 (char 0))}"
contracts_output/contracts_output/codellama_contracts/5296.sol,5296.sol,slither-0.11.3,solidity,2025/09/14,20260212_1543,1770911452.3671703,1.9008069038391113,1,{},{},{EXIT_CODE_1},"{""analysis unsuccessful, check output.json"",""error parsing results: file could not be opened successfully:
- method gz: ReadError('empty file')
- method bz2: ReadError('not a bzip2 file')
- method xz: ReadError('not an lzma file')
- method tar: ReadError('empty file')"",""exception (crytic_compile.platform.exceptions.InvalidCompilation: Invalid solc compilation Warning: SPDX license identifier not provided in source file. Before publishing, consider adding a comment containing \""SPDX-License-Identifier: <SPDX-License>\"" to each source file. Use \""SPDX-License-Identifier: UNLICENSED\"" for non-open-source code. Please see https://spdx.org for more information.)"",exception (json.decoder.JSONDecodeError: Expecting value: line 1 column 1 (char 0))}"
contracts_output/contracts_output/codellama_contracts/5300.sol,5300.sol,slither-0.11.3,solidity,2025/09/14,20260212_1543,1770911490.951289,1.5584511756896973,1,{},{},{EXIT_CODE_1},"{""analysis unsuccessful, check output.json"",""error parsing results: file could not be opened successfully:
- method gz: ReadError('empty file')
- method bz2: ReadError('not a bzip2 file')
- method xz: ReadError('not an lzma file')
- method tar: ReadError('empty file')"",""exception (crytic_compile.platform.exceptions.InvalidCompilation: Invalid solc compilation Warning: SPDX license identifier not provided in source file. Before publishing, consider adding a comment containing \""SPDX-License-Identifier: <SPDX-License>\"" to each source file. Use \""SPDX-License-Identifier: UNLICENSED\"" for non-open-source code. Please see https://spdx.org for more information.)"",exception (json.decoder.JSONDecodeError: Expecting value: line 1 column 1 (char 0))}"
contracts_output/contracts_output/codellama_contracts/5313.sol,5313.sol,slither-0.11.3,solidity,2025/09/14,20260212_1543,1770911439.2933984,1.8000261783599854,1,{},{},{EXIT_CODE_1},"{""analysis unsuccessful, check output.json"",""error parsing results: file could not be opened successfully:
- method gz: ReadError('empty file')
- method bz2: ReadError('not a bzip2 file')
- method xz: ReadError('not an lzma file')
- method tar: ReadError('empty file')"",""exception (crytic_compile.platform.exceptions.InvalidCompilation: Invalid solc compilation Warning: SPDX license identifier not provided in source file. Before publishing, consider adding a comment containing \""SPDX-License-Identifier: <SPDX-License>\"" to each source file. Use \""SPDX-License-Identifier: UNLICENSED\"" for non-open-source code. Please see https://spdx.org for more information.)"",exception (json.decoder.JSONDecodeError: Expecting value: line 1 column 1 (char 0))}"
contracts_output/contracts_output/codellama_contracts/5314.sol,5314.sol,slither-0.11.3,solidity,2025/09/14,20260212_1543,1770911214.8295293,2.027477264404297,1,{},{},{EXIT_CODE_1},"{""analysis unsuccessful, check output.json"",""error parsing results: file could not be opened successfully:
- method gz: ReadError('empty file')
- method bz2: ReadError('not a bzip2 file')
- method xz: ReadError('not an lzma file')
- method tar: ReadError('empty file')"",""exception (crytic_compile.platform.exceptions.InvalidCompilation: Invalid solc compilation Error: Expected pragma, import directive or contract/interface/library/struct/enum/constant/function/error definition.)"",exception (json.decoder.JSONDecodeError: Expecting value: line 1 column 1 (char 0))}"
contracts_output/contracts_output/codellama_contracts/5346.sol,5346.sol,slither-0.11.3,solidity,2025/09/14,20260212_1543,1770911434.8477404,2.0776054859161377,1,{},{},{EXIT_CODE_1},"{""analysis unsuccessful, check output.json"",""error parsing results: file could not be opened successfully:
- method gz: ReadError('empty file')
- method bz2: ReadError('not a bzip2 file')
- method xz: ReadError('not an lzma file')
- method tar: ReadError('empty file')"",""exception (crytic_compile.platform.exceptions.InvalidCompilation: Invalid solc compilation Warning: SPDX license identifier not provided in source file. Before publishing, consider adding a comment containing \""SPDX-License-Identifier: <SPDX-License>\"" to each source file. Use \""SPDX-License-Identifier: UNLICENSED\"" for non-open-source code. Please see https://spdx.org for more information.)"",exception (json.decoder.JSONDecodeError: Expecting value: line 1 column 1 (char 0))}"
contracts_output/contracts_output/codellama_contracts/5392.sol,5392.sol,slither-0.11.3,solidity,2025/09/14,20260212_1543,1770911315.9265602,10.559178113937378,1,{},{},{EXIT_CODE_1},"{""analysis unsuccessful, check output.json"",""error parsing results: file could not be opened successfully:
- method gz: ReadError('empty file')
- method bz2: ReadError('not a bzip2 file')
- method xz: ReadError('not an lzma file')
- method tar: ReadError('empty file')"",""exception (crytic_compile.platform.exceptions.InvalidCompilation: Invalid solc compilation Error: Member \""approvedLender\"" not found or not visible after argument-dependent lookup in struct LoanTransfer.Loan storage ref.)"",exception (json.decoder.JSONDecodeError: Expecting value: line 1 column 1 (char 0))}"
contracts_output/contracts_output/codellama_contracts/5397.sol,5397.sol,slither-0.11.3,solidity,2025/09/14,20260212_1543,1770911440.031082,1.8446838855743408,1,{},{},{EXIT_CODE_1},"{""analysis unsuccessful, check output.json"",""error parsing results: file could not be opened successfully:
- method gz: ReadError('empty file')
- method bz2: ReadError('not a bzip2 file')
- method xz: ReadError('not an lzma file')
- method tar: ReadError('empty file')"",""exception (crytic_compile.platform.exceptions.InvalidCompilation: Invalid solc compilation Warning: SPDX license identifier not provided in source file. Before publishing, consider adding a comment containing \""SPDX-License-Identifier: <SPDX-License>\"" to each source file. Use \""SPDX-License-Identifier: UNLICENSED\"" for non-open-source code. Please see https://spdx.org for more information.)"",exception (json.decoder.JSONDecodeError: Expecting value: line 1 column 1 (char 0))}"
contracts_output/contracts_output/codellama_contracts/5406.sol,5406.sol,slither-0.11.3,solidity,2025/09/14,20260212_1543,1770911036.195105,2.318594455718994,1,{},{},{EXIT_CODE_1},"{""analysis unsuccessful, check output.json"",""error parsing results: file could not be opened successfully:
- method gz: ReadError('empty file')
- method bz2: ReadError('not a bzip2 file')
- method xz: ReadError('not an lzma file')
- method tar: ReadError('empty file')"",""exception (crytic_compile.platform.exceptions.InvalidCompilation: Invalid solc compilation Warning: SPDX license identifier not provided in source file. Before publishing, consider adding a comment containing \""SPDX-License-Identifier: <SPDX-License>\"" to each source file. Use \""SPDX-License-Identifier: UNLICENSED\"" for non-open-source code. Please see https://spdx.org for more information.)"",exception (json.decoder.JSONDecodeError: Expecting value: line 1 column 1 (char 0))}"
contracts_output/contracts_output/codellama_contracts/5414.sol,5414.sol,slither-0.11.3,solidity,2025/09/14,20260212_1543,1770911050.599626,1.5553135871887207,1,{},{},{EXIT_CODE_1},"{""analysis unsuccessful, check output.json"",""error parsing results: file could not be opened successfully:
- method gz: ReadError('empty file')
- method bz2: ReadError('not a bzip2 file')
- method xz: ReadError('not an lzma file')
- method tar: ReadError('empty file')"",""exception (crytic_compile.platform.exceptions.InvalidCompilation: Invalid solc compilation Warning: SPDX license identifier not provided in source file. Before publishing, consider adding a comment containing \""SPDX-License-Identifier: <SPDX-License>\"" to each source file. Use \""SPDX-License-Identifier: UNLICENSED\"" for non-open-source code. Please see https://spdx.org for more information.)"",exception (json.decoder.JSONDecodeError: Expecting value: line 1 column 1 (char 0))}"
contracts_output/contracts_output/codellama_contracts/5432.sol,5432.sol,slither-0.11.3,solidity,2025/09/14,20260212_1543,1770911307.8597054,1.8382229804992676,1,{},{},{EXIT_CODE_1},"{""analysis unsuccessful, check output.json"",""error parsing results: file could not be opened successfully:
- method gz: ReadError('empty file')
- method bz2: ReadError('not a bzip2 file')
- method xz: ReadError('not an lzma file')
- method tar: ReadError('empty file')"",""exception (crytic_compile.platform.exceptions.InvalidCompilation: Invalid solc compilation Warning: SPDX license identifier not provided in source file. Before publishing, consider adding a comment containing \""SPDX-License-Identifier: <SPDX-License>\"" to each source file. Use \""SPDX-License-Identifier: UNLICENSED\"" for non-open-source code. Please see https://spdx.org for more information.)"",exception (json.decoder.JSONDecodeError: Expecting value: line 1 column 1 (char 0))}"
contracts_output/contracts_output/codellama_contracts/5444.sol,5444.sol,slither-0.11.3,solidity,2025/09/14,20260212_1543,1770911246.722321,1.5489637851715088,255,"{dead_code,immutable_states,naming_convention,solc_version,too_many_digits}",{},{},{}
contracts_output/contracts_output/codellama_contracts/5459.sol,5459.sol,slither-0.11.3,solidity,2025/09/14,20260212_1543,1770911125.4618587,1.509187936782837,1,{},{},{EXIT_CODE_1},"{""analysis unsuccessful, check output.json"",""error parsing results: file could not be opened successfully:
- method gz: ReadError('empty file')
- method bz2: ReadError('not a bzip2 file')
- method xz: ReadError('not an lzma file')
- method tar: ReadError('empty file')"",exception (crytic_compile.platform.exceptions.InvalidCompilation: Invalid solc compilation Error: Expected primary expression.),exception (json.decoder.JSONDecodeError: Expecting value: line 1 column 1 (char 0))}"
contracts_output/contracts_output/codellama_contracts/5466.sol,5466.sol,slither-0.11.3,solidity,2025/09/14,20260212_1543,1770911473.2188647,1.5243861675262451,1,{},{},{EXIT_CODE_1},"{""analysis unsuccessful, check output.json"",""error parsing results: file could not be opened successfully:
- method gz: ReadError('empty file')
- method bz2: ReadError('not a bzip2 file')
- method xz: ReadError('not an lzma file')
- method tar: ReadError('empty file')"",""exception (crytic_compile.platform.exceptions.InvalidCompilation: Invalid solc compilation Warning: SPDX license identifier not provided in source file. Before publishing, consider adding a comment containing \""SPDX-License-Identifier: <SPDX-License>\"" to each source file. Use \""SPDX-License-Identifier: UNLICENSED\"" for non-open-source code. Please see https://spdx.org for more information.)"",exception (json.decoder.JSONDecodeError: Expecting value: line 1 column 1 (char 0))}"
contracts_output/contracts_output/codellama_contracts/5478.sol,5478.sol,slither-0.11.3,solidity,2025/09/14,20260212_1543,1770911483.5493026,1.7117021083831787,1,{},{},{EXIT_CODE_1},"{""analysis unsuccessful, check output.json"",""error parsing results: file could not be opened successfully:
- method gz: ReadError('empty file')
- method bz2: ReadError('not a bzip2 file')
- method xz: ReadError('not an lzma file')
- method tar: ReadError('empty file')"",exception (crytic_compile.platform.exceptions.InvalidCompilation: Invalid solc compilation Error: Expected primary expression.),exception (json.decoder.JSONDecodeError: Expecting value: line 1 column 1 (char 0))}"
contracts_output/contracts_output/codellama_contracts/5480.sol,5480.sol,slither-0.11.3,solidity,2025/09/14,20260212_1543,1770911347.9418457,2.115906238555908,1,{},{},{EXIT_CODE_1},"{""analysis unsuccessful, check output.json"",""error parsing results: file could not be opened successfully:
- method gz: ReadError('empty file')
- method bz2: ReadError('not a bzip2 file')
- method xz: ReadError('not an lzma file')
- method tar: ReadError('empty file')"",""exception (crytic_compile.platform.exceptions.InvalidCompilation: Invalid solc compilation Warning: SPDX license identifier not provided in source file. Before publishing, consider adding a comment containing \""SPDX-License-Identifier: <SPDX-License>\"" to each source file. Use \""SPDX-License-Identifier: UNLICENSED\"" for non-open-source code. Please see https://spdx.org for more information.)"",exception (json.decoder.JSONDecodeError: Expecting value: line 1 column 1 (char 0))}"
contracts_output/contracts_output/codellama_contracts/5481.sol,5481.sol,slither-0.11.3,solidity,2025/09/14,20260212_1543,1770911352.327418,1.6472804546356201,1,{},{},{EXIT_CODE_1},"{""analysis unsuccessful, check output.json"",""error parsing results: file could not be opened successfully:
- method gz: ReadError('empty file')
- method bz2: ReadError('not a bzip2 file')
- method xz: ReadError('not an lzma file')
- method tar: ReadError('empty file')"",""exception (crytic_compile.platform.exceptions.InvalidCompilation: Invalid solc compilation Warning: SPDX license identifier not provided in source file. Before publishing, consider adding a comment containing \""SPDX-License-Identifier: <SPDX-License>\"" to each source file. Use \""SPDX-License-Identifier: UNLICENSED\"" for non-open-source code. Please see https://spdx.org for more information.)"",exception (json.decoder.JSONDecodeError: Expecting value: line 1 column 1 (char 0))}"
contracts_output/contracts_output/codellama_contracts/5497.sol,5497.sol,slither-0.11.3,solidity,2025/09/14,20260212_1543,1770911061.5271628,1.8055567741394043,255,"{dead_code,solc_version}",{},{},{}
contracts_output/contracts_output/codellama_contracts/5500.sol,5500.sol,slither-0.11.3,solidity,2025/09/14,20260212_1543,1770911389.0439444,2.07724928855896,1,{},{},{EXIT_CODE_1},"{""analysis unsuccessful, check output.json"",""error parsing results: file could not be opened successfully:
- method gz: ReadError('empty file')
- method bz2: ReadError('not a bzip2 file')
- method xz: ReadError('not an lzma file')
- method tar: ReadError('empty file')"",""exception (crytic_compile.platform.exceptions.InvalidCompilation: Invalid solc compilation Warning: SPDX license identifier not provided in source file. Before publishing, consider adding a comment containing \""SPDX-License-Identifier: <SPDX-License>\"" to each source file. Use \""SPDX-License-Identifier: UNLICENSED\"" for non-open-source code. Please see https://spdx.org for more information.)"",exception (json.decoder.JSONDecodeError: Expecting value: line 1 column 1 (char 0))}"
contracts_output/contracts_output/codellama_contracts/5527.sol,5527.sol,slither-0.11.3,solidity,2025/09/14,20260212_1543,1770911348.57728,3.076744318008423,1,{},{},{EXIT_CODE_1},"{""analysis unsuccessful, check output.json"",""error parsing results: file could not be opened successfully:
- method gz: ReadError('empty file')
- method bz2: ReadError('not a bzip2 file')
- method xz: ReadError('not an lzma file')
- method tar: ReadError('empty file')"",""exception (crytic_compile.platform.exceptions.InvalidCompilation: Invalid solc compilation Warning: SPDX license identifier not provided in source file. Before publishing, consider adding a comment containing \""SPDX-License-Identifier: <SPDX-License>\"" to each source file. Use \""SPDX-License-Identifier: UNLICENSED\"" for non-open-source code. Please see https://spdx.org for more information.)"",exception (json.decoder.JSONDecodeError: Expecting value: line 1 column 1 (char 0))}"
contracts_output/contracts_output/codellama_contracts/5531.sol,5531.sol,slither-0.11.3,solidity,2025/09/14,20260212_1543,1770911428.668442,1.6270220279693604,1,{},{},{EXIT_CODE_1},"{""analysis unsuccessful, check output.json"",""error parsing results: file could not be opened successfully:
- method gz: ReadError('empty file')
- method bz2: ReadError('not a bzip2 file')
- method xz: ReadError('not an lzma file')
- method tar: ReadError('empty file')"",""exception (crytic_compile.platform.exceptions.InvalidCompilation: Invalid solc compilation Warning: SPDX license identifier not provided in source file. Before publishing, consider adding a comment containing \""SPDX-License-Identifier: <SPDX-License>\"" to each source file. Use \""SPDX-License-Identifier: UNLICENSED\"" for non-open-source code. Please see https://spdx.org for more information.)"",exception (json.decoder.JSONDecodeError: Expecting value: line 1 column 1 (char 0))}"
contracts_output/contracts_output/codellama_contracts/5534.sol,5534.sol,slither-0.11.3,solidity,2025/09/14,20260212_1543,1770911215.8878143,1.8043150901794434,255,"{dead_code,solc_version}",{},{},{}
contracts_output/contracts_output/codellama_contracts/5542.sol,5542.sol,slither-0.11.3,solidity,2025/09/14,20260212_1543,1770911364.7303033,1.3468952178955078,1,{},{},{EXIT_CODE_1},"{""analysis unsuccessful, check output.json"",""error parsing results: file could not be opened successfully:
- method gz: ReadError('empty file')
- method bz2: ReadError('not a bzip2 file')
- method xz: ReadError('not an lzma file')
- method tar: ReadError('empty file')"",""exception (crytic_compile.platform.exceptions.InvalidCompilation: Invalid solc compilation Warning: SPDX license identifier not provided in source file. Before publishing, consider adding a comment containing \""SPDX-License-Identifier: <SPDX-License>\"" to each source file. Use \""SPDX-License-Identifier: UNLICENSED\"" for non-open-source code. Please see https://spdx.org for more information.)"",exception (json.decoder.JSONDecodeError: Expecting value: line 1 column 1 (char 0))}"
contracts_output/contracts_output/codellama_contracts/5584.sol,5584.sol,slither-0.11.3,solidity,2025/09/14,20260212_1543,1770911286.1317718,1.4895198345184326,1,{},{},{EXIT_CODE_1},"{""analysis unsuccessful, check output.json"",""error parsing results: file could not be opened successfully:
- method gz: ReadError('empty file')
- method bz2: ReadError('not a bzip2 file')
- method xz: ReadError('not an lzma file')
- method tar: ReadError('empty file')"",""exception (crytic_compile.platform.exceptions.InvalidCompilation: Invalid solc compilation Warning: SPDX license identifier not provided in source file. Before publishing, consider adding a comment containing \""SPDX-License-Identifier: <SPDX-License>\"" to each source file. Use \""SPDX-License-Identifier: UNLICENSED\"" for non-open-source code. Please see https://spdx.org for more information.)"",exception (json.decoder.JSONDecodeError: Expecting value: line 1 column 1 (char 0))}"
contracts_output/contracts_output/codellama_contracts/5602.sol,5602.sol,slither-0.11.3,solidity,2025/09/14,20260212_1543,1770911511.5066943,1.5541210174560547,1,{},{},{EXIT_CODE_1},"{""analysis unsuccessful, check output.json"",""error parsing results: file could not be opened successfully:
- method gz: ReadError('empty file')
- method bz2: ReadError('not a bzip2 file')
- method xz: ReadError('not an lzma file')
- method tar: ReadError('empty file')"",""exception (crytic_compile.platform.exceptions.InvalidCompilation: Invalid solc compilation Warning: SPDX license identifier not provided in source file. Before publishing, consider adding a comment containing \""SPDX-License-Identifier: <SPDX-License>\"" to each source file. Use \""SPDX-License-Identifier: UNLICENSED\"" for non-open-source code. Please see https://spdx.org for more information.)"",exception (json.decoder.JSONDecodeError: Expecting value: line 1 column 1 (char 0))}"
contracts_output/contracts_output/codellama_contracts/5609.sol,5609.sol,slither-0.11.3,solidity,2025/09/14,20260212_1543,1770911378.6853206,2.145352602005005,255,"{dead_code,naming_convention,solc_version}",{},{},{}
contracts_output/contracts_output/codellama_contracts/5627.sol,5627.sol,slither-0.11.3,solidity,2025/09/14,20260212_1543,1770911185.479609,2.7809791564941406,255,"{dead_code,naming_convention,shadowing_local,solc_version,tautology}",{},{},{}
contracts_output/contracts_output/codellama_contracts/5639.sol,5639.sol,slither-0.11.3,solidity,2025/09/14,20260212_1543,1770911244.8654797,1.5402278900146484,1,{},{},{EXIT_CODE_1},"{""analysis unsuccessful, check output.json"",""error parsing results: file could not be opened successfully:
- method gz: ReadError('empty file')
- method bz2: ReadError('not a bzip2 file')
- method xz: ReadError('not an lzma file')
- method tar: ReadError('empty file')"",""exception (crytic_compile.platform.exceptions.InvalidCompilation: Invalid solc compilation Warning: SPDX license identifier not provided in source file. Before publishing, consider adding a comment containing \""SPDX-License-Identifier: <SPDX-License>\"" to each source file. Use \""SPDX-License-Identifier: UNLICENSED\"" for non-open-source code. Please see https://spdx.org for more information.)"",exception (json.decoder.JSONDecodeError: Expecting value: line 1 column 1 (char 0))}"
contracts_output/contracts_output/codellama_contracts/5641.sol,5641.sol,slither-0.11.3,solidity,2025/09/14,20260212_1543,1770911255.249368,1.9030225276947021,1,{},{},{EXIT_CODE_1},"{""analysis unsuccessful, check output.json"",""error parsing results: file could not be opened successfully:
- method gz: ReadError('empty file')
- method bz2: ReadError('not a bzip2 file')
- method xz: ReadError('not an lzma file')
- method tar: ReadError('empty file')"",""exception (crytic_compile.platform.exceptions.InvalidCompilation: Invalid solc compilation Warning: SPDX license identifier not provided in source file. Before publishing, consider adding a comment containing \""SPDX-License-Identifier: <SPDX-License>\"" to each source file. Use \""SPDX-License-Identifier: UNLICENSED\"" for non-open-source code. Please see https://spdx.org for more information.)"",exception (json.decoder.JSONDecodeError: Expecting value: line 1 column 1 (char 0))}"
contracts_output/contracts_output/codellama_contracts/5648.sol,5648.sol,slither-0.11.3,solidity,2025/09/14,20260212_1543,1770911183.5568118,3.287627696990967,255,"{constable_states,dead_code,naming_convention,shadowing_local,solc_version}",{},{},{}
contracts_output/contracts_output/codellama_contracts/565.sol,565.sol,slither-0.11.3,solidity,2025/09/14,20260212_1543,1770911079.6343772,1.065187931060791,1,{},{},{EXIT_CODE_1},"{""analysis unsuccessful, check output.json"",""error parsing results: file could not be opened successfully:
- method gz: ReadError('empty file')
- method bz2: ReadError('not a bzip2 file')
- method xz: ReadError('not an lzma file')
- method tar: ReadError('empty file')"",""exception (crytic_compile.platform.exceptions.InvalidCompilation: Invalid solc compilation Warning: SPDX license identifier not provided in source file. Before publishing, consider adding a comment containing \""SPDX-License-Identifier: <SPDX-License>\"" to each source file. Use \""SPDX-License-Identifier: UNLICENSED\"" for non-open-source code. Please see https://spdx.org for more information.)"",exception (json.decoder.JSONDecodeError: Expecting value: line 1 column 1 (char 0))}"
contracts_output/contracts_output/codellama_contracts/5667.sol,5667.sol,slither-0.11.3,solidity,2025/09/14,20260212_1543,1770911287.8331583,1.6603271961212158,1,{},{},{EXIT_CODE_1},"{""analysis unsuccessful, check output.json"",""error parsing results: file could not be opened successfully:
- method gz: ReadError('empty file')
- method bz2: ReadError('not a bzip2 file')
- method xz: ReadError('not an lzma file')
- method tar: ReadError('empty file')"",""exception (crytic_compile.platform.exceptions.InvalidCompilation: Invalid solc compilation Warning: SPDX license identifier not provided in source file. Before publishing, consider adding a comment containing \""SPDX-License-Identifier: <SPDX-License>\"" to each source file. Use \""SPDX-License-Identifier: UNLICENSED\"" for non-open-source code. Please see https://spdx.org for more information.)"",exception (json.decoder.JSONDecodeError: Expecting value: line 1 column 1 (char 0))}"
contracts_output/contracts_output/codellama_contracts/5679.sol,5679.sol,slither-0.11.3,solidity,2025/09/14,20260212_1543,1770911333.3997552,2.5073094367980957,1,{},{},{EXIT_CODE_1},"{""analysis unsuccessful, check output.json"",""error parsing results: file could not be opened successfully:
- method gz: ReadError('empty file')
- method bz2: ReadError('not a bzip2 file')
- method xz: ReadError('not an lzma file')
- method tar: ReadError('empty file')"",""exception (crytic_compile.platform.exceptions.InvalidCompilation: Invalid solc compilation Warning: SPDX license identifier not provided in source file. Before publishing, consider adding a comment containing \""SPDX-License-Identifier: <SPDX-License>\"" to each source file. Use \""SPDX-License-Identifier: UNLICENSED\"" for non-open-source code. Please see https://spdx.org for more information.)"",exception (json.decoder.JSONDecodeError: Expecting value: line 1 column 1 (char 0))}"
contracts_output/contracts_output/codellama_contracts/5691.sol,5691.sol,slither-0.11.3,solidity,2025/09/14,20260212_1543,1770911166.8530416,2.445108413696289,255,"{dead_code,solc_version}",{},{},{}
contracts_output/contracts_output/codellama_contracts/5701.sol,5701.sol,slither-0.11.3,solidity,2025/09/14,20260212_1543,1770911484.1847525,1.980266809463501,255,"{dead_code,solc_version}",{},{},{}
contracts_output/contracts_output/codellama_contracts/5707.sol,5707.sol,slither-0.11.3,solidity,2025/09/14,20260212_1543,1770911343.2524867,2.2712061405181885,1,{},{},{EXIT_CODE_1},"{""analysis unsuccessful, check output.json"",""error parsing results: file could not be opened successfully:
- method gz: ReadError('empty file')
- method bz2: ReadError('not a bzip2 file')
- method xz: ReadError('not an lzma file')
- method tar: ReadError('empty file')"",""exception (crytic_compile.platform.exceptions.InvalidCompilation: Invalid solc compilation Warning: SPDX license identifier not provided in source file. Before publishing, consider adding a comment containing \""SPDX-License-Identifier: <SPDX-License>\"" to each source file. Use \""SPDX-License-Identifier: UNLICENSED\"" for non-open-source code. Please see https://spdx.org for more information.)"",exception (json.decoder.JSONDecodeError: Expecting value: line 1 column 1 (char 0))}"
contracts_output/contracts_output/codellama_contracts/5732.sol,5732.sol,slither-0.11.3,solidity,2025/09/14,20260212_1543,1770911110.8255928,1.4407837390899658,1,{},{},{EXIT_CODE_1},"{""analysis unsuccessful, check output.json"",""error parsing results: file could not be opened successfully:
- method gz: ReadError('empty file')
- method bz2: ReadError('not a bzip2 file')
- method xz: ReadError('not an lzma file')
- method tar: ReadError('empty file')"",""exception (crytic_compile.platform.exceptions.InvalidCompilation: Invalid solc compilation Warning: SPDX license identifier not provided in source file. Before publishing, consider adding a comment containing \""SPDX-License-Identifier: <SPDX-License>\"" to each source file. Use \""SPDX-License-Identifier: UNLICENSED\"" for non-open-source code. Please see https://spdx.org for more information.)"",exception (json.decoder.JSONDecodeError: Expecting value: line 1 column 1 (char 0))}"
contracts_output/contracts_output/codellama_contracts/5733.sol,5733.sol,slither-0.11.3,solidity,2025/09/14,20260212_1543,1770911353.7142806,1.7773208618164062,1,{},{},{EXIT_CODE_1},"{""analysis unsuccessful, check output.json"",""error parsing results: file could not be opened successfully:
- method gz: ReadError('empty file')
- method bz2: ReadError('not a bzip2 file')
- method xz: ReadError('not an lzma file')
- method tar: ReadError('empty file')"",""exception (crytic_compile.platform.exceptions.InvalidCompilation: Invalid solc compilation Warning: SPDX license identifier not provided in source file. Before publishing, consider adding a comment containing \""SPDX-License-Identifier: <SPDX-License>\"" to each source file. Use \""SPDX-License-Identifier: UNLICENSED\"" for non-open-source code. Please see https://spdx.org for more information.)"",exception (json.decoder.JSONDecodeError: Expecting value: line 1 column 1 (char 0))}"
contracts_output/contracts_output/codellama_contracts/5740.sol,5740.sol,slither-0.11.3,solidity,2025/09/14,20260212_1543,1770911315.709787,10.717511653900146,1,{},{},{EXIT_CODE_1},"{""analysis unsuccessful, check output.json"",""error parsing results: file could not be opened successfully:
- method gz: ReadError('empty file')
- method bz2: ReadError('not a bzip2 file')
- method xz: ReadError('not an lzma file')
- method tar: ReadError('empty file')"",""exception (crytic_compile.platform.exceptions.InvalidCompilation: Invalid solc compilation Warning: SPDX license identifier not provided in source file. Before publishing, consider adding a comment containing \""SPDX-License-Identifier: <SPDX-License>\"" to each source file. Use \""SPDX-License-Identifier: UNLICENSED\"" for non-open-source code. Please see https://spdx.org for more information.)"",exception (json.decoder.JSONDecodeError: Expecting value: line 1 column 1 (char 0))}"
contracts_output/contracts_output/codellama_contracts/5759.sol,5759.sol,slither-0.11.3,solidity,2025/09/14,20260212_1543,1770911394.0000637,2.322648763656616,1,{},{},{EXIT_CODE_1},"{""analysis unsuccessful, check output.json"",""error parsing results: file could not be opened successfully:
- method gz: ReadError('empty file')
- method bz2: ReadError('not a bzip2 file')
- method xz: ReadError('not an lzma file')
- method tar: ReadError('empty file')"",""exception (crytic_compile.platform.exceptions.InvalidCompilation: Invalid solc compilation Warning: SPDX license identifier not provided in source file. Before publishing, consider adding a comment containing \""SPDX-License-Identifier: <SPDX-License>\"" to each source file. Use \""SPDX-License-Identifier: UNLICENSED\"" for non-open-source code. Please see https://spdx.org for more information.)"",exception (json.decoder.JSONDecodeError: Expecting value: line 1 column 1 (char 0))}"
contracts_output/contracts_output/codellama_contracts/5765.sol,5765.sol,slither-0.11.3,solidity,2025/09/14,20260212_1543,1770911337.4677033,2.433879852294922,255,"{dead_code,naming_convention,solc_version}",{},{},{}
contracts_output/contracts_output/codellama_contracts/5767.sol,5767.sol,slither-0.11.3,solidity,2025/09/14,20260212_1543,1770911144.9349089,1.6908092498779297,1,{},{},{EXIT_CODE_1},"{""analysis unsuccessful, check output.json"",""error parsing results: file could not be opened successfully:
- method gz: ReadError('empty file')
- method bz2: ReadError('not a bzip2 file')
- method xz: ReadError('not an lzma file')
- method tar: ReadError('empty file')"",""exception (crytic_compile.platform.exceptions.InvalidCompilation: Invalid solc compilation Warning: SPDX license identifier not provided in source file. Before publishing, consider adding a comment containing \""SPDX-License-Identifier: <SPDX-License>\"" to each source file. Use \""SPDX-License-Identifier: UNLICENSED\"" for non-open-source code. Please see https://spdx.org for more information.)"",exception (json.decoder.JSONDecodeError: Expecting value: line 1 column 1 (char 0))}"
contracts_output/contracts_output/codellama_contracts/5781.sol,5781.sol,slither-0.11.3,solidity,2025/09/14,20260212_1543,1770911127.718861,1.4172735214233398,255,"{dead_code,shadowing_local,solc_version}",{},{},{}
contracts_output/contracts_output/codellama_contracts/5791.sol,5791.sol,slither-0.11.3,solidity,2025/09/14,20260212_1543,1770911029.8824542,2.9556198120117188,1,{},{},{EXIT_CODE_1},"{""analysis unsuccessful, check output.json"",""error parsing results: file could not be opened successfully:
- method gz: ReadError('empty file')
- method bz2: ReadError('not a bzip2 file')
- method xz: ReadError('not an lzma file')
- method tar: ReadError('empty file')"",""exception (crytic_compile.platform.exceptions.InvalidCompilation: Invalid solc compilation Warning: SPDX license identifier not provided in source file. Before publishing, consider adding a comment containing \""SPDX-License-Identifier: <SPDX-License>\"" to each source file. Use \""SPDX-License-Identifier: UNLICENSED\"" for non-open-source code. Please see https://spdx.org for more information.)"",exception (json.decoder.JSONDecodeError: Expecting value: line 1 column 1 (char 0))}"
contracts_output/contracts_output/codellama_contracts/5799.sol,5799.sol,slither-0.11.3,solidity,2025/09/14,20260212_1543,1770911027.5433729,2.456331968307495,1,{},{},{EXIT_CODE_1},"{""analysis unsuccessful, check output.json"",""error parsing results: file could not be opened successfully:
- method gz: ReadError('empty file')
- method bz2: ReadError('not a bzip2 file')
- method xz: ReadError('not an lzma file')
- method tar: ReadError('empty file')"",exception (crytic_compile.platform.exceptions.InvalidCompilation: Invalid solc compilation Error: Expected identifier but got 'constructor'),exception (json.decoder.JSONDecodeError: Expecting value: line 1 column 1 (char 0))}"
contracts_output/contracts_output/codellama_contracts/5800.sol,5800.sol,slither-0.11.3,solidity,2025/09/14,20260212_1543,1770911258.8656425,1.6834418773651123,1,{},{},{EXIT_CODE_1},"{""analysis unsuccessful, check output.json"",""error parsing results: file could not be opened successfully:
- method gz: ReadError('empty file')
- method bz2: ReadError('not a bzip2 file')
- method xz: ReadError('not an lzma file')
- method tar: ReadError('empty file')"",exception (crytic_compile.platform.exceptions.InvalidCompilation: Invalid solc compilation Error: Expected primary expression.),exception (json.decoder.JSONDecodeError: Expecting value: line 1 column 1 (char 0))}"
contracts_output/contracts_output/codellama_contracts/5804.sol,5804.sol,slither-0.11.3,solidity,2025/09/14,20260212_1543,1770911026.2337368,2.7491872310638428,255,"{dead_code,naming_convention,solc_version}",{},{},{}
contracts_output/contracts_output/codellama_contracts/5822.sol,5822.sol,slither-0.11.3,solidity,2025/09/14,20260212_1543,1770911481.6478267,1.557487964630127,1,{},{},{EXIT_CODE_1},"{""analysis unsuccessful, check output.json"",""error parsing results: file could not be opened successfully:
- method gz: ReadError('empty file')
- method bz2: ReadError('not a bzip2 file')
- method xz: ReadError('not an lzma file')
- method tar: ReadError('empty file')"",""exception (crytic_compile.platform.exceptions.InvalidCompilation: Invalid solc compilation Warning: SPDX license identifier not provided in source file. Before publishing, consider adding a comment containing \""SPDX-License-Identifier: <SPDX-License>\"" to each source file. Use \""SPDX-License-Identifier: UNLICENSED\"" for non-open-source code. Please see https://spdx.org for more information.)"",exception (json.decoder.JSONDecodeError: Expecting value: line 1 column 1 (char 0))}"
contracts_output/contracts_output/codellama_contracts/5836.sol,5836.sol,slither-0.11.3,solidity,2025/09/14,20260212_1543,1770911376.638508,1.5091075897216797,1,{},{},{EXIT_CODE_1},"{""analysis unsuccessful, check output.json"",""error parsing results: file could not be opened successfully:
- method gz: ReadError('empty file')
- method bz2: ReadError('not a bzip2 file')
- method xz: ReadError('not an lzma file')
- method tar: ReadError('empty file')"",""exception (crytic_compile.platform.exceptions.InvalidCompilation: Invalid solc compilation Warning: SPDX license identifier not provided in source file. Before publishing, consider adding a comment containing \""SPDX-License-Identifier: <SPDX-License>\"" to each source file. Use \""SPDX-License-Identifier: UNLICENSED\"" for non-open-source code. Please see https://spdx.org for more information.)"",exception (json.decoder.JSONDecodeError: Expecting value: line 1 column 1 (char 0))}"
contracts_output/contracts_output/codellama_contracts/5894.sol,5894.sol,slither-0.11.3,solidity,2025/09/14,20260212_1543,1770911048.4119294,2.6031570434570312,255,"{dead_code,naming_convention,solc_version}",{},{},{}
contracts_output/contracts_output/codellama_contracts/5915.sol,5915.sol,slither-0.11.3,solidity,2025/09/14,20260212_1543,1770911242.3533685,1.3659076690673828,1,{},{},{EXIT_CODE_1},"{""analysis unsuccessful, check output.json"",""error parsing results: file could not be opened successfully:
- method gz: ReadError('empty file')
- method bz2: ReadError('not a bzip2 file')
- method xz: ReadError('not an lzma file')
- method tar: ReadError('empty file')"",""exception (crytic_compile.platform.exceptions.InvalidCompilation: Invalid solc compilation Warning: SPDX license identifier not provided in source file. Before publishing, consider adding a comment containing \""SPDX-License-Identifier: <SPDX-License>\"" to each source file. Use \""SPDX-License-Identifier: UNLICENSED\"" for non-open-source code. Please see https://spdx.org for more information.)"",exception (json.decoder.JSONDecodeError: Expecting value: line 1 column 1 (char 0))}"
contracts_output/contracts_output/codellama_contracts/5919.sol,5919.sol,slither-0.11.3,solidity,2025/09/14,20260212_1543,1770911344.1098616,2.153502941131592,1,{},{},{EXIT_CODE_1},"{""analysis unsuccessful, check output.json"",""error parsing results: file could not be opened successfully:
- method gz: ReadError('empty file')
- method bz2: ReadError('not a bzip2 file')
- method xz: ReadError('not an lzma file')
- method tar: ReadError('empty file')"",""exception (crytic_compile.platform.exceptions.InvalidCompilation: Invalid solc compilation Warning: SPDX license identifier not provided in source file. Before publishing, consider adding a comment containing \""SPDX-License-Identifier: <SPDX-License>\"" to each source file. Use \""SPDX-License-Identifier: UNLICENSED\"" for non-open-source code. Please see https://spdx.org for more information.)"",exception (json.decoder.JSONDecodeError: Expecting value: line 1 column 1 (char 0))}"
contracts_output/contracts_output/codellama_contracts/5921.sol,5921.sol,slither-0.11.3,solidity,2025/09/14,20260212_1543,1770911459.2703962,1.9011454582214355,1,{},{},{EXIT_CODE_1},"{""analysis unsuccessful, check output.json"",""error parsing results: file could not be opened successfully:
- method gz: ReadError('empty file')
- method bz2: ReadError('not a bzip2 file')
- method xz: ReadError('not an lzma file')
- method tar: ReadError('empty file')"",""exception (crytic_compile.platform.exceptions.InvalidCompilation: Invalid solc compilation Warning: SPDX license identifier not provided in source file. Before publishing, consider adding a comment containing \""SPDX-License-Identifier: <SPDX-License>\"" to each source file. Use \""SPDX-License-Identifier: UNLICENSED\"" for non-open-source code. Please see https://spdx.org for more information.)"",exception (json.decoder.JSONDecodeError: Expecting value: line 1 column 1 (char 0))}"
contracts_output/contracts_output/codellama_contracts/5927.sol,5927.sol,slither-0.11.3,solidity,2025/09/14,20260212_1543,1770911346.5607216,2.4301233291625977,1,{},{},{EXIT_CODE_1},"{""analysis unsuccessful, check output.json"",""error parsing results: file could not be opened successfully:
- method gz: ReadError('empty file')
- method bz2: ReadError('not a bzip2 file')
- method xz: ReadError('not an lzma file')
- method tar: ReadError('empty file')"",""exception (crytic_compile.platform.exceptions.InvalidCompilation: Invalid solc compilation Warning: SPDX license identifier not provided in source file. Before publishing, consider adding a comment containing \""SPDX-License-Identifier: <SPDX-License>\"" to each source file. Use \""SPDX-License-Identifier: UNLICENSED\"" for non-open-source code. Please see https://spdx.org for more information.)"",exception (json.decoder.JSONDecodeError: Expecting value: line 1 column 1 (char 0))}"
contracts_output/contracts_output/codellama_contracts/5928.sol,5928.sol,slither-0.11.3,solidity,2025/09/14,20260212_1543,1770911043.2374234,2.5594875812530518,1,{},{},{EXIT_CODE_1},"{""analysis unsuccessful, check output.json"",""error parsing results: file could not be opened successfully:
- method gz: ReadError('empty file')
- method bz2: ReadError('not a bzip2 file')
- method xz: ReadError('not an lzma file')
- method tar: ReadError('empty file')"",""exception (crytic_compile.platform.exceptions.InvalidCompilation: Invalid solc compilation Warning: SPDX license identifier not provided in source file. Before publishing, consider adding a comment containing \""SPDX-License-Identifier: <SPDX-License>\"" to each source file. Use \""SPDX-License-Identifier: UNLICENSED\"" for non-open-source code. Please see https://spdx.org for more information.)"",exception (json.decoder.JSONDecodeError: Expecting value: line 1 column 1 (char 0))}"
contracts_output/contracts_output/codellama_contracts/5946.sol,5946.sol,slither-0.11.3,solidity,2025/09/14,20260212_1543,1770911062.9761558,1.8809642791748047,255,{solc_version},{},{},{}
contracts_output/contracts_output/codellama_contracts/5952.sol,5952.sol,slither-0.11.3,solidity,2025/09/14,20260212_1543,1770911494.1859012,2.325338840484619,1,{},{},{EXIT_CODE_1},"{""analysis unsuccessful, check output.json"",""error parsing results: file could not be opened successfully:
- method gz: ReadError('empty file')
- method bz2: ReadError('not a bzip2 file')
- method xz: ReadError('not an lzma file')
- method tar: ReadError('empty file')"",""exception (crytic_compile.platform.exceptions.InvalidCompilation: Invalid solc compilation Warning: SPDX license identifier not provided in source file. Before publishing, consider adding a comment containing \""SPDX-License-Identifier: <SPDX-License>\"" to each source file. Use \""SPDX-License-Identifier: UNLICENSED\"" for non-open-source code. Please see https://spdx.org for more information.)"",exception (json.decoder.JSONDecodeError: Expecting value: line 1 column 1 (char 0))}"
contracts_output/contracts_output/codellama_contracts/5953.sol,5953.sol,slither-0.11.3,solidity,2025/09/14,20260212_1543,1770911168.9384315,2.196993827819824,1,{},{},{EXIT_CODE_1},"{""analysis unsuccessful, check output.json"",""error parsing results: file could not be opened successfully:
- method gz: ReadError('empty file')
- method bz2: ReadError('not a bzip2 file')
- method xz: ReadError('not an lzma file')
- method tar: ReadError('empty file')"",""exception (crytic_compile.platform.exceptions.InvalidCompilation: Invalid solc compilation Warning: SPDX license identifier not provided in source file. Before publishing, consider adding a comment containing \""SPDX-License-Identifier: <SPDX-License>\"" to each source file. Use \""SPDX-License-Identifier: UNLICENSED\"" for non-open-source code. Please see https://spdx.org for more information.)"",exception (json.decoder.JSONDecodeError: Expecting value: line 1 column 1 (char 0))}"
contracts_output/contracts_output/codellama_contracts/598.sol,598.sol,slither-0.11.3,solidity,2025/09/14,20260212_1543,1770911131.2624574,1.5246963500976562,1,{},{},{EXIT_CODE_1},"{""analysis unsuccessful, check output.json"",""error parsing results: file could not be opened successfully:
- method gz: ReadError('empty file')
- method bz2: ReadError('not a bzip2 file')
- method xz: ReadError('not an lzma file')
- method tar: ReadError('empty file')"",""exception (crytic_compile.platform.exceptions.InvalidCompilation: Invalid solc compilation Warning: SPDX license identifier not provided in source file. Before publishing, consider adding a comment containing \""SPDX-License-Identifier: <SPDX-License>\"" to each source file. Use \""SPDX-License-Identifier: UNLICENSED\"" for non-open-source code. Please see https://spdx.org for more information.)"",exception (json.decoder.JSONDecodeError: Expecting value: line 1 column 1 (char 0))}"
contracts_output/contracts_output/codellama_contracts/5993.sol,5993.sol,slither-0.11.3,solidity,2025/09/14,20260212_1543,1770911168.8111115,2.088364839553833,1,{},{},{EXIT_CODE_1},"{""analysis unsuccessful, check output.json"",""error parsing results: file could not be opened successfully:
- method gz: ReadError('empty file')
- method bz2: ReadError('not a bzip2 file')
- method xz: ReadError('not an lzma file')
- method tar: ReadError('empty file')"",""exception (crytic_compile.platform.exceptions.InvalidCompilation: Invalid solc compilation Warning: SPDX license identifier not provided in source file. Before publishing, consider adding a comment containing \""SPDX-License-Identifier: <SPDX-License>\"" to each source file. Use \""SPDX-License-Identifier: UNLICENSED\"" for non-open-source code. Please see https://spdx.org for more information.)"",exception (json.decoder.JSONDecodeError: Expecting value: line 1 column 1 (char 0))}"
contracts_output/contracts_output/codellama_contracts/6003.sol,6003.sol,slither-0.11.3,solidity,2025/09/14,20260212_1543,1770911407.9086409,1.9219491481781006,255,"{dead_code,immutable_states,naming_convention,shadowing_state,solc_version}",{},{},{}
contracts_output/contracts_output/codellama_contracts/6025.sol,6025.sol,slither-0.11.3,solidity,2025/09/14,20260212_1543,1770911421.5974193,1.9587912559509277,1,{},{},{EXIT_CODE_1},"{""analysis unsuccessful, check output.json"",""error parsing results: file could not be opened successfully:
- method gz: ReadError('empty file')
- method bz2: ReadError('not a bzip2 file')
- method xz: ReadError('not an lzma file')
- method tar: ReadError('empty file')"",""exception (crytic_compile.platform.exceptions.InvalidCompilation: Invalid solc compilation Warning: SPDX license identifier not provided in source file. Before publishing, consider adding a comment containing \""SPDX-License-Identifier: <SPDX-License>\"" to each source file. Use \""SPDX-License-Identifier: UNLICENSED\"" for non-open-source code. Please see https://spdx.org for more information.)"",exception (json.decoder.JSONDecodeError: Expecting value: line 1 column 1 (char 0))}"
contracts_output/contracts_output/codellama_contracts/6042.sol,6042.sol,slither-0.11.3,solidity,2025/09/14,20260212_1543,1770911400.1182115,2.2490346431732178,255,"{dead_code,naming_convention,solc_version}",{},{},{}
contracts_output/contracts_output/codellama_contracts/6047.sol,6047.sol,slither-0.11.3,solidity,2025/09/14,20260212_1543,1770911068.2353663,1.6594157218933105,1,{},{},{EXIT_CODE_1},"{""analysis unsuccessful, check output.json"",""error parsing results: file could not be opened successfully:
- method gz: ReadError('empty file')
- method bz2: ReadError('not a bzip2 file')
- method xz: ReadError('not an lzma file')
- method tar: ReadError('empty file')"",""exception (crytic_compile.platform.exceptions.InvalidCompilation: Invalid solc compilation Warning: SPDX license identifier not provided in source file. Before publishing, consider adding a comment containing \""SPDX-License-Identifier: <SPDX-License>\"" to each source file. Use \""SPDX-License-Identifier: UNLICENSED\"" for non-open-source code. Please see https://spdx.org for more information.)"",exception (json.decoder.JSONDecodeError: Expecting value: line 1 column 1 (char 0))}"
contracts_output/contracts_output/codellama_contracts/6054.sol,6054.sol,slither-0.11.3,solidity,2025/09/14,20260212_1543,1770911149.8926144,1.8746225833892822,1,{},{},{EXIT_CODE_1},"{""analysis unsuccessful, check output.json"",""error parsing results: file could not be opened successfully:
- method gz: ReadError('empty file')
- method bz2: ReadError('not a bzip2 file')
- method xz: ReadError('not an lzma file')
- method tar: ReadError('empty file')"",""exception (crytic_compile.platform.exceptions.InvalidCompilation: Invalid solc compilation Error: Overriding public state variable is missing \""override\"" specifier.)"",exception (json.decoder.JSONDecodeError: Expecting value: line 1 column 1 (char 0))}"
contracts_output/contracts_output/codellama_contracts/6060.sol,6060.sol,slither-0.11.3,solidity,2025/09/14,20260212_1543,1770911143.29446,1.989577293395996,255,"{dead_code,naming_convention,solc_version}",{},{},{}
contracts_output/contracts_output/codellama_contracts/6063.sol,6063.sol,slither-0.11.3,solidity,2025/09/14,20260212_1543,1770911039.306514,2.4017083644866943,1,{},{},{EXIT_CODE_1},"{""analysis unsuccessful, check output.json"",""error parsing results: file could not be opened successfully:
- method gz: ReadError('empty file')
- method bz2: ReadError('not a bzip2 file')
- method xz: ReadError('not an lzma file')
- method tar: ReadError('empty file')"",""exception (crytic_compile.platform.exceptions.InvalidCompilation: Invalid solc compilation Warning: SPDX license identifier not provided in source file. Before publishing, consider adding a comment containing \""SPDX-License-Identifier: <SPDX-License>\"" to each source file. Use \""SPDX-License-Identifier: UNLICENSED\"" for non-open-source code. Please see https://spdx.org for more information.)"",exception (json.decoder.JSONDecodeError: Expecting value: line 1 column 1 (char 0))}"
contracts_output/contracts_output/codellama_contracts/609.sol,609.sol,slither-0.11.3,solidity,2025/09/14,20260212_1543,1770911491.7235515,1.6274700164794922,1,{},{},{EXIT_CODE_1},"{""analysis unsuccessful, check output.json"",""error parsing results: file could not be opened successfully:
- method gz: ReadError('empty file')
- method bz2: ReadError('not a bzip2 file')
- method xz: ReadError('not an lzma file')
- method tar: ReadError('empty file')"",""exception (crytic_compile.platform.exceptions.InvalidCompilation: Invalid solc compilation Warning: SPDX license identifier not provided in source file. Before publishing, consider adding a comment containing \""SPDX-License-Identifier: <SPDX-License>\"" to each source file. Use \""SPDX-License-Identifier: UNLICENSED\"" for non-open-source code. Please see https://spdx.org for more information.)"",exception (json.decoder.JSONDecodeError: Expecting value: line 1 column 1 (char 0))}"
contracts_output/contracts_output/codellama_contracts/6100.sol,6100.sol,slither-0.11.3,solidity,2025/09/14,20260212_1543,1770911116.2333107,1.9414045810699463,255,"{dead_code,solc_version,timestamp}",{},{},{}
contracts_output/contracts_output/codellama_contracts/6110.sol,6110.sol,slither-0.11.3,solidity,2025/09/14,20260212_1543,1770911440.9721727,1.921241044998169,255,"{dead_code,immutable_states,shadowing_local,solc_version}",{},{},{}
contracts_output/contracts_output/codellama_contracts/6123.sol,6123.sol,slither-0.11.3,solidity,2025/09/14,20260212_1543,1770911499.4415255,2.197230339050293,1,{},{},{EXIT_CODE_1},"{""analysis unsuccessful, check output.json"",""error parsing results: file could not be opened successfully:
- method gz: ReadError('empty file')
- method bz2: ReadError('not a bzip2 file')
- method xz: ReadError('not an lzma file')
- method tar: ReadError('empty file')"",""exception (crytic_compile.platform.exceptions.InvalidCompilation: Invalid solc compilation Warning: SPDX license identifier not provided in source file. Before publishing, consider adding a comment containing \""SPDX-License-Identifier: <SPDX-License>\"" to each source file. Use \""SPDX-License-Identifier: UNLICENSED\"" for non-open-source code. Please see https://spdx.org for more information.)"",exception (json.decoder.JSONDecodeError: Expecting value: line 1 column 1 (char 0))}"
contracts_output/contracts_output/codellama_contracts/6152.sol,6152.sol,slither-0.11.3,solidity,2025/09/14,20260212_1543,1770911502.9822123,2.1138792037963867,1,{},{},{EXIT_CODE_1},"{""analysis unsuccessful, check output.json"",""error parsing results: file could not be opened successfully:
- method gz: ReadError('empty file')
- method bz2: ReadError('not a bzip2 file')
- method xz: ReadError('not an lzma file')
- method tar: ReadError('empty file')"",""exception (crytic_compile.platform.exceptions.InvalidCompilation: Invalid solc compilation Warning: SPDX license identifier not provided in source file. Before publishing, consider adding a comment containing \""SPDX-License-Identifier: <SPDX-License>\"" to each source file. Use \""SPDX-License-Identifier: UNLICENSED\"" for non-open-source code. Please see https://spdx.org for more information.)"",exception (json.decoder.JSONDecodeError: Expecting value: line 1 column 1 (char 0))}"
contracts_output/contracts_output/codellama_contracts/6178.sol,6178.sol,slither-0.11.3,solidity,2025/09/14,20260212_1543,1770911255.2594817,2.350898027420044,1,{},{},{EXIT_CODE_1},"{""analysis unsuccessful, check output.json"",""error parsing results: file could not be opened successfully:
- method gz: ReadError('empty file')
- method bz2: ReadError('not a bzip2 file')
- method xz: ReadError('not an lzma file')
- method tar: ReadError('empty file')"",""exception (crytic_compile.platform.exceptions.InvalidCompilation: Invalid solc compilation Warning: SPDX license identifier not provided in source file. Before publishing, consider adding a comment containing \""SPDX-License-Identifier: <SPDX-License>\"" to each source file. Use \""SPDX-License-Identifier: UNLICENSED\"" for non-open-source code. Please see https://spdx.org for more information.)"",exception (json.decoder.JSONDecodeError: Expecting value: line 1 column 1 (char 0))}"
contracts_output/contracts_output/codellama_contracts/6206.sol,6206.sol,slither-0.11.3,solidity,2025/09/14,20260212_1543,1770911101.3335617,1.559443473815918,1,{},{},{EXIT_CODE_1},"{""analysis unsuccessful, check output.json"",""error parsing results: file could not be opened successfully:
- method gz: ReadError('empty file')
- method bz2: ReadError('not a bzip2 file')
- method xz: ReadError('not an lzma file')
- method tar: ReadError('empty file')"",""exception (crytic_compile.platform.exceptions.InvalidCompilation: Invalid solc compilation Warning: SPDX license identifier not provided in source file. Before publishing, consider adding a comment containing \""SPDX-License-Identifier: <SPDX-License>\"" to each source file. Use \""SPDX-License-Identifier: UNLICENSED\"" for non-open-source code. Please see https://spdx.org for more information.)"",exception (json.decoder.JSONDecodeError: Expecting value: line 1 column 1 (char 0))}"
contracts_output/contracts_output/codellama_contracts/6236.sol,6236.sol,slither-0.11.3,solidity,2025/09/14,20260212_1543,1770911294.1673205,1.6043472290039062,1,{},{},{EXIT_CODE_1},"{""analysis unsuccessful, check output.json"",""error parsing results: file could not be opened successfully:
- method gz: ReadError('empty file')
- method bz2: ReadError('not a bzip2 file')
- method xz: ReadError('not an lzma file')
- method tar: ReadError('empty file')"",""exception (crytic_compile.platform.exceptions.InvalidCompilation: Invalid solc compilation Warning: SPDX license identifier not provided in source file. Before publishing, consider adding a comment containing \""SPDX-License-Identifier: <SPDX-License>\"" to each source file. Use \""SPDX-License-Identifier: UNLICENSED\"" for non-open-source code. Please see https://spdx.org for more information.)"",exception (json.decoder.JSONDecodeError: Expecting value: line 1 column 1 (char 0))}"
contracts_output/contracts_output/codellama_contracts/6249.sol,6249.sol,slither-0.11.3,solidity,2025/09/14,20260212_1543,1770911316.6406152,17.673414707183838,255,"{dead_code,locked_ether,solc_version}",{},{},{}
contracts_output/contracts_output/codellama_contracts/6260.sol,6260.sol,slither-0.11.3,solidity,2025/09/14,20260212_1543,1770911181.9727693,1.8022551536560059,255,"{dead_code,immutable_states,solc_version}",{},{},{}
contracts_output/contracts_output/codellama_contracts/6276.sol,6276.sol,slither-0.11.3,solidity,2025/09/14,20260212_1543,1770911338.2151222,1.5093283653259277,1,{},{},{EXIT_CODE_1},"{""analysis unsuccessful, check output.json"",""error parsing results: file could not be opened successfully:
- method gz: ReadError('empty file')
- method bz2: ReadError('not a bzip2 file')
- method xz: ReadError('not an lzma file')
- method tar: ReadError('empty file')"",""exception (crytic_compile.platform.exceptions.InvalidCompilation: Invalid solc compilation Warning: SPDX license identifier not provided in source file. Before publishing, consider adding a comment containing \""SPDX-License-Identifier: <SPDX-License>\"" to each source file. Use \""SPDX-License-Identifier: UNLICENSED\"" for non-open-source code. Please see https://spdx.org for more information.)"",exception (json.decoder.JSONDecodeError: Expecting value: line 1 column 1 (char 0))}"
contracts_output/contracts_output/codellama_contracts/629.sol,629.sol,slither-0.11.3,solidity,2025/09/14,20260212_1543,1770911432.57118,2.0013058185577393,1,{},{},{EXIT_CODE_1},"{""analysis unsuccessful, check output.json"",""error parsing results: file could not be opened successfully:
- method gz: ReadError('empty file')
- method bz2: ReadError('not a bzip2 file')
- method xz: ReadError('not an lzma file')
- method tar: ReadError('empty file')"",""exception (crytic_compile.platform.exceptions.InvalidCompilation: Invalid solc compilation Error: Expected ',' but got identifier)"",exception (json.decoder.JSONDecodeError: Expecting value: line 1 column 1 (char 0))}"
contracts_output/contracts_output/codellama_contracts/6310.sol,6310.sol,slither-0.11.3,solidity,2025/09/14,20260212_1543,1770911406.4469442,1.4990136623382568,1,{},{},{EXIT_CODE_1},"{""analysis unsuccessful, check output.json"",""error parsing results: file could not be opened successfully:
- method gz: ReadError('empty file')
- method bz2: ReadError('not a bzip2 file')
- method xz: ReadError('not an lzma file')
- method tar: ReadError('empty file')"",""exception (crytic_compile.platform.exceptions.InvalidCompilation: Invalid solc compilation Warning: SPDX license identifier not provided in source file. Before publishing, consider adding a comment containing \""SPDX-License-Identifier: <SPDX-License>\"" to each source file. Use \""SPDX-License-Identifier: UNLICENSED\"" for non-open-source code. Please see https://spdx.org for more information.)"",exception (json.decoder.JSONDecodeError: Expecting value: line 1 column 1 (char 0))}"
contracts_output/contracts_output/codellama_contracts/6311.sol,6311.sol,slither-0.11.3,solidity,2025/09/14,20260212_1543,1770911072.326672,1.8230013847351074,1,{},{},{EXIT_CODE_1},"{""analysis unsuccessful, check output.json"",""error parsing results: file could not be opened successfully:
- method gz: ReadError('empty file')
- method bz2: ReadError('not a bzip2 file')
- method xz: ReadError('not an lzma file')
- method tar: ReadError('empty file')"",exception (crytic_compile.platform.exceptions.InvalidCompilation: Invalid solc compilation Error: Expected primary expression.),exception (json.decoder.JSONDecodeError: Expecting value: line 1 column 1 (char 0))}"
contracts_output/contracts_output/codellama_contracts/6317.sol,6317.sol,slither-0.11.3,solidity,2025/09/14,20260212_1543,1770911224.3594117,2.040363073348999,1,{},{},{EXIT_CODE_1},"{""analysis unsuccessful, check output.json"",""error parsing results: file could not be opened successfully:
- method gz: ReadError('empty file')
- method bz2: ReadError('not a bzip2 file')
- method xz: ReadError('not an lzma file')
- method tar: ReadError('empty file')"",exception (crytic_compile.platform.exceptions.InvalidCompilation: Invalid solc compilation Error: Expression has to be an lvalue.),exception (json.decoder.JSONDecodeError: Expecting value: line 1 column 1 (char 0))}"
contracts_output/contracts_output/codellama_contracts/6318.sol,6318.sol,slither-0.11.3,solidity,2025/09/14,20260212_1543,1770911259.4082866,1.9142301082611084,1,{},{},{EXIT_CODE_1},"{""analysis unsuccessful, check output.json"",""error parsing results: file could not be opened successfully:
- method gz: ReadError('empty file')
- method bz2: ReadError('not a bzip2 file')
- method xz: ReadError('not an lzma file')
- method tar: ReadError('empty file')"",""exception (crytic_compile.platform.exceptions.InvalidCompilation: Invalid solc compilation Warning: SPDX license identifier not provided in source file. Before publishing, consider adding a comment containing \""SPDX-License-Identifier: <SPDX-License>\"" to each source file. Use \""SPDX-License-Identifier: UNLICENSED\"" for non-open-source code. Please see https://spdx.org for more information.)"",exception (json.decoder.JSONDecodeError: Expecting value: line 1 column 1 (char 0))}"
contracts_output/contracts_output/codellama_contracts/6330.sol,6330.sol,slither-0.11.3,solidity,2025/09/14,20260212_1543,1770911219.9117632,2.0010793209075928,255,"{dead_code,immutable_states,naming_convention,solc_version,too_many_digits}",{},{},{}
contracts_output/contracts_output/codellama_contracts/6348.sol,6348.sol,slither-0.11.3,solidity,2025/09/14,20260212_1543,1770911400.3610814,2.0648655891418457,1,{},{},{EXIT_CODE_1},"{""analysis unsuccessful, check output.json"",""error parsing results: file could not be opened successfully:
- method gz: ReadError('empty file')
- method bz2: ReadError('not a bzip2 file')
- method xz: ReadError('not an lzma file')
- method tar: ReadError('empty file')"",""exception (crytic_compile.platform.exceptions.InvalidCompilation: Invalid solc compilation Warning: SPDX license identifier not provided in source file. Before publishing, consider adding a comment containing \""SPDX-License-Identifier: <SPDX-License>\"" to each source file. Use \""SPDX-License-Identifier: UNLICENSED\"" for non-open-source code. Please see https://spdx.org for more information.)"",exception (json.decoder.JSONDecodeError: Expecting value: line 1 column 1 (char 0))}"
contracts_output/contracts_output/codellama_contracts/6370.sol,6370.sol,slither-0.11.3,solidity,2025/09/14,20260212_1543,1770911335.1124377,2.7434425354003906,255,"{dead_code,solc_version}",{},{},{}
contracts_output/contracts_output/codellama_contracts/6381.sol,6381.sol,slither-0.11.3,solidity,2025/09/14,20260212_1543,1770911228.621203,1.4623513221740723,1,{},{},{EXIT_CODE_1},"{""analysis unsuccessful, check output.json"",""error parsing results: file could not be opened successfully:
- method gz: ReadError('empty file')
- method bz2: ReadError('not a bzip2 file')
- method xz: ReadError('not an lzma file')
- method tar: ReadError('empty file')"",""exception (crytic_compile.platform.exceptions.InvalidCompilation: Invalid solc compilation Warning: SPDX license identifier not provided in source file. Before publishing, consider adding a comment containing \""SPDX-License-Identifier: <SPDX-License>\"" to each source file. Use \""SPDX-License-Identifier: UNLICENSED\"" for non-open-source code. Please see https://spdx.org for more information.)"",exception (json.decoder.JSONDecodeError: Expecting value: line 1 column 1 (char 0))}"
contracts_output/contracts_output/codellama_contracts/6383.sol,6383.sol,slither-0.11.3,solidity,2025/09/14,20260212_1543,1770911492.3175025,1.8669366836547852,1,{},{},{EXIT_CODE_1},"{""analysis unsuccessful, check output.json"",""error parsing results: file could not be opened successfully:
- method gz: ReadError('empty file')
- method bz2: ReadError('not a bzip2 file')
- method xz: ReadError('not an lzma file')
- method tar: ReadError('empty file')"",""exception (crytic_compile.platform.exceptions.InvalidCompilation: Invalid solc compilation Error: Expected ',' but got ':')"",exception (json.decoder.JSONDecodeError: Expecting value: line 1 column 1 (char 0))}"
contracts_output/contracts_output/codellama_contracts/6386.sol,6386.sol,slither-0.11.3,solidity,2025/09/14,20260212_1543,1770911310.1340632,2.8433644771575928,1,{},{},{EXIT_CODE_1},"{""analysis unsuccessful, check output.json"",""error parsing results: file could not be opened successfully:
- method gz: ReadError('empty file')
- method bz2: ReadError('not a bzip2 file')
- method xz: ReadError('not an lzma file')
- method tar: ReadError('empty file')"",""exception (crytic_compile.platform.exceptions.InvalidCompilation: Invalid solc compilation Warning: SPDX license identifier not provided in source file. Before publishing, consider adding a comment containing \""SPDX-License-Identifier: <SPDX-License>\"" to each source file. Use \""SPDX-License-Identifier: UNLICENSED\"" for non-open-source code. Please see https://spdx.org for more information.)"",exception (json.decoder.JSONDecodeError: Expecting value: line 1 column 1 (char 0))}"
contracts_output/contracts_output/codellama_contracts/6399.sol,6399.sol,slither-0.11.3,solidity,2025/09/14,20260212_1543,1770911378.149529,2.433438539505005,255,"{dead_code,naming_convention,solc_version}",{},{},{}
contracts_output/contracts_output/codellama_contracts/6404.sol,6404.sol,slither-0.11.3,solidity,2025/09/14,20260212_1543,1770911216.695044,1.3696253299713135,1,{},{},{EXIT_CODE_1},"{""analysis unsuccessful, check output.json"",""error parsing results: file could not be opened successfully:
- method gz: ReadError('empty file')
- method bz2: ReadError('not a bzip2 file')
- method xz: ReadError('not an lzma file')
- method tar: ReadError('empty file')"",""exception (crytic_compile.platform.exceptions.InvalidCompilation: Invalid solc compilation Warning: SPDX license identifier not provided in source file. Before publishing, consider adding a comment containing \""SPDX-License-Identifier: <SPDX-License>\"" to each source file. Use \""SPDX-License-Identifier: UNLICENSED\"" for non-open-source code. Please see https://spdx.org for more information.)"",exception (json.decoder.JSONDecodeError: Expecting value: line 1 column 1 (char 0))}"
contracts_output/contracts_output/codellama_contracts/6408.sol,6408.sol,slither-0.11.3,solidity,2025/09/14,20260212_1543,1770911033.2833045,2.90847110748291,1,{},{},{EXIT_CODE_1},"{""analysis unsuccessful, check output.json"",""error parsing results: file could not be opened successfully:
- method gz: ReadError('empty file')
- method bz2: ReadError('not a bzip2 file')
- method xz: ReadError('not an lzma file')
- method tar: ReadError('empty file')"",""exception (crytic_compile.platform.exceptions.InvalidCompilation: Invalid solc compilation Warning: SPDX license identifier not provided in source file. Before publishing, consider adding a comment containing \""SPDX-License-Identifier: <SPDX-License>\"" to each source file. Use \""SPDX-License-Identifier: UNLICENSED\"" for non-open-source code. Please see https://spdx.org for more information.)"",exception (json.decoder.JSONDecodeError: Expecting value: line 1 column 1 (char 0))}"
contracts_output/contracts_output/codellama_contracts/6427.sol,6427.sol,slither-0.11.3,solidity,2025/09/14,20260212_1543,1770911116.4293187,1.69130539894104,1,{},{},{EXIT_CODE_1},"{""analysis unsuccessful, check output.json"",""error parsing results: file could not be opened successfully:
- method gz: ReadError('empty file')
- method bz2: ReadError('not a bzip2 file')
- method xz: ReadError('not an lzma file')
- method tar: ReadError('empty file')"",""exception (crytic_compile.platform.exceptions.InvalidCompilation: Invalid solc compilation Warning: SPDX license identifier not provided in source file. Before publishing, consider adding a comment containing \""SPDX-License-Identifier: <SPDX-License>\"" to each source file. Use \""SPDX-License-Identifier: UNLICENSED\"" for non-open-source code. Please see https://spdx.org for more information.)"",exception (json.decoder.JSONDecodeError: Expecting value: line 1 column 1 (char 0))}"
contracts_output/contracts_output/codellama_contracts/6429.sol,6429.sol,slither-0.11.3,solidity,2025/09/14,20260212_1543,1770911448.7460623,1.5128450393676758,1,{},{},{EXIT_CODE_1},"{""analysis unsuccessful, check output.json"",""error parsing results: file could not be opened successfully:
- method gz: ReadError('empty file')
- method bz2: ReadError('not a bzip2 file')
- method xz: ReadError('not an lzma file')
- method tar: ReadError('empty file')"",""exception (crytic_compile.platform.exceptions.InvalidCompilation: Invalid solc compilation Warning: SPDX license identifier not provided in source file. Before publishing, consider adding a comment containing \""SPDX-License-Identifier: <SPDX-License>\"" to each source file. Use \""SPDX-License-Identifier: UNLICENSED\"" for non-open-source code. Please see https://spdx.org for more information.)"",exception (json.decoder.JSONDecodeError: Expecting value: line 1 column 1 (char 0))}"
contracts_output/contracts_output/codellama_contracts/6434.sol,6434.sol,slither-0.11.3,solidity,2025/09/14,20260212_1543,1770911250.4182541,2.130082607269287,255,"{dead_code,naming_convention,solc_version}",{},{},{}
contracts_output/contracts_output/codellama_contracts/6458.sol,6458.sol,slither-0.11.3,solidity,2025/09/14,20260212_1543,1770911455.828903,1.9282591342926025,1,{},{},{EXIT_CODE_1},"{""analysis unsuccessful, check output.json"",""error parsing results: file could not be opened successfully:
- method gz: ReadError('empty file')
- method bz2: ReadError('not a bzip2 file')
- method xz: ReadError('not an lzma file')
- method tar: ReadError('empty file')"",""exception (crytic_compile.platform.exceptions.InvalidCompilation: Invalid solc compilation Warning: SPDX license identifier not provided in source file. Before publishing, consider adding a comment containing \""SPDX-License-Identifier: <SPDX-License>\"" to each source file. Use \""SPDX-License-Identifier: UNLICENSED\"" for non-open-source code. Please see https://spdx.org for more information.)"",exception (json.decoder.JSONDecodeError: Expecting value: line 1 column 1 (char 0))}"
contracts_output/contracts_output/codellama_contracts/6503.sol,6503.sol,slither-0.11.3,solidity,2025/09/14,20260212_1543,1770911453.944905,2.2487497329711914,255,"{dead_code,immutable_states,solc_version,too_many_digits}",{},{},{}
contracts_output/contracts_output/codellama_contracts/6513.sol,6513.sol,slither-0.11.3,solidity,2025/09/14,20260212_1543,1770911359.2887547,1.7301177978515625,1,{},{},{EXIT_CODE_1},"{""analysis unsuccessful, check output.json"",""error parsing results: file could not be opened successfully:
- method gz: ReadError('empty file')
- method bz2: ReadError('not a bzip2 file')
- method xz: ReadError('not an lzma file')
- method tar: ReadError('empty file')"",""exception (crytic_compile.platform.exceptions.InvalidCompilation: Invalid solc compilation Warning: SPDX license identifier not provided in source file. Before publishing, consider adding a comment containing \""SPDX-License-Identifier: <SPDX-License>\"" to each source file. Use \""SPDX-License-Identifier: UNLICENSED\"" for non-open-source code. Please see https://spdx.org for more information.)"",exception (json.decoder.JSONDecodeError: Expecting value: line 1 column 1 (char 0))}"
contracts_output/contracts_output/codellama_contracts/6515.sol,6515.sol,slither-0.11.3,solidity,2025/09/14,20260212_1543,1770911454.9745338,2.146682024002075,1,{},{},{EXIT_CODE_1},"{""analysis unsuccessful, check output.json"",""error parsing results: file could not be opened successfully:
- method gz: ReadError('empty file')
- method bz2: ReadError('not a bzip2 file')
- method xz: ReadError('not an lzma file')
- method tar: ReadError('empty file')"",""exception (crytic_compile.platform.exceptions.InvalidCompilation: Invalid solc compilation Warning: SPDX license identifier not provided in source file. Before publishing, consider adding a comment containing \""SPDX-License-Identifier: <SPDX-License>\"" to each source file. Use \""SPDX-License-Identifier: UNLICENSED\"" for non-open-source code. Please see https://spdx.org for more information.)"",exception (json.decoder.JSONDecodeError: Expecting value: line 1 column 1 (char 0))}"
contracts_output/contracts_output/codellama_contracts/6517.sol,6517.sol,slither-0.11.3,solidity,2025/09/14,20260212_1543,1770911413.22166,1.5140135288238525,255,"{constable_states,dead_code,solc_version}",{},{},{}
contracts_output/contracts_output/codellama_contracts/6519.sol,6519.sol,slither-0.11.3,solidity,2025/09/14,20260212_1543,1770911313.7804036,1.9272181987762451,1,{},{},{EXIT_CODE_1},"{""analysis unsuccessful, check output.json"",""error parsing results: file could not be opened successfully:
- method gz: ReadError('empty file')
- method bz2: ReadError('not a bzip2 file')
- method xz: ReadError('not an lzma file')
- method tar: ReadError('empty file')"",""exception (crytic_compile.platform.exceptions.InvalidCompilation: Invalid solc compilation Warning: SPDX license identifier not provided in source file. Before publishing, consider adding a comment containing \""SPDX-License-Identifier: <SPDX-License>\"" to each source file. Use \""SPDX-License-Identifier: UNLICENSED\"" for non-open-source code. Please see https://spdx.org for more information.)"",exception (json.decoder.JSONDecodeError: Expecting value: line 1 column 1 (char 0))}"
contracts_output/contracts_output/codellama_contracts/6528.sol,6528.sol,slither-0.11.3,solidity,2025/09/14,20260212_1543,1770911470.2358887,2.0209994316101074,255,"{dead_code,immutable_states,solc_version,too_many_digits}",{},{},{}
contracts_output/contracts_output/codellama_contracts/6552.sol,6552.sol,slither-0.11.3,solidity,2025/09/14,20260212_1543,1770911026.2703948,1.8583261966705322,1,{},{},{EXIT_CODE_1},"{""analysis unsuccessful, check output.json"",""error parsing results: file could not be opened successfully:
- method gz: ReadError('empty file')
- method bz2: ReadError('not a bzip2 file')
- method xz: ReadError('not an lzma file')
- method tar: ReadError('empty file')"",""exception (crytic_compile.platform.exceptions.InvalidCompilation: Invalid solc compilation Warning: SPDX license identifier not provided in source file. Before publishing, consider adding a comment containing \""SPDX-License-Identifier: <SPDX-License>\"" to each source file. Use \""SPDX-License-Identifier: UNLICENSED\"" for non-open-source code. Please see https://spdx.org for more information.)"",exception (json.decoder.JSONDecodeError: Expecting value: line 1 column 1 (char 0))}"
contracts_output/contracts_output/codellama_contracts/6562.sol,6562.sol,slither-0.11.3,solidity,2025/09/14,20260212_1543,1770911140.02337,1.4606218338012695,1,{},{},{EXIT_CODE_1},"{""analysis unsuccessful, check output.json"",""error parsing results: file could not be opened successfully:
- method gz: ReadError('empty file')
- method bz2: ReadError('not a bzip2 file')
- method xz: ReadError('not an lzma file')
- method tar: ReadError('empty file')"",""exception (crytic_compile.platform.exceptions.InvalidCompilation: Invalid solc compilation Warning: SPDX license identifier not provided in source file. Before publishing, consider adding a comment containing \""SPDX-License-Identifier: <SPDX-License>\"" to each source file. Use \""SPDX-License-Identifier: UNLICENSED\"" for non-open-source code. Please see https://spdx.org for more information.)"",exception (json.decoder.JSONDecodeError: Expecting value: line 1 column 1 (char 0))}"
contracts_output/contracts_output/codellama_contracts/6593.sol,6593.sol,slither-0.11.3,solidity,2025/09/14,20260212_1543,1770911031.2590795,2.0211524963378906,255,"{dead_code,solc_version}",{},{},{}
contracts_output/contracts_output/codellama_contracts/6613.sol,6613.sol,slither-0.11.3,solidity,2025/09/14,20260212_1543,1770911123.8680377,1.5924761295318604,1,{},{},{EXIT_CODE_1},"{""analysis unsuccessful, check output.json"",""error parsing results: file could not be opened successfully:
- method gz: ReadError('empty file')
- method bz2: ReadError('not a bzip2 file')
- method xz: ReadError('not an lzma file')
- method tar: ReadError('empty file')"",""exception (crytic_compile.platform.exceptions.InvalidCompilation: Invalid solc compilation Warning: SPDX license identifier not provided in source file. Before publishing, consider adding a comment containing \""SPDX-License-Identifier: <SPDX-License>\"" to each source file. Use \""SPDX-License-Identifier: UNLICENSED\"" for non-open-source code. Please see https://spdx.org for more information.)"",exception (json.decoder.JSONDecodeError: Expecting value: line 1 column 1 (char 0))}"
contracts_output/contracts_output/codellama_contracts/6641.sol,6641.sol,slither-0.11.3,solidity,2025/09/14,20260212_1543,1770911030.3007693,2.7405316829681396,1,{},{},{EXIT_CODE_1},"{""analysis unsuccessful, check output.json"",""error parsing results: file could not be opened successfully:
- method gz: ReadError('empty file')
- method bz2: ReadError('not a bzip2 file')
- method xz: ReadError('not an lzma file')
- method tar: ReadError('empty file')"",""exception (crytic_compile.platform.exceptions.InvalidCompilation: Invalid solc compilation Warning: SPDX license identifier not provided in source file. Before publishing, consider adding a comment containing \""SPDX-License-Identifier: <SPDX-License>\"" to each source file. Use \""SPDX-License-Identifier: UNLICENSED\"" for non-open-source code. Please see https://spdx.org for more information.)"",exception (json.decoder.JSONDecodeError: Expecting value: line 1 column 1 (char 0))}"
contracts_output/contracts_output/codellama_contracts/6644.sol,6644.sol,slither-0.11.3,solidity,2025/09/14,20260212_1543,1770911495.7060392,1.8395600318908691,255,"{boolean_equal,dead_code,solc_version}",{},{},{}
contracts_output/contracts_output/codellama_contracts/6660.sol,6660.sol,slither-0.11.3,solidity,2025/09/14,20260212_1543,1770911426.3303075,2.0037879943847656,255,"{dead_code,solc_version}",{},{},{}
contracts_output/contracts_output/codellama_contracts/6667.sol,6667.sol,slither-0.11.3,solidity,2025/09/14,20260212_1543,1770911167.4835353,1.8372395038604736,255,"{dead_code,immutable_states,solc_version}",{},{},{}
contracts_output/contracts_output/codellama_contracts/6671.sol,6671.sol,slither-0.11.3,solidity,2025/09/14,20260212_1543,1770911359.6660273,1.7780709266662598,1,{},{},{EXIT_CODE_1},"{""analysis unsuccessful, check output.json"",""error parsing results: file could not be opened successfully:
- method gz: ReadError('empty file')
- method bz2: ReadError('not a bzip2 file')
- method xz: ReadError('not an lzma file')
- method tar: ReadError('empty file')"",""exception (crytic_compile.platform.exceptions.InvalidCompilation: Invalid solc compilation Warning: SPDX license identifier not provided in source file. Before publishing, consider adding a comment containing \""SPDX-License-Identifier: <SPDX-License>\"" to each source file. Use \""SPDX-License-Identifier: UNLICENSED\"" for non-open-source code. Please see https://spdx.org for more information.)"",exception (json.decoder.JSONDecodeError: Expecting value: line 1 column 1 (char 0))}"
contracts_output/contracts_output/codellama_contracts/6724.sol,6724.sol,slither-0.11.3,solidity,2025/09/14,20260212_1543,1770911482.139634,1.8679029941558838,255,"{dead_code,naming_convention,solc_version}",{},{},{}
contracts_output/contracts_output/codellama_contracts/6726.sol,6726.sol,slither-0.11.3,solidity,2025/09/14,20260212_1543,1770911102.8033166,1.722362995147705,1,{},{},{EXIT_CODE_1},"{""analysis unsuccessful, check output.json"",""error parsing results: file could not be opened successfully:
- method gz: ReadError('empty file')
- method bz2: ReadError('not a bzip2 file')
- method xz: ReadError('not an lzma file')
- method tar: ReadError('empty file')"",""exception (crytic_compile.platform.exceptions.InvalidCompilation: Invalid solc compilation Warning: SPDX license identifier not provided in source file. Before publishing, consider adding a comment containing \""SPDX-License-Identifier: <SPDX-License>\"" to each source file. Use \""SPDX-License-Identifier: UNLICENSED\"" for non-open-source code. Please see https://spdx.org for more information.)"",exception (json.decoder.JSONDecodeError: Expecting value: line 1 column 1 (char 0))}"
contracts_output/contracts_output/codellama_contracts/6728.sol,6728.sol,slither-0.11.3,solidity,2025/09/14,20260212_1543,1770911468.2897027,1.9438621997833252,255,"{dead_code,immutable_states,missing_zero_check,solc_version,too_many_digits}",{},{},{}
contracts_output/contracts_output/codellama_contracts/6735.sol,6735.sol,slither-0.11.3,solidity,2025/09/14,20260212_1543,1770911309.4238036,1.9305508136749268,1,{},{},{EXIT_CODE_1},"{""analysis unsuccessful, check output.json"",""error parsing results: file could not be opened successfully:
- method gz: ReadError('empty file')
- method bz2: ReadError('not a bzip2 file')
- method xz: ReadError('not an lzma file')
- method tar: ReadError('empty file')"",""exception (crytic_compile.platform.exceptions.InvalidCompilation: Invalid solc compilation Warning: SPDX license identifier not provided in source file. Before publishing, consider adding a comment containing \""SPDX-License-Identifier: <SPDX-License>\"" to each source file. Use \""SPDX-License-Identifier: UNLICENSED\"" for non-open-source code. Please see https://spdx.org for more information.)"",exception (json.decoder.JSONDecodeError: Expecting value: line 1 column 1 (char 0))}"
contracts_output/contracts_output/codellama_contracts/6751.sol,6751.sol,slither-0.11.3,solidity,2025/09/14,20260212_1543,1770911344.3190835,2.2396810054779053,1,{},{},{EXIT_CODE_1},"{""analysis unsuccessful, check output.json"",""error parsing results: file could not be opened successfully:
- method gz: ReadError('empty file')
- method bz2: ReadError('not a bzip2 file')
- method xz: ReadError('not an lzma file')
- method tar: ReadError('empty file')"",""exception (crytic_compile.platform.exceptions.InvalidCompilation: Invalid solc compilation Warning: SPDX license identifier not provided in source file. Before publishing, consider adding a comment containing \""SPDX-License-Identifier: <SPDX-License>\"" to each source file. Use \""SPDX-License-Identifier: UNLICENSED\"" for non-open-source code. Please see https://spdx.org for more information.)"",exception (json.decoder.JSONDecodeError: Expecting value: line 1 column 1 (char 0))}"
contracts_output/contracts_output/codellama_contracts/6764.sol,6764.sol,slither-0.11.3,solidity,2025/09/14,20260212_1543,1770911423.9180388,1.7944316864013672,255,"{dead_code,immutable_states,missing_zero_check,solc_version,too_many_digits}",{},{},{}
contracts_output/contracts_output/codellama_contracts/6774.sol,6774.sol,slither-0.11.3,solidity,2025/09/14,20260212_1543,1770911337.1479993,2.3161258697509766,1,{},{},{EXIT_CODE_1},"{""analysis unsuccessful, check output.json"",""error parsing results: file could not be opened successfully:
- method gz: ReadError('empty file')
- method bz2: ReadError('not a bzip2 file')
- method xz: ReadError('not an lzma file')
- method tar: ReadError('empty file')"",exception (crytic_compile.platform.exceptions.InvalidCompilation: Invalid solc compilation Error: Expected '(' but got 'uint256'),exception (json.decoder.JSONDecodeError: Expecting value: line 1 column 1 (char 0))}"
contracts_output/contracts_output/codellama_contracts/6776.sol,6776.sol,slither-0.11.3,solidity,2025/09/14,20260212_1543,1770911046.0823102,2.0063793659210205,1,{},{},{EXIT_CODE_1},"{""analysis unsuccessful, check output.json"",""error parsing results: file could not be opened successfully:
- method gz: ReadError('empty file')
- method bz2: ReadError('not a bzip2 file')
- method xz: ReadError('not an lzma file')
- method tar: ReadError('empty file')"",""exception (crytic_compile.platform.exceptions.InvalidCompilation: Invalid solc compilation Warning: SPDX license identifier not provided in source file. Before publishing, consider adding a comment containing \""SPDX-License-Identifier: <SPDX-License>\"" to each source file. Use \""SPDX-License-Identifier: UNLICENSED\"" for non-open-source code. Please see https://spdx.org for more information.)"",exception (json.decoder.JSONDecodeError: Expecting value: line 1 column 1 (char 0))}"
contracts_output/contracts_output/codellama_contracts/6786.sol,6786.sol,slither-0.11.3,solidity,2025/09/14,20260212_1543,1770911291.6470647,1.5628025531768799,1,{},{},{EXIT_CODE_1},"{""analysis unsuccessful, check output.json"",""error parsing results: file could not be opened successfully:
- method gz: ReadError('empty file')
- method bz2: ReadError('not a bzip2 file')
- method xz: ReadError('not an lzma file')
- method tar: ReadError('empty file')"",""exception (crytic_compile.platform.exceptions.InvalidCompilation: Invalid solc compilation Warning: SPDX license identifier not provided in source file. Before publishing, consider adding a comment containing \""SPDX-License-Identifier: <SPDX-License>\"" to each source file. Use \""SPDX-License-Identifier: UNLICENSED\"" for non-open-source code. Please see https://spdx.org for more information.)"",exception (json.decoder.JSONDecodeError: Expecting value: line 1 column 1 (char 0))}"
contracts_output/contracts_output/codellama_contracts/6808.sol,6808.sol,slither-0.11.3,solidity,2025/09/14,20260212_1543,1770911187.3556783,1.9279863834381104,1,{},{},{EXIT_CODE_1},"{""analysis unsuccessful, check output.json"",""error parsing results: file could not be opened successfully:
- method gz: ReadError('empty file')
- method bz2: ReadError('not a bzip2 file')
- method xz: ReadError('not an lzma file')
- method tar: ReadError('empty file')"",""exception (crytic_compile.platform.exceptions.InvalidCompilation: Invalid solc compilation Error: Function, variable, struct or modifier declaration expected.)"",exception (json.decoder.JSONDecodeError: Expecting value: line 1 column 1 (char 0))}"
contracts_output/contracts_output/codellama_contracts/6826.sol,6826.sol,slither-0.11.3,solidity,2025/09/14,20260212_1543,1770911317.2283087,17.318888902664185,255,"{dead_code,naming_convention,solc_version}",{},{},{}
contracts_output/contracts_output/codellama_contracts/6848.sol,6848.sol,slither-0.11.3,solidity,2025/09/14,20260212_1543,1770911261.9779522,1.892117977142334,1,{},{},{EXIT_CODE_1},"{""analysis unsuccessful, check output.json"",""error parsing results: file could not be opened successfully:
- method gz: ReadError('empty file')
- method bz2: ReadError('not a bzip2 file')
- method xz: ReadError('not an lzma file')
- method tar: ReadError('empty file')"",""exception (crytic_compile.platform.exceptions.InvalidCompilation: Invalid solc compilation Warning: SPDX license identifier not provided in source file. Before publishing, consider adding a comment containing \""SPDX-License-Identifier: <SPDX-License>\"" to each source file. Use \""SPDX-License-Identifier: UNLICENSED\"" for non-open-source code. Please see https://spdx.org for more information.)"",exception (json.decoder.JSONDecodeError: Expecting value: line 1 column 1 (char 0))}"
contracts_output/contracts_output/codellama_contracts/6875.sol,6875.sol,slither-0.11.3,solidity,2025/09/14,20260212_1543,1770911304.0062447,2.1323530673980713,255,"{dead_code,solc_version}",{},{},{}
contracts_output/contracts_output/codellama_contracts/689.sol,689.sol,slither-0.11.3,solidity,2025/09/14,20260212_1543,1770911195.2042642,2.231311559677124,255,"{dead_code,naming_convention,solc_version}",{},{},{}
contracts_output/contracts_output/codellama_contracts/691.sol,691.sol,slither-0.11.3,solidity,2025/09/14,20260212_1543,1770911181.4090462,1.729994773864746,1,{},{},{EXIT_CODE_1},"{""analysis unsuccessful, check output.json"",""error parsing results: file could not be opened successfully:
- method gz: ReadError('empty file')
- method bz2: ReadError('not a bzip2 file')
- method xz: ReadError('not an lzma file')
- method tar: ReadError('empty file')"",""exception (crytic_compile.platform.exceptions.InvalidCompilation: Invalid solc compilation Warning: SPDX license identifier not provided in source file. Before publishing, consider adding a comment containing \""SPDX-License-Identifier: <SPDX-License>\"" to each source file. Use \""SPDX-License-Identifier: UNLICENSED\"" for non-open-source code. Please see https://spdx.org for more information.)"",exception (json.decoder.JSONDecodeError: Expecting value: line 1 column 1 (char 0))}"
contracts_output/contracts_output/codellama_contracts/694.sol,694.sol,slither-0.11.3,solidity,2025/09/14,20260212_1543,1770911236.1080654,2.029515027999878,1,{},{},{EXIT_CODE_1},"{""analysis unsuccessful, check output.json"",""error parsing results: file could not be opened successfully:
- method gz: ReadError('empty file')
- method bz2: ReadError('not a bzip2 file')
- method xz: ReadError('not an lzma file')
- method tar: ReadError('empty file')"",""exception (crytic_compile.platform.exceptions.InvalidCompilation: Invalid solc compilation Warning: SPDX license identifier not provided in source file. Before publishing, consider adding a comment containing \""SPDX-License-Identifier: <SPDX-License>\"" to each source file. Use \""SPDX-License-Identifier: UNLICENSED\"" for non-open-source code. Please see https://spdx.org for more information.)"",exception (json.decoder.JSONDecodeError: Expecting value: line 1 column 1 (char 0))}"
contracts_output/contracts_output/codellama_contracts/714.sol,714.sol,slither-0.11.3,solidity,2025/09/14,20260212_1543,1770911298.1096208,1.848252534866333,1,{},{},{EXIT_CODE_1},"{""analysis unsuccessful, check output.json"",""error parsing results: file could not be opened successfully:
- method gz: ReadError('empty file')
- method bz2: ReadError('not a bzip2 file')
- method xz: ReadError('not an lzma file')
- method tar: ReadError('empty file')"",""exception (crytic_compile.platform.exceptions.InvalidCompilation: Invalid solc compilation Warning: SPDX license identifier not provided in source file. Before publishing, consider adding a comment containing \""SPDX-License-Identifier: <SPDX-License>\"" to each source file. Use \""SPDX-License-Identifier: UNLICENSED\"" for non-open-source code. Please see https://spdx.org for more information.)"",exception (json.decoder.JSONDecodeError: Expecting value: line 1 column 1 (char 0))}"
contracts_output/contracts_output/codellama_contracts/725.sol,725.sol,slither-0.11.3,solidity,2025/09/14,20260212_1543,1770911045.888115,1.5865697860717773,1,{},{},{EXIT_CODE_1},"{""analysis unsuccessful, check output.json"",""error parsing results: file could not be opened successfully:
- method gz: ReadError('empty file')
- method bz2: ReadError('not a bzip2 file')
- method xz: ReadError('not an lzma file')
- method tar: ReadError('empty file')"",""exception (crytic_compile.platform.exceptions.InvalidCompilation: Invalid solc compilation Warning: SPDX license identifier not provided in source file. Before publishing, consider adding a comment containing \""SPDX-License-Identifier: <SPDX-License>\"" to each source file. Use \""SPDX-License-Identifier: UNLICENSED\"" for non-open-source code. Please see https://spdx.org for more information.)"",exception (json.decoder.JSONDecodeError: Expecting value: line 1 column 1 (char 0))}"
contracts_output/contracts_output/codellama_contracts/732.sol,732.sol,slither-0.11.3,solidity,2025/09/14,20260212_1543,1770911284.5258183,1.603844165802002,1,{},{},{EXIT_CODE_1},"{""analysis unsuccessful, check output.json"",""error parsing results: file could not be opened successfully:
- method gz: ReadError('empty file')
- method bz2: ReadError('not a bzip2 file')
- method xz: ReadError('not an lzma file')
- method tar: ReadError('empty file')"",""exception (crytic_compile.platform.exceptions.InvalidCompilation: Invalid solc compilation Warning: SPDX license identifier not provided in source file. Before publishing, consider adding a comment containing \""SPDX-License-Identifier: <SPDX-License>\"" to each source file. Use \""SPDX-License-Identifier: UNLICENSED\"" for non-open-source code. Please see https://spdx.org for more information.)"",exception (json.decoder.JSONDecodeError: Expecting value: line 1 column 1 (char 0))}"
contracts_output/contracts_output/codellama_contracts/752.sol,752.sol,slither-0.11.3,solidity,2025/09/14,20260212_1543,1770911044.9143221,2.21191668510437,255,"{dead_code,immutable_states,missing_zero_check,solc_version,too_many_digits}",{},{},{}
contracts_output/contracts_output/codellama_contracts/761.sol,761.sol,slither-0.11.3,solidity,2025/09/14,20260212_1543,1770911401.6681576,2.1039187908172607,1,{},{},{EXIT_CODE_1},"{""analysis unsuccessful, check output.json"",""error parsing results: file could not be opened successfully:
- method gz: ReadError('empty file')
- method bz2: ReadError('not a bzip2 file')
- method xz: ReadError('not an lzma file')
- method tar: ReadError('empty file')"",""exception (crytic_compile.platform.exceptions.InvalidCompilation: Invalid solc compilation Warning: SPDX license identifier not provided in source file. Before publishing, consider adding a comment containing \""SPDX-License-Identifier: <SPDX-License>\"" to each source file. Use \""SPDX-License-Identifier: UNLICENSED\"" for non-open-source code. Please see https://spdx.org for more information.)"",exception (json.decoder.JSONDecodeError: Expecting value: line 1 column 1 (char 0))}"
contracts_output/contracts_output/codellama_contracts/772.sol,772.sol,slither-0.11.3,solidity,2025/09/14,20260212_1543,1770911308.3506525,1.6129465103149414,1,{},{},{EXIT_CODE_1},"{""analysis unsuccessful, check output.json"",""error parsing results: file could not be opened successfully:
- method gz: ReadError('empty file')
- method bz2: ReadError('not a bzip2 file')
- method xz: ReadError('not an lzma file')
- method tar: ReadError('empty file')"",""exception (crytic_compile.platform.exceptions.InvalidCompilation: Invalid solc compilation Warning: SPDX license identifier not provided in source file. Before publishing, consider adding a comment containing \""SPDX-License-Identifier: <SPDX-License>\"" to each source file. Use \""SPDX-License-Identifier: UNLICENSED\"" for non-open-source code. Please see https://spdx.org for more information.)"",exception (json.decoder.JSONDecodeError: Expecting value: line 1 column 1 (char 0))}"
contracts_output/contracts_output/codellama_contracts/780.sol,780.sol,slither-0.11.3,solidity,2025/09/14,20260212_1543,1770911257.192297,2.0604124069213867,1,{},{},{EXIT_CODE_1},"{""analysis unsuccessful, check output.json"",""error parsing results: file could not be opened successfully:
- method gz: ReadError('empty file')
- method bz2: ReadError('not a bzip2 file')
- method xz: ReadError('not an lzma file')
- method tar: ReadError('empty file')"",""exception (crytic_compile.platform.exceptions.InvalidCompilation: Invalid solc compilation Warning: SPDX license identifier not provided in source file. Before publishing, consider adding a comment containing \""SPDX-License-Identifier: <SPDX-License>\"" to each source file. Use \""SPDX-License-Identifier: UNLICENSED\"" for non-open-source code. Please see https://spdx.org for more information.)"",exception (json.decoder.JSONDecodeError: Expecting value: line 1 column 1 (char 0))}"
contracts_output/contracts_output/codellama_contracts/79.sol,79.sol,slither-0.11.3,solidity,2025/09/14,20260212_1543,1770911185.0744507,2.7315073013305664,1,{},{},{EXIT_CODE_1},"{""analysis unsuccessful, check output.json"",""error parsing results: file could not be opened successfully:
- method gz: ReadError('empty file')
- method bz2: ReadError('not a bzip2 file')
- method xz: ReadError('not an lzma file')
- method tar: ReadError('empty file')"",""exception (crytic_compile.platform.exceptions.InvalidCompilation: Invalid solc compilation Warning: SPDX license identifier not provided in source file. Before publishing, consider adding a comment containing \""SPDX-License-Identifier: <SPDX-License>\"" to each source file. Use \""SPDX-License-Identifier: UNLICENSED\"" for non-open-source code. Please see https://spdx.org for more information.)"",exception (json.decoder.JSONDecodeError: Expecting value: line 1 column 1 (char 0))}"
contracts_output/contracts_output/codellama_contracts/790.sol,790.sol,slither-0.11.3,solidity,2025/09/14,20260212_1543,1770911082.8356953,1.47367525100708,1,{},{},{EXIT_CODE_1},"{""analysis unsuccessful, check output.json"",""error parsing results: file could not be opened successfully:
- method gz: ReadError('empty file')
- method bz2: ReadError('not a bzip2 file')
- method xz: ReadError('not an lzma file')
- method tar: ReadError('empty file')"",""exception (crytic_compile.platform.exceptions.InvalidCompilation: Invalid solc compilation Warning: SPDX license identifier not provided in source file. Before publishing, consider adding a comment containing \""SPDX-License-Identifier: <SPDX-License>\"" to each source file. Use \""SPDX-License-Identifier: UNLICENSED\"" for non-open-source code. Please see https://spdx.org for more information.)"",exception (json.decoder.JSONDecodeError: Expecting value: line 1 column 1 (char 0))}"
contracts_output/contracts_output/codellama_contracts/799.sol,799.sol,slither-0.11.3,solidity,2025/09/14,20260212_1543,1770911353.132757,1.6829471588134766,255,"{dead_code,naming_convention,solc_version}",{},{},{}
contracts_output/contracts_output/codellama_contracts/812.sol,812.sol,slither-0.11.3,solidity,2025/09/14,20260212_1543,1770911500.905053,1.651341199874878,1,{},{},{EXIT_CODE_1},"{""analysis unsuccessful, check output.json"",""error parsing results: file could not be opened successfully:
- method gz: ReadError('empty file')
- method bz2: ReadError('not a bzip2 file')
- method xz: ReadError('not an lzma file')
- method tar: ReadError('empty file')"",""exception (crytic_compile.platform.exceptions.InvalidCompilation: Invalid solc compilation Warning: SPDX license identifier not provided in source file. Before publishing, consider adding a comment containing \""SPDX-License-Identifier: <SPDX-License>\"" to each source file. Use \""SPDX-License-Identifier: UNLICENSED\"" for non-open-source code. Please see https://spdx.org for more information.)"",exception (json.decoder.JSONDecodeError: Expecting value: line 1 column 1 (char 0))}"
contracts_output/contracts_output/codellama_contracts/827.sol,827.sol,slither-0.11.3,solidity,2025/09/14,20260212_1543,1770911271.445677,1.9423999786376953,1,{},{},{EXIT_CODE_1},"{""analysis unsuccessful, check output.json"",""error parsing results: file could not be opened successfully:
- method gz: ReadError('empty file')
- method bz2: ReadError('not a bzip2 file')
- method xz: ReadError('not an lzma file')
- method tar: ReadError('empty file')"",""exception (crytic_compile.platform.exceptions.InvalidCompilation: Invalid solc compilation Warning: SPDX license identifier not provided in source file. Before publishing, consider adding a comment containing \""SPDX-License-Identifier: <SPDX-License>\"" to each source file. Use \""SPDX-License-Identifier: UNLICENSED\"" for non-open-source code. Please see https://spdx.org for more information.)"",exception (json.decoder.JSONDecodeError: Expecting value: line 1 column 1 (char 0))}"
contracts_output/contracts_output/codellama_contracts/86.sol,86.sol,slither-0.11.3,solidity,2025/09/14,20260212_1543,1770911177.55836,2.2257416248321533,1,{},{},{EXIT_CODE_1},"{""analysis unsuccessful, check output.json"",""error parsing results: file could not be opened successfully:
- method gz: ReadError('empty file')
- method bz2: ReadError('not a bzip2 file')
- method xz: ReadError('not an lzma file')
- method tar: ReadError('empty file')"",""exception (crytic_compile.platform.exceptions.InvalidCompilation: Invalid solc compilation Warning: SPDX license identifier not provided in source file. Before publishing, consider adding a comment containing \""SPDX-License-Identifier: <SPDX-License>\"" to each source file. Use \""SPDX-License-Identifier: UNLICENSED\"" for non-open-source code. Please see https://spdx.org for more information.)"",exception (json.decoder.JSONDecodeError: Expecting value: line 1 column 1 (char 0))}"
contracts_output/contracts_output/codellama_contracts/868.sol,868.sol,slither-0.11.3,solidity,2025/09/14,20260212_1543,1770911066.435561,1.798302412033081,1,{},{},{EXIT_CODE_1},"{""analysis unsuccessful, check output.json"",""error parsing results: file could not be opened successfully:
- method gz: ReadError('empty file')
- method bz2: ReadError('not a bzip2 file')
- method xz: ReadError('not an lzma file')
- method tar: ReadError('empty file')"",""exception (crytic_compile.platform.exceptions.InvalidCompilation: Invalid solc compilation Warning: SPDX license identifier not provided in source file. Before publishing, consider adding a comment containing \""SPDX-License-Identifier: <SPDX-License>\"" to each source file. Use \""SPDX-License-Identifier: UNLICENSED\"" for non-open-source code. Please see https://spdx.org for more information.)"",exception (json.decoder.JSONDecodeError: Expecting value: line 1 column 1 (char 0))}"
contracts_output/contracts_output/codellama_contracts/876.sol,876.sol,slither-0.11.3,solidity,2025/09/14,20260212_1543,1770911257.6646473,2.5609374046325684,255,"{dead_code,immutable_states,naming_convention,solc_version,too_many_digits}",{},{},{}
contracts_output/contracts_output/codellama_contracts/883.sol,883.sol,slither-0.11.3,solidity,2025/09/14,20260212_1543,1770911033.524435,2.6668403148651123,1,{},{},{EXIT_CODE_1},"{""analysis unsuccessful, check output.json"",""error parsing results: file could not be opened successfully:
- method gz: ReadError('empty file')
- method bz2: ReadError('not a bzip2 file')
- method xz: ReadError('not an lzma file')
- method tar: ReadError('empty file')"",""exception (crytic_compile.platform.exceptions.InvalidCompilation: Invalid solc compilation Warning: SPDX license identifier not provided in source file. Before publishing, consider adding a comment containing \""SPDX-License-Identifier: <SPDX-License>\"" to each source file. Use \""SPDX-License-Identifier: UNLICENSED\"" for non-open-source code. Please see https://spdx.org for more information.)"",exception (json.decoder.JSONDecodeError: Expecting value: line 1 column 1 (char 0))}"
contracts_output/contracts_output/codellama_contracts/892.sol,892.sol,slither-0.11.3,solidity,2025/09/14,20260212_1543,1770911219.7482526,1.953425645828247,1,{},{},{EXIT_CODE_1},"{""analysis unsuccessful, check output.json"",""error parsing results: file could not be opened successfully:
- method gz: ReadError('empty file')
- method bz2: ReadError('not a bzip2 file')
- method xz: ReadError('not an lzma file')
- method tar: ReadError('empty file')"",""exception (crytic_compile.platform.exceptions.InvalidCompilation: Invalid solc compilation Warning: SPDX license identifier not provided in source file. Before publishing, consider adding a comment containing \""SPDX-License-Identifier: <SPDX-License>\"" to each source file. Use \""SPDX-License-Identifier: UNLICENSED\"" for non-open-source code. Please see https://spdx.org for more information.)"",exception (json.decoder.JSONDecodeError: Expecting value: line 1 column 1 (char 0))}"
contracts_output/contracts_output/codellama_contracts/906.sol,906.sol,slither-0.11.3,solidity,2025/09/14,20260212_1543,1770911403.8062122,1.9904017448425293,1,{},{},{EXIT_CODE_1},"{""analysis unsuccessful, check output.json"",""error parsing results: file could not be opened successfully:
- method gz: ReadError('empty file')
- method bz2: ReadError('not a bzip2 file')
- method xz: ReadError('not an lzma file')
- method tar: ReadError('empty file')"",""exception (crytic_compile.platform.exceptions.InvalidCompilation: Invalid solc compilation Warning: SPDX license identifier not provided in source file. Before publishing, consider adding a comment containing \""SPDX-License-Identifier: <SPDX-License>\"" to each source file. Use \""SPDX-License-Identifier: UNLICENSED\"" for non-open-source code. Please see https://spdx.org for more information.)"",exception (json.decoder.JSONDecodeError: Expecting value: line 1 column 1 (char 0))}"
contracts_output/contracts_output/codellama_contracts/915.sol,915.sol,slither-0.11.3,solidity,2025/09/14,20260212_1543,1770911468.0904288,1.9510273933410645,1,{},{},{EXIT_CODE_1},"{""analysis unsuccessful, check output.json"",""error parsing results: file could not be opened successfully:
- method gz: ReadError('empty file')
- method bz2: ReadError('not a bzip2 file')
- method xz: ReadError('not an lzma file')
- method tar: ReadError('empty file')"",""exception (crytic_compile.platform.exceptions.InvalidCompilation: Invalid solc compilation Warning: SPDX license identifier not provided in source file. Before publishing, consider adding a comment containing \""SPDX-License-Identifier: <SPDX-License>\"" to each source file. Use \""SPDX-License-Identifier: UNLICENSED\"" for non-open-source code. Please see https://spdx.org for more information.)"",exception (json.decoder.JSONDecodeError: Expecting value: line 1 column 1 (char 0))}"
contracts_output/contracts_output/codellama_contracts/949.sol,949.sol,slither-0.11.3,solidity,2025/09/14,20260212_1543,1770911064.6339736,1.8000211715698242,255,"{dead_code,solc_version,unused_return}",{},{},{}
contracts_output/contracts_output/codellama_contracts/963.sol,963.sol,slither-0.11.3,solidity,2025/09/14,20260212_1543,1770911447.5275338,1.9107081890106201,1,{},{},{EXIT_CODE_1},"{""analysis unsuccessful, check output.json"",""error parsing results: file could not be opened successfully:
- method gz: ReadError('empty file')
- method bz2: ReadError('not a bzip2 file')
- method xz: ReadError('not an lzma file')
- method tar: ReadError('empty file')"",""exception (crytic_compile.platform.exceptions.InvalidCompilation: Invalid solc compilation Warning: SPDX license identifier not provided in source file. Before publishing, consider adding a comment containing \""SPDX-License-Identifier: <SPDX-License>\"" to each source file. Use \""SPDX-License-Identifier: UNLICENSED\"" for non-open-source code. Please see https://spdx.org for more information.)"",exception (json.decoder.JSONDecodeError: Expecting value: line 1 column 1 (char 0))}"
contracts_output/contracts_output/codellama_contracts/967.sol,967.sol,slither-0.11.3,solidity,2025/09/14,20260212_1543,1770911214.08228,1.8040246963500977,255,"{dead_code,solc_version}",{},{},{}
contracts_output/contracts_output/codellama_contracts/97.sol,97.sol,slither-0.11.3,solidity,2025/09/14,20260212_1543,1770911043.310016,2.3278675079345703,1,{},{},{EXIT_CODE_1},"{""analysis unsuccessful, check output.json"",""error parsing results: file could not be opened successfully:
- method gz: ReadError('empty file')
- method bz2: ReadError('not a bzip2 file')
- method xz: ReadError('not an lzma file')
- method tar: ReadError('empty file')"",exception (crytic_compile.platform.exceptions.InvalidCompilation: Invalid solc compilation Error: Expected ';' but got 'address'),exception (json.decoder.JSONDecodeError: Expecting value: line 1 column 1 (char 0))}"
contracts_output/contracts_output/codellama_contracts/971.sol,971.sol,slither-0.11.3,solidity,2025/09/14,20260212_1543,1770911035.9964545,2.3513906002044678,255,"{dead_code,erc20_interface,naming_convention,solc_version}",{},{},{}
contracts_output/contracts_output/codellama_contracts/1004.sol,1004.sol,smartcheck,solidity,2022/11/14,20260212_1543,1770911078.417901,6.178024053573608,0,"{SOLIDITY_ADDRESS_HARDCODED,SOLIDITY_PRAGMAS_VERSION,SOLIDITY_PRIVATE_MODIFIER_DONT_HIDE_DATA,SOLIDITY_UPGRADE_TO_050,SOLIDITY_VISIBILITY}",{},{},{}
contracts_output/contracts_output/codellama_contracts/1009.sol,1009.sol,smartcheck,solidity,2022/11/14,20260212_1543,1770911438.6637714,5.06415319442749,0,"{SOLIDITY_ADDRESS_HARDCODED,SOLIDITY_PRAGMAS_VERSION,SOLIDITY_PRIVATE_MODIFIER_DONT_HIDE_DATA,SOLIDITY_SAFEMATH,SOLIDITY_UPGRADE_TO_050,SOLIDITY_VISIBILITY}",{},{},{}
contracts_output/contracts_output/codellama_contracts/1010.sol,1010.sol,smartcheck,solidity,2022/11/14,20260212_1543,1770911113.7467484,5.52838397026062,0,"{SOLIDITY_ADDRESS_HARDCODED,SOLIDITY_PRAGMAS_VERSION,SOLIDITY_PRIVATE_MODIFIER_DONT_HIDE_DATA,SOLIDITY_UPGRADE_TO_050,SOLIDITY_VISIBILITY}",{},{},{}
contracts_output/contracts_output/codellama_contracts/1032.sol,1032.sol,smartcheck,solidity,2022/11/14,20260212_1543,1770911207.7671695,6.253564119338989,0,"{SOLIDITY_ADDRESS_HARDCODED,SOLIDITY_EXTRA_GAS_IN_LOOPS,SOLIDITY_GAS_LIMIT_IN_LOOPS,SOLIDITY_PRAGMAS_VERSION,SOLIDITY_PRIVATE_MODIFIER_DONT_HIDE_DATA,SOLIDITY_SAFEMATH,SOLIDITY_UPGRADE_TO_050,SOLIDITY_VISIBILITY}",{},{},{}
contracts_output/contracts_output/codellama_contracts/1053.sol,1053.sol,smartcheck,solidity,2022/11/14,20260212_1543,1770911257.8558671,6.439734935760498,0,"{SOLIDITY_ADDRESS_HARDCODED,SOLIDITY_PRAGMAS_VERSION,SOLIDITY_PRIVATE_MODIFIER_DONT_HIDE_DATA,SOLIDITY_UPGRADE_TO_050,SOLIDITY_VISIBILITY}",{},{},{}
contracts_output/contracts_output/codellama_contracts/107.sol,107.sol,smartcheck,solidity,2022/11/14,20260212_1543,1770911198.6468952,5.462040185928345,0,"{SOLIDITY_ADDRESS_HARDCODED,SOLIDITY_PRAGMAS_VERSION,SOLIDITY_PRIVATE_MODIFIER_DONT_HIDE_DATA,SOLIDITY_UPGRADE_TO_050,SOLIDITY_VISIBILITY}",{},{},{}
contracts_output/contracts_output/codellama_contracts/1091.sol,1091.sol,smartcheck,solidity,2022/11/14,20260212_1543,1770911459.396769,5.383838176727295,0,"{SOLIDITY_ADDRESS_HARDCODED,SOLIDITY_PRAGMAS_VERSION,SOLIDITY_PRIVATE_MODIFIER_DONT_HIDE_DATA,SOLIDITY_SAFEMATH,SOLIDITY_UPGRADE_TO_050,SOLIDITY_VISIBILITY}",{},{},{}
contracts_output/contracts_output/codellama_contracts/1094.sol,1094.sol,smartcheck,solidity,2022/11/14,20260212_1543,1770911135.3972368,7.105961322784424,0,"{SOLIDITY_ADDRESS_HARDCODED,SOLIDITY_PRAGMAS_VERSION,SOLIDITY_PRIVATE_MODIFIER_DONT_HIDE_DATA,SOLIDITY_SAFEMATH,SOLIDITY_UPGRADE_TO_050,SOLIDITY_VISIBILITY}",{},{},{}
contracts_output/contracts_output/codellama_contracts/110.sol,110.sol,smartcheck,solidity,2022/11/14,20260212_1543,1770911075.853381,5.798907995223999,0,"{SOLIDITY_ADDRESS_HARDCODED,SOLIDITY_LOCKED_MONEY,SOLIDITY_OVERPOWERED_ROLE,SOLIDITY_PRAGMAS_VERSION,SOLIDITY_PRIVATE_MODIFIER_DONT_HIDE_DATA,SOLIDITY_SAFEMATH,SOLIDITY_UPGRADE_TO_050,SOLIDITY_VISIBILITY}",{},{},{}
contracts_output/contracts_output/codellama_contracts/1111.sol,1111.sol,smartcheck,solidity,2022/11/14,20260212_1543,1770911417.040394,6.652734041213989,0,"{SOLIDITY_ADDRESS_HARDCODED,SOLIDITY_LOCKED_MONEY,SOLIDITY_PRAGMAS_VERSION,SOLIDITY_PRIVATE_MODIFIER_DONT_HIDE_DATA,SOLIDITY_SAFEMATH,SOLIDITY_UPGRADE_TO_050,SOLIDITY_VISIBILITY}",{},{},{}
contracts_output/contracts_output/codellama_contracts/1142.sol,1142.sol,smartcheck,solidity,2022/11/14,20260212_1543,1770911364.318279,6.917805910110474,0,"{SOLIDITY_ADDRESS_HARDCODED,SOLIDITY_PRAGMAS_VERSION,SOLIDITY_PRIVATE_MODIFIER_DONT_HIDE_DATA,SOLIDITY_SAFEMATH,SOLIDITY_UPGRADE_TO_050,SOLIDITY_VISIBILITY}",{},{},{}
contracts_output/contracts_output/codellama_contracts/1147.sol,1147.sol,smartcheck,solidity,2022/11/14,20260212_1543,1770911259.4097016,6.204436540603638,0,"{SOLIDITY_ADDRESS_HARDCODED,SOLIDITY_EXTRA_GAS_IN_LOOPS,SOLIDITY_GAS_LIMIT_IN_LOOPS,SOLIDITY_PRAGMAS_VERSION,SOLIDITY_PRIVATE_MODIFIER_DONT_HIDE_DATA,SOLIDITY_REVERT_REQUIRE,SOLIDITY_SAFEMATH,SOLIDITY_UPGRADE_TO_050,SOLIDITY_VISIBILITY}",{},{},{}
contracts_output/contracts_output/codellama_contracts/1148.sol,1148.sol,smartcheck,solidity,2022/11/14,20260212_1543,1770911455.9763825,6.308282136917114,0,"{SOLIDITY_ADDRESS_HARDCODED,SOLIDITY_PRAGMAS_VERSION,SOLIDITY_PRIVATE_MODIFIER_DONT_HIDE_DATA,SOLIDITY_SAFEMATH,SOLIDITY_UPGRADE_TO_050,SOLIDITY_VISIBILITY}",{},{},{}
contracts_output/contracts_output/codellama_contracts/1160.sol,1160.sol,smartcheck,solidity,2022/11/14,20260212_1543,1770911143.6886764,6.484576940536499,0,"{SOLIDITY_ADDRESS_HARDCODED,SOLIDITY_PRAGMAS_VERSION,SOLIDITY_PRIVATE_MODIFIER_DONT_HIDE_DATA,SOLIDITY_SAFEMATH,SOLIDITY_UPGRADE_TO_050,SOLIDITY_VISIBILITY}",{},{},{}
contracts_output/contracts_output/codellama_contracts/1164.sol,1164.sol,smartcheck,solidity,2022/11/14,20260212_1543,1770911198.9435642,6.91877007484436,0,"{SOLIDITY_ADDRESS_HARDCODED,SOLIDITY_EXTRA_GAS_IN_LOOPS,SOLIDITY_PRAGMAS_VERSION,SOLIDITY_PRIVATE_MODIFIER_DONT_HIDE_DATA,SOLIDITY_SAFEMATH,SOLIDITY_UPGRADE_TO_050,SOLIDITY_VISIBILITY}",{},{},{}
contracts_output/contracts_output/codellama_contracts/1195.sol,1195.sol,smartcheck,solidity,2022/11/14,20260212_1543,1770911027.896768,5.051842927932739,0,"{SOLIDITY_ADDRESS_HARDCODED,SOLIDITY_PRAGMAS_VERSION,SOLIDITY_PRIVATE_MODIFIER_DONT_HIDE_DATA,SOLIDITY_SAFEMATH,SOLIDITY_UPGRADE_TO_050,SOLIDITY_VISIBILITY}",{},{},{}
contracts_output/contracts_output/codellama_contracts/1213.sol,1213.sol,smartcheck,solidity,2022/11/14,20260212_1543,1770911453.501407,5.696336269378662,0,"{SOLIDITY_ADDRESS_HARDCODED,SOLIDITY_PRAGMAS_VERSION,SOLIDITY_SAFEMATH,SOLIDITY_VISIBILITY}",{},{},{}
contracts_output/contracts_output/codellama_contracts/1228.sol,1228.sol,smartcheck,solidity,2022/11/14,20260212_1543,1770911409.8336785,7.2052061557769775,0,"{SOLIDITY_ADDRESS_HARDCODED,SOLIDITY_PRAGMAS_VERSION,SOLIDITY_PRIVATE_MODIFIER_DONT_HIDE_DATA,SOLIDITY_SAFEMATH,SOLIDITY_UPGRADE_TO_050,SOLIDITY_VISIBILITY}",{},{},{}
contracts_output/contracts_output/codellama_contracts/124.sol,124.sol,smartcheck,solidity,2022/11/14,20260212_1543,1770911117.1677334,6.217072248458862,0,"{SOLIDITY_ADDRESS_HARDCODED,SOLIDITY_PRAGMAS_VERSION,SOLIDITY_PRIVATE_MODIFIER_DONT_HIDE_DATA,SOLIDITY_UPGRADE_TO_050,SOLIDITY_VISIBILITY}",{},{},{}
contracts_output/contracts_output/codellama_contracts/1244.sol,1244.sol,smartcheck,solidity,2022/11/14,20260212_1543,1770911030.6915004,6.021624326705933,0,"{SOLIDITY_ADDRESS_HARDCODED,SOLIDITY_PRAGMAS_VERSION,SOLIDITY_PRIVATE_MODIFIER_DONT_HIDE_DATA,SOLIDITY_SAFEMATH,SOLIDITY_SHOULD_RETURN_STRUCT,SOLIDITY_UPGRADE_TO_050,SOLIDITY_VISIBILITY}",{},{},{}
contracts_output/contracts_output/codellama_contracts/1247.sol,1247.sol,smartcheck,solidity,2022/11/14,20260212_1543,1770911510.4443314,4.909576892852783,0,"{SOLIDITY_ADDRESS_HARDCODED,SOLIDITY_PRAGMAS_VERSION,SOLIDITY_PRIVATE_MODIFIER_DONT_HIDE_DATA,SOLIDITY_SAFEMATH,SOLIDITY_UNCHECKED_CALL,SOLIDITY_UPGRADE_TO_050,SOLIDITY_VISIBILITY}",{},{},{}
contracts_output/contracts_output/codellama_contracts/1259.sol,1259.sol,smartcheck,solidity,2022/11/14,20260212_1543,1770911407.9476836,4.767612934112549,0,"{SOLIDITY_PRAGMAS_VERSION,SOLIDITY_PRIVATE_MODIFIER_DONT_HIDE_DATA}",{},{},{}
contracts_output/contracts_output/codellama_contracts/1262.sol,1262.sol,smartcheck,solidity,2022/11/14,20260212_1543,1770911213.385759,4.8627824783325195,0,"{SOLIDITY_PRAGMAS_VERSION,SOLIDITY_SAFEMATH,SOLIDITY_VISIBILITY}",{},{},{}
contracts_output/contracts_output/codellama_contracts/1265.sol,1265.sol,smartcheck,solidity,2022/11/14,20260212_1543,1770911408.8852618,6.200746774673462,0,"{SOLIDITY_ADDRESS_HARDCODED,SOLIDITY_PRAGMAS_VERSION,SOLIDITY_PRIVATE_MODIFIER_DONT_HIDE_DATA,SOLIDITY_UPGRADE_TO_050,SOLIDITY_VISIBILITY}",{},{},{}
contracts_output/contracts_output/codellama_contracts/1268.sol,1268.sol,smartcheck,solidity,2022/11/14,20260212_1543,1770911299.0847552,7.354872226715088,0,"{SOLIDITY_ADDRESS_HARDCODED,SOLIDITY_PRAGMAS_VERSION,SOLIDITY_PRIVATE_MODIFIER_DONT_HIDE_DATA,SOLIDITY_SAFEMATH,SOLIDITY_UPGRADE_TO_050,SOLIDITY_VISIBILITY}",{},{},{}
contracts_output/contracts_output/codellama_contracts/1281.sol,1281.sol,smartcheck,solidity,2022/11/14,20260212_1543,1770911273.2162862,6.149345397949219,0,"{SOLIDITY_ADDRESS_HARDCODED,SOLIDITY_PRAGMAS_VERSION,SOLIDITY_PRIVATE_MODIFIER_DONT_HIDE_DATA,SOLIDITY_SAFEMATH,SOLIDITY_UPGRADE_TO_050,SOLIDITY_VISIBILITY}",{},{},{}
contracts_output/contracts_output/codellama_contracts/1283.sol,1283.sol,smartcheck,solidity,2022/11/14,20260212_1543,1770911229.9155421,6.151048183441162,0,"{SOLIDITY_ADDRESS_HARDCODED,SOLIDITY_PRAGMAS_VERSION,SOLIDITY_PRIVATE_MODIFIER_DONT_HIDE_DATA,SOLIDITY_SAFEMATH,SOLIDITY_UPGRADE_TO_050,SOLIDITY_VISIBILITY}",{},{},{}
contracts_output/contracts_output/codellama_contracts/1286.sol,1286.sol,smartcheck,solidity,2022/11/14,20260212_1543,1770911481.7588325,7.149712562561035,0,"{SOLIDITY_ADDRESS_HARDCODED,SOLIDITY_PRAGMAS_VERSION,SOLIDITY_PRIVATE_MODIFIER_DONT_HIDE_DATA,SOLIDITY_SAFEMATH,SOLIDITY_UPGRADE_TO_050,SOLIDITY_VISIBILITY}",{},{},{}
contracts_output/contracts_output/codellama_contracts/1315.sol,1315.sol,smartcheck,solidity,2022/11/14,20260212_1543,1770911456.1959207,5.7334887981414795,0,"{SOLIDITY_ADDRESS_HARDCODED,SOLIDITY_PRAGMAS_VERSION,SOLIDITY_PRIVATE_MODIFIER_DONT_HIDE_DATA,SOLIDITY_SAFEMATH,SOLIDITY_UPGRADE_TO_050,SOLIDITY_VISIBILITY}",{},{},{}
contracts_output/contracts_output/codellama_contracts/1319.sol,1319.sol,smartcheck,solidity,2022/11/14,20260212_1543,1770911193.3189728,5.795140743255615,0,"{SOLIDITY_ADDRESS_HARDCODED,SOLIDITY_ERC20_APPROVE,SOLIDITY_PRAGMAS_VERSION,SOLIDITY_PRIVATE_MODIFIER_DONT_HIDE_DATA,SOLIDITY_SAFEMATH,SOLIDITY_UPGRADE_TO_050,SOLIDITY_VISIBILITY}",{},{},{}
contracts_output/contracts_output/codellama_contracts/1334.sol,1334.sol,smartcheck,solidity,2022/11/14,20260212_1543,1770911294.2652407,5.9842493534088135,0,"{SOLIDITY_ADDRESS_HARDCODED,SOLIDITY_EXTRA_GAS_IN_LOOPS,SOLIDITY_GAS_LIMIT_IN_LOOPS,SOLIDITY_LOCKED_MONEY,SOLIDITY_PRAGMAS_VERSION,SOLIDITY_PRIVATE_MODIFIER_DONT_HIDE_DATA,SOLIDITY_SAFEMATH,SOLIDITY_UPGRADE_TO_050,SOLIDITY_VISIBILITY}",{},{},{}
contracts_output/contracts_output/codellama_contracts/1335.sol,1335.sol,smartcheck,solidity,2022/11/14,20260212_1543,1770911442.1561387,5.104284286499023,0,"{SOLIDITY_ADDRESS_HARDCODED,SOLIDITY_LOCKED_MONEY,SOLIDITY_PRAGMAS_VERSION,SOLIDITY_PRIVATE_MODIFIER_DONT_HIDE_DATA,SOLIDITY_SAFEMATH,SOLIDITY_UPGRADE_TO_050,SOLIDITY_VISIBILITY}",{},{},{}
contracts_output/contracts_output/codellama_contracts/1356.sol,1356.sol,smartcheck,solidity,2022/11/14,20260212_1543,1770911047.577687,5.133408069610596,0,"{SOLIDITY_ADDRESS_HARDCODED,SOLIDITY_PRAGMAS_VERSION,SOLIDITY_PRIVATE_MODIFIER_DONT_HIDE_DATA,SOLIDITY_SAFEMATH,SOLIDITY_UPGRADE_TO_050,SOLIDITY_VISIBILITY}",{},{},{}
contracts_output/contracts_output/codellama_contracts/1358.sol,1358.sol,smartcheck,solidity,2022/11/14,20260212_1543,1770911326.487704,10.779207468032837,0,"{SOLIDITY_ADDRESS_HARDCODED,SOLIDITY_PRAGMAS_VERSION,SOLIDITY_PRIVATE_MODIFIER_DONT_HIDE_DATA,SOLIDITY_SAFEMATH,SOLIDITY_UPGRADE_TO_050,SOLIDITY_VISIBILITY}",{},{},{}
contracts_output/contracts_output/codellama_contracts/1383.sol,1383.sol,smartcheck,solidity,2022/11/14,20260212_1543,1770911118.7015135,5.732072830200195,0,"{SOLIDITY_ADDRESS_HARDCODED,SOLIDITY_PRAGMAS_VERSION,SOLIDITY_PRIVATE_MODIFIER_DONT_HIDE_DATA,SOLIDITY_SAFEMATH,SOLIDITY_UPGRADE_TO_050,SOLIDITY_VISIBILITY}",{},{},{}
contracts_output/contracts_output/codellama_contracts/1386.sol,1386.sol,smartcheck,solidity,2022/11/14,20260212_1543,1770911428.8003366,4.950204133987427,0,"{SOLIDITY_ADDRESS_HARDCODED,SOLIDITY_PRAGMAS_VERSION,SOLIDITY_PRIVATE_MODIFIER_DONT_HIDE_DATA,SOLIDITY_SAFEMATH,SOLIDITY_UPGRADE_TO_050,SOLIDITY_VISIBILITY}",{},{},{}
contracts_output/contracts_output/codellama_contracts/1398.sol,1398.sol,smartcheck,solidity,2022/11/14,20260212_1543,1770911270.1389542,7.476802587509155,0,"{SOLIDITY_ADDRESS_HARDCODED,SOLIDITY_PRAGMAS_VERSION,SOLIDITY_PRIVATE_MODIFIER_DONT_HIDE_DATA,SOLIDITY_SAFEMATH,SOLIDITY_UPGRADE_TO_050,SOLIDITY_VISIBILITY}",{},{},{}
contracts_output/contracts_output/codellama_contracts/1413.sol,1413.sol,smartcheck,solidity,2022/11/14,20260212_1543,1770911345.91719,4.425867557525635,0,"{SOLIDITY_ADDRESS_HARDCODED,SOLIDITY_PRAGMAS_VERSION,SOLIDITY_PRIVATE_MODIFIER_DONT_HIDE_DATA,SOLIDITY_SAFEMATH,SOLIDITY_UPGRADE_TO_050,SOLIDITY_VISIBILITY}",{},{},{}
contracts_output/contracts_output/codellama_contracts/1424.sol,1424.sol,smartcheck,solidity,2022/11/14,20260212_1543,1770911454.346585,5.530029773712158,0,"{SOLIDITY_ADDRESS_HARDCODED,SOLIDITY_PRAGMAS_VERSION,SOLIDITY_PRIVATE_MODIFIER_DONT_HIDE_DATA,SOLIDITY_UPGRADE_TO_050,SOLIDITY_VISIBILITY}",{},{},{}
contracts_output/contracts_output/codellama_contracts/1438.sol,1438.sol,smartcheck,solidity,2022/11/14,20260212_1543,1770911313.9637146,10.842942476272583,0,"{SOLIDITY_ADDRESS_HARDCODED,SOLIDITY_PRAGMAS_VERSION,SOLIDITY_PRIVATE_MODIFIER_DONT_HIDE_DATA,SOLIDITY_SAFEMATH}",{},{},{}
contracts_output/contracts_output/codellama_contracts/1443.sol,1443.sol,smartcheck,solidity,2022/11/14,20260212_1543,1770911445.0310402,6.143142938613892,0,"{SOLIDITY_ADDRESS_HARDCODED,SOLIDITY_PRAGMAS_VERSION,SOLIDITY_PRIVATE_MODIFIER_DONT_HIDE_DATA,SOLIDITY_SAFEMATH,SOLIDITY_UPGRADE_TO_050,SOLIDITY_VISIBILITY}",{},{},{}
contracts_output/contracts_output/codellama_contracts/146.sol,146.sol,smartcheck,solidity,2022/11/14,20260212_1543,1770911209.8310235,5.543803453445435,0,"{SOLIDITY_ADDRESS_HARDCODED,SOLIDITY_PRAGMAS_VERSION,SOLIDITY_PRIVATE_MODIFIER_DONT_HIDE_DATA,SOLIDITY_SAFEMATH,SOLIDITY_UPGRADE_TO_050,SOLIDITY_VISIBILITY}",{},{},{}
contracts_output/contracts_output/codellama_contracts/1493.sol,1493.sol,smartcheck,solidity,2022/11/14,20260212_1543,1770911076.321463,5.574174880981445,0,"{SOLIDITY_ADDRESS_HARDCODED,SOLIDITY_OVERPOWERED_ROLE,SOLIDITY_PRAGMAS_VERSION,SOLIDITY_PRIVATE_MODIFIER_DONT_HIDE_DATA,SOLIDITY_UPGRADE_TO_050,SOLIDITY_VISIBILITY}",{},{},{}
contracts_output/contracts_output/codellama_contracts/1522.sol,1522.sol,smartcheck,solidity,2022/11/14,20260212_1543,1770911049.977841,6.395840406417847,0,"{SOLIDITY_ADDRESS_HARDCODED,SOLIDITY_PRAGMAS_VERSION,SOLIDITY_PRIVATE_MODIFIER_DONT_HIDE_DATA,SOLIDITY_SAFEMATH,SOLIDITY_UPGRADE_TO_050,SOLIDITY_VISIBILITY}",{},{},{}
contracts_output/contracts_output/codellama_contracts/153.sol,153.sol,smartcheck,solidity,2022/11/14,20260212_1543,1770911379.6081536,6.549884080886841,0,"{SOLIDITY_ADDRESS_HARDCODED,SOLIDITY_PRAGMAS_VERSION,SOLIDITY_PRIVATE_MODIFIER_DONT_HIDE_DATA,SOLIDITY_UPGRADE_TO_050,SOLIDITY_VISIBILITY}",{},{},{}
contracts_output/contracts_output/codellama_contracts/1531.sol,1531.sol,smartcheck,solidity,2022/11/14,20260212_1543,1770911050.1197546,5.620909690856934,0,"{SOLIDITY_ADDRESS_HARDCODED,SOLIDITY_PRAGMAS_VERSION,SOLIDITY_PRIVATE_MODIFIER_DONT_HIDE_DATA,SOLIDITY_SAFEMATH,SOLIDITY_UPGRADE_TO_050,SOLIDITY_VISIBILITY}",{},{},{}
contracts_output/contracts_output/codellama_contracts/1558.sol,1558.sol,smartcheck,solidity,2022/11/14,20260212_1543,1770911143.2494044,6.257896423339844,0,"{SOLIDITY_ADDRESS_HARDCODED,SOLIDITY_PRAGMAS_VERSION,SOLIDITY_PRIVATE_MODIFIER_DONT_HIDE_DATA,SOLIDITY_SAFEMATH,SOLIDITY_UPGRADE_TO_050,SOLIDITY_VISIBILITY}",{},{},{}
contracts_output/contracts_output/codellama_contracts/1565.sol,1565.sol,smartcheck,solidity,2022/11/14,20260212_1543,1770911032.8423734,5.899668216705322,0,"{SOLIDITY_ADDRESS_HARDCODED,SOLIDITY_PRAGMAS_VERSION,SOLIDITY_PRIVATE_MODIFIER_DONT_HIDE_DATA,SOLIDITY_SAFEMATH,SOLIDITY_UPGRADE_TO_050,SOLIDITY_VISIBILITY}",{},{},{}
contracts_output/contracts_output/codellama_contracts/1587.sol,1587.sol,smartcheck,solidity,2022/11/14,20260212_1543,1770911180.598381,4.586712121963501,0,"{SOLIDITY_ADDRESS_HARDCODED,SOLIDITY_PRAGMAS_VERSION,SOLIDITY_SAFEMATH,SOLIDITY_VISIBILITY}",{},{},{}
contracts_output/contracts_output/codellama_contracts/1589.sol,1589.sol,smartcheck,solidity,2022/11/14,20260212_1543,1770911231.0506809,5.053829908370972,0,"{SOLIDITY_ADDRESS_HARDCODED,SOLIDITY_PRAGMAS_VERSION,SOLIDITY_PRIVATE_MODIFIER_DONT_HIDE_DATA,SOLIDITY_SAFEMATH,SOLIDITY_UPGRADE_TO_050,SOLIDITY_VISIBILITY}",{},{},{}
contracts_output/contracts_output/codellama_contracts/1597.sol,1597.sol,smartcheck,solidity,2022/11/14,20260212_1543,1770911417.3932629,6.73697566986084,0,"{SOLIDITY_ADDRESS_HARDCODED,SOLIDITY_PRAGMAS_VERSION,SOLIDITY_PRIVATE_MODIFIER_DONT_HIDE_DATA,SOLIDITY_SAFEMATH,SOLIDITY_UPGRADE_TO_050,SOLIDITY_VISIBILITY}",{},{},{}
contracts_output/contracts_output/codellama_contracts/1600.sol,1600.sol,smartcheck,solidity,2022/11/14,20260212_1543,1770911451.549399,5.466142416000366,0,"{SOLIDITY_ADDRESS_HARDCODED,SOLIDITY_PRAGMAS_VERSION,SOLIDITY_PRIVATE_MODIFIER_DONT_HIDE_DATA,SOLIDITY_SAFEMATH,SOLIDITY_UPGRADE_TO_050,SOLIDITY_VISIBILITY}",{},{},{}
contracts_output/contracts_output/codellama_contracts/1609.sol,1609.sol,smartcheck,solidity,2022/11/14,20260212_1543,1770911172.5424125,7.139629125595093,0,"{SOLIDITY_ADDRESS_HARDCODED,SOLIDITY_PRAGMAS_VERSION,SOLIDITY_PRIVATE_MODIFIER_DONT_HIDE_DATA,SOLIDITY_SAFEMATH,SOLIDITY_UPGRADE_TO_050,SOLIDITY_VISIBILITY}",{},{},{}
contracts_output/contracts_output/codellama_contracts/1613.sol,1613.sol,smartcheck,solidity,2022/11/14,20260212_1543,1770911330.6418965,7.24551796913147,0,"{SOLIDITY_ADDRESS_HARDCODED,SOLIDITY_PRAGMAS_VERSION,SOLIDITY_PRIVATE_MODIFIER_DONT_HIDE_DATA,SOLIDITY_SAFEMATH,SOLIDITY_UPGRADE_TO_050,SOLIDITY_VISIBILITY}",{},{},{}
contracts_output/contracts_output/codellama_contracts/1617.sol,1617.sol,smartcheck,solidity,2022/11/14,20260212_1543,1770911226.4060082,5.587674140930176,0,"{SOLIDITY_ADDRESS_HARDCODED,SOLIDITY_PRAGMAS_VERSION,SOLIDITY_PRIVATE_MODIFIER_DONT_HIDE_DATA,SOLIDITY_SAFEMATH,SOLIDITY_UPGRADE_TO_050,SOLIDITY_VISIBILITY}",{},{},{}
contracts_output/contracts_output/codellama_contracts/1642.sol,1642.sol,smartcheck,solidity,2022/11/14,20260212_1543,1770911422.681069,6.109875679016113,0,"{SOLIDITY_ADDRESS_HARDCODED,SOLIDITY_PRAGMAS_VERSION,SOLIDITY_SAFEMATH,SOLIDITY_VISIBILITY}",{},{},{}
contracts_output/contracts_output/codellama_contracts/1644.sol,1644.sol,smartcheck,solidity,2022/11/14,20260212_1543,1770911475.0866654,6.321876525878906,0,"{SOLIDITY_ADDRESS_HARDCODED,SOLIDITY_EXTRA_GAS_IN_LOOPS,SOLIDITY_GAS_LIMIT_IN_LOOPS,SOLIDITY_PRAGMAS_VERSION,SOLIDITY_PRIVATE_MODIFIER_DONT_HIDE_DATA,SOLIDITY_SAFEMATH,SOLIDITY_UPGRADE_TO_050,SOLIDITY_VISIBILITY}",{},{},{}
contracts_output/contracts_output/codellama_contracts/1662.sol,1662.sol,smartcheck,solidity,2022/11/14,20260212_1543,1770911084.5975325,5.521607398986816,0,"{SOLIDITY_ADDRESS_HARDCODED,SOLIDITY_PRAGMAS_VERSION,SOLIDITY_PRIVATE_MODIFIER_DONT_HIDE_DATA,SOLIDITY_SAFEMATH,SOLIDITY_SHOULD_RETURN_STRUCT,SOLIDITY_UPGRADE_TO_050,SOLIDITY_VISIBILITY}",{},{},{}
contracts_output/contracts_output/codellama_contracts/1663.sol,1663.sol,smartcheck,solidity,2022/11/14,20260212_1543,1770911396.1439145,6.269104480743408,0,"{SOLIDITY_ADDRESS_HARDCODED,SOLIDITY_PRAGMAS_VERSION,SOLIDITY_PRIVATE_MODIFIER_DONT_HIDE_DATA,SOLIDITY_SAFEMATH,SOLIDITY_UPGRADE_TO_050,SOLIDITY_VISIBILITY}",{},{},{}
contracts_output/contracts_output/codellama_contracts/170.sol,170.sol,smartcheck,solidity,2022/11/14,20260212_1543,1770911232.6316907,5.6223273277282715,0,"{SOLIDITY_ADDRESS_HARDCODED,SOLIDITY_PRAGMAS_VERSION,SOLIDITY_PRIVATE_MODIFIER_DONT_HIDE_DATA,SOLIDITY_SAFEMATH,SOLIDITY_UPGRADE_TO_050,SOLIDITY_VISIBILITY}",{},{},{}
contracts_output/contracts_output/codellama_contracts/1700.sol,1700.sol,smartcheck,solidity,2022/11/14,20260212_1543,1770911338.7350075,4.914491653442383,0,"{SOLIDITY_ADDRESS_HARDCODED,SOLIDITY_PRAGMAS_VERSION,SOLIDITY_PRIVATE_MODIFIER_DONT_HIDE_DATA,SOLIDITY_SAFEMATH,SOLIDITY_UPGRADE_TO_050,SOLIDITY_VISIBILITY}",{},{},{}
contracts_output/contracts_output/codellama_contracts/1722.sol,1722.sol,smartcheck,solidity,2022/11/14,20260212_1543,1770911156.1785414,7.010763645172119,0,"{SOLIDITY_ADDRESS_HARDCODED,SOLIDITY_LOCKED_MONEY,SOLIDITY_PRAGMAS_VERSION,SOLIDITY_PRIVATE_MODIFIER_DONT_HIDE_DATA,SOLIDITY_SAFEMATH,SOLIDITY_UPGRADE_TO_050,SOLIDITY_VISIBILITY}",{},{},{}
contracts_output/contracts_output/codellama_contracts/1735.sol,1735.sol,smartcheck,solidity,2022/11/14,20260212_1543,1770911090.4102175,5.9787917137146,0,"{SOLIDITY_ADDRESS_HARDCODED,SOLIDITY_PRAGMAS_VERSION,SOLIDITY_PRIVATE_MODIFIER_DONT_HIDE_DATA,SOLIDITY_SAFEMATH,SOLIDITY_UPGRADE_TO_050,SOLIDITY_VISIBILITY}",{},{},{}
contracts_output/contracts_output/codellama_contracts/1777.sol,1777.sol,smartcheck,solidity,2022/11/14,20260212_1543,1770911442.612528,6.42352294921875,0,"{SOLIDITY_ADDRESS_HARDCODED,SOLIDITY_PRAGMAS_VERSION,SOLIDITY_PRIVATE_MODIFIER_DONT_HIDE_DATA,SOLIDITY_SAFEMATH,SOLIDITY_UPGRADE_TO_050,SOLIDITY_VISIBILITY}",{},{},{}
contracts_output/contracts_output/codellama_contracts/1782.sol,1782.sol,smartcheck,solidity,2022/11/14,20260212_1543,1770911072.402301,7.2307398319244385,0,"{SOLIDITY_ADDRESS_HARDCODED,SOLIDITY_EXTRA_GAS_IN_LOOPS,SOLIDITY_GAS_LIMIT_IN_LOOPS,SOLIDITY_PRAGMAS_VERSION,SOLIDITY_PRIVATE_MODIFIER_DONT_HIDE_DATA,SOLIDITY_SAFEMATH,SOLIDITY_UPGRADE_TO_050,SOLIDITY_VISIBILITY}",{},{},{}
contracts_output/contracts_output/codellama_contracts/1790.sol,1790.sol,smartcheck,solidity,2022/11/14,20260212_1543,1770911285.4675112,6.178268194198608,0,"{SOLIDITY_ADDRESS_HARDCODED,SOLIDITY_PRAGMAS_VERSION,SOLIDITY_PRIVATE_MODIFIER_DONT_HIDE_DATA,SOLIDITY_SAFEMATH,SOLIDITY_UPGRADE_TO_050,SOLIDITY_VISIBILITY}",{},{},{}
contracts_output/contracts_output/codellama_contracts/1809.sol,1809.sol,smartcheck,solidity,2022/11/14,20260212_1543,1770911026.3026147,5.318792104721069,0,"{SOLIDITY_PRAGMAS_VERSION,SOLIDITY_PRIVATE_MODIFIER_DONT_HIDE_DATA}",{},{},{}
contracts_output/contracts_output/codellama_contracts/1814.sol,1814.sol,smartcheck,solidity,2022/11/14,20260212_1543,1770911109.2310066,7.000938415527344,0,"{SOLIDITY_ADDRESS_HARDCODED,SOLIDITY_LOCKED_MONEY,SOLIDITY_PRAGMAS_VERSION,SOLIDITY_PRIVATE_MODIFIER_DONT_HIDE_DATA,SOLIDITY_SAFEMATH,SOLIDITY_UPGRADE_TO_050,SOLIDITY_VISIBILITY}",{},{},{}
contracts_output/contracts_output/codellama_contracts/1824.sol,1824.sol,smartcheck,solidity,2022/11/14,20260212_1543,1770911370.9063113,5.737588882446289,0,"{SOLIDITY_ADDRESS_HARDCODED,SOLIDITY_PRAGMAS_VERSION,SOLIDITY_PRIVATE_MODIFIER_DONT_HIDE_DATA,SOLIDITY_SAFEMATH,SOLIDITY_UPGRADE_TO_050,SOLIDITY_VISIBILITY}",{},{},{}
contracts_output/contracts_output/codellama_contracts/1832.sol,1832.sol,smartcheck,solidity,2022/11/14,20260212_1543,1770911239.873815,5.377068519592285,0,"{SOLIDITY_ADDRESS_HARDCODED,SOLIDITY_PRAGMAS_VERSION,SOLIDITY_PRIVATE_MODIFIER_DONT_HIDE_DATA,SOLIDITY_UPGRADE_TO_050,SOLIDITY_VISIBILITY}",{},{},{}
contracts_output/contracts_output/codellama_contracts/1838.sol,1838.sol,smartcheck,solidity,2022/11/14,20260212_1543,1770911401.6132705,6.9268224239349365,0,"{SOLIDITY_ADDRESS_HARDCODED,SOLIDITY_PRAGMAS_VERSION,SOLIDITY_PRIVATE_MODIFIER_DONT_HIDE_DATA,SOLIDITY_SAFEMATH,SOLIDITY_UPGRADE_TO_050,SOLIDITY_VISIBILITY}",{},{},{}
contracts_output/contracts_output/codellama_contracts/1872.sol,1872.sol,smartcheck,solidity,2022/11/14,20260212_1543,1770911031.0501516,4.2584028244018555,0,"{SOLIDITY_ADDRESS_HARDCODED,SOLIDITY_PRAGMAS_VERSION,SOLIDITY_PRIVATE_MODIFIER_DONT_HIDE_DATA,SOLIDITY_SAFEMATH,SOLIDITY_UPGRADE_TO_050,SOLIDITY_VISIBILITY}",{},{},{}
contracts_output/contracts_output/codellama_contracts/1877.sol,1877.sol,smartcheck,solidity,2022/11/14,20260212_1543,1770911066.21536,5.567322731018066,0,"{SOLIDITY_ADDRESS_HARDCODED,SOLIDITY_PRAGMAS_VERSION,SOLIDITY_PRIVATE_MODIFIER_DONT_HIDE_DATA,SOLIDITY_SAFEMATH,SOLIDITY_UPGRADE_TO_050,SOLIDITY_VISIBILITY}",{},{},{}
contracts_output/contracts_output/codellama_contracts/189.sol,189.sol,smartcheck,solidity,2022/11/14,20260212_1543,1770911304.7422433,4.772982120513916,0,"{SOLIDITY_ADDRESS_HARDCODED,SOLIDITY_PRAGMAS_VERSION,SOLIDITY_PRIVATE_MODIFIER_DONT_HIDE_DATA,SOLIDITY_SAFEMATH,SOLIDITY_UPGRADE_TO_050,SOLIDITY_VISIBILITY}",{},{},{}
contracts_output/contracts_output/codellama_contracts/1905.sol,1905.sol,smartcheck,solidity,2022/11/14,20260212_1543,1770911411.235231,5.495756149291992,0,"{SOLIDITY_ADDRESS_HARDCODED,SOLIDITY_PRAGMAS_VERSION,SOLIDITY_PRIVATE_MODIFIER_DONT_HIDE_DATA,SOLIDITY_SAFEMATH,SOLIDITY_UINT_CANT_BE_NEGATIVE,SOLIDITY_UPGRADE_TO_050,SOLIDITY_VISIBILITY}",{},{},{}
contracts_output/contracts_output/codellama_contracts/191.sol,191.sol,smartcheck,solidity,2022/11/14,20260212_1543,1770911351.3885217,6.152756690979004,0,"{SOLIDITY_ADDRESS_HARDCODED,SOLIDITY_PRAGMAS_VERSION,SOLIDITY_PRIVATE_MODIFIER_DONT_HIDE_DATA,SOLIDITY_SAFEMATH,SOLIDITY_UPGRADE_TO_050,SOLIDITY_VISIBILITY}",{},{},{}
contracts_output/contracts_output/codellama_contracts/1924.sol,1924.sol,smartcheck,solidity,2022/11/14,20260212_1543,1770911130.3356636,4.92138409614563,0,"{SOLIDITY_LOCKED_MONEY,SOLIDITY_PRAGMAS_VERSION,SOLIDITY_SAFEMATH,SOLIDITY_VISIBILITY}",{},{},{}
contracts_output/contracts_output/codellama_contracts/1926.sol,1926.sol,smartcheck,solidity,2022/11/14,20260212_1543,1770911055.447847,6.075976371765137,0,"{SOLIDITY_ADDRESS_HARDCODED,SOLIDITY_LOCKED_MONEY,SOLIDITY_PRAGMAS_VERSION,SOLIDITY_PRIVATE_MODIFIER_DONT_HIDE_DATA,SOLIDITY_SAFEMATH,SOLIDITY_UPGRADE_TO_050,SOLIDITY_VISIBILITY}",{},{},{}
contracts_output/contracts_output/codellama_contracts/1932.sol,1932.sol,smartcheck,solidity,2022/11/14,20260212_1543,1770911146.0304184,6.856601238250732,0,"{SOLIDITY_ADDRESS_HARDCODED,SOLIDITY_PRAGMAS_VERSION,SOLIDITY_PRIVATE_MODIFIER_DONT_HIDE_DATA,SOLIDITY_SAFEMATH,SOLIDITY_UPGRADE_TO_050,SOLIDITY_VISIBILITY}",{},{},{}
contracts_output/contracts_output/codellama_contracts/1962.sol,1962.sol,smartcheck,solidity,2022/11/14,20260212_1543,1770911390.8980196,5.61263370513916,0,"{SOLIDITY_ADDRESS_HARDCODED,SOLIDITY_PRAGMAS_VERSION,SOLIDITY_PRIVATE_MODIFIER_DONT_HIDE_DATA,SOLIDITY_SAFEMATH,SOLIDITY_UPGRADE_TO_050,SOLIDITY_VISIBILITY}",{},{},{}
contracts_output/contracts_output/codellama_contracts/1979.sol,1979.sol,smartcheck,solidity,2022/11/14,20260212_1543,1770911357.5447588,5.187181711196899,0,"{SOLIDITY_ADDRESS_HARDCODED,SOLIDITY_PRAGMAS_VERSION,SOLIDITY_PRIVATE_MODIFIER_DONT_HIDE_DATA,SOLIDITY_SAFEMATH,SOLIDITY_SHOULD_RETURN_STRUCT,SOLIDITY_UPGRADE_TO_050,SOLIDITY_VISIBILITY}",{},{},{}
contracts_output/contracts_output/codellama_contracts/1993.sol,1993.sol,smartcheck,solidity,2022/11/14,20260212_1543,1770911407.266735,5.951472520828247,0,"{SOLIDITY_ADDRESS_HARDCODED,SOLIDITY_PRAGMAS_VERSION,SOLIDITY_PRIVATE_MODIFIER_DONT_HIDE_DATA,SOLIDITY_SAFEMATH,SOLIDITY_UPGRADE_TO_050,SOLIDITY_VISIBILITY}",{},{},{}
contracts_output/contracts_output/codellama_contracts/2003.sol,2003.sol,smartcheck,solidity,2022/11/14,20260212_1543,1770911328.9225438,9.421464920043945,0,"{SOLIDITY_ADDRESS_HARDCODED,SOLIDITY_LOCKED_MONEY,SOLIDITY_PRAGMAS_VERSION,SOLIDITY_PRIVATE_MODIFIER_DONT_HIDE_DATA,SOLIDITY_SAFEMATH,SOLIDITY_UPGRADE_TO_050,SOLIDITY_VISIBILITY}",{},{},{}
contracts_output/contracts_output/codellama_contracts/2019.sol,2019.sol,smartcheck,solidity,2022/11/14,20260212_1543,1770911299.959377,5.79289174079895,0,"{SOLIDITY_ADDRESS_HARDCODED,SOLIDITY_PRAGMAS_VERSION,SOLIDITY_PRIVATE_MODIFIER_DONT_HIDE_DATA,SOLIDITY_UPGRADE_TO_050,SOLIDITY_VISIBILITY}",{},{},{}
contracts_output/contracts_output/codellama_contracts/2044.sol,2044.sol,smartcheck,solidity,2022/11/14,20260212_1543,1770911135.1065161,4.738962650299072,0,"{SOLIDITY_ADDRESS_HARDCODED,SOLIDITY_PRAGMAS_VERSION,SOLIDITY_PRIVATE_MODIFIER_DONT_HIDE_DATA,SOLIDITY_SAFEMATH,SOLIDITY_UPGRADE_TO_050,SOLIDITY_VISIBILITY}",{},{},{}
contracts_output/contracts_output/codellama_contracts/2053.sol,2053.sol,smartcheck,solidity,2022/11/14,20260212_1543,1770911089.8201065,5.439773797988892,0,"{SOLIDITY_ADDRESS_HARDCODED,SOLIDITY_LOCKED_MONEY,SOLIDITY_PRAGMAS_VERSION,SOLIDITY_PRIVATE_MODIFIER_DONT_HIDE_DATA,SOLIDITY_SAFEMATH,SOLIDITY_UPGRADE_TO_050,SOLIDITY_VISIBILITY}",{},{},{}
contracts_output/contracts_output/codellama_contracts/2061.sol,2061.sol,smartcheck,solidity,2022/11/14,20260212_1543,1770911175.5338924,5.459997892379761,0,"{SOLIDITY_ADDRESS_HARDCODED,SOLIDITY_PRAGMAS_VERSION,SOLIDITY_PRIVATE_MODIFIER_DONT_HIDE_DATA,SOLIDITY_SAFEMATH,SOLIDITY_UPGRADE_TO_050,SOLIDITY_VISIBILITY}",{},{},{}
contracts_output/contracts_output/codellama_contracts/2081.sol,2081.sol,smartcheck,solidity,2022/11/14,20260212_1543,1770911296.1994264,4.880798101425171,0,"{SOLIDITY_ADDRESS_HARDCODED,SOLIDITY_PRAGMAS_VERSION,SOLIDITY_VISIBILITY}",{},{},{}
contracts_output/contracts_output/codellama_contracts/2092.sol,2092.sol,smartcheck,solidity,2022/11/14,20260212_1543,1770911442.8952074,5.849533557891846,0,"{SOLIDITY_ADDRESS_HARDCODED,SOLIDITY_PRAGMAS_VERSION,SOLIDITY_PRIVATE_MODIFIER_DONT_HIDE_DATA,SOLIDITY_SAFEMATH,SOLIDITY_UPGRADE_TO_050,SOLIDITY_VISIBILITY}",{},{},{}
contracts_output/contracts_output/codellama_contracts/2093.sol,2093.sol,smartcheck,solidity,2022/11/14,20260212_1543,1770911083.4425526,4.883932828903198,0,"{SOLIDITY_ADDRESS_HARDCODED,SOLIDITY_PRAGMAS_VERSION,SOLIDITY_PRIVATE_MODIFIER_DONT_HIDE_DATA,SOLIDITY_SAFEMATH,SOLIDITY_SHOULD_RETURN_STRUCT,SOLIDITY_UPGRADE_TO_050,SOLIDITY_VISIBILITY}",{},{},{}
contracts_output/contracts_output/codellama_contracts/211.sol,211.sol,smartcheck,solidity,2022/11/14,20260212_1543,1770911121.097197,5.281898736953735,0,"{SOLIDITY_ADDRESS_HARDCODED,SOLIDITY_PRAGMAS_VERSION,SOLIDITY_PRIVATE_MODIFIER_DONT_HIDE_DATA,SOLIDITY_SAFEMATH,SOLIDITY_UPGRADE_TO_050,SOLIDITY_VISIBILITY}",{},{},{}
contracts_output/contracts_output/codellama_contracts/2110.sol,2110.sol,smartcheck,solidity,2022/11/14,20260212_1543,1770911212.9057364,5.224686145782471,0,"{SOLIDITY_ADDRESS_HARDCODED,SOLIDITY_PRAGMAS_VERSION,SOLIDITY_PRIVATE_MODIFIER_DONT_HIDE_DATA,SOLIDITY_SAFEMATH,SOLIDITY_UPGRADE_TO_050,SOLIDITY_VISIBILITY}",{},{},{}
contracts_output/contracts_output/codellama_contracts/2112.sol,2112.sol,smartcheck,solidity,2022/11/14,20260212_1543,1770911026.2313652,6.353109836578369,0,"{SOLIDITY_ADDRESS_HARDCODED,SOLIDITY_PRAGMAS_VERSION,SOLIDITY_PRIVATE_MODIFIER_DONT_HIDE_DATA,SOLIDITY_SAFEMATH,SOLIDITY_UPGRADE_TO_050,SOLIDITY_VISIBILITY}",{},{},{}
contracts_output/contracts_output/codellama_contracts/2119.sol,2119.sol,smartcheck,solidity,2022/11/14,20260212_1543,1770911036.2397146,6.579704761505127,0,"{SOLIDITY_ADDRESS_HARDCODED,SOLIDITY_PRAGMAS_VERSION,SOLIDITY_PRIVATE_MODIFIER_DONT_HIDE_DATA,SOLIDITY_SAFEMATH,SOLIDITY_UPGRADE_TO_050,SOLIDITY_VISIBILITY}",{},{},{}
contracts_output/contracts_output/codellama_contracts/213.sol,213.sol,smartcheck,solidity,2022/11/14,20260212_1543,1770911384.8125393,6.0836873054504395,0,"{SOLIDITY_ADDRESS_HARDCODED,SOLIDITY_EXTRA_GAS_IN_LOOPS,SOLIDITY_GAS_LIMIT_IN_LOOPS,SOLIDITY_PRAGMAS_VERSION,SOLIDITY_PRIVATE_MODIFIER_DONT_HIDE_DATA,SOLIDITY_SAFEMATH,SOLIDITY_UPGRADE_TO_050,SOLIDITY_VISIBILITY}",{},{},{}
contracts_output/contracts_output/codellama_contracts/2141.sol,2141.sol,smartcheck,solidity,2022/11/14,20260212_1543,1770911416.7326853,5.946801662445068,0,"{SOLIDITY_ADDRESS_HARDCODED,SOLIDITY_PRAGMAS_VERSION,SOLIDITY_PRIVATE_MODIFIER_DONT_HIDE_DATA,SOLIDITY_UPGRADE_TO_050,SOLIDITY_VISIBILITY}",{},{},{}
contracts_output/contracts_output/codellama_contracts/2199.sol,2199.sol,smartcheck,solidity,2022/11/14,20260212_1543,1770911191.6660755,4.579690217971802,0,"{SOLIDITY_PRAGMAS_VERSION,SOLIDITY_SAFEMATH,SOLIDITY_VISIBILITY}",{},{},{}
contracts_output/contracts_output/codellama_contracts/2205.sol,2205.sol,smartcheck,solidity,2022/11/14,20260212_1543,1770911309.5169175,6.407891511917114,0,"{SOLIDITY_ADDRESS_HARDCODED,SOLIDITY_LOCKED_MONEY,SOLIDITY_PRAGMAS_VERSION,SOLIDITY_PRIVATE_MODIFIER_DONT_HIDE_DATA,SOLIDITY_UPGRADE_TO_050,SOLIDITY_VISIBILITY}",{},{},{}
contracts_output/contracts_output/codellama_contracts/2209.sol,2209.sol,smartcheck,solidity,2022/11/14,20260212_1543,1770911238.7388418,7.14412522315979,0,"{SOLIDITY_ADDRESS_HARDCODED,SOLIDITY_EXTRA_GAS_IN_LOOPS,SOLIDITY_GAS_LIMIT_IN_LOOPS,SOLIDITY_PRAGMAS_VERSION,SOLIDITY_PRIVATE_MODIFIER_DONT_HIDE_DATA,SOLIDITY_SAFEMATH,SOLIDITY_UPGRADE_TO_050,SOLIDITY_VISIBILITY}",{},{},{}
contracts_output/contracts_output/codellama_contracts/2215.sol,2215.sol,smartcheck,solidity,2022/11/14,20260212_1543,1770911371.0397298,6.052274942398071,0,"{SOLIDITY_ADDRESS_HARDCODED,SOLIDITY_PRAGMAS_VERSION,SOLIDITY_PRIVATE_MODIFIER_DONT_HIDE_DATA,SOLIDITY_SAFEMATH,SOLIDITY_UPGRADE_TO_050,SOLIDITY_VISIBILITY}",{},{},{}
contracts_output/contracts_output/codellama_contracts/2223.sol,2223.sol,smartcheck,solidity,2022/11/14,20260212_1543,1770911090.2640657,4.903813362121582,0,"{SOLIDITY_PRAGMAS_VERSION,SOLIDITY_SAFEMATH,SOLIDITY_VISIBILITY}",{},{},{}
contracts_output/contracts_output/codellama_contracts/223.sol,223.sol,smartcheck,solidity,2022/11/14,20260212_1543,1770911050.7764132,5.404757261276245,0,"{SOLIDITY_ADDRESS_HARDCODED,SOLIDITY_PRAGMAS_VERSION,SOLIDITY_PRIVATE_MODIFIER_DONT_HIDE_DATA,SOLIDITY_UPGRADE_TO_050,SOLIDITY_VISIBILITY}",{},{},{}
contracts_output/contracts_output/codellama_contracts/2236.sol,2236.sol,smartcheck,solidity,2022/11/14,20260212_1543,1770911491.4984517,5.4155027866363525,0,"{SOLIDITY_ADDRESS_HARDCODED,SOLIDITY_PRAGMAS_VERSION,SOLIDITY_PRIVATE_MODIFIER_DONT_HIDE_DATA,SOLIDITY_SAFEMATH,SOLIDITY_UPGRADE_TO_050,SOLIDITY_VISIBILITY}",{},{},{}
contracts_output/contracts_output/codellama_contracts/2241.sol,2241.sol,smartcheck,solidity,2022/11/14,20260212_1543,1770911259.8042119,5.862467527389526,0,"{SOLIDITY_ADDRESS_HARDCODED,SOLIDITY_PRAGMAS_VERSION,SOLIDITY_PRIVATE_MODIFIER_DONT_HIDE_DATA,SOLIDITY_SAFEMATH,SOLIDITY_UPGRADE_TO_050,SOLIDITY_VISIBILITY}",{},{},{}
contracts_output/contracts_output/codellama_contracts/2268.sol,2268.sol,smartcheck,solidity,2022/11/14,20260212_1543,1770911403.1315384,6.748009443283081,0,"{SOLIDITY_ADDRESS_HARDCODED,SOLIDITY_EXTRA_GAS_IN_LOOPS,SOLIDITY_GAS_LIMIT_IN_LOOPS,SOLIDITY_PRAGMAS_VERSION,SOLIDITY_PRIVATE_MODIFIER_DONT_HIDE_DATA,SOLIDITY_SAFEMATH,SOLIDITY_TRANSFER_IN_LOOP,SOLIDITY_UPGRADE_TO_050,SOLIDITY_VISIBILITY}",{},{},{}
contracts_output/contracts_output/codellama_contracts/2271.sol,2271.sol,smartcheck,solidity,2022/11/14,20260212_1543,1770911229.702626,5.569071531295776,0,"{SOLIDITY_ADDRESS_HARDCODED,SOLIDITY_LOCKED_MONEY,SOLIDITY_PRAGMAS_VERSION,SOLIDITY_PRIVATE_MODIFIER_DONT_HIDE_DATA,SOLIDITY_SAFEMATH,SOLIDITY_UPGRADE_TO_050,SOLIDITY_VISIBILITY}",{},{},{}
contracts_output/contracts_output/codellama_contracts/2278.sol,2278.sol,smartcheck,solidity,2022/11/14,20260212_1543,1770911234.189306,6.2183473110198975,0,"{SOLIDITY_ADDRESS_HARDCODED,SOLIDITY_PRAGMAS_VERSION,SOLIDITY_PRIVATE_MODIFIER_DONT_HIDE_DATA,SOLIDITY_SAFEMATH,SOLIDITY_UPGRADE_TO_050,SOLIDITY_VISIBILITY}",{},{},{}
contracts_output/contracts_output/codellama_contracts/2295.sol,2295.sol,smartcheck,solidity,2022/11/14,20260212_1543,1770911340.803617,5.815009832382202,0,"{SOLIDITY_PRAGMAS_VERSION,SOLIDITY_SAFEMATH,SOLIDITY_VISIBILITY}",{},{},{}
contracts_output/contracts_output/codellama_contracts/2308.sol,2308.sol,smartcheck,solidity,2022/11/14,20260212_1543,1770911054.0221305,4.777464151382446,0,"{SOLIDITY_ADDRESS_HARDCODED,SOLIDITY_PRAGMAS_VERSION,SOLIDITY_PRIVATE_MODIFIER_DONT_HIDE_DATA,SOLIDITY_SAFEMATH,SOLIDITY_UPGRADE_TO_050,SOLIDITY_VISIBILITY}",{},{},{}
contracts_output/contracts_output/codellama_contracts/2313.sol,2313.sol,smartcheck,solidity,2022/11/14,20260212_1543,1770911471.0451837,5.74553918838501,0,"{SOLIDITY_ADDRESS_HARDCODED,SOLIDITY_PRAGMAS_VERSION,SOLIDITY_PRIVATE_MODIFIER_DONT_HIDE_DATA,SOLIDITY_SAFEMATH,SOLIDITY_UPGRADE_TO_050,SOLIDITY_VISIBILITY}",{},{},{}
contracts_output/contracts_output/codellama_contracts/232.sol,232.sol,smartcheck,solidity,2022/11/14,20260212_1543,1770911343.473066,5.102710962295532,0,"{SOLIDITY_ADDRESS_HARDCODED,SOLIDITY_PRAGMAS_VERSION,SOLIDITY_PRIVATE_MODIFIER_DONT_HIDE_DATA,SOLIDITY_SAFEMATH,SOLIDITY_UPGRADE_TO_050,SOLIDITY_VISIBILITY}",{},{},{}
contracts_output/contracts_output/codellama_contracts/2321.sol,2321.sol,smartcheck,solidity,2022/11/14,20260212_1543,1770911148.9799347,4.813144683837891,0,"{SOLIDITY_ADDRESS_HARDCODED,SOLIDITY_PRAGMAS_VERSION,SOLIDITY_PRIVATE_MODIFIER_DONT_HIDE_DATA,SOLIDITY_SAFEMATH,SOLIDITY_UPGRADE_TO_050,SOLIDITY_VISIBILITY}",{},{},{}
contracts_output/contracts_output/codellama_contracts/2323.sol,2323.sol,smartcheck,solidity,2022/11/14,20260212_1543,1770911204.6301951,6.328879117965698,0,"{SOLIDITY_ADDRESS_HARDCODED,SOLIDITY_PRAGMAS_VERSION,SOLIDITY_PRIVATE_MODIFIER_DONT_HIDE_DATA,SOLIDITY_SAFEMATH,SOLIDITY_UPGRADE_TO_050,SOLIDITY_VISIBILITY}",{},{},{}
contracts_output/contracts_output/codellama_contracts/2354.sol,2354.sol,smartcheck,solidity,2022/11/14,20260212_1543,1770911109.514102,5.513256311416626,0,"{SOLIDITY_ADDRESS_HARDCODED,SOLIDITY_PRAGMAS_VERSION,SOLIDITY_PRIVATE_MODIFIER_DONT_HIDE_DATA,SOLIDITY_SAFEMATH,SOLIDITY_UPGRADE_TO_050,SOLIDITY_VISIBILITY}",{},{},{}
contracts_output/contracts_output/codellama_contracts/2359.sol,2359.sol,smartcheck,solidity,2022/11/14,20260212_1543,1770911291.953888,5.620919704437256,0,"{SOLIDITY_ADDRESS_HARDCODED,SOLIDITY_PRAGMAS_VERSION,SOLIDITY_PRIVATE_MODIFIER_DONT_HIDE_DATA,SOLIDITY_SAFEMATH,SOLIDITY_UPGRADE_TO_050,SOLIDITY_VISIBILITY}",{},{},{}
contracts_output/contracts_output/codellama_contracts/2373.sol,2373.sol,smartcheck,solidity,2022/11/14,20260212_1543,1770911152.3669536,6.654644966125488,0,"{SOLIDITY_ADDRESS_HARDCODED,SOLIDITY_PRAGMAS_VERSION,SOLIDITY_PRIVATE_MODIFIER_DONT_HIDE_DATA,SOLIDITY_SAFEMATH,SOLIDITY_UPGRADE_TO_050,SOLIDITY_VISIBILITY}",{},{},{}
contracts_output/contracts_output/codellama_contracts/2380.sol,2380.sol,smartcheck,solidity,2022/11/14,20260212_1543,1770911208.647802,5.977989196777344,0,"{SOLIDITY_ADDRESS_HARDCODED,SOLIDITY_PRAGMAS_VERSION,SOLIDITY_PRIVATE_MODIFIER_DONT_HIDE_DATA,SOLIDITY_SAFEMATH,SOLIDITY_UPGRADE_TO_050,SOLIDITY_VISIBILITY}",{},{},{}
contracts_output/contracts_output/codellama_contracts/239.sol,239.sol,smartcheck,solidity,2022/11/14,20260212_1543,1770911099.5164716,6.588500738143921,0,"{SOLIDITY_ADDRESS_HARDCODED,SOLIDITY_PRAGMAS_VERSION,SOLIDITY_PRIVATE_MODIFIER_DONT_HIDE_DATA,SOLIDITY_SAFEMATH,SOLIDITY_UPGRADE_TO_050,SOLIDITY_VISIBILITY}",{},{},{}
contracts_output/contracts_output/codellama_contracts/2394.sol,2394.sol,smartcheck,solidity,2022/11/14,20260212_1543,1770911320.8988328,16.77585196495056,0,"{SOLIDITY_ADDRESS_HARDCODED,SOLIDITY_EXTRA_GAS_IN_LOOPS,SOLIDITY_PRAGMAS_VERSION,SOLIDITY_PRIVATE_MODIFIER_DONT_HIDE_DATA,SOLIDITY_SAFEMATH,SOLIDITY_UPGRADE_TO_050,SOLIDITY_VISIBILITY}",{},{},{}
contracts_output/contracts_output/codellama_contracts/2396.sol,2396.sol,smartcheck,solidity,2022/11/14,20260212_1543,1770911146.6271122,5.633146047592163,0,"{SOLIDITY_ADDRESS_HARDCODED,SOLIDITY_PRAGMAS_VERSION,SOLIDITY_SAFEMATH,SOLIDITY_VISIBILITY}",{},{},{}
contracts_output/contracts_output/codellama_contracts/240.sol,240.sol,smartcheck,solidity,2022/11/14,20260212_1543,1770911240.8965673,6.267225742340088,0,"{SOLIDITY_ADDRESS_HARDCODED,SOLIDITY_PRAGMAS_VERSION,SOLIDITY_PRIVATE_MODIFIER_DONT_HIDE_DATA,SOLIDITY_SAFEMATH,SOLIDITY_UPGRADE_TO_050,SOLIDITY_VISIBILITY}",{},{},{}
contracts_output/contracts_output/codellama_contracts/2419.sol,2419.sol,smartcheck,solidity,2022/11/14,20260212_1543,1770911180.9954407,5.972646474838257,0,"{SOLIDITY_ADDRESS_HARDCODED,SOLIDITY_PRAGMAS_VERSION,SOLIDITY_PRIVATE_MODIFIER_DONT_HIDE_DATA,SOLIDITY_SAFEMATH,SOLIDITY_UPGRADE_TO_050,SOLIDITY_VISIBILITY}",{},{},{}
contracts_output/contracts_output/codellama_contracts/242.sol,242.sol,smartcheck,solidity,2022/11/14,20260212_1543,1770911486.903507,5.10513710975647,0,"{SOLIDITY_ADDRESS_HARDCODED,SOLIDITY_PRAGMAS_VERSION,SOLIDITY_SAFEMATH,SOLIDITY_VISIBILITY}",{},{},{}
contracts_output/contracts_output/codellama_contracts/2424.sol,2424.sol,smartcheck,solidity,2022/11/14,20260212_1543,1770911424.8098016,7.265965223312378,0,"{SOLIDITY_ADDRESS_HARDCODED,SOLIDITY_PRAGMAS_VERSION,SOLIDITY_PRIVATE_MODIFIER_DONT_HIDE_DATA,SOLIDITY_SAFEMATH,SOLIDITY_UPGRADE_TO_050,SOLIDITY_VISIBILITY}",{},{},{}
contracts_output/contracts_output/codellama_contracts/243.sol,243.sol,smartcheck,solidity,2022/11/14,20260212_1543,1770911450.095982,5.298013210296631,0,"{SOLIDITY_ADDRESS_HARDCODED,SOLIDITY_PRAGMAS_VERSION,SOLIDITY_PRIVATE_MODIFIER_DONT_HIDE_DATA,SOLIDITY_SAFEMATH,SOLIDITY_UPGRADE_TO_050,SOLIDITY_VISIBILITY}",{},{},{}
contracts_output/contracts_output/codellama_contracts/2431.sol,2431.sol,smartcheck,solidity,2022/11/14,20260212_1543,1770911483.2068853,5.88567852973938,0,"{SOLIDITY_ADDRESS_HARDCODED,SOLIDITY_LOCKED_MONEY,SOLIDITY_PRAGMAS_VERSION,SOLIDITY_SAFEMATH,SOLIDITY_VISIBILITY}",{},{},{}
contracts_output/contracts_output/codellama_contracts/2433.sol,2433.sol,smartcheck,solidity,2022/11/14,20260212_1543,1770911496.7800748,6.200293779373169,0,"{SOLIDITY_ADDRESS_HARDCODED,SOLIDITY_PRAGMAS_VERSION,SOLIDITY_PRIVATE_MODIFIER_DONT_HIDE_DATA,SOLIDITY_SAFEMATH,SOLIDITY_UPGRADE_TO_050,SOLIDITY_VISIBILITY}",{},{},{}
contracts_output/contracts_output/codellama_contracts/2436.sol,2436.sol,smartcheck,solidity,2022/11/14,20260212_1543,1770911351.655595,5.576233863830566,0,"{SOLIDITY_ADDRESS_HARDCODED,SOLIDITY_PRAGMAS_VERSION,SOLIDITY_SAFEMATH,SOLIDITY_VISIBILITY}",{},{},{}
contracts_output/contracts_output/codellama_contracts/2439.sol,2439.sol,smartcheck,solidity,2022/11/14,20260212_1543,1770911306.705193,5.669973373413086,0,"{SOLIDITY_ADDRESS_HARDCODED,SOLIDITY_PRAGMAS_VERSION,SOLIDITY_PRIVATE_MODIFIER_DONT_HIDE_DATA,SOLIDITY_SAFEMATH,SOLIDITY_UPGRADE_TO_050,SOLIDITY_VISIBILITY}",{},{},{}
contracts_output/contracts_output/codellama_contracts/2463.sol,2463.sol,smartcheck,solidity,2022/11/14,20260212_1543,1770911044.2821703,5.031117677688599,0,"{SOLIDITY_ADDRESS_HARDCODED,SOLIDITY_PRAGMAS_VERSION,SOLIDITY_SAFEMATH,SOLIDITY_VISIBILITY}",{},{},{}
contracts_output/contracts_output/codellama_contracts/2468.sol,2468.sol,smartcheck,solidity,2022/11/14,20260212_1543,1770911299.2836318,6.02667760848999,0,"{SOLIDITY_ADDRESS_HARDCODED,SOLIDITY_PRAGMAS_VERSION,SOLIDITY_PRIVATE_MODIFIER_DONT_HIDE_DATA,SOLIDITY_SAFEMATH,SOLIDITY_UPGRADE_TO_050,SOLIDITY_VISIBILITY}",{},{},{}
contracts_output/contracts_output/codellama_contracts/2473.sol,2473.sol,smartcheck,solidity,2022/11/14,20260212_1543,1770911347.0359797,5.535214424133301,0,"{SOLIDITY_ADDRESS_HARDCODED,SOLIDITY_PRAGMAS_VERSION}",{},{},{}
contracts_output/contracts_output/codellama_contracts/2476.sol,2476.sol,smartcheck,solidity,2022/11/14,20260212_1543,1770911506.3861666,5.366195917129517,0,"{SOLIDITY_ADDRESS_HARDCODED,SOLIDITY_PRAGMAS_VERSION,SOLIDITY_PRIVATE_MODIFIER_DONT_HIDE_DATA,SOLIDITY_SAFEMATH,SOLIDITY_UPGRADE_TO_050,SOLIDITY_VISIBILITY}",{},{},{}
contracts_output/contracts_output/codellama_contracts/2481.sol,2481.sol,smartcheck,solidity,2022/11/14,20260212_1543,1770911275.4720542,5.370065927505493,0,"{SOLIDITY_ADDRESS_HARDCODED,SOLIDITY_PRAGMAS_VERSION,SOLIDITY_PRIVATE_MODIFIER_DONT_HIDE_DATA,SOLIDITY_UPGRADE_TO_050,SOLIDITY_VISIBILITY}",{},{},{}
contracts_output/contracts_output/codellama_contracts/2485.sol,2485.sol,smartcheck,solidity,2022/11/14,20260212_1543,1770911402.3690119,7.08324122428894,0,"{SOLIDITY_ADDRESS_HARDCODED,SOLIDITY_PRAGMAS_VERSION,SOLIDITY_PRIVATE_MODIFIER_DONT_HIDE_DATA,SOLIDITY_SAFEMATH,SOLIDITY_UPGRADE_TO_050,SOLIDITY_VISIBILITY}",{},{},{}
contracts_output/contracts_output/codellama_contracts/2491.sol,2491.sol,smartcheck,solidity,2022/11/14,20260212_1543,1770911345.5253775,5.1047608852386475,0,"{SOLIDITY_ADDRESS_HARDCODED,SOLIDITY_PRAGMAS_VERSION,SOLIDITY_PRIVATE_MODIFIER_DONT_HIDE_DATA,SOLIDITY_UPGRADE_TO_050,SOLIDITY_VISIBILITY}",{},{},{}
contracts_output/contracts_output/codellama_contracts/250.sol,250.sol,smartcheck,solidity,2022/11/14,20260212_1543,1770911231.7522604,6.6498024463653564,0,"{SOLIDITY_ADDRESS_HARDCODED,SOLIDITY_OVERPOWERED_ROLE,SOLIDITY_PRAGMAS_VERSION,SOLIDITY_PRIVATE_MODIFIER_DONT_HIDE_DATA,SOLIDITY_SAFEMATH,SOLIDITY_UPGRADE_TO_050,SOLIDITY_VISIBILITY}",{},{},{}
contracts_output/contracts_output/codellama_contracts/2515.sol,2515.sol,smartcheck,solidity,2022/11/14,20260212_1543,1770911418.070819,6.564204692840576,0,"{SOLIDITY_ADDRESS_HARDCODED,SOLIDITY_PRAGMAS_VERSION,SOLIDITY_PRIVATE_MODIFIER_DONT_HIDE_DATA,SOLIDITY_SHOULD_RETURN_STRUCT,SOLIDITY_UPGRADE_TO_050,SOLIDITY_VISIBILITY}",{},{},{}
contracts_output/contracts_output/codellama_contracts/2521.sol,2521.sol,smartcheck,solidity,2022/11/14,20260212_1543,1770911138.2967691,6.961887836456299,0,"{SOLIDITY_ADDRESS_HARDCODED,SOLIDITY_PRAGMAS_VERSION,SOLIDITY_PRIVATE_MODIFIER_DONT_HIDE_DATA,SOLIDITY_SAFEMATH,SOLIDITY_UPGRADE_TO_050,SOLIDITY_VISIBILITY}",{},{},{}
contracts_output/contracts_output/codellama_contracts/2524.sol,2524.sol,smartcheck,solidity,2022/11/14,20260212_1543,1770911129.174368,5.930859565734863,0,"{SOLIDITY_ADDRESS_HARDCODED,SOLIDITY_PRAGMAS_VERSION,SOLIDITY_PRIVATE_MODIFIER_DONT_HIDE_DATA,SOLIDITY_SAFEMATH,SOLIDITY_UPGRADE_TO_050,SOLIDITY_VISIBILITY}",{},{},{}
contracts_output/contracts_output/codellama_contracts/2532.sol,2532.sol,smartcheck,solidity,2022/11/14,20260212_1543,1770911508.7176383,4.512251853942871,0,"{SOLIDITY_PRAGMAS_VERSION,SOLIDITY_PRIVATE_MODIFIER_DONT_HIDE_DATA,SOLIDITY_SAFEMATH,SOLIDITY_VISIBILITY}",{},{},{}
contracts_output/contracts_output/codellama_contracts/2533.sol,2533.sol,smartcheck,solidity,2022/11/14,20260212_1543,1770911424.9892993,6.407710790634155,0,"{SOLIDITY_LOCKED_MONEY,SOLIDITY_PRAGMAS_VERSION,SOLIDITY_SAFEMATH,SOLIDITY_VISIBILITY}",{},{},{}
contracts_output/contracts_output/codellama_contracts/2566.sol,2566.sol,smartcheck,solidity,2022/11/14,20260212_1543,1770911336.858805,4.485755681991577,0,"{SOLIDITY_ADDRESS_HARDCODED,SOLIDITY_PRAGMAS_VERSION,SOLIDITY_PRIVATE_MODIFIER_DONT_HIDE_DATA,SOLIDITY_UPGRADE_TO_050,SOLIDITY_VISIBILITY}",{},{},{}
contracts_output/contracts_output/codellama_contracts/2581.sol,2581.sol,smartcheck,solidity,2022/11/14,20260212_1543,1770911232.322872,5.088677883148193,0,"{SOLIDITY_ADDRESS_HARDCODED,SOLIDITY_FUNCTIONS_RETURNS_TYPE_AND_NO_RETURN,SOLIDITY_PRAGMAS_VERSION,SOLIDITY_PRIVATE_MODIFIER_DONT_HIDE_DATA,SOLIDITY_SAFEMATH,SOLIDITY_UPGRADE_TO_050,SOLIDITY_VISIBILITY}",{},{},{}
contracts_output/contracts_output/codellama_contracts/2600.sol,2600.sol,smartcheck,solidity,2022/11/14,20260212_1543,1770911040.9043245,5.109805107116699,0,"{SOLIDITY_ADDRESS_HARDCODED,SOLIDITY_PRAGMAS_VERSION,SOLIDITY_PRIVATE_MODIFIER_DONT_HIDE_DATA,SOLIDITY_SAFEMATH,SOLIDITY_UPGRADE_TO_050,SOLIDITY_VISIBILITY}",{},{},{}
contracts_output/contracts_output/codellama_contracts/2602.sol,2602.sol,smartcheck,solidity,2022/11/14,20260212_1543,1770911444.2814395,5.813032150268555,0,"{SOLIDITY_ADDRESS_HARDCODED,SOLIDITY_EXTRA_GAS_IN_LOOPS,SOLIDITY_GAS_LIMIT_IN_LOOPS,SOLIDITY_PRAGMAS_VERSION,SOLIDITY_PRIVATE_MODIFIER_DONT_HIDE_DATA,SOLIDITY_SAFEMATH,SOLIDITY_TRANSFER_IN_LOOP,SOLIDITY_UPGRADE_TO_050,SOLIDITY_VISIBILITY}",{},{},{}
contracts_output/contracts_output/codellama_contracts/2614.sol,2614.sol,smartcheck,solidity,2022/11/14,20260212_1543,1770911161.3427205,5.382777452468872,0,"{SOLIDITY_ADDRESS_HARDCODED,SOLIDITY_PRAGMAS_VERSION,SOLIDITY_PRIVATE_MODIFIER_DONT_HIDE_DATA,SOLIDITY_UPGRADE_TO_050,SOLIDITY_VISIBILITY}",{},{},{}
contracts_output/contracts_output/codellama_contracts/2617.sol,2617.sol,smartcheck,solidity,2022/11/14,20260212_1543,1770911124.2917378,5.833609342575073,0,"{SOLIDITY_PRAGMAS_VERSION,SOLIDITY_SAFEMATH,SOLIDITY_VISIBILITY}",{},{},{}
contracts_output/contracts_output/codellama_contracts/2621.sol,2621.sol,smartcheck,solidity,2022/11/14,20260212_1543,1770911435.461853,5.508908033370972,0,"{SOLIDITY_ADDRESS_HARDCODED,SOLIDITY_PRAGMAS_VERSION,SOLIDITY_PRIVATE_MODIFIER_DONT_HIDE_DATA,SOLIDITY_SAFEMATH,SOLIDITY_UPGRADE_TO_050,SOLIDITY_VISIBILITY}",{},{},{}
contracts_output/contracts_output/codellama_contracts/2632.sol,2632.sol,smartcheck,solidity,2022/11/14,20260212_1543,1770911146.0295422,6.3357930183410645,0,"{SOLIDITY_ADDRESS_HARDCODED,SOLIDITY_EXTRA_GAS_IN_LOOPS,SOLIDITY_GAS_LIMIT_IN_LOOPS,SOLIDITY_PRAGMAS_VERSION,SOLIDITY_PRIVATE_MODIFIER_DONT_HIDE_DATA,SOLIDITY_UPGRADE_TO_050,SOLIDITY_VISIBILITY}",{},{},{}
contracts_output/contracts_output/codellama_contracts/2639.sol,2639.sol,smartcheck,solidity,2022/11/14,20260212_1543,1770911186.7156093,5.758400917053223,0,"{SOLIDITY_ADDRESS_HARDCODED,SOLIDITY_PRAGMAS_VERSION,SOLIDITY_PRIVATE_MODIFIER_DONT_HIDE_DATA,SOLIDITY_SAFEMATH,SOLIDITY_UPGRADE_TO_050,SOLIDITY_VISIBILITY}",{},{},{}
contracts_output/contracts_output/codellama_contracts/267.sol,267.sol,smartcheck,solidity,2022/11/14,20260212_1543,1770911160.1118948,5.3141303062438965,0,"{SOLIDITY_ADDRESS_HARDCODED,SOLIDITY_PRAGMAS_VERSION,SOLIDITY_PRIVATE_MODIFIER_DONT_HIDE_DATA,SOLIDITY_SAFEMATH,SOLIDITY_UPGRADE_TO_050,SOLIDITY_VISIBILITY}",{},{},{}
contracts_output/contracts_output/codellama_contracts/2680.sol,2680.sol,smartcheck,solidity,2022/11/14,20260212_1543,1770911399.3097506,5.091823101043701,0,"{SOLIDITY_ADDRESS_HARDCODED,SOLIDITY_PRAGMAS_VERSION,SOLIDITY_PRIVATE_MODIFIER_DONT_HIDE_DATA,SOLIDITY_SAFEMATH,SOLIDITY_UPGRADE_TO_050,SOLIDITY_VISIBILITY}",{},{},{}
contracts_output/contracts_output/codellama_contracts/2712.sol,2712.sol,smartcheck,solidity,2022/11/14,20260212_1543,1770911417.9233177,6.2350194454193115,0,"{SOLIDITY_ADDRESS_HARDCODED,SOLIDITY_PRAGMAS_VERSION,SOLIDITY_PRIVATE_MODIFIER_DONT_HIDE_DATA,SOLIDITY_UPGRADE_TO_050,SOLIDITY_VISIBILITY}",{},{},{}
contracts_output/contracts_output/codellama_contracts/2733.sol,2733.sol,smartcheck,solidity,2022/11/14,20260212_1543,1770911078.9471827,4.493988275527954,0,"{SOLIDITY_ADDRESS_HARDCODED,SOLIDITY_PRAGMAS_VERSION,SOLIDITY_PRIVATE_MODIFIER_DONT_HIDE_DATA,SOLIDITY_SAFEMATH,SOLIDITY_UPGRADE_TO_050,SOLIDITY_VISIBILITY}",{},{},{}
contracts_output/contracts_output/codellama_contracts/2749.sol,2749.sol,smartcheck,solidity,2022/11/14,20260212_1543,1770911433.751882,6.277620315551758,0,"{SOLIDITY_ADDRESS_HARDCODED,SOLIDITY_PRAGMAS_VERSION,SOLIDITY_PRIVATE_MODIFIER_DONT_HIDE_DATA,SOLIDITY_SAFEMATH,SOLIDITY_UPGRADE_TO_050,SOLIDITY_VISIBILITY}",{},{},{}
contracts_output/contracts_output/codellama_contracts/2752.sol,2752.sol,smartcheck,solidity,2022/11/14,20260212_1543,1770911201.6311183,6.134730577468872,0,"{SOLIDITY_ADDRESS_HARDCODED,SOLIDITY_PRAGMAS_VERSION,SOLIDITY_PRIVATE_MODIFIER_DONT_HIDE_DATA,SOLIDITY_SAFEMATH,SOLIDITY_UPGRADE_TO_050,SOLIDITY_VISIBILITY}",{},{},{}
contracts_output/contracts_output/codellama_contracts/277.sol,277.sol,smartcheck,solidity,2022/11/14,20260212_1543,1770911355.0443027,5.654686689376831,0,"{SOLIDITY_ADDRESS_HARDCODED,SOLIDITY_PRAGMAS_VERSION,SOLIDITY_PRIVATE_MODIFIER_DONT_HIDE_DATA,SOLIDITY_SAFEMATH,SOLIDITY_UPGRADE_TO_050,SOLIDITY_VISIBILITY}",{},{},{}
contracts_output/contracts_output/codellama_contracts/2777.sol,2777.sol,smartcheck,solidity,2022/11/14,20260212_1543,1770911159.2993994,5.375131607055664,0,"{SOLIDITY_ADDRESS_HARDCODED,SOLIDITY_PRAGMAS_VERSION,SOLIDITY_PRIVATE_MODIFIER_DONT_HIDE_DATA,SOLIDITY_SAFEMATH,SOLIDITY_UPGRADE_TO_050,SOLIDITY_VISIBILITY}",{},{},{}
contracts_output/contracts_output/codellama_contracts/281.sol,281.sol,smartcheck,solidity,2022/11/14,20260212_1543,1770911104.527841,6.032238483428955,0,"{SOLIDITY_ADDRESS_HARDCODED,SOLIDITY_PRAGMAS_VERSION,SOLIDITY_PRIVATE_MODIFIER_DONT_HIDE_DATA,SOLIDITY_SAFEMATH,SOLIDITY_UPGRADE_TO_050,SOLIDITY_VISIBILITY}",{},{},{}
contracts_output/contracts_output/codellama_contracts/2847.sol,2847.sol,smartcheck,solidity,2022/11/14,20260212_1543,1770911511.2330406,4.3077898025512695,0,"{SOLIDITY_ADDRESS_HARDCODED,SOLIDITY_PRAGMAS_VERSION,SOLIDITY_SAFEMATH}",{},{},{}
contracts_output/contracts_output/codellama_contracts/2851.sol,2851.sol,smartcheck,solidity,2022/11/14,20260212_1543,1770911123.0470254,5.594077110290527,0,"{SOLIDITY_ADDRESS_HARDCODED,SOLIDITY_PRAGMAS_VERSION,SOLIDITY_PRIVATE_MODIFIER_DONT_HIDE_DATA,SOLIDITY_SAFEMATH,SOLIDITY_UPGRADE_TO_050,SOLIDITY_VISIBILITY}",{},{},{}
contracts_output/contracts_output/codellama_contracts/2869.sol,2869.sol,smartcheck,solidity,2022/11/14,20260212_1543,1770911341.713877,5.093439102172852,0,"{SOLIDITY_ADDRESS_HARDCODED,SOLIDITY_PRAGMAS_VERSION,SOLIDITY_PRIVATE_MODIFIER_DONT_HIDE_DATA,SOLIDITY_SAFEMATH,SOLIDITY_UPGRADE_TO_050,SOLIDITY_VISIBILITY}",{},{},{}
contracts_output/contracts_output/codellama_contracts/2892.sol,2892.sol,smartcheck,solidity,2022/11/14,20260212_1543,1770911266.7307827,6.753228664398193,0,"{SOLIDITY_ADDRESS_HARDCODED,SOLIDITY_PRAGMAS_VERSION,SOLIDITY_PRIVATE_MODIFIER_DONT_HIDE_DATA,SOLIDITY_UPGRADE_TO_050,SOLIDITY_VISIBILITY}",{},{},{}
contracts_output/contracts_output/codellama_contracts/2907.sol,2907.sol,smartcheck,solidity,2022/11/14,20260212_1543,1770911497.530314,6.646632671356201,0,"{SOLIDITY_ADDRESS_HARDCODED,SOLIDITY_PRAGMAS_VERSION,SOLIDITY_PRIVATE_MODIFIER_DONT_HIDE_DATA,SOLIDITY_UPGRADE_TO_050,SOLIDITY_VISIBILITY}",{},{},{}
contracts_output/contracts_output/codellama_contracts/2948.sol,2948.sol,smartcheck,solidity,2022/11/14,20260212_1543,1770911464.3435183,4.992116928100586,0,"{SOLIDITY_ADDRESS_HARDCODED,SOLIDITY_LOCKED_MONEY,SOLIDITY_PRAGMAS_VERSION,SOLIDITY_PRIVATE_MODIFIER_DONT_HIDE_DATA,SOLIDITY_UPGRADE_TO_050,SOLIDITY_VISIBILITY}",{},{},{}
contracts_output/contracts_output/codellama_contracts/2971.sol,2971.sol,smartcheck,solidity,2022/11/14,20260212_1543,1770911187.8075318,5.396758556365967,0,"{SOLIDITY_ADDRESS_HARDCODED,SOLIDITY_PRAGMAS_VERSION,SOLIDITY_PRIVATE_MODIFIER_DONT_HIDE_DATA,SOLIDITY_SAFEMATH,SOLIDITY_UPGRADE_TO_050,SOLIDITY_VISIBILITY}",{},{},{}
contracts_output/contracts_output/codellama_contracts/2976.sol,2976.sol,smartcheck,solidity,2022/11/14,20260212_1543,1770911291.7208986,5.5945141315460205,0,"{SOLIDITY_PRAGMAS_VERSION,SOLIDITY_SAFEMATH,SOLIDITY_VISIBILITY}",{},{},{}
contracts_output/contracts_output/codellama_contracts/2989.sol,2989.sol,smartcheck,solidity,2022/11/14,20260212_1543,1770911197.4962597,5.34453010559082,0,"{SOLIDITY_ADDRESS_HARDCODED,SOLIDITY_PRAGMAS_VERSION,SOLIDITY_PRIVATE_MODIFIER_DONT_HIDE_DATA,SOLIDITY_SAFEMATH,SOLIDITY_UPGRADE_TO_050,SOLIDITY_VISIBILITY}",{},{},{}
contracts_output/contracts_output/codellama_contracts/30.sol,30.sol,smartcheck,solidity,2022/11/14,20260212_1543,1770911336.117373,3.8300583362579346,0,"{SOLIDITY_ADDRESS_HARDCODED,SOLIDITY_ARRAY_LENGTH_MANIPULATION,SOLIDITY_PRAGMAS_VERSION,SOLIDITY_SAFEMATH,SOLIDITY_VISIBILITY}",{},{},{}
contracts_output/contracts_output/codellama_contracts/3024.sol,3024.sol,smartcheck,solidity,2022/11/14,20260212_1543,1770911183.3358543,3.9783239364624023,0,"{SOLIDITY_PRAGMAS_VERSION,SOLIDITY_VISIBILITY}",{},{},{}
contracts_output/contracts_output/codellama_contracts/3040.sol,3040.sol,smartcheck,solidity,2022/11/14,20260212_1543,1770911333.8185802,4.526641130447388,0,"{SOLIDITY_ADDRESS_HARDCODED,SOLIDITY_PRAGMAS_VERSION,SOLIDITY_PRIVATE_MODIFIER_DONT_HIDE_DATA,SOLIDITY_SAFEMATH,SOLIDITY_VISIBILITY}",{},{},{}
contracts_output/contracts_output/codellama_contracts/306.sol,306.sol,smartcheck,solidity,2022/11/14,20260212_1543,1770911193.9150305,5.2967681884765625,0,"{SOLIDITY_ADDRESS_HARDCODED,SOLIDITY_PRAGMAS_VERSION,SOLIDITY_PRIVATE_MODIFIER_DONT_HIDE_DATA,SOLIDITY_SAFEMATH,SOLIDITY_UPGRADE_TO_050,SOLIDITY_VISIBILITY}",{},{},{}
contracts_output/contracts_output/codellama_contracts/3060.sol,3060.sol,smartcheck,solidity,2022/11/14,20260212_1543,1770911058.8013558,6.2362306118011475,0,"{SOLIDITY_ADDRESS_HARDCODED,SOLIDITY_EXTRA_GAS_IN_LOOPS,SOLIDITY_GAS_LIMIT_IN_LOOPS,SOLIDITY_PRAGMAS_VERSION,SOLIDITY_PRIVATE_MODIFIER_DONT_HIDE_DATA,SOLIDITY_SAFEMATH,SOLIDITY_UPGRADE_TO_050,SOLIDITY_VISIBILITY}",{},{},{}
contracts_output/contracts_output/codellama_contracts/3064.sol,3064.sol,smartcheck,solidity,2022/11/14,20260212_1543,1770911063.5402577,6.187315464019775,0,"{SOLIDITY_ADDRESS_HARDCODED,SOLIDITY_PRAGMAS_VERSION,SOLIDITY_SAFEMATH,SOLIDITY_VISIBILITY}",{},{},{}
contracts_output/contracts_output/codellama_contracts/3096.sol,3096.sol,smartcheck,solidity,2022/11/14,20260212_1543,1770911153.5295742,6.170361518859863,0,"{SOLIDITY_ADDRESS_HARDCODED,SOLIDITY_PRAGMAS_VERSION,SOLIDITY_PRIVATE_MODIFIER_DONT_HIDE_DATA,SOLIDITY_SAFEMATH,SOLIDITY_UPGRADE_TO_050,SOLIDITY_VISIBILITY}",{},{},{}
contracts_output/contracts_output/codellama_contracts/3103.sol,3103.sol,smartcheck,solidity,2022/11/14,20260212_1543,1770911419.2290409,5.7583677768707275,0,"{SOLIDITY_ADDRESS_HARDCODED,SOLIDITY_PRAGMAS_VERSION,SOLIDITY_PRIVATE_MODIFIER_DONT_HIDE_DATA,SOLIDITY_SAFEMATH,SOLIDITY_UPGRADE_TO_050,SOLIDITY_VISIBILITY}",{},{},{}
contracts_output/contracts_output/codellama_contracts/312.sol,312.sol,smartcheck,solidity,2022/11/14,20260212_1543,1770911186.9273732,6.341979742050171,0,"{SOLIDITY_ADDRESS_HARDCODED,SOLIDITY_EXTRA_GAS_IN_LOOPS,SOLIDITY_GAS_LIMIT_IN_LOOPS,SOLIDITY_PRAGMAS_VERSION,SOLIDITY_PRIVATE_MODIFIER_DONT_HIDE_DATA,SOLIDITY_SAFEMATH,SOLIDITY_UPGRADE_TO_050,SOLIDITY_VISIBILITY}",{},{},{}
contracts_output/contracts_output/codellama_contracts/3142.sol,3142.sol,smartcheck,solidity,2022/11/14,20260212_1543,1770911396.3248808,5.9045090675354,0,"{SOLIDITY_ADDRESS_HARDCODED,SOLIDITY_PRAGMAS_VERSION,SOLIDITY_PRIVATE_MODIFIER_DONT_HIDE_DATA,SOLIDITY_SAFEMATH,SOLIDITY_UPGRADE_TO_050,SOLIDITY_VISIBILITY}",{},{},{}
contracts_output/contracts_output/codellama_contracts/3148.sol,3148.sol,smartcheck,solidity,2022/11/14,20260212_1543,1770911378.0233836,5.672229051589966,0,"{SOLIDITY_ADDRESS_HARDCODED,SOLIDITY_EXTRA_GAS_IN_LOOPS,SOLIDITY_PRAGMAS_VERSION,SOLIDITY_PRIVATE_MODIFIER_DONT_HIDE_DATA,SOLIDITY_SAFEMATH,SOLIDITY_UPGRADE_TO_050,SOLIDITY_VISIBILITY}",{},{},{}
contracts_output/contracts_output/codellama_contracts/316.sol,316.sol,smartcheck,solidity,2022/11/14,20260212_1543,1770911215.3763885,5.552614212036133,0,"{SOLIDITY_ADDRESS_HARDCODED,SOLIDITY_PRAGMAS_VERSION,SOLIDITY_VISIBILITY}",{},{},{}
contracts_output/contracts_output/codellama_contracts/3161.sol,3161.sol,smartcheck,solidity,2022/11/14,20260212_1543,1770911191.925438,5.56911301612854,0,"{SOLIDITY_ADDRESS_HARDCODED,SOLIDITY_OVERPOWERED_ROLE,SOLIDITY_PRAGMAS_VERSION,SOLIDITY_PRIVATE_MODIFIER_DONT_HIDE_DATA,SOLIDITY_SAFEMATH,SOLIDITY_UPGRADE_TO_050,SOLIDITY_VISIBILITY}",{},{},{}
contracts_output/contracts_output/codellama_contracts/3163.sol,3163.sol,smartcheck,solidity,2022/11/14,20260212_1543,1770911046.134287,4.954939603805542,0,"{SOLIDITY_ADDRESS_HARDCODED,SOLIDITY_PRAGMAS_VERSION,SOLIDITY_PRIVATE_MODIFIER_DONT_HIDE_DATA,SOLIDITY_UPGRADE_TO_050,SOLIDITY_VISIBILITY}",{},{},{}
contracts_output/contracts_output/codellama_contracts/3170.sol,3170.sol,smartcheck,solidity,2022/11/14,20260212_1543,1770911029.903327,5.154564619064331,0,"{SOLIDITY_OVERPOWERED_ROLE,SOLIDITY_PRAGMAS_VERSION,SOLIDITY_SAFEMATH,SOLIDITY_VISIBILITY}",{},{},{}
contracts_output/contracts_output/codellama_contracts/3181.sol,3181.sol,smartcheck,solidity,2022/11/14,20260212_1543,1770911057.697815,4.985547065734863,0,{SOLIDITY_PRAGMAS_VERSION},{},{},{}
contracts_output/contracts_output/codellama_contracts/3185.sol,3185.sol,smartcheck,solidity,2022/11/14,20260212_1543,1770911471.1629775,6.365983247756958,0,"{SOLIDITY_ADDRESS_HARDCODED,SOLIDITY_PRAGMAS_VERSION,SOLIDITY_PRIVATE_MODIFIER_DONT_HIDE_DATA,SOLIDITY_SAFEMATH,SOLIDITY_SHOULD_NOT_BE_VIEW,SOLIDITY_UPGRADE_TO_050,SOLIDITY_VISIBILITY}",{},{},{}
contracts_output/contracts_output/codellama_contracts/3195.sol,3195.sol,smartcheck,solidity,2022/11/14,20260212_1543,1770911312.3767695,8.751747846603394,0,"{SOLIDITY_PRAGMAS_VERSION,SOLIDITY_PRIVATE_MODIFIER_DONT_HIDE_DATA,SOLIDITY_SAFEMATH,SOLIDITY_VISIBILITY}",{},{},{}
contracts_output/contracts_output/codellama_contracts/32.sol,32.sol,smartcheck,solidity,2022/11/14,20260212_1543,1770911302.4784245,5.379775524139404,0,"{SOLIDITY_ADDRESS_HARDCODED,SOLIDITY_PRAGMAS_VERSION,SOLIDITY_PRIVATE_MODIFIER_DONT_HIDE_DATA,SOLIDITY_SAFEMATH,SOLIDITY_UPGRADE_TO_050,SOLIDITY_VISIBILITY}",{},{},{}
contracts_output/contracts_output/codellama_contracts/3202.sol,3202.sol,smartcheck,solidity,2022/11/14,20260212_1543,1770911176.2146447,5.97282862663269,0,"{SOLIDITY_ADDRESS_HARDCODED,SOLIDITY_PRAGMAS_VERSION,SOLIDITY_PRIVATE_MODIFIER_DONT_HIDE_DATA,SOLIDITY_SAFEMATH,SOLIDITY_UPGRADE_TO_050,SOLIDITY_VISIBILITY}",{},{},{}
contracts_output/contracts_output/codellama_contracts/3204.sol,3204.sol,smartcheck,solidity,2022/11/14,20260212_1543,1770911119.2767556,5.458765745162964,0,"{SOLIDITY_ADDRESS_HARDCODED,SOLIDITY_PRAGMAS_VERSION,SOLIDITY_PRIVATE_MODIFIER_DONT_HIDE_DATA,SOLIDITY_SAFEMATH,SOLIDITY_UPGRADE_TO_050,SOLIDITY_VISIBILITY}",{},{},{}
contracts_output/contracts_output/codellama_contracts/321.sol,321.sol,smartcheck,solidity,2022/11/14,20260212_1543,1770911337.790952,4.588724374771118,0,"{SOLIDITY_ADDRESS_HARDCODED,SOLIDITY_PRAGMAS_VERSION,SOLIDITY_SAFEMATH,SOLIDITY_VISIBILITY}",{},{},{}
contracts_output/contracts_output/codellama_contracts/3235.sol,3235.sol,smartcheck,solidity,2022/11/14,20260212_1543,1770911059.318218,5.834315061569214,0,"{SOLIDITY_ADDRESS_HARDCODED,SOLIDITY_PRAGMAS_VERSION,SOLIDITY_PRIVATE_MODIFIER_DONT_HIDE_DATA,SOLIDITY_SAFEMATH,SOLIDITY_UPGRADE_TO_050,SOLIDITY_VISIBILITY}",{},{},{}
contracts_output/contracts_output/codellama_contracts/3265.sol,3265.sol,smartcheck,solidity,2022/11/14,20260212_1543,1770911293.6549776,6.473133087158203,0,"{SOLIDITY_ADDRESS_HARDCODED,SOLIDITY_PRAGMAS_VERSION,SOLIDITY_PRIVATE_MODIFIER_DONT_HIDE_DATA,SOLIDITY_UPGRADE_TO_050,SOLIDITY_VISIBILITY}",{},{},{}
contracts_output/contracts_output/codellama_contracts/3277.sol,3277.sol,smartcheck,solidity,2022/11/14,20260212_1543,1770911037.8713644,5.364510536193848,0,"{SOLIDITY_ADDRESS_HARDCODED,SOLIDITY_DIV_MUL,SOLIDITY_PRAGMAS_VERSION,SOLIDITY_PRIVATE_MODIFIER_DONT_HIDE_DATA,SOLIDITY_SAFEMATH,SOLIDITY_UPGRADE_TO_050,SOLIDITY_VISIBILITY}",{},{},{}
contracts_output/contracts_output/codellama_contracts/3285.sol,3285.sol,smartcheck,solidity,2022/11/14,20260212_1543,1770911488.2546163,6.719549179077148,0,"{SOLIDITY_ADDRESS_HARDCODED,SOLIDITY_OVERPOWERED_ROLE,SOLIDITY_PRAGMAS_VERSION,SOLIDITY_PRIVATE_MODIFIER_DONT_HIDE_DATA,SOLIDITY_SAFEMATH,SOLIDITY_UPGRADE_TO_050,SOLIDITY_VISIBILITY}",{},{},{}
contracts_output/contracts_output/codellama_contracts/3288.sol,3288.sol,smartcheck,solidity,2022/11/14,20260212_1543,1770911503.0724828,6.063584089279175,0,"{SOLIDITY_ADDRESS_HARDCODED,SOLIDITY_EXTRA_GAS_IN_LOOPS,SOLIDITY_GAS_LIMIT_IN_LOOPS,SOLIDITY_PRAGMAS_VERSION,SOLIDITY_PRIVATE_MODIFIER_DONT_HIDE_DATA,SOLIDITY_SAFEMATH,SOLIDITY_TRANSFER_IN_LOOP,SOLIDITY_UPGRADE_TO_050,SOLIDITY_VISIBILITY}",{},{},{}
contracts_output/contracts_output/codellama_contracts/3297.sol,3297.sol,smartcheck,solidity,2022/11/14,20260212_1543,1770911038.3512104,5.184459447860718,0,"{SOLIDITY_ADDRESS_HARDCODED,SOLIDITY_PRAGMAS_VERSION,SOLIDITY_PRIVATE_MODIFIER_DONT_HIDE_DATA,SOLIDITY_UPGRADE_TO_050,SOLIDITY_VISIBILITY}",{},{},{}
contracts_output/contracts_output/codellama_contracts/3314.sol,3314.sol,smartcheck,solidity,2022/11/14,20260212_1543,1770911140.7662804,5.261801481246948,0,"{SOLIDITY_ADDRESS_HARDCODED,SOLIDITY_PRAGMAS_VERSION,SOLIDITY_PRIVATE_MODIFIER_DONT_HIDE_DATA,SOLIDITY_SAFEMATH,SOLIDITY_UPGRADE_TO_050,SOLIDITY_VISIBILITY}",{},{},{}
contracts_output/contracts_output/codellama_contracts/3318.sol,3318.sol,smartcheck,solidity,2022/11/14,20260212_1543,1770911182.2241058,4.941991806030273,0,"{SOLIDITY_ADDRESS_HARDCODED,SOLIDITY_PRAGMAS_VERSION,SOLIDITY_SAFEMATH,SOLIDITY_VISIBILITY}",{},{},{}
contracts_output/contracts_output/codellama_contracts/3322.sol,3322.sol,smartcheck,solidity,2022/11/14,20260212_1543,1770911111.8267708,5.462136745452881,0,"{SOLIDITY_ADDRESS_HARDCODED,SOLIDITY_DIV_MUL,SOLIDITY_PRAGMAS_VERSION,SOLIDITY_PRIVATE_MODIFIER_DONT_HIDE_DATA,SOLIDITY_SAFEMATH,SOLIDITY_SHOULD_RETURN_STRUCT,SOLIDITY_UPGRADE_TO_050,SOLIDITY_VISIBILITY}",{},{},{}
contracts_output/contracts_output/codellama_contracts/3332.sol,3332.sol,smartcheck,solidity,2022/11/14,20260212_1543,1770911026.2437906,6.0469887256622314,0,"{SOLIDITY_EXTRA_GAS_IN_LOOPS,SOLIDITY_GAS_LIMIT_IN_LOOPS,SOLIDITY_PRAGMAS_VERSION,SOLIDITY_VISIBILITY}",{},{},{}
contracts_output/contracts_output/codellama_contracts/3338.sol,3338.sol,smartcheck,solidity,2022/11/14,20260212_1543,1770911092.948842,5.573187828063965,0,"{SOLIDITY_ADDRESS_HARDCODED,SOLIDITY_PRAGMAS_VERSION,SOLIDITY_PRIVATE_MODIFIER_DONT_HIDE_DATA,SOLIDITY_UPGRADE_TO_050,SOLIDITY_VISIBILITY}",{},{},{}
contracts_output/contracts_output/codellama_contracts/3343.sol,3343.sol,smartcheck,solidity,2022/11/14,20260212_1543,1770911374.0636442,5.542843818664551,0,"{SOLIDITY_ADDRESS_HARDCODED,SOLIDITY_PRAGMAS_VERSION,SOLIDITY_PRIVATE_MODIFIER_DONT_HIDE_DATA,SOLIDITY_UPGRADE_TO_050,SOLIDITY_VISIBILITY}",{},{},{}
contracts_output/contracts_output/codellama_contracts/3368.sol,3368.sol,smartcheck,solidity,2022/11/14,20260212_1543,1770911118.8480747,5.226207256317139,0,"{SOLIDITY_ADDRESS_HARDCODED,SOLIDITY_PRAGMAS_VERSION,SOLIDITY_PRIVATE_MODIFIER_DONT_HIDE_DATA,SOLIDITY_SAFEMATH,SOLIDITY_UPGRADE_TO_050,SOLIDITY_VISIBILITY}",{},{},{}
contracts_output/contracts_output/codellama_contracts/3377.sol,3377.sol,smartcheck,solidity,2022/11/14,20260212_1543,1770911308.552979,4.9527671337127686,0,"{SOLIDITY_ADDRESS_HARDCODED,SOLIDITY_PRAGMAS_VERSION,SOLIDITY_VISIBILITY}",{},{},{}
contracts_output/contracts_output/codellama_contracts/3380.sol,3380.sol,smartcheck,solidity,2022/11/14,20260212_1543,1770911085.2461238,6.426274061203003,0,"{SOLIDITY_ADDRESS_HARDCODED,SOLIDITY_PRAGMAS_VERSION,SOLIDITY_PRIVATE_MODIFIER_DONT_HIDE_DATA,SOLIDITY_SAFEMATH,SOLIDITY_UPGRADE_TO_050,SOLIDITY_VISIBILITY}",{},{},{}
contracts_output/contracts_output/codellama_contracts/339.sol,339.sol,smartcheck,solidity,2022/11/14,20260212_1543,1770911398.1701703,4.861467361450195,0,"{SOLIDITY_ADDRESS_HARDCODED,SOLIDITY_PRAGMAS_VERSION,SOLIDITY_PRIVATE_MODIFIER_DONT_HIDE_DATA,SOLIDITY_UPGRADE_TO_050,SOLIDITY_VISIBILITY}",{},{},{}
contracts_output/contracts_output/codellama_contracts/3416.sol,3416.sol,smartcheck,solidity,2022/11/14,20260212_1543,1770911038.743764,5.455278635025024,0,"{SOLIDITY_ADDRESS_HARDCODED,SOLIDITY_PRAGMAS_VERSION,SOLIDITY_PRIVATE_MODIFIER_DONT_HIDE_DATA,SOLIDITY_SAFEMATH,SOLIDITY_SHOULD_RETURN_STRUCT,SOLIDITY_UPGRADE_TO_050,SOLIDITY_VISIBILITY}",{},{},{}
contracts_output/contracts_output/codellama_contracts/3424.sol,3424.sol,smartcheck,solidity,2022/11/14,20260212_1543,1770911245.3336954,7.255735874176025,0,"{SOLIDITY_ADDRESS_HARDCODED,SOLIDITY_PRAGMAS_VERSION,SOLIDITY_PRIVATE_MODIFIER_DONT_HIDE_DATA,SOLIDITY_UPGRADE_TO_050,SOLIDITY_VISIBILITY}",{},{},{}
contracts_output/contracts_output/codellama_contracts/3433.sol,3433.sol,smartcheck,solidity,2022/11/14,20260212_1543,1770911132.7885478,6.197145700454712,0,"{SOLIDITY_ADDRESS_HARDCODED,SOLIDITY_PRAGMAS_VERSION,SOLIDITY_PRIVATE_MODIFIER_DONT_HIDE_DATA,SOLIDITY_SAFEMATH,SOLIDITY_UPGRADE_TO_050,SOLIDITY_VISIBILITY}",{},{},{}
contracts_output/contracts_output/codellama_contracts/3447.sol,3447.sol,smartcheck,solidity,2022/11/14,20260212_1543,1770911096.3906667,6.403933048248291,0,"{SOLIDITY_PRAGMAS_VERSION,SOLIDITY_SAFEMATH,SOLIDITY_VISIBILITY}",{},{},{}
contracts_output/contracts_output/codellama_contracts/3452.sol,3452.sol,smartcheck,solidity,2022/11/14,20260212_1543,1770911192.3514092,5.444169759750366,0,"{SOLIDITY_ADDRESS_HARDCODED,SOLIDITY_PRAGMAS_VERSION,SOLIDITY_PRIVATE_MODIFIER_DONT_HIDE_DATA,SOLIDITY_SAFEMATH,SOLIDITY_UPGRADE_TO_050,SOLIDITY_VISIBILITY}",{},{},{}
contracts_output/contracts_output/codellama_contracts/3458.sol,3458.sol,smartcheck,solidity,2022/11/14,20260212_1543,1770911451.023347,5.313665151596069,0,"{SOLIDITY_ADDRESS_HARDCODED,SOLIDITY_LOCKED_MONEY,SOLIDITY_PRAGMAS_VERSION,SOLIDITY_SAFEMATH,SOLIDITY_VISIBILITY}",{},{},{}
contracts_output/contracts_output/codellama_contracts/3464.sol,3464.sol,smartcheck,solidity,2022/11/14,20260212_1543,1770911494.9760294,5.296741247177124,0,"{SOLIDITY_ADDRESS_HARDCODED,SOLIDITY_PRAGMAS_VERSION,SOLIDITY_PRIVATE_MODIFIER_DONT_HIDE_DATA,SOLIDITY_SAFEMATH,SOLIDITY_UPGRADE_TO_050,SOLIDITY_VISIBILITY}",{},{},{}
contracts_output/contracts_output/codellama_contracts/3476.sol,3476.sol,smartcheck,solidity,2022/11/14,20260212_1543,1770911145.2871437,5.500573396682739,0,"{SOLIDITY_PRAGMAS_VERSION,SOLIDITY_SAFEMATH}",{},{},{}
contracts_output/contracts_output/codellama_contracts/3477.sol,3477.sol,smartcheck,solidity,2022/11/14,20260212_1543,1770911210.5249555,7.432570219039917,0,"{SOLIDITY_ADDRESS_HARDCODED,SOLIDITY_PRAGMAS_VERSION,SOLIDITY_PRIVATE_MODIFIER_DONT_HIDE_DATA,SOLIDITY_UPGRADE_TO_050,SOLIDITY_VISIBILITY}",{},{},{}
contracts_output/contracts_output/codellama_contracts/3500.sol,3500.sol,smartcheck,solidity,2022/11/14,20260212_1543,1770911170.9009871,6.117781400680542,0,"{SOLIDITY_ADDRESS_HARDCODED,SOLIDITY_PRAGMAS_VERSION,SOLIDITY_PRIVATE_MODIFIER_DONT_HIDE_DATA,SOLIDITY_SAFEMATH,SOLIDITY_UPGRADE_TO_050,SOLIDITY_VISIBILITY}",{},{},{}
contracts_output/contracts_output/codellama_contracts/3520.sol,3520.sol,smartcheck,solidity,2022/11/14,20260212_1543,1770911171.7973545,5.374501466751099,0,"{SOLIDITY_ADDRESS_HARDCODED,SOLIDITY_PRAGMAS_VERSION,SOLIDITY_PRIVATE_MODIFIER_DONT_HIDE_DATA,SOLIDITY_UPGRADE_TO_050,SOLIDITY_VISIBILITY}",{},{},{}
contracts_output/contracts_output/codellama_contracts/3570.sol,3570.sol,smartcheck,solidity,2022/11/14,20260212_1543,1770911432.3892052,6.150278568267822,0,"{SOLIDITY_PRAGMAS_VERSION,SOLIDITY_SAFEMATH,SOLIDITY_VISIBILITY}",{},{},{}
contracts_output/contracts_output/codellama_contracts/3576.sol,3576.sol,smartcheck,solidity,2022/11/14,20260212_1543,1770911485.2208326,6.621681451797485,0,"{SOLIDITY_ADDRESS_HARDCODED,SOLIDITY_EXTRA_GAS_IN_LOOPS,SOLIDITY_GAS_LIMIT_IN_LOOPS,SOLIDITY_PRAGMAS_VERSION,SOLIDITY_PRIVATE_MODIFIER_DONT_HIDE_DATA,SOLIDITY_SAFEMATH,SOLIDITY_UPGRADE_TO_050,SOLIDITY_VISIBILITY}",{},{},{}
contracts_output/contracts_output/codellama_contracts/3580.sol,3580.sol,smartcheck,solidity,2022/11/14,20260212_1543,1770911195.57595,5.751065731048584,0,"{SOLIDITY_ADDRESS_HARDCODED,SOLIDITY_PRAGMAS_VERSION,SOLIDITY_PRIVATE_MODIFIER_DONT_HIDE_DATA,SOLIDITY_SAFEMATH,SOLIDITY_UPGRADE_TO_050,SOLIDITY_VISIBILITY}",{},{},{}
contracts_output/contracts_output/codellama_contracts/36.sol,36.sol,smartcheck,solidity,2022/11/14,20260212_1543,1770911393.3714132,4.796953201293945,0,"{SOLIDITY_ADDRESS_HARDCODED,SOLIDITY_OVERPOWERED_ROLE,SOLIDITY_PRAGMAS_VERSION}",{},{},{}
contracts_output/contracts_output/codellama_contracts/3604.sol,3604.sol,smartcheck,solidity,2022/11/14,20260212_1543,1770911208.5300186,5.550380706787109,0,"{SOLIDITY_ADDRESS_HARDCODED,SOLIDITY_PRAGMAS_VERSION,SOLIDITY_PRIVATE_MODIFIER_DONT_HIDE_DATA,SOLIDITY_UPGRADE_TO_050,SOLIDITY_VISIBILITY}",{},{},{}
contracts_output/contracts_output/codellama_contracts/3619.sol,3619.sol,smartcheck,solidity,2022/11/14,20260212_1543,1770911348.366637,5.345871210098267,0,"{SOLIDITY_ADDRESS_HARDCODED,SOLIDITY_PRAGMAS_VERSION,SOLIDITY_PRIVATE_MODIFIER_DONT_HIDE_DATA,SOLIDITY_SAFEMATH,SOLIDITY_UPGRADE_TO_050,SOLIDITY_VISIBILITY}",{},{},{}
contracts_output/contracts_output/codellama_contracts/3633.sol,3633.sol,smartcheck,solidity,2022/11/14,20260212_1543,1770911060.5572844,4.763209819793701,0,"{SOLIDITY_PRAGMAS_VERSION,SOLIDITY_SAFEMATH,SOLIDITY_VISIBILITY}",{},{},{}
contracts_output/contracts_output/codellama_contracts/3644.sol,3644.sol,smartcheck,solidity,2022/11/14,20260212_1543,1770911082.461615,7.036632061004639,0,"{SOLIDITY_ADDRESS_HARDCODED,SOLIDITY_PRAGMAS_VERSION,SOLIDITY_PRIVATE_MODIFIER_DONT_HIDE_DATA,SOLIDITY_SAFEMATH,SOLIDITY_UPGRADE_TO_050,SOLIDITY_VISIBILITY}",{},{},{}
contracts_output/contracts_output/codellama_contracts/3650.sol,3650.sol,smartcheck,solidity,2022/11/14,20260212_1543,1770911449.2067246,6.509807109832764,0,"{SOLIDITY_ADDRESS_HARDCODED,SOLIDITY_PRAGMAS_VERSION,SOLIDITY_PRIVATE_MODIFIER_DONT_HIDE_DATA,SOLIDITY_SAFEMATH,SOLIDITY_UPGRADE_TO_050,SOLIDITY_VISIBILITY}",{},{},{}
contracts_output/contracts_output/codellama_contracts/3662.sol,3662.sol,smartcheck,solidity,2022/11/14,20260212_1543,1770911339.465598,5.013342380523682,0,"{SOLIDITY_PRAGMAS_VERSION,SOLIDITY_VISIBILITY}",{},{},{}
contracts_output/contracts_output/codellama_contracts/3698.sol,3698.sol,smartcheck,solidity,2022/11/14,20260212_1543,1770911038.3387282,5.332711219787598,0,"{SOLIDITY_ADDRESS_HARDCODED,SOLIDITY_PRAGMAS_VERSION,SOLIDITY_PRIVATE_MODIFIER_DONT_HIDE_DATA,SOLIDITY_SAFEMATH,SOLIDITY_UPGRADE_TO_050,SOLIDITY_VISIBILITY}",{},{},{}
contracts_output/contracts_output/codellama_contracts/3704.sol,3704.sol,smartcheck,solidity,2022/11/14,20260212_1543,1770911168.9592123,6.772636413574219,0,"{SOLIDITY_ADDRESS_HARDCODED,SOLIDITY_LOCKED_MONEY,SOLIDITY_PRAGMAS_VERSION,SOLIDITY_PRIVATE_MODIFIER_DONT_HIDE_DATA,SOLIDITY_SAFEMATH,SOLIDITY_UPGRADE_TO_050,SOLIDITY_VISIBILITY}",{},{},{}
contracts_output/contracts_output/codellama_contracts/3719.sol,3719.sol,smartcheck,solidity,2022/11/14,20260212_1543,1770911201.050657,5.556053161621094,0,"{SOLIDITY_ADDRESS_HARDCODED,SOLIDITY_OVERPOWERED_ROLE,SOLIDITY_PRAGMAS_VERSION,SOLIDITY_PRIVATE_MODIFIER_DONT_HIDE_DATA,SOLIDITY_UPGRADE_TO_050,SOLIDITY_VISIBILITY}",{},{},{}
contracts_output/contracts_output/codellama_contracts/3727.sol,3727.sol,smartcheck,solidity,2022/11/14,20260212_1543,1770911252.4347484,7.261920213699341,0,"{SOLIDITY_ADDRESS_HARDCODED,SOLIDITY_PRAGMAS_VERSION,SOLIDITY_PRIVATE_MODIFIER_DONT_HIDE_DATA,SOLIDITY_SAFEMATH,SOLIDITY_UPGRADE_TO_050,SOLIDITY_VISIBILITY}",{},{},{}
contracts_output/contracts_output/codellama_contracts/3728.sol,3728.sol,smartcheck,solidity,2022/11/14,20260212_1543,1770911382.3912468,4.951683282852173,0,"{SOLIDITY_ADDRESS_HARDCODED,SOLIDITY_PRAGMAS_VERSION,SOLIDITY_PRIVATE_MODIFIER_DONT_HIDE_DATA,SOLIDITY_SAFEMATH,SOLIDITY_UPGRADE_TO_050,SOLIDITY_VISIBILITY}",{},{},{}
contracts_output/contracts_output/codellama_contracts/3748.sol,3748.sol,smartcheck,solidity,2022/11/14,20260212_1543,1770911464.5704913,6.590553283691406,0,"{SOLIDITY_ADDRESS_HARDCODED,SOLIDITY_PRAGMAS_VERSION,SOLIDITY_PRIVATE_MODIFIER_DONT_HIDE_DATA,SOLIDITY_SAFEMATH,SOLIDITY_UPGRADE_TO_050,SOLIDITY_VISIBILITY}",{},{},{}
contracts_output/contracts_output/codellama_contracts/3756.sol,3756.sol,smartcheck,solidity,2022/11/14,20260212_1543,1770911045.9793572,4.618630647659302,0,"{SOLIDITY_ADDRESS_HARDCODED,SOLIDITY_PRAGMAS_VERSION,SOLIDITY_PRIVATE_MODIFIER_DONT_HIDE_DATA,SOLIDITY_SAFEMATH,SOLIDITY_UPGRADE_TO_050,SOLIDITY_VISIBILITY}",{},{},{}
contracts_output/contracts_output/codellama_contracts/3776.sol,3776.sol,smartcheck,solidity,2022/11/14,20260212_1543,1770911380.5848696,6.000756740570068,0,"{SOLIDITY_ADDRESS_HARDCODED,SOLIDITY_LOCKED_MONEY,SOLIDITY_PRAGMAS_VERSION,SOLIDITY_PRIVATE_MODIFIER_DONT_HIDE_DATA,SOLIDITY_SAFEMATH,SOLIDITY_UPGRADE_TO_050,SOLIDITY_VISIBILITY}",{},{},{}
contracts_output/contracts_output/codellama_contracts/3785.sol,3785.sol,smartcheck,solidity,2022/11/14,20260212_1543,1770911394.748382,5.368212938308716,0,"{SOLIDITY_ADDRESS_HARDCODED,SOLIDITY_PRAGMAS_VERSION,SOLIDITY_PRIVATE_MODIFIER_DONT_HIDE_DATA,SOLIDITY_SAFEMATH,SOLIDITY_UPGRADE_TO_050,SOLIDITY_VISIBILITY}",{},{},{}
contracts_output/contracts_output/codellama_contracts/3793.sol,3793.sol,smartcheck,solidity,2022/11/14,20260212_1543,1770911294.6325476,5.50162672996521,0,"{SOLIDITY_ADDRESS_HARDCODED,SOLIDITY_PRAGMAS_VERSION,SOLIDITY_PRIVATE_MODIFIER_DONT_HIDE_DATA,SOLIDITY_SAFEMATH,SOLIDITY_UPGRADE_TO_050,SOLIDITY_VISIBILITY}",{},{},{}
contracts_output/contracts_output/codellama_contracts/381.sol,381.sol,smartcheck,solidity,2022/11/14,20260212_1543,1770911126.6150508,6.534316062927246,0,"{SOLIDITY_ADDRESS_HARDCODED,SOLIDITY_PRAGMAS_VERSION,SOLIDITY_PRIVATE_MODIFIER_DONT_HIDE_DATA,SOLIDITY_SAFEMATH,SOLIDITY_UPGRADE_TO_050,SOLIDITY_VISIBILITY}",{},{},{}
contracts_output/contracts_output/codellama_contracts/382.sol,382.sol,smartcheck,solidity,2022/11/14,20260212_1543,1770911263.3990688,5.428369522094727,0,"{SOLIDITY_ADDRESS_HARDCODED,SOLIDITY_EXTRA_GAS_IN_LOOPS,SOLIDITY_LOCKED_MONEY,SOLIDITY_PRAGMAS_VERSION,SOLIDITY_PRIVATE_MODIFIER_DONT_HIDE_DATA,SOLIDITY_SAFEMATH,SOLIDITY_UPGRADE_TO_050,SOLIDITY_VISIBILITY}",{},{},{}
contracts_output/contracts_output/codellama_contracts/3857.sol,3857.sol,smartcheck,solidity,2022/11/14,20260212_1543,1770911501.9181528,6.615018367767334,0,"{SOLIDITY_ADDRESS_HARDCODED,SOLIDITY_PRAGMAS_VERSION,SOLIDITY_PRIVATE_MODIFIER_DONT_HIDE_DATA,SOLIDITY_SAFEMATH,SOLIDITY_UPGRADE_TO_050,SOLIDITY_VISIBILITY}",{},{},{}
contracts_output/contracts_output/codellama_contracts/3863.sol,3863.sol,smartcheck,solidity,2022/11/14,20260212_1543,1770911026.159157,5.500308036804199,0,"{SOLIDITY_ADDRESS_HARDCODED,SOLIDITY_PRAGMAS_VERSION,SOLIDITY_PRIVATE_MODIFIER_DONT_HIDE_DATA,SOLIDITY_SAFEMATH,SOLIDITY_UPGRADE_TO_050,SOLIDITY_VISIBILITY}",{},{},{}
contracts_output/contracts_output/codellama_contracts/3881.sol,3881.sol,smartcheck,solidity,2022/11/14,20260212_1543,1770911110.1744196,4.777381896972656,0,"{SOLIDITY_ADDRESS_HARDCODED,SOLIDITY_PRAGMAS_VERSION,SOLIDITY_PRIVATE_MODIFIER_DONT_HIDE_DATA,SOLIDITY_UPGRADE_TO_050,SOLIDITY_VISIBILITY}",{},{},{}
contracts_output/contracts_output/codellama_contracts/3890.sol,3890.sol,smartcheck,solidity,2022/11/14,20260212_1543,1770911026.2255688,5.006534576416016,0,"{SOLIDITY_ADDRESS_HARDCODED,SOLIDITY_PRAGMAS_VERSION,SOLIDITY_PRIVATE_MODIFIER_DONT_HIDE_DATA,SOLIDITY_SAFEMATH,SOLIDITY_UPGRADE_TO_050,SOLIDITY_VISIBILITY}",{},{},{}
contracts_output/contracts_output/codellama_contracts/3893.sol,3893.sol,smartcheck,solidity,2022/11/14,20260212_1543,1770911079.8891113,5.3549323081970215,0,"{SOLIDITY_ADDRESS_HARDCODED,SOLIDITY_LOCKED_MONEY,SOLIDITY_PRAGMAS_VERSION,SOLIDITY_PRIVATE_MODIFIER_DONT_HIDE_DATA,SOLIDITY_SAFEMATH,SOLIDITY_UPGRADE_TO_050,SOLIDITY_VISIBILITY}",{},{},{}
contracts_output/contracts_output/codellama_contracts/3896.sol,3896.sol,smartcheck,solidity,2022/11/14,20260212_1543,1770911270.3016288,6.2073047161102295,0,"{SOLIDITY_ADDRESS_HARDCODED,SOLIDITY_PRAGMAS_VERSION,SOLIDITY_PRIVATE_MODIFIER_DONT_HIDE_DATA,SOLIDITY_SAFEMATH,SOLIDITY_UPGRADE_TO_050,SOLIDITY_VISIBILITY}",{},{},{}
contracts_output/contracts_output/codellama_contracts/39.sol,39.sol,smartcheck,solidity,2022/11/14,20260212_1543,1770911267.4070466,5.807187557220459,0,"{SOLIDITY_ADDRESS_HARDCODED,SOLIDITY_EXTRA_GAS_IN_LOOPS,SOLIDITY_GAS_LIMIT_IN_LOOPS,SOLIDITY_PRAGMAS_VERSION,SOLIDITY_PRIVATE_MODIFIER_DONT_HIDE_DATA,SOLIDITY_SAFEMATH,SOLIDITY_UPGRADE_TO_050,SOLIDITY_VISIBILITY}",{},{},{}
contracts_output/contracts_output/codellama_contracts/3939.sol,3939.sol,smartcheck,solidity,2022/11/14,20260212_1543,1770911338.8290393,5.279507637023926,0,"{SOLIDITY_ADDRESS_HARDCODED,SOLIDITY_PRAGMAS_VERSION,SOLIDITY_PRIVATE_MODIFIER_DONT_HIDE_DATA,SOLIDITY_UPGRADE_TO_050,SOLIDITY_VISIBILITY}",{},{},{}
contracts_output/contracts_output/codellama_contracts/3988.sol,3988.sol,smartcheck,solidity,2022/11/14,20260212_1543,1770911144.2424986,7.395795583724976,0,"{SOLIDITY_ADDRESS_HARDCODED,SOLIDITY_PRAGMAS_VERSION,SOLIDITY_PRIVATE_MODIFIER_DONT_HIDE_DATA,SOLIDITY_UPGRADE_TO_050,SOLIDITY_VISIBILITY}",{},{},{}
contracts_output/contracts_output/codellama_contracts/3990.sol,3990.sol,smartcheck,solidity,2022/11/14,20260212_1543,1770911190.3881059,5.135187864303589,0,"{SOLIDITY_ADDRESS_HARDCODED,SOLIDITY_PRAGMAS_VERSION,SOLIDITY_PRIVATE_MODIFIER_DONT_HIDE_DATA,SOLIDITY_UPGRADE_TO_050,SOLIDITY_VISIBILITY}",{},{},{}
contracts_output/contracts_output/codellama_contracts/4001.sol,4001.sol,smartcheck,solidity,2022/11/14,20260212_1543,1770911202.8424082,5.803448438644409,0,"{SOLIDITY_ADDRESS_HARDCODED,SOLIDITY_PRAGMAS_VERSION,SOLIDITY_PRIVATE_MODIFIER_DONT_HIDE_DATA,SOLIDITY_SAFEMATH,SOLIDITY_UPGRADE_TO_050,SOLIDITY_VISIBILITY}",{},{},{}
contracts_output/contracts_output/codellama_contracts/4005.sol,4005.sol,smartcheck,solidity,2022/11/14,20260212_1543,1770911436.7118049,6.08115816116333,0,"{SOLIDITY_ADDRESS_HARDCODED,SOLIDITY_LOCKED_MONEY,SOLIDITY_PRAGMAS_VERSION,SOLIDITY_PRIVATE_MODIFIER_DONT_HIDE_DATA,SOLIDITY_SAFEMATH,SOLIDITY_UPGRADE_TO_050,SOLIDITY_VISIBILITY}",{},{},{}
contracts_output/contracts_output/codellama_contracts/402.sol,402.sol,smartcheck,solidity,2022/11/14,20260212_1543,1770911193.7687645,7.131117582321167,0,"{SOLIDITY_ADDRESS_HARDCODED,SOLIDITY_PRAGMAS_VERSION,SOLIDITY_PRIVATE_MODIFIER_DONT_HIDE_DATA,SOLIDITY_SAFEMATH,SOLIDITY_UPGRADE_TO_050,SOLIDITY_VISIBILITY}",{},{},{}
contracts_output/contracts_output/codellama_contracts/4025.sol,4025.sol,smartcheck,solidity,2022/11/14,20260212_1543,1770911140.8151534,7.001617908477783,0,"{SOLIDITY_ADDRESS_HARDCODED,SOLIDITY_PRAGMAS_VERSION,SOLIDITY_PRIVATE_MODIFIER_DONT_HIDE_DATA,SOLIDITY_SAFEMATH,SOLIDITY_UPGRADE_TO_050,SOLIDITY_VISIBILITY}",{},{},{}
contracts_output/contracts_output/codellama_contracts/4047.sol,4047.sol,smartcheck,solidity,2022/11/14,20260212_1543,1770911150.459671,6.529271602630615,0,"{SOLIDITY_ADDRESS_HARDCODED,SOLIDITY_EXTRA_GAS_IN_LOOPS,SOLIDITY_GAS_LIMIT_IN_LOOPS,SOLIDITY_PRAGMAS_VERSION,SOLIDITY_PRIVATE_MODIFIER_DONT_HIDE_DATA,SOLIDITY_SAFEMATH,SOLIDITY_UPGRADE_TO_050,SOLIDITY_VISIBILITY}",{},{},{}
contracts_output/contracts_output/codellama_contracts/4051.sol,4051.sol,smartcheck,solidity,2022/11/14,20260212_1543,1770911286.1814845,5.257397651672363,0,"{SOLIDITY_ADDRESS_HARDCODED,SOLIDITY_PRAGMAS_VERSION,SOLIDITY_PRIVATE_MODIFIER_DONT_HIDE_DATA,SOLIDITY_UPGRADE_TO_050,SOLIDITY_VISIBILITY}",{},{},{}
contracts_output/contracts_output/codellama_contracts/4079.sol,4079.sol,smartcheck,solidity,2022/11/14,20260212_1543,1770911426.7449775,6.056743860244751,0,"{SOLIDITY_ADDRESS_HARDCODED,SOLIDITY_PRAGMAS_VERSION,SOLIDITY_PRIVATE_MODIFIER_DONT_HIDE_DATA,SOLIDITY_SAFEMATH,SOLIDITY_UPGRADE_TO_050,SOLIDITY_VISIBILITY}",{},{},{}
contracts_output/contracts_output/codellama_contracts/4083.sol,4083.sol,smartcheck,solidity,2022/11/14,20260212_1543,1770911394.7951798,6.816647052764893,0,"{SOLIDITY_ADDRESS_HARDCODED,SOLIDITY_EXTRA_GAS_IN_LOOPS,SOLIDITY_GAS_LIMIT_IN_LOOPS,SOLIDITY_PRAGMAS_VERSION,SOLIDITY_PRIVATE_MODIFIER_DONT_HIDE_DATA,SOLIDITY_SAFEMATH,SOLIDITY_UPGRADE_TO_050,SOLIDITY_VISIBILITY}",{},{},{}
contracts_output/contracts_output/codellama_contracts/4086.sol,4086.sol,smartcheck,solidity,2022/11/14,20260212_1543,1770911048.1108527,6.259564161300659,0,"{SOLIDITY_ADDRESS_HARDCODED,SOLIDITY_PRAGMAS_VERSION,SOLIDITY_PRIVATE_MODIFIER_DONT_HIDE_DATA,SOLIDITY_SAFEMATH,SOLIDITY_UPGRADE_TO_050,SOLIDITY_VISIBILITY}",{},{},{}
contracts_output/contracts_output/codellama_contracts/4148.sol,4148.sol,smartcheck,solidity,2022/11/14,20260212_1543,1770911047.478404,5.881149053573608,0,"{SOLIDITY_ADDRESS_HARDCODED,SOLIDITY_PRAGMAS_VERSION,SOLIDITY_PRIVATE_MODIFIER_DONT_HIDE_DATA,SOLIDITY_SAFEMATH,SOLIDITY_UPGRADE_TO_050,SOLIDITY_VISIBILITY}",{},{},{}
contracts_output/contracts_output/codellama_contracts/4173.sol,4173.sol,smartcheck,solidity,2022/11/14,20260212_1543,1770911350.5449255,7.913184642791748,0,"{SOLIDITY_ADDRESS_HARDCODED,SOLIDITY_PRAGMAS_VERSION,SOLIDITY_PRIVATE_MODIFIER_DONT_HIDE_DATA,SOLIDITY_SAFEMATH,SOLIDITY_SHOULD_RETURN_STRUCT,SOLIDITY_UPGRADE_TO_050,SOLIDITY_VISIBILITY}",{},{},{}
contracts_output/contracts_output/codellama_contracts/4185.sol,4185.sol,smartcheck,solidity,2022/11/14,20260212_1543,1770911064.8588068,6.2353675365448,0,"{SOLIDITY_ADDRESS_HARDCODED,SOLIDITY_PRAGMAS_VERSION,SOLIDITY_PRIVATE_MODIFIER_DONT_HIDE_DATA,SOLIDITY_SAFEMATH,SOLIDITY_UPGRADE_TO_050,SOLIDITY_VISIBILITY}",{},{},{}
contracts_output/contracts_output/codellama_contracts/4219.sol,4219.sol,smartcheck,solidity,2022/11/14,20260212_1543,1770911376.7979095,5.5918333530426025,0,"{SOLIDITY_PRAGMAS_VERSION,SOLIDITY_SAFEMATH}",{},{},{}
contracts_output/contracts_output/codellama_contracts/4258.sol,4258.sol,smartcheck,solidity,2022/11/14,20260212_1543,1770911187.6599264,6.253564357757568,0,"{SOLIDITY_ADDRESS_HARDCODED,SOLIDITY_PRAGMAS_VERSION,SOLIDITY_PRIVATE_MODIFIER_DONT_HIDE_DATA,SOLIDITY_SAFEMATH,SOLIDITY_UPGRADE_TO_050,SOLIDITY_VISIBILITY}",{},{},{}
contracts_output/contracts_output/codellama_contracts/4267.sol,4267.sol,smartcheck,solidity,2022/11/14,20260212_1543,1770911386.72331,5.430148124694824,0,"{SOLIDITY_ADDRESS_HARDCODED,SOLIDITY_PRAGMAS_VERSION,SOLIDITY_PRIVATE_MODIFIER_DONT_HIDE_DATA,SOLIDITY_SAFEMATH,SOLIDITY_UPGRADE_TO_050,SOLIDITY_VISIBILITY}",{},{},{}
contracts_output/contracts_output/codellama_contracts/4301.sol,4301.sol,smartcheck,solidity,2022/11/14,20260212_1543,1770911496.0555906,4.811656475067139,0,"{SOLIDITY_ADDRESS_HARDCODED,SOLIDITY_PRAGMAS_VERSION,SOLIDITY_PRIVATE_MODIFIER_DONT_HIDE_DATA,SOLIDITY_SAFEMATH,SOLIDITY_UNCHECKED_CALL,SOLIDITY_UPGRADE_TO_050,SOLIDITY_VISIBILITY}",{},{},{}
contracts_output/contracts_output/codellama_contracts/4311.sol,4311.sol,smartcheck,solidity,2022/11/14,20260212_1543,1770911502.4893045,5.717418432235718,0,"{SOLIDITY_ADDRESS_HARDCODED,SOLIDITY_EXTRA_GAS_IN_LOOPS,SOLIDITY_GAS_LIMIT_IN_LOOPS,SOLIDITY_PRAGMAS_VERSION,SOLIDITY_PRIVATE_MODIFIER_DONT_HIDE_DATA,SOLIDITY_SAFEMATH,SOLIDITY_UPGRADE_TO_050,SOLIDITY_VISIBILITY}",{},{},{}
contracts_output/contracts_output/codellama_contracts/4342.sol,4342.sol,smartcheck,solidity,2022/11/14,20260212_1543,1770911472.6922085,7.072246313095093,0,"{SOLIDITY_ADDRESS_HARDCODED,SOLIDITY_PRAGMAS_VERSION,SOLIDITY_PRIVATE_MODIFIER_DONT_HIDE_DATA,SOLIDITY_SAFEMATH,SOLIDITY_UPGRADE_TO_050,SOLIDITY_VISIBILITY}",{},{},{}
contracts_output/contracts_output/codellama_contracts/4344.sol,4344.sol,smartcheck,solidity,2022/11/14,20260212_1543,1770911318.437384,17.147228956222534,0,"{SOLIDITY_ADDRESS_HARDCODED,SOLIDITY_PRAGMAS_VERSION,SOLIDITY_PRIVATE_MODIFIER_DONT_HIDE_DATA,SOLIDITY_SAFEMATH,SOLIDITY_SHOULD_RETURN_STRUCT,SOLIDITY_UPGRADE_TO_050,SOLIDITY_VISIBILITY}",{},{},{}
contracts_output/contracts_output/codellama_contracts/4397.sol,4397.sol,smartcheck,solidity,2022/11/14,20260212_1543,1770911345.4985464,5.044782876968384,0,"{SOLIDITY_ADDRESS_HARDCODED,SOLIDITY_PRAGMAS_VERSION,SOLIDITY_PRIVATE_MODIFIER_DONT_HIDE_DATA,SOLIDITY_SAFEMATH,SOLIDITY_UPGRADE_TO_050,SOLIDITY_VISIBILITY}",{},{},{}
contracts_output/contracts_output/codellama_contracts/4411.sol,4411.sol,smartcheck,solidity,2022/11/14,20260212_1543,1770911441.0950046,6.3932342529296875,0,"{SOLIDITY_ADDRESS_HARDCODED,SOLIDITY_PRAGMAS_VERSION,SOLIDITY_PRIVATE_MODIFIER_DONT_HIDE_DATA,SOLIDITY_SAFEMATH,SOLIDITY_UPGRADE_TO_050,SOLIDITY_VISIBILITY}",{},{},{}
contracts_output/contracts_output/codellama_contracts/4418.sol,4418.sol,smartcheck,solidity,2022/11/14,20260212_1543,1770911081.8969297,6.633182525634766,0,"{SOLIDITY_ADDRESS_HARDCODED,SOLIDITY_PRAGMAS_VERSION,SOLIDITY_PRIVATE_MODIFIER_DONT_HIDE_DATA,SOLIDITY_SAFEMATH,SOLIDITY_UPGRADE_TO_050,SOLIDITY_VISIBILITY}",{},{},{}
contracts_output/contracts_output/codellama_contracts/442.sol,442.sol,smartcheck,solidity,2022/11/14,20260212_1543,1770911486.1671345,6.444726228713989,0,"{SOLIDITY_ADDRESS_HARDCODED,SOLIDITY_PRAGMAS_VERSION,SOLIDITY_PRIVATE_MODIFIER_DONT_HIDE_DATA,SOLIDITY_SAFEMATH,SOLIDITY_UPGRADE_TO_050,SOLIDITY_VISIBILITY}",{},{},{}
contracts_output/contracts_output/codellama_contracts/4437.sol,4437.sol,smartcheck,solidity,2022/11/14,20260212_1543,1770911225.4298286,5.619585752487183,0,"{SOLIDITY_ADDRESS_HARDCODED,SOLIDITY_ERC20_APPROVE,SOLIDITY_PRAGMAS_VERSION,SOLIDITY_PRIVATE_MODIFIER_DONT_HIDE_DATA,SOLIDITY_SAFEMATH,SOLIDITY_UPGRADE_TO_050,SOLIDITY_VISIBILITY}",{},{},{}
contracts_output/contracts_output/codellama_contracts/4464.sol,4464.sol,smartcheck,solidity,2022/11/14,20260212_1543,1770911216.8586338,4.8545591831207275,0,"{SOLIDITY_ADDRESS_HARDCODED,SOLIDITY_PRAGMAS_VERSION,SOLIDITY_PRIVATE_MODIFIER_DONT_HIDE_DATA,SOLIDITY_VISIBILITY}",{},{},{}
contracts_output/contracts_output/codellama_contracts/4481.sol,4481.sol,smartcheck,solidity,2022/11/14,20260212_1543,1770911432.0778236,6.150258779525757,0,"{SOLIDITY_ADDRESS_HARDCODED,SOLIDITY_PRAGMAS_VERSION,SOLIDITY_SAFEMATH,SOLIDITY_VISIBILITY}",{},{},{}
contracts_output/contracts_output/codellama_contracts/4491.sol,4491.sol,smartcheck,solidity,2022/11/14,20260212_1543,1770911111.7128825,7.085317850112915,0,"{SOLIDITY_ADDRESS_HARDCODED,SOLIDITY_LOCKED_MONEY,SOLIDITY_PRAGMAS_VERSION,SOLIDITY_PRIVATE_MODIFIER_DONT_HIDE_DATA,SOLIDITY_SAFEMATH,SOLIDITY_UPGRADE_TO_050,SOLIDITY_VISIBILITY}",{},{},{}
contracts_output/contracts_output/codellama_contracts/4496.sol,4496.sol,smartcheck,solidity,2022/11/14,20260212_1543,1770911350.959243,6.500494480133057,0,"{SOLIDITY_ADDRESS_HARDCODED,SOLIDITY_PRAGMAS_VERSION,SOLIDITY_PRIVATE_MODIFIER_DONT_HIDE_DATA,SOLIDITY_SAFEMATH,SOLIDITY_UPGRADE_TO_050,SOLIDITY_VISIBILITY}",{},{},{}
contracts_output/contracts_output/codellama_contracts/4517.sol,4517.sol,smartcheck,solidity,2022/11/14,20260212_1543,1770911053.8402047,5.946518182754517,0,"{SOLIDITY_ADDRESS_HARDCODED,SOLIDITY_PRAGMAS_VERSION,SOLIDITY_PRIVATE_MODIFIER_DONT_HIDE_DATA,SOLIDITY_SAFEMATH,SOLIDITY_UPGRADE_TO_050,SOLIDITY_VISIBILITY}",{},{},{}
contracts_output/contracts_output/codellama_contracts/4527.sol,4527.sol,smartcheck,solidity,2022/11/14,20260212_1543,1770911065.6879892,5.919021844863892,0,"{SOLIDITY_ADDRESS_HARDCODED,SOLIDITY_PRAGMAS_VERSION,SOLIDITY_PRIVATE_MODIFIER_DONT_HIDE_DATA,SOLIDITY_SAFEMATH,SOLIDITY_UPGRADE_TO_050,SOLIDITY_VISIBILITY}",{},{},{}
contracts_output/contracts_output/codellama_contracts/4553.sol,4553.sol,smartcheck,solidity,2022/11/14,20260212_1543,1770911353.976148,5.364525318145752,0,"{SOLIDITY_ADDRESS_HARDCODED,SOLIDITY_PRAGMAS_VERSION,SOLIDITY_PRIVATE_MODIFIER_DONT_HIDE_DATA,SOLIDITY_UPGRADE_TO_050,SOLIDITY_VISIBILITY}",{},{},{}
contracts_output/contracts_output/codellama_contracts/4560.sol,4560.sol,smartcheck,solidity,2022/11/14,20260212_1543,1770911154.557051,6.512779474258423,0,"{SOLIDITY_ADDRESS_HARDCODED,SOLIDITY_PRAGMAS_VERSION,SOLIDITY_PRIVATE_MODIFIER_DONT_HIDE_DATA,SOLIDITY_SAFEMATH,SOLIDITY_UPGRADE_TO_050,SOLIDITY_VISIBILITY}",{},{},{}
contracts_output/contracts_output/codellama_contracts/4562.sol,4562.sol,smartcheck,solidity,2022/11/14,20260212_1543,1770911368.1168153,5.945351600646973,0,"{SOLIDITY_EXTRA_GAS_IN_LOOPS,SOLIDITY_GAS_LIMIT_IN_LOOPS,SOLIDITY_PRAGMAS_VERSION,SOLIDITY_SAFEMATH,SOLIDITY_VISIBILITY}",{},{},{}
contracts_output/contracts_output/codellama_contracts/4567.sol,4567.sol,smartcheck,solidity,2022/11/14,20260212_1543,1770911227.0998335,5.029476165771484,0,"{SOLIDITY_ADDRESS_HARDCODED,SOLIDITY_PRAGMAS_VERSION,SOLIDITY_PRIVATE_MODIFIER_DONT_HIDE_DATA,SOLIDITY_SAFEMATH,SOLIDITY_UPGRADE_TO_050,SOLIDITY_VISIBILITY}",{},{},{}
contracts_output/contracts_output/codellama_contracts/4568.sol,4568.sol,smartcheck,solidity,2022/11/14,20260212_1543,1770911032.292747,6.48249888420105,0,"{SOLIDITY_ADDRESS_HARDCODED,SOLIDITY_PRAGMAS_VERSION,SOLIDITY_PRIVATE_MODIFIER_DONT_HIDE_DATA,SOLIDITY_SAFEMATH,SOLIDITY_UINT_CANT_BE_NEGATIVE,SOLIDITY_UPGRADE_TO_050,SOLIDITY_VISIBILITY}",{},{},{}
contracts_output/contracts_output/codellama_contracts/4569.sol,4569.sol,smartcheck,solidity,2022/11/14,20260212_1543,1770911130.8029864,6.139646768569946,0,"{SOLIDITY_ADDRESS_HARDCODED,SOLIDITY_PRAGMAS_VERSION,SOLIDITY_PRIVATE_MODIFIER_DONT_HIDE_DATA,SOLIDITY_UPGRADE_TO_050,SOLIDITY_VISIBILITY}",{},{},{}
contracts_output/contracts_output/codellama_contracts/4577.sol,4577.sol,smartcheck,solidity,2022/11/14,20260212_1543,1770911221.704011,6.724096775054932,0,"{SOLIDITY_ADDRESS_HARDCODED,SOLIDITY_PRAGMAS_VERSION,SOLIDITY_PRIVATE_MODIFIER_DONT_HIDE_DATA,SOLIDITY_SAFEMATH,SOLIDITY_UPGRADE_TO_050,SOLIDITY_VISIBILITY}",{},{},{}
contracts_output/contracts_output/codellama_contracts/4581.sol,4581.sol,smartcheck,solidity,2022/11/14,20260212_1543,1770911286.4620469,5.257323741912842,0,"{SOLIDITY_ADDRESS_HARDCODED,SOLIDITY_OVERPOWERED_ROLE,SOLIDITY_PRAGMAS_VERSION,SOLIDITY_PRIVATE_MODIFIER_DONT_HIDE_DATA,SOLIDITY_SAFEMATH,SOLIDITY_UPGRADE_TO_050,SOLIDITY_VISIBILITY}",{},{},{}
contracts_output/contracts_output/codellama_contracts/4592.sol,4592.sol,smartcheck,solidity,2022/11/14,20260212_1543,1770911193.284036,5.511065721511841,0,"{SOLIDITY_ADDRESS_HARDCODED,SOLIDITY_PRAGMAS_VERSION,SOLIDITY_PRIVATE_MODIFIER_DONT_HIDE_DATA,SOLIDITY_SAFEMATH,SOLIDITY_UPGRADE_TO_050,SOLIDITY_VISIBILITY}",{},{},{}
contracts_output/contracts_output/codellama_contracts/4597.sol,4597.sol,smartcheck,solidity,2022/11/14,20260212_1543,1770911078.6934278,6.839825630187988,0,"{SOLIDITY_ADDRESS_HARDCODED,SOLIDITY_PRAGMAS_VERSION,SOLIDITY_PRIVATE_MODIFIER_DONT_HIDE_DATA,SOLIDITY_SAFEMATH,SOLIDITY_UPGRADE_TO_050,SOLIDITY_VISIBILITY}",{},{},{}
contracts_output/contracts_output/codellama_contracts/4609.sol,4609.sol,smartcheck,solidity,2022/11/14,20260212_1543,1770911340.5676372,5.8740394115448,0,"{SOLIDITY_ADDRESS_HARDCODED,SOLIDITY_PRAGMAS_VERSION,SOLIDITY_PRIVATE_MODIFIER_DONT_HIDE_DATA,SOLIDITY_SAFEMATH,SOLIDITY_UPGRADE_TO_050,SOLIDITY_VISIBILITY}",{},{},{}
contracts_output/contracts_output/codellama_contracts/461.sol,461.sol,smartcheck,solidity,2022/11/14,20260212_1543,1770911160.0728612,5.840745449066162,0,"{SOLIDITY_ADDRESS_HARDCODED,SOLIDITY_PRAGMAS_VERSION,SOLIDITY_VISIBILITY}",{},{},{}
contracts_output/contracts_output/codellama_contracts/4614.sol,4614.sol,smartcheck,solidity,2022/11/14,20260212_1543,1770911056.5440764,6.430470705032349,0,"{SOLIDITY_ADDRESS_HARDCODED,SOLIDITY_PRAGMAS_VERSION,SOLIDITY_PRIVATE_MODIFIER_DONT_HIDE_DATA,SOLIDITY_SAFEMATH,SOLIDITY_UPGRADE_TO_050,SOLIDITY_VISIBILITY}",{},{},{}
contracts_output/contracts_output/codellama_contracts/4646.sol,4646.sol,smartcheck,solidity,2022/11/14,20260212_1543,1770911031.6621644,4.3316895961761475,0,"{SOLIDITY_ADDRESS_HARDCODED,SOLIDITY_PRAGMAS_VERSION,SOLIDITY_PRIVATE_MODIFIER_DONT_HIDE_DATA,SOLIDITY_SAFEMATH,SOLIDITY_UPGRADE_TO_050,SOLIDITY_VISIBILITY}",{},{},{}
contracts_output/contracts_output/codellama_contracts/465.sol,465.sol,smartcheck,solidity,2022/11/14,20260212_1543,1770911450.2605236,4.910211563110352,0,"{SOLIDITY_ADDRESS_HARDCODED,SOLIDITY_PRAGMAS_VERSION,SOLIDITY_PRIVATE_MODIFIER_DONT_HIDE_DATA,SOLIDITY_SAFEMATH,SOLIDITY_UPGRADE_TO_050,SOLIDITY_VISIBILITY}",{},{},{}
contracts_output/contracts_output/codellama_contracts/4661.sol,4661.sol,smartcheck,solidity,2022/11/14,20260212_1543,1770911510.413465,4.307910203933716,0,"{SOLIDITY_ADDRESS_HARDCODED,SOLIDITY_PRAGMAS_VERSION,SOLIDITY_PRIVATE_MODIFIER_DONT_HIDE_DATA,SOLIDITY_SAFEMATH,SOLIDITY_UPGRADE_TO_050,SOLIDITY_VISIBILITY}",{},{},{}
contracts_output/contracts_output/codellama_contracts/4669.sol,4669.sol,smartcheck,solidity,2022/11/14,20260212_1543,1770911386.1596758,4.796642780303955,0,"{SOLIDITY_ADDRESS_HARDCODED,SOLIDITY_PRAGMAS_VERSION,SOLIDITY_PRIVATE_MODIFIER_DONT_HIDE_DATA,SOLIDITY_SAFEMATH,SOLIDITY_UPGRADE_TO_050,SOLIDITY_VISIBILITY}",{},{},{}
contracts_output/contracts_output/codellama_contracts/467.sol,467.sol,smartcheck,solidity,2022/11/14,20260212_1543,1770911078.2841678,5.874064207077026,0,"{SOLIDITY_ADDRESS_HARDCODED,SOLIDITY_LOCKED_MONEY,SOLIDITY_PRAGMAS_VERSION,SOLIDITY_PRIVATE_MODIFIER_DONT_HIDE_DATA,SOLIDITY_UPGRADE_TO_050,SOLIDITY_VISIBILITY}",{},{},{}
contracts_output/contracts_output/codellama_contracts/4675.sol,4675.sol,smartcheck,solidity,2022/11/14,20260212_1543,1770911054.2277906,4.818256378173828,0,"{SOLIDITY_ADDRESS_HARDCODED,SOLIDITY_PRAGMAS_VERSION,SOLIDITY_PRIVATE_MODIFIER_DONT_HIDE_DATA,SOLIDITY_SAFEMATH,SOLIDITY_UPGRADE_TO_050,SOLIDITY_VISIBILITY}",{},{},{}
contracts_output/contracts_output/codellama_contracts/4681.sol,4681.sol,smartcheck,solidity,2022/11/14,20260212_1543,1770911240.2311087,6.2365031242370605,0,"{SOLIDITY_OVERPOWERED_ROLE,SOLIDITY_PRAGMAS_VERSION}",{},{},{}
contracts_output/contracts_output/codellama_contracts/4695.sol,4695.sol,smartcheck,solidity,2022/11/14,20260212_1543,1770911462.7490118,5.843117713928223,0,"{SOLIDITY_ADDRESS_HARDCODED,SOLIDITY_LOCKED_MONEY,SOLIDITY_PRAGMAS_VERSION,SOLIDITY_PRIVATE_MODIFIER_DONT_HIDE_DATA,SOLIDITY_SAFEMATH,SOLIDITY_UPGRADE_TO_050,SOLIDITY_VISIBILITY}",{},{},{}
contracts_output/contracts_output/codellama_contracts/4726.sol,4726.sol,smartcheck,solidity,2022/11/14,20260212_1543,1770911326.4283915,11.252384901046753,0,"{SOLIDITY_PRAGMAS_VERSION,SOLIDITY_SAFEMATH}",{},{},{}
contracts_output/contracts_output/codellama_contracts/4727.sol,4727.sol,smartcheck,solidity,2022/11/14,20260212_1543,1770911490.391587,5.312657117843628,0,"{SOLIDITY_ADDRESS_HARDCODED,SOLIDITY_PRAGMAS_VERSION,SOLIDITY_PRIVATE_MODIFIER_DONT_HIDE_DATA,SOLIDITY_SAFEMATH,SOLIDITY_UPGRADE_TO_050,SOLIDITY_VISIBILITY}",{},{},{}
contracts_output/contracts_output/codellama_contracts/474.sol,474.sol,smartcheck,solidity,2022/11/14,20260212_1543,1770911474.820342,5.9302287101745605,0,"{SOLIDITY_ADDRESS_HARDCODED,SOLIDITY_PRAGMAS_VERSION,SOLIDITY_SAFEMATH,SOLIDITY_VISIBILITY}",{},{},{}
contracts_output/contracts_output/codellama_contracts/4746.sol,4746.sol,smartcheck,solidity,2022/11/14,20260212_1543,1770911466.5849605,5.434875011444092,0,"{SOLIDITY_ADDRESS_HARDCODED,SOLIDITY_PRAGMAS_VERSION,SOLIDITY_PRIVATE_MODIFIER_DONT_HIDE_DATA,SOLIDITY_SAFEMATH,SOLIDITY_UPGRADE_TO_050,SOLIDITY_VISIBILITY}",{},{},{}
contracts_output/contracts_output/codellama_contracts/475.sol,475.sol,smartcheck,solidity,2022/11/14,20260212_1543,1770911340.5414073,5.74597954750061,0,"{SOLIDITY_ADDRESS_HARDCODED,SOLIDITY_PRAGMAS_VERSION,SOLIDITY_SAFEMATH,SOLIDITY_VISIBILITY}",{},{},{}
contracts_output/contracts_output/codellama_contracts/476.sol,476.sol,smartcheck,solidity,2022/11/14,20260212_1543,1770911113.6639235,5.730168581008911,0,"{SOLIDITY_ADDRESS_HARDCODED,SOLIDITY_PRAGMAS_VERSION,SOLIDITY_PRIVATE_MODIFIER_DONT_HIDE_DATA,SOLIDITY_SAFEMATH,SOLIDITY_UPGRADE_TO_050,SOLIDITY_VISIBILITY}",{},{},{}
contracts_output/contracts_output/codellama_contracts/4761.sol,4761.sol,smartcheck,solidity,2022/11/14,20260212_1543,1770911035.336409,5.240360260009766,0,"{SOLIDITY_ADDRESS_HARDCODED,SOLIDITY_PRAGMAS_VERSION,SOLIDITY_PRIVATE_MODIFIER_DONT_HIDE_DATA,SOLIDITY_SAFEMATH,SOLIDITY_UPGRADE_TO_050,SOLIDITY_VISIBILITY}",{},{},{}
contracts_output/contracts_output/codellama_contracts/4775.sol,4775.sol,smartcheck,solidity,2022/11/14,20260212_1543,1770911071.5952883,5.575902938842773,0,"{SOLIDITY_ADDRESS_HARDCODED,SOLIDITY_PRAGMAS_VERSION,SOLIDITY_PRIVATE_MODIFIER_DONT_HIDE_DATA,SOLIDITY_SAFEMATH,SOLIDITY_UPGRADE_TO_050,SOLIDITY_VISIBILITY}",{},{},{}
contracts_output/contracts_output/codellama_contracts/4790.sol,4790.sol,smartcheck,solidity,2022/11/14,20260212_1543,1770911113.4373515,4.772380828857422,0,"{SOLIDITY_ADDRESS_HARDCODED,SOLIDITY_ERC20_APPROVE,SOLIDITY_PRAGMAS_VERSION,SOLIDITY_PRIVATE_MODIFIER_DONT_HIDE_DATA,SOLIDITY_SAFEMATH,SOLIDITY_UPGRADE_TO_050,SOLIDITY_VISIBILITY}",{},{},{}
contracts_output/contracts_output/codellama_contracts/4803.sol,4803.sol,smartcheck,solidity,2022/11/14,20260212_1543,1770911511.970452,3.927399158477783,0,"{SOLIDITY_ADDRESS_HARDCODED,SOLIDITY_PRAGMAS_VERSION,SOLIDITY_PRIVATE_MODIFIER_DONT_HIDE_DATA,SOLIDITY_UPGRADE_TO_050,SOLIDITY_VISIBILITY}",{},{},{}
contracts_output/contracts_output/codellama_contracts/4806.sol,4806.sol,smartcheck,solidity,2022/11/14,20260212_1543,1770911501.640154,5.218084335327148,0,"{SOLIDITY_ADDRESS_HARDCODED,SOLIDITY_PRAGMAS_VERSION,SOLIDITY_PRIVATE_MODIFIER_DONT_HIDE_DATA,SOLIDITY_SAFEMATH,SOLIDITY_UPGRADE_TO_050,SOLIDITY_VISIBILITY}",{},{},{}
contracts_output/contracts_output/codellama_contracts/4823.sol,4823.sol,smartcheck,solidity,2022/11/14,20260212_1543,1770911282.533307,6.817949295043945,0,"{SOLIDITY_ADDRESS_HARDCODED,SOLIDITY_EXTRA_GAS_IN_LOOPS,SOLIDITY_GAS_LIMIT_IN_LOOPS,SOLIDITY_PRAGMAS_VERSION,SOLIDITY_PRIVATE_MODIFIER_DONT_HIDE_DATA,SOLIDITY_SAFEMATH,SOLIDITY_TRANSFER_IN_LOOP,SOLIDITY_UPGRADE_TO_050,SOLIDITY_VISIBILITY}",{},{},{}
contracts_output/contracts_output/codellama_contracts/4839.sol,4839.sol,smartcheck,solidity,2022/11/14,20260212_1543,1770911490.3683984,5.040533781051636,0,"{SOLIDITY_ADDRESS_HARDCODED,SOLIDITY_PRAGMAS_VERSION,SOLIDITY_PRIVATE_MODIFIER_DONT_HIDE_DATA,SOLIDITY_SAFEMATH,SOLIDITY_UPGRADE_TO_050,SOLIDITY_VISIBILITY}",{},{},{}
contracts_output/contracts_output/codellama_contracts/4847.sol,4847.sol,smartcheck,solidity,2022/11/14,20260212_1543,1770911411.6149879,6.45355224609375,0,"{SOLIDITY_ADDRESS_HARDCODED,SOLIDITY_PRAGMAS_VERSION,SOLIDITY_PRIVATE_MODIFIER_DONT_HIDE_DATA,SOLIDITY_SAFEMATH,SOLIDITY_UPGRADE_TO_050,SOLIDITY_VISIBILITY}",{},{},{}
contracts_output/contracts_output/codellama_contracts/4852.sol,4852.sol,smartcheck,solidity,2022/11/14,20260212_1543,1770911200.9011385,5.783641576766968,0,"{SOLIDITY_ADDRESS_HARDCODED,SOLIDITY_PRAGMAS_VERSION,SOLIDITY_PRIVATE_MODIFIER_DONT_HIDE_DATA,SOLIDITY_SAFEMATH,SOLIDITY_UPGRADE_TO_050,SOLIDITY_VISIBILITY}",{},{},{}
contracts_output/contracts_output/codellama_contracts/4854.sol,4854.sol,smartcheck,solidity,2022/11/14,20260212_1543,1770911402.4279377,4.836895942687988,0,"{SOLIDITY_ADDRESS_HARDCODED,SOLIDITY_PRAGMAS_VERSION,SOLIDITY_PRIVATE_MODIFIER_DONT_HIDE_DATA,SOLIDITY_SAFEMATH,SOLIDITY_UPGRADE_TO_050,SOLIDITY_VISIBILITY}",{},{},{}
contracts_output/contracts_output/codellama_contracts/4864.sol,4864.sol,smartcheck,solidity,2022/11/14,20260212_1543,1770911354.8192186,5.408148288726807,0,"{SOLIDITY_ADDRESS_HARDCODED,SOLIDITY_EXTRA_GAS_IN_LOOPS,SOLIDITY_GAS_LIMIT_IN_LOOPS,SOLIDITY_PRAGMAS_VERSION,SOLIDITY_PRIVATE_MODIFIER_DONT_HIDE_DATA,SOLIDITY_SAFEMATH,SOLIDITY_UPGRADE_TO_050,SOLIDITY_VISIBILITY}",{},{},{}
contracts_output/contracts_output/codellama_contracts/4877.sol,4877.sol,smartcheck,solidity,2022/11/14,20260212_1543,1770911066.7884145,6.500977039337158,0,"{SOLIDITY_ADDRESS_HARDCODED,SOLIDITY_PRAGMAS_VERSION,SOLIDITY_PRIVATE_MODIFIER_DONT_HIDE_DATA,SOLIDITY_SAFEMATH,SOLIDITY_UPGRADE_TO_050,SOLIDITY_VISIBILITY}",{},{},{}
contracts_output/contracts_output/codellama_contracts/4896.sol,4896.sol,smartcheck,solidity,2022/11/14,20260212_1543,1770911405.7981744,5.8152174949646,0,"{SOLIDITY_ADDRESS_HARDCODED,SOLIDITY_OVERPOWERED_ROLE,SOLIDITY_PRAGMAS_VERSION,SOLIDITY_PRIVATE_MODIFIER_DONT_HIDE_DATA,SOLIDITY_UPGRADE_TO_050,SOLIDITY_VISIBILITY}",{},{},{}
contracts_output/contracts_output/codellama_contracts/4898.sol,4898.sol,smartcheck,solidity,2022/11/14,20260212_1543,1770911502.1395264,5.077196836471558,0,"{SOLIDITY_PRAGMAS_VERSION,SOLIDITY_SAFEMATH,SOLIDITY_VISIBILITY}",{},{},{}
contracts_output/contracts_output/codellama_contracts/4912.sol,4912.sol,smartcheck,solidity,2022/11/14,20260212_1543,1770911199.4918854,5.31019401550293,0,"{SOLIDITY_ADDRESS_HARDCODED,SOLIDITY_PRAGMAS_VERSION,SOLIDITY_PRIVATE_MODIFIER_DONT_HIDE_DATA,SOLIDITY_SAFEMATH,SOLIDITY_UPGRADE_TO_050,SOLIDITY_VISIBILITY}",{},{},{}
contracts_output/contracts_output/codellama_contracts/4928.sol,4928.sol,smartcheck,solidity,2022/11/14,20260212_1543,1770911237.4354377,5.929389953613281,0,"{SOLIDITY_ADDRESS_HARDCODED,SOLIDITY_PRAGMAS_VERSION,SOLIDITY_PRIVATE_MODIFIER_DONT_HIDE_DATA,SOLIDITY_UPGRADE_TO_050,SOLIDITY_VISIBILITY}",{},{},{}
contracts_output/contracts_output/codellama_contracts/4942.sol,4942.sol,smartcheck,solidity,2022/11/14,20260212_1543,1770911189.8958902,7.431442737579346,0,"{SOLIDITY_ADDRESS_HARDCODED,SOLIDITY_PRAGMAS_VERSION,SOLIDITY_PRIVATE_MODIFIER_DONT_HIDE_DATA,SOLIDITY_UPGRADE_TO_050,SOLIDITY_VISIBILITY}",{},{},{}
contracts_output/contracts_output/codellama_contracts/497.sol,497.sol,smartcheck,solidity,2022/11/14,20260212_1543,1770911240.5767772,5.5570924282073975,0,"{SOLIDITY_ADDRESS_HARDCODED,SOLIDITY_PRAGMAS_VERSION,SOLIDITY_PRIVATE_MODIFIER_DONT_HIDE_DATA,SOLIDITY_SAFEMATH,SOLIDITY_UPGRADE_TO_050,SOLIDITY_VISIBILITY}",{},{},{}
contracts_output/contracts_output/codellama_contracts/4986.sol,4986.sol,smartcheck,solidity,2022/11/14,20260212_1543,1770911140.11307,4.820181846618652,0,"{SOLIDITY_ADDRESS_HARDCODED,SOLIDITY_PRAGMAS_VERSION,SOLIDITY_PRIVATE_MODIFIER_DONT_HIDE_DATA,SOLIDITY_SAFEMATH,SOLIDITY_UPGRADE_TO_050,SOLIDITY_VISIBILITY}",{},{},{}
contracts_output/contracts_output/codellama_contracts/4993.sol,4993.sol,smartcheck,solidity,2022/11/14,20260212_1543,1770911196.748061,6.20503568649292,0,"{SOLIDITY_ADDRESS_HARDCODED,SOLIDITY_PRAGMAS_VERSION,SOLIDITY_SAFEMATH,SOLIDITY_VISIBILITY}",{},{},{}
contracts_output/contracts_output/codellama_contracts/5005.sol,5005.sol,smartcheck,solidity,2022/11/14,20260212_1543,1770911291.0179274,5.180252313613892,0,"{SOLIDITY_PRAGMAS_VERSION,SOLIDITY_SAFEMATH,SOLIDITY_VISIBILITY}",{},{},{}
contracts_output/contracts_output/codellama_contracts/5007.sol,5007.sol,smartcheck,solidity,2022/11/14,20260212_1543,1770911305.3135667,5.502985239028931,0,"{SOLIDITY_ADDRESS_HARDCODED,SOLIDITY_PRAGMAS_VERSION,SOLIDITY_PRIVATE_MODIFIER_DONT_HIDE_DATA,SOLIDITY_SAFEMATH,SOLIDITY_UPGRADE_TO_050,SOLIDITY_VISIBILITY}",{},{},{}
contracts_output/contracts_output/codellama_contracts/5030.sol,5030.sol,smartcheck,solidity,2022/11/14,20260212_1543,1770911280.6079385,5.571764945983887,0,"{SOLIDITY_ADDRESS_HARDCODED,SOLIDITY_PRAGMAS_VERSION,SOLIDITY_PRIVATE_MODIFIER_DONT_HIDE_DATA,SOLIDITY_SAFEMATH,SOLIDITY_UPGRADE_TO_050,SOLIDITY_VISIBILITY}",{},{},{}
contracts_output/contracts_output/codellama_contracts/5033.sol,5033.sol,smartcheck,solidity,2022/11/14,20260212_1543,1770911032.5871618,5.278429269790649,0,"{SOLIDITY_ADDRESS_HARDCODED,SOLIDITY_PRAGMAS_VERSION,SOLIDITY_PRIVATE_MODIFIER_DONT_HIDE_DATA,SOLIDITY_SAFEMATH,SOLIDITY_UPGRADE_TO_050,SOLIDITY_VISIBILITY}",{},{},{}
contracts_output/contracts_output/codellama_contracts/5043.sol,5043.sol,smartcheck,solidity,2022/11/14,20260212_1543,1770911362.826942,6.325493574142456,0,"{SOLIDITY_PRAGMAS_VERSION,SOLIDITY_SAFEMATH,SOLIDITY_VISIBILITY}",{},{},{}
contracts_output/contracts_output/codellama_contracts/5070.sol,5070.sol,smartcheck,solidity,2022/11/14,20260212_1543,1770911137.721368,4.271267414093018,0,"{SOLIDITY_ADDRESS_HARDCODED,SOLIDITY_PRAGMAS_VERSION,SOLIDITY_PRIVATE_MODIFIER_DONT_HIDE_DATA,SOLIDITY_SAFEMATH,SOLIDITY_UPGRADE_TO_050,SOLIDITY_VISIBILITY}",{},{},{}
contracts_output/contracts_output/codellama_contracts/5074.sol,5074.sol,smartcheck,solidity,2022/11/14,20260212_1543,1770911161.0713289,5.088475942611694,0,"{SOLIDITY_ADDRESS_HARDCODED,SOLIDITY_PRAGMAS_VERSION,SOLIDITY_PRIVATE_MODIFIER_DONT_HIDE_DATA,SOLIDITY_SAFEMATH,SOLIDITY_UPGRADE_TO_050,SOLIDITY_VISIBILITY}",{},{},{}
contracts_output/contracts_output/codellama_contracts/5098.sol,5098.sol,smartcheck,solidity,2022/11/14,20260212_1543,1770911351.7565758,6.5045130252838135,0,"{SOLIDITY_PRAGMAS_VERSION,SOLIDITY_REVERT_REQUIRE,SOLIDITY_SAFEMATH,SOLIDITY_VISIBILITY}",{},{},{}
contracts_output/contracts_output/codellama_contracts/5099.sol,5099.sol,smartcheck,solidity,2022/11/14,20260212_1543,1770911415.2902455,5.7640540599823,0,"{SOLIDITY_ADDRESS_HARDCODED,SOLIDITY_PRAGMAS_VERSION,SOLIDITY_PRIVATE_MODIFIER_DONT_HIDE_DATA,SOLIDITY_SAFEMATH,SOLIDITY_VISIBILITY}",{},{},{}
contracts_output/contracts_output/codellama_contracts/5101.sol,5101.sol,smartcheck,solidity,2022/11/14,20260212_1543,1770911114.8525386,5.080288648605347,0,"{SOLIDITY_ADDRESS_HARDCODED,SOLIDITY_PRAGMAS_VERSION,SOLIDITY_VISIBILITY}",{},{},{}
contracts_output/contracts_output/codellama_contracts/5131.sol,5131.sol,smartcheck,solidity,2022/11/14,20260212_1543,1770911358.4819403,5.224711894989014,0,"{SOLIDITY_ADDRESS_HARDCODED,SOLIDITY_PRAGMAS_VERSION,SOLIDITY_PRIVATE_MODIFIER_DONT_HIDE_DATA,SOLIDITY_SAFEMATH,SOLIDITY_UPGRADE_TO_050,SOLIDITY_VISIBILITY}",{},{},{}
contracts_output/contracts_output/codellama_contracts/5169.sol,5169.sol,smartcheck,solidity,2022/11/14,20260212_1543,1770911152.8885653,6.409362316131592,0,"{SOLIDITY_ADDRESS_HARDCODED,SOLIDITY_PRAGMAS_VERSION,SOLIDITY_PRIVATE_MODIFIER_DONT_HIDE_DATA,SOLIDITY_SAFEMATH,SOLIDITY_UPGRADE_TO_050,SOLIDITY_VISIBILITY}",{},{},{}
contracts_output/contracts_output/codellama_contracts/517.sol,517.sol,smartcheck,solidity,2022/11/14,20260212_1543,1770911174.3680215,7.2143003940582275,0,"{SOLIDITY_ADDRESS_HARDCODED,SOLIDITY_PRAGMAS_VERSION,SOLIDITY_PRIVATE_MODIFIER_DONT_HIDE_DATA,SOLIDITY_SAFEMATH,SOLIDITY_UPGRADE_TO_050,SOLIDITY_VISIBILITY}",{},{},{}
contracts_output/contracts_output/codellama_contracts/5173.sol,5173.sol,smartcheck,solidity,2022/11/14,20260212_1543,1770911287.7159917,6.043434143066406,0,"{SOLIDITY_FUNCTIONS_RETURNS_TYPE_AND_NO_RETURN,SOLIDITY_PRAGMAS_VERSION,SOLIDITY_SAFEMATH,SOLIDITY_VISIBILITY}",{},{},{}
contracts_output/contracts_output/codellama_contracts/5181.sol,5181.sol,smartcheck,solidity,2022/11/14,20260212_1543,1770911190.5321107,5.0422844886779785,0,{SOLIDITY_PRAGMAS_VERSION},{},{},{}
contracts_output/contracts_output/codellama_contracts/5188.sol,5188.sol,smartcheck,solidity,2022/11/14,20260212_1543,1770911163.7675476,7.336683034896851,0,"{SOLIDITY_ADDRESS_HARDCODED,SOLIDITY_EXTRA_GAS_IN_LOOPS,SOLIDITY_GAS_LIMIT_IN_LOOPS,SOLIDITY_PRAGMAS_VERSION,SOLIDITY_PRIVATE_MODIFIER_DONT_HIDE_DATA,SOLIDITY_SAFEMATH,SOLIDITY_UPGRADE_TO_050,SOLIDITY_VISIBILITY}",{},{},{}
contracts_output/contracts_output/codellama_contracts/52.sol,52.sol,smartcheck,solidity,2022/11/14,20260212_1543,1770911210.3271937,6.1902570724487305,0,"{SOLIDITY_PRAGMAS_VERSION,SOLIDITY_SAFEMATH,SOLIDITY_VISIBILITY}",{},{},{}
contracts_output/contracts_output/codellama_contracts/5200.sol,5200.sol,smartcheck,solidity,2022/11/14,20260212_1543,1770911436.0839376,7.787611961364746,0,"{SOLIDITY_ADDRESS_HARDCODED,SOLIDITY_PRAGMAS_VERSION,SOLIDITY_PRIVATE_MODIFIER_DONT_HIDE_DATA,SOLIDITY_SAFEMATH,SOLIDITY_UPGRADE_TO_050,SOLIDITY_VISIBILITY}",{},{},{}
contracts_output/contracts_output/codellama_contracts/521.sol,521.sol,smartcheck,solidity,2022/11/14,20260212_1543,1770911461.9312487,6.356465816497803,0,"{SOLIDITY_ADDRESS_HARDCODED,SOLIDITY_PRAGMAS_VERSION,SOLIDITY_PRIVATE_MODIFIER_DONT_HIDE_DATA,SOLIDITY_SAFEMATH,SOLIDITY_UPGRADE_TO_050,SOLIDITY_VISIBILITY}",{},{},{}
contracts_output/contracts_output/codellama_contracts/5228.sol,5228.sol,smartcheck,solidity,2022/11/14,20260212_1543,1770911101.7522013,6.331199645996094,0,"{SOLIDITY_ADDRESS_HARDCODED,SOLIDITY_GAS_LIMIT_IN_LOOPS,SOLIDITY_PRAGMAS_VERSION,SOLIDITY_PRIVATE_MODIFIER_DONT_HIDE_DATA,SOLIDITY_SAFEMATH,SOLIDITY_UPGRADE_TO_050,SOLIDITY_VISIBILITY}",{},{},{}
contracts_output/contracts_output/codellama_contracts/5253.sol,5253.sol,smartcheck,solidity,2022/11/14,20260212_1543,1770911044.4465506,6.328321695327759,0,"{SOLIDITY_PRAGMAS_VERSION,SOLIDITY_PRIVATE_MODIFIER_DONT_HIDE_DATA,SOLIDITY_VISIBILITY}",{},{},{}
contracts_output/contracts_output/codellama_contracts/527.sol,527.sol,smartcheck,solidity,2022/11/14,20260212_1543,1770911084.4009871,6.007377862930298,0,"{SOLIDITY_ADDRESS_HARDCODED,SOLIDITY_PRAGMAS_VERSION,SOLIDITY_PRIVATE_MODIFIER_DONT_HIDE_DATA,SOLIDITY_SAFEMATH,SOLIDITY_UPGRADE_TO_050,SOLIDITY_VISIBILITY}",{},{},{}
contracts_output/contracts_output/codellama_contracts/5294.sol,5294.sol,smartcheck,solidity,2022/11/14,20260212_1543,1770911479.9463944,4.2372705936431885,0,"{SOLIDITY_PRAGMAS_VERSION,SOLIDITY_VISIBILITY}",{},{},{}
contracts_output/contracts_output/codellama_contracts/5296.sol,5296.sol,smartcheck,solidity,2022/11/14,20260212_1543,1770911167.4821784,6.214440107345581,0,"{SOLIDITY_PRAGMAS_VERSION,SOLIDITY_SAFEMATH,SOLIDITY_VISIBILITY}",{},{},{}
contracts_output/contracts_output/codellama_contracts/5300.sol,5300.sol,smartcheck,solidity,2022/11/14,20260212_1543,1770911343.3826299,4.790780067443848,0,"{SOLIDITY_ADDRESS_HARDCODED,SOLIDITY_EXTRA_GAS_IN_LOOPS,SOLIDITY_GAS_LIMIT_IN_LOOPS,SOLIDITY_PRAGMAS_VERSION,SOLIDITY_SAFEMATH,SOLIDITY_VISIBILITY}",{},{},{}
contracts_output/contracts_output/codellama_contracts/5313.sol,5313.sol,smartcheck,solidity,2022/11/14,20260212_1543,1770911026.2052422,5.051210165023804,0,"{SOLIDITY_ADDRESS_HARDCODED,SOLIDITY_EXTRA_GAS_IN_LOOPS,SOLIDITY_GAS_LIMIT_IN_LOOPS,SOLIDITY_PRAGMAS_VERSION,SOLIDITY_PRIVATE_MODIFIER_DONT_HIDE_DATA,SOLIDITY_SAFEMATH,SOLIDITY_UPGRADE_TO_050,SOLIDITY_VISIBILITY}",{},{},{}
contracts_output/contracts_output/codellama_contracts/5314.sol,5314.sol,smartcheck,solidity,2022/11/14,20260212_1543,1770911247.8075368,5.32560396194458,0,"{SOLIDITY_ADDRESS_HARDCODED,SOLIDITY_PRAGMAS_VERSION,SOLIDITY_SAFEMATH,SOLIDITY_VISIBILITY}",{},{},{}
contracts_output/contracts_output/codellama_contracts/5346.sol,5346.sol,smartcheck,solidity,2022/11/14,20260212_1543,1770911251.2550666,5.58553409576416,0,"{SOLIDITY_ADDRESS_HARDCODED,SOLIDITY_LOCKED_MONEY,SOLIDITY_PRAGMAS_VERSION,SOLIDITY_PRIVATE_MODIFIER_DONT_HIDE_DATA,SOLIDITY_SAFEMATH}",{},{},{}
contracts_output/contracts_output/codellama_contracts/5392.sol,5392.sol,smartcheck,solidity,2022/11/14,20260212_1543,1770911106.6253266,7.119710445404053,0,"{SOLIDITY_ADDRESS_HARDCODED,SOLIDITY_PRAGMAS_VERSION,SOLIDITY_PRIVATE_MODIFIER_DONT_HIDE_DATA,SOLIDITY_UPGRADE_TO_050,SOLIDITY_VISIBILITY}",{},{},{}
contracts_output/contracts_output/codellama_contracts/5397.sol,5397.sol,smartcheck,solidity,2022/11/14,20260212_1543,1770911308.8360555,6.1097025871276855,0,"{SOLIDITY_ADDRESS_HARDCODED,SOLIDITY_PRAGMAS_VERSION,SOLIDITY_PRIVATE_MODIFIER_DONT_HIDE_DATA,SOLIDITY_SAFEMATH,SOLIDITY_UPGRADE_TO_050,SOLIDITY_VISIBILITY}",{},{},{}
contracts_output/contracts_output/codellama_contracts/5406.sol,5406.sol,smartcheck,solidity,2022/11/14,20260212_1543,1770911496.5127616,5.71080207824707,0,"{SOLIDITY_ADDRESS_HARDCODED,SOLIDITY_EXTRA_GAS_IN_LOOPS,SOLIDITY_GAS_LIMIT_IN_LOOPS,SOLIDITY_PRAGMAS_VERSION,SOLIDITY_PRIVATE_MODIFIER_DONT_HIDE_DATA,SOLIDITY_SAFEMATH,SOLIDITY_UPGRADE_TO_050,SOLIDITY_VISIBILITY}",{},{},{}
contracts_output/contracts_output/codellama_contracts/5414.sol,5414.sol,smartcheck,solidity,2022/11/14,20260212_1543,1770911335.0036688,3.8239142894744873,0,"{SOLIDITY_ADDRESS_HARDCODED,SOLIDITY_PRAGMAS_VERSION,SOLIDITY_SAFEMATH,SOLIDITY_VISIBILITY}",{},{},{}
contracts_output/contracts_output/codellama_contracts/5432.sol,5432.sol,smartcheck,solidity,2022/11/14,20260212_1543,1770911508.2086735,4.585968732833862,0,"{SOLIDITY_ADDRESS_HARDCODED,SOLIDITY_PRAGMAS_VERSION,SOLIDITY_PRIVATE_MODIFIER_DONT_HIDE_DATA,SOLIDITY_SAFEMATH,SOLIDITY_UPGRADE_TO_050,SOLIDITY_VISIBILITY}",{},{},{}
contracts_output/contracts_output/codellama_contracts/5444.sol,5444.sol,smartcheck,solidity,2022/11/14,20260212_1543,1770911214.0221663,5.724510192871094,0,"{SOLIDITY_ADDRESS_HARDCODED,SOLIDITY_PRAGMAS_VERSION,SOLIDITY_PRIVATE_MODIFIER_DONT_HIDE_DATA,SOLIDITY_UPGRADE_TO_050,SOLIDITY_VISIBILITY}",{},{},{}
contracts_output/contracts_output/codellama_contracts/5459.sol,5459.sol,smartcheck,solidity,2022/11/14,20260212_1543,1770911220.397096,5.405870199203491,0,"{SOLIDITY_ADDRESS_HARDCODED,SOLIDITY_PRAGMAS_VERSION,SOLIDITY_PRIVATE_MODIFIER_DONT_HIDE_DATA,SOLIDITY_SAFEMATH,SOLIDITY_UPGRADE_TO_050,SOLIDITY_VISIBILITY}",{},{},{}
contracts_output/contracts_output/codellama_contracts/5466.sol,5466.sol,smartcheck,solidity,2022/11/14,20260212_1543,1770911146.2897377,6.24883246421814,0,"{SOLIDITY_ADDRESS_HARDCODED,SOLIDITY_PRAGMAS_VERSION,SOLIDITY_PRIVATE_MODIFIER_DONT_HIDE_DATA,SOLIDITY_SAFEMATH,SOLIDITY_UPGRADE_TO_050,SOLIDITY_VISIBILITY}",{},{},{}
contracts_output/contracts_output/codellama_contracts/5478.sol,5478.sol,smartcheck,solidity,2022/11/14,20260212_1543,1770911036.7366176,5.261062860488892,0,"{SOLIDITY_ADDRESS_HARDCODED,SOLIDITY_PRAGMAS_VERSION,SOLIDITY_PRIVATE_MODIFIER_DONT_HIDE_DATA,SOLIDITY_SAFEMATH,SOLIDITY_UPGRADE_TO_050,SOLIDITY_VISIBILITY}",{},{},{}
contracts_output/contracts_output/codellama_contracts/5480.sol,5480.sol,smartcheck,solidity,2022/11/14,20260212_1543,1770911036.7206683,4.935035467147827,0,"{SOLIDITY_ADDRESS_HARDCODED,SOLIDITY_PRAGMAS_VERSION,SOLIDITY_PRIVATE_MODIFIER_DONT_HIDE_DATA,SOLIDITY_SAFEMATH,SOLIDITY_UPGRADE_TO_050,SOLIDITY_VISIBILITY}",{},{},{}
contracts_output/contracts_output/codellama_contracts/5481.sol,5481.sol,smartcheck,solidity,2022/11/14,20260212_1543,1770911309.0500636,6.37902307510376,0,"{SOLIDITY_ADDRESS_HARDCODED,SOLIDITY_PRAGMAS_VERSION,SOLIDITY_PRIVATE_MODIFIER_DONT_HIDE_DATA,SOLIDITY_SAFEMATH,SOLIDITY_UPGRADE_TO_050,SOLIDITY_VISIBILITY}",{},{},{}
contracts_output/contracts_output/codellama_contracts/5497.sol,5497.sol,smartcheck,solidity,2022/11/14,20260212_1543,1770911363.211178,5.00845742225647,0,"{SOLIDITY_ADDRESS_HARDCODED,SOLIDITY_PRAGMAS_VERSION,SOLIDITY_PRIVATE_MODIFIER_DONT_HIDE_DATA,SOLIDITY_SAFEMATH,SOLIDITY_UPGRADE_TO_050,SOLIDITY_VISIBILITY}",{},{},{}
contracts_output/contracts_output/codellama_contracts/5500.sol,5500.sol,smartcheck,solidity,2022/11/14,20260212_1543,1770911298.5945244,4.563685178756714,0,"{SOLIDITY_ADDRESS_HARDCODED,SOLIDITY_PRAGMAS_VERSION,SOLIDITY_SAFEMATH,SOLIDITY_VISIBILITY}",{},{},{}
contracts_output/contracts_output/codellama_contracts/5527.sol,5527.sol,smartcheck,solidity,2022/11/14,20260212_1543,1770911033.3810203,4.951375722885132,0,"{SOLIDITY_PRAGMAS_VERSION,SOLIDITY_SAFEMATH,SOLIDITY_SHOULD_RETURN_STRUCT,SOLIDITY_VISIBILITY}",{},{},{}
contracts_output/contracts_output/codellama_contracts/5531.sol,5531.sol,smartcheck,solidity,2022/11/14,20260212_1543,1770911119.1131063,5.209158182144165,0,"{SOLIDITY_ADDRESS_HARDCODED,SOLIDITY_PRAGMAS_VERSION,SOLIDITY_SAFEMATH,SOLIDITY_VISIBILITY}",{},{},{}
contracts_output/contracts_output/codellama_contracts/5534.sol,5534.sol,smartcheck,solidity,2022/11/14,20260212_1543,1770911220.7550933,6.656570196151733,0,"{SOLIDITY_ADDRESS_HARDCODED,SOLIDITY_PRAGMAS_VERSION,SOLIDITY_PRIVATE_MODIFIER_DONT_HIDE_DATA,SOLIDITY_SAFEMATH,SOLIDITY_UPGRADE_TO_050,SOLIDITY_VISIBILITY}",{},{},{}
contracts_output/contracts_output/codellama_contracts/5542.sol,5542.sol,smartcheck,solidity,2022/11/14,20260212_1543,1770911313.2239861,13.732054948806763,0,"{SOLIDITY_ADDRESS_HARDCODED,SOLIDITY_PRAGMAS_VERSION,SOLIDITY_PRIVATE_MODIFIER_DONT_HIDE_DATA,SOLIDITY_UPGRADE_TO_050,SOLIDITY_VISIBILITY}",{},{},{}
contracts_output/contracts_output/codellama_contracts/5584.sol,5584.sol,smartcheck,solidity,2022/11/14,20260212_1543,1770911460.6349566,6.86103081703186,0,"{SOLIDITY_ADDRESS_HARDCODED,SOLIDITY_PRAGMAS_VERSION,SOLIDITY_SAFEMATH,SOLIDITY_VISIBILITY}",{},{},{}
contracts_output/contracts_output/codellama_contracts/5602.sol,5602.sol,smartcheck,solidity,2022/11/14,20260212_1543,1770911277.90287,6.022917985916138,0,"{SOLIDITY_ADDRESS_HARDCODED,SOLIDITY_PRAGMAS_VERSION,SOLIDITY_PRIVATE_MODIFIER_DONT_HIDE_DATA,SOLIDITY_UPGRADE_TO_050,SOLIDITY_VISIBILITY}",{},{},{}
contracts_output/contracts_output/codellama_contracts/5609.sol,5609.sol,smartcheck,solidity,2022/11/14,20260212_1543,1770911103.1841648,5.5709428787231445,0,"{SOLIDITY_ADDRESS_HARDCODED,SOLIDITY_EXTRA_GAS_IN_LOOPS,SOLIDITY_GAS_LIMIT_IN_LOOPS,SOLIDITY_PRAGMAS_VERSION,SOLIDITY_PRIVATE_MODIFIER_DONT_HIDE_DATA,SOLIDITY_SAFEMATH,SOLIDITY_UPGRADE_TO_050,SOLIDITY_VISIBILITY}",{},{},{}
contracts_output/contracts_output/codellama_contracts/5627.sol,5627.sol,smartcheck,solidity,2022/11/14,20260212_1543,1770911481.4105997,6.842382907867432,0,"{SOLIDITY_ADDRESS_HARDCODED,SOLIDITY_PRAGMAS_VERSION,SOLIDITY_PRIVATE_MODIFIER_DONT_HIDE_DATA,SOLIDITY_SAFEMATH,SOLIDITY_UPGRADE_TO_050,SOLIDITY_VISIBILITY}",{},{},{}
contracts_output/contracts_output/codellama_contracts/5639.sol,5639.sol,smartcheck,solidity,2022/11/14,20260212_1543,1770911299.8455074,6.416475772857666,0,"{SOLIDITY_ADDRESS_HARDCODED,SOLIDITY_PRAGMAS_VERSION,SOLIDITY_PRIVATE_MODIFIER_DONT_HIDE_DATA,SOLIDITY_SAFEMATH,SOLIDITY_UPGRADE_TO_050,SOLIDITY_VISIBILITY}",{},{},{}
contracts_output/contracts_output/codellama_contracts/5641.sol,5641.sol,smartcheck,solidity,2022/11/14,20260212_1543,1770911163.1913068,5.745794296264648,0,"{SOLIDITY_ADDRESS_HARDCODED,SOLIDITY_PRAGMAS_VERSION,SOLIDITY_PRIVATE_MODIFIER_DONT_HIDE_DATA,SOLIDITY_SAFEMATH,SOLIDITY_UPGRADE_TO_050,SOLIDITY_VISIBILITY}",{},{},{}
contracts_output/contracts_output/codellama_contracts/5648.sol,5648.sol,smartcheck,solidity,2022/11/14,20260212_1543,1770911162.9857104,6.9227306842803955,0,"{SOLIDITY_ADDRESS_HARDCODED,SOLIDITY_PRAGMAS_VERSION,SOLIDITY_PRIVATE_MODIFIER_DONT_HIDE_DATA,SOLIDITY_SAFEMATH,SOLIDITY_UPGRADE_TO_050,SOLIDITY_VISIBILITY}",{},{},{}
contracts_output/contracts_output/codellama_contracts/565.sol,565.sol,smartcheck,solidity,2022/11/14,20260212_1543,1770911041.8522258,4.654670000076294,0,"{SOLIDITY_ADDRESS_HARDCODED,SOLIDITY_EXTRA_GAS_IN_LOOPS,SOLIDITY_GAS_LIMIT_IN_LOOPS,SOLIDITY_PRAGMAS_VERSION,SOLIDITY_SAFEMATH,SOLIDITY_VISIBILITY}",{},{},{}
contracts_output/contracts_output/codellama_contracts/5667.sol,5667.sol,smartcheck,solidity,2022/11/14,20260212_1543,1770911230.0852213,5.279884338378906,0,"{SOLIDITY_ADDRESS_HARDCODED,SOLIDITY_PRAGMAS_VERSION,SOLIDITY_PRIVATE_MODIFIER_DONT_HIDE_DATA,SOLIDITY_VISIBILITY}",{},{},{}
contracts_output/contracts_output/codellama_contracts/5679.sol,5679.sol,smartcheck,solidity,2022/11/14,20260212_1543,1770911236.390821,4.88481593132019,0,"{SOLIDITY_ADDRESS_HARDCODED,SOLIDITY_PRAGMAS_VERSION,SOLIDITY_PRIVATE_MODIFIER_DONT_HIDE_DATA,SOLIDITY_SAFEMATH,SOLIDITY_UPGRADE_TO_050,SOLIDITY_VISIBILITY}",{},{},{}
contracts_output/contracts_output/codellama_contracts/5691.sol,5691.sol,smartcheck,solidity,2022/11/14,20260212_1543,1770911277.6181605,6.2608819007873535,0,"{SOLIDITY_ADDRESS_HARDCODED,SOLIDITY_PRAGMAS_VERSION,SOLIDITY_PRIVATE_MODIFIER_DONT_HIDE_DATA,SOLIDITY_SAFEMATH,SOLIDITY_UPGRADE_TO_050,SOLIDITY_VISIBILITY}",{},{},{}
contracts_output/contracts_output/codellama_contracts/5701.sol,5701.sol,smartcheck,solidity,2022/11/14,20260212_1543,1770911461.655784,6.433073043823242,0,"{SOLIDITY_ADDRESS_HARDCODED,SOLIDITY_PRAGMAS_VERSION,SOLIDITY_PRIVATE_MODIFIER_DONT_HIDE_DATA,SOLIDITY_SAFEMATH,SOLIDITY_UPGRADE_TO_050,SOLIDITY_VISIBILITY}",{},{},{}
contracts_output/contracts_output/codellama_contracts/5707.sol,5707.sol,smartcheck,solidity,2022/11/14,20260212_1543,1770911446.668628,5.8166115283966064,0,"{SOLIDITY_EXTRA_GAS_IN_LOOPS,SOLIDITY_GAS_LIMIT_IN_LOOPS,SOLIDITY_PRAGMAS_VERSION,SOLIDITY_SAFEMATH,SOLIDITY_TRANSFER_IN_LOOP,SOLIDITY_VISIBILITY}",{},{},{}
contracts_output/contracts_output/codellama_contracts/5732.sol,5732.sol,smartcheck,solidity,2022/11/14,20260212_1543,1770911164.9298174,6.009358644485474,0,"{SOLIDITY_ADDRESS_HARDCODED,SOLIDITY_PRAGMAS_VERSION,SOLIDITY_PRIVATE_MODIFIER_DONT_HIDE_DATA,SOLIDITY_SAFEMATH,SOLIDITY_UPGRADE_TO_050,SOLIDITY_VISIBILITY}",{},{},{}
contracts_output/contracts_output/codellama_contracts/5733.sol,5733.sol,smartcheck,solidity,2022/11/14,20260212_1543,1770911214.6274307,6.126435995101929,0,"{SOLIDITY_ADDRESS_HARDCODED,SOLIDITY_PRAGMAS_VERSION,SOLIDITY_PRIVATE_MODIFIER_DONT_HIDE_DATA,SOLIDITY_SAFEMATH,SOLIDITY_UPGRADE_TO_050,SOLIDITY_VISIBILITY}",{},{},{}
contracts_output/contracts_output/codellama_contracts/5740.sol,5740.sol,smartcheck,solidity,2022/11/14,20260212_1543,1770911474.7448509,5.200242757797241,0,"{SOLIDITY_ADDRESS_HARDCODED,SOLIDITY_PRAGMAS_VERSION,SOLIDITY_PRIVATE_MODIFIER_DONT_HIDE_DATA,SOLIDITY_SAFEMATH,SOLIDITY_UPGRADE_TO_050,SOLIDITY_VISIBILITY}",{},{},{}
contracts_output/contracts_output/codellama_contracts/5759.sol,5759.sol,smartcheck,solidity,2022/11/14,20260212_1543,1770911142.5048838,8.625088691711426,0,"{SOLIDITY_ADDRESS_HARDCODED,SOLIDITY_PRAGMAS_VERSION,SOLIDITY_PRIVATE_MODIFIER_DONT_HIDE_DATA,SOLIDITY_SAFEMATH,SOLIDITY_UPGRADE_TO_050,SOLIDITY_VISIBILITY}",{},{},{}
contracts_output/contracts_output/codellama_contracts/5765.sol,5765.sol,smartcheck,solidity,2022/11/14,20260212_1543,1770911138.6924567,4.994721412658691,0,"{SOLIDITY_ADDRESS_HARDCODED,SOLIDITY_PRAGMAS_VERSION,SOLIDITY_PRIVATE_MODIFIER_DONT_HIDE_DATA,SOLIDITY_SAFEMATH,SOLIDITY_UPGRADE_TO_050,SOLIDITY_VISIBILITY}",{},{},{}
contracts_output/contracts_output/codellama_contracts/5767.sol,5767.sol,smartcheck,solidity,2022/11/14,20260212_1543,1770911368.8866148,5.580206632614136,0,"{SOLIDITY_ADDRESS_HARDCODED,SOLIDITY_LOCKED_MONEY,SOLIDITY_PRAGMAS_VERSION,SOLIDITY_PRIVATE_MODIFIER_DONT_HIDE_DATA,SOLIDITY_SAFEMATH,SOLIDITY_UPGRADE_TO_050,SOLIDITY_VISIBILITY}",{},{},{}
contracts_output/contracts_output/codellama_contracts/5781.sol,5781.sol,smartcheck,solidity,2022/11/14,20260212_1543,1770911072.7444196,6.201200485229492,0,"{SOLIDITY_ADDRESS_HARDCODED,SOLIDITY_PRAGMAS_VERSION,SOLIDITY_PRIVATE_MODIFIER_DONT_HIDE_DATA,SOLIDITY_SAFEMATH,SOLIDITY_UPGRADE_TO_050,SOLIDITY_VISIBILITY}",{},{},{}
contracts_output/contracts_output/codellama_contracts/5791.sol,5791.sol,smartcheck,solidity,2022/11/14,20260212_1543,1770911298.6848757,6.0560081005096436,0,"{SOLIDITY_ADDRESS_HARDCODED,SOLIDITY_PRAGMAS_VERSION,SOLIDITY_PRIVATE_MODIFIER_DONT_HIDE_DATA,SOLIDITY_SAFEMATH,SOLIDITY_UPGRADE_TO_050,SOLIDITY_VISIBILITY}",{},{},{}
contracts_output/contracts_output/codellama_contracts/5799.sol,5799.sol,smartcheck,solidity,2022/11/14,20260212_1543,1770911158.52742,5.338695526123047,0,"{SOLIDITY_ADDRESS_HARDCODED,SOLIDITY_OVERPOWERED_ROLE,SOLIDITY_PRAGMAS_VERSION}",{},{},{}
contracts_output/contracts_output/codellama_contracts/5800.sol,5800.sol,smartcheck,solidity,2022/11/14,20260212_1543,1770911130.1267292,5.269051790237427,0,"{SOLIDITY_ADDRESS_HARDCODED,SOLIDITY_PRAGMAS_VERSION,SOLIDITY_PRIVATE_MODIFIER_DONT_HIDE_DATA,SOLIDITY_SAFEMATH,SOLIDITY_UPGRADE_TO_050,SOLIDITY_VISIBILITY}",{},{},{}
contracts_output/contracts_output/codellama_contracts/5804.sol,5804.sol,smartcheck,solidity,2022/11/14,20260212_1543,1770911145.122071,6.57015323638916,0,"{SOLIDITY_ADDRESS_HARDCODED,SOLIDITY_PRAGMAS_VERSION,SOLIDITY_PRIVATE_MODIFIER_DONT_HIDE_DATA,SOLIDITY_SAFEMATH,SOLIDITY_UPGRADE_TO_050,SOLIDITY_VISIBILITY}",{},{},{}
contracts_output/contracts_output/codellama_contracts/5822.sol,5822.sol,smartcheck,solidity,2022/11/14,20260212_1543,1770911068.2699447,6.918183326721191,0,"{SOLIDITY_ADDRESS_HARDCODED,SOLIDITY_PRAGMAS_VERSION,SOLIDITY_PRIVATE_MODIFIER_DONT_HIDE_DATA,SOLIDITY_SAFEMATH,SOLIDITY_UPGRADE_TO_050,SOLIDITY_VISIBILITY}",{},{},{}
contracts_output/contracts_output/codellama_contracts/5836.sol,5836.sol,smartcheck,solidity,2022/11/14,20260212_1543,1770911164.927319,6.297532558441162,0,"{SOLIDITY_ADDRESS_HARDCODED,SOLIDITY_PRAGMAS_VERSION,SOLIDITY_PRIVATE_MODIFIER_DONT_HIDE_DATA,SOLIDITY_SAFEMATH,SOLIDITY_UPGRADE_TO_050,SOLIDITY_VISIBILITY}",{},{},{}
contracts_output/contracts_output/codellama_contracts/5894.sol,5894.sol,smartcheck,solidity,2022/11/14,20260212_1543,1770911479.5574927,5.661639928817749,0,"{SOLIDITY_ADDRESS_HARDCODED,SOLIDITY_PRAGMAS_VERSION,SOLIDITY_PRIVATE_MODIFIER_DONT_HIDE_DATA,SOLIDITY_SAFEMATH,SOLIDITY_UPGRADE_TO_050,SOLIDITY_VISIBILITY}",{},{},{}
contracts_output/contracts_output/codellama_contracts/5915.sol,5915.sol,smartcheck,solidity,2022/11/14,20260212_1543,1770911340.662006,5.742178440093994,0,"{SOLIDITY_PRAGMAS_VERSION,SOLIDITY_PRIVATE_MODIFIER_DONT_HIDE_DATA,SOLIDITY_VISIBILITY}",{},{},{}
contracts_output/contracts_output/codellama_contracts/5919.sol,5919.sol,smartcheck,solidity,2022/11/14,20260212_1543,1770911253.1252818,5.738768577575684,0,"{SOLIDITY_ADDRESS_HARDCODED,SOLIDITY_PRAGMAS_VERSION,SOLIDITY_PRIVATE_MODIFIER_DONT_HIDE_DATA,SOLIDITY_SAFEMATH,SOLIDITY_UPGRADE_TO_050,SOLIDITY_VISIBILITY}",{},{},{}
contracts_output/contracts_output/codellama_contracts/5921.sol,5921.sol,smartcheck,solidity,2022/11/14,20260212_1543,1770911479.2923732,7.773397922515869,0,"{SOLIDITY_ADDRESS_HARDCODED,SOLIDITY_PRAGMAS_VERSION,SOLIDITY_PRIVATE_MODIFIER_DONT_HIDE_DATA,SOLIDITY_SAFEMATH,SOLIDITY_UPGRADE_TO_050,SOLIDITY_VISIBILITY}",{},{},{}
contracts_output/contracts_output/codellama_contracts/5927.sol,5927.sol,smartcheck,solidity,2022/11/14,20260212_1543,1770911347.252074,5.073773622512817,0,"{SOLIDITY_ADDRESS_HARDCODED,SOLIDITY_EXTRA_GAS_IN_LOOPS,SOLIDITY_GAS_LIMIT_IN_LOOPS,SOLIDITY_PRAGMAS_VERSION,SOLIDITY_PRIVATE_MODIFIER_DONT_HIDE_DATA,SOLIDITY_UPGRADE_TO_050,SOLIDITY_VISIBILITY}",{},{},{}
contracts_output/contracts_output/codellama_contracts/5928.sol,5928.sol,smartcheck,solidity,2022/11/14,20260212_1543,1770911218.2494023,6.794845104217529,0,"{SOLIDITY_ADDRESS_HARDCODED,SOLIDITY_EXTRA_GAS_IN_LOOPS,SOLIDITY_GAS_LIMIT_IN_LOOPS,SOLIDITY_PRAGMAS_VERSION,SOLIDITY_PRIVATE_MODIFIER_DONT_HIDE_DATA,SOLIDITY_SAFEMATH,SOLIDITY_UPGRADE_TO_050,SOLIDITY_VISIBILITY}",{},{},{}
contracts_output/contracts_output/codellama_contracts/5946.sol,5946.sol,smartcheck,solidity,2022/11/14,20260212_1543,1770911372.9226813,4.582657814025879,0,"{SOLIDITY_ADDRESS_HARDCODED,SOLIDITY_PRAGMAS_VERSION}",{},{},{}
contracts_output/contracts_output/codellama_contracts/5952.sol,5952.sol,smartcheck,solidity,2022/11/14,20260212_1543,1770911500.8687263,6.488491773605347,0,"{SOLIDITY_ADDRESS_HARDCODED,SOLIDITY_PRAGMAS_VERSION,SOLIDITY_REVERT_REQUIRE,SOLIDITY_SAFEMATH,SOLIDITY_VISIBILITY}",{},{},{}
contracts_output/contracts_output/codellama_contracts/5953.sol,5953.sol,smartcheck,solidity,2022/11/14,20260212_1543,1770911424.131858,5.96210503578186,0,"{SOLIDITY_ADDRESS_HARDCODED,SOLIDITY_PRAGMAS_VERSION,SOLIDITY_VISIBILITY}",{},{},{}
contracts_output/contracts_output/codellama_contracts/598.sol,598.sol,smartcheck,solidity,2022/11/14,20260212_1543,1770911256.841868,6.701062917709351,0,"{SOLIDITY_ADDRESS_HARDCODED,SOLIDITY_PRAGMAS_VERSION,SOLIDITY_PRIVATE_MODIFIER_DONT_HIDE_DATA,SOLIDITY_SAFEMATH,SOLIDITY_UPGRADE_TO_050,SOLIDITY_VISIBILITY}",{},{},{}
contracts_output/contracts_output/codellama_contracts/5993.sol,5993.sol,smartcheck,solidity,2022/11/14,20260212_1543,1770911492.51123,6.801006555557251,0,"{SOLIDITY_ADDRESS_HARDCODED,SOLIDITY_PRAGMAS_VERSION,SOLIDITY_PRIVATE_MODIFIER_DONT_HIDE_DATA,SOLIDITY_SAFEMATH,SOLIDITY_UPGRADE_TO_050,SOLIDITY_VISIBILITY}",{},{},{}
contracts_output/contracts_output/codellama_contracts/6003.sol,6003.sol,smartcheck,solidity,2022/11/14,20260212_1543,1770911299.0021458,6.29505181312561,0,"{SOLIDITY_ADDRESS_HARDCODED,SOLIDITY_PRAGMAS_VERSION,SOLIDITY_PRIVATE_MODIFIER_DONT_HIDE_DATA,SOLIDITY_SAFEMATH,SOLIDITY_UPGRADE_TO_050,SOLIDITY_VISIBILITY}",{},{},{}
contracts_output/contracts_output/codellama_contracts/6025.sol,6025.sol,smartcheck,solidity,2022/11/14,20260212_1543,1770911508.4446502,5.358407020568848,0,"{SOLIDITY_PRAGMAS_VERSION,SOLIDITY_SAFEMATH,SOLIDITY_VISIBILITY}",{},{},{}
contracts_output/contracts_output/codellama_contracts/6042.sol,6042.sol,smartcheck,solidity,2022/11/14,20260212_1543,1770911264.260404,5.782994508743286,0,"{SOLIDITY_ADDRESS_HARDCODED,SOLIDITY_PRAGMAS_VERSION,SOLIDITY_PRIVATE_MODIFIER_DONT_HIDE_DATA,SOLIDITY_UPGRADE_TO_050,SOLIDITY_VISIBILITY}",{},{},{}
contracts_output/contracts_output/codellama_contracts/6047.sol,6047.sol,smartcheck,solidity,2022/11/14,20260212_1543,1770911035.6760807,7.374274253845215,0,"{SOLIDITY_ADDRESS_HARDCODED,SOLIDITY_LOCKED_MONEY,SOLIDITY_PRAGMAS_VERSION,SOLIDITY_PRIVATE_MODIFIER_DONT_HIDE_DATA,SOLIDITY_SAFEMATH,SOLIDITY_UPGRADE_TO_050,SOLIDITY_VISIBILITY}",{},{},{}
contracts_output/contracts_output/codellama_contracts/6054.sol,6054.sol,smartcheck,solidity,2022/11/14,20260212_1543,1770911154.3862636,4.771970987319946,0,"{SOLIDITY_ADDRESS_HARDCODED,SOLIDITY_PRAGMAS_VERSION,SOLIDITY_PRIVATE_MODIFIER_DONT_HIDE_DATA,SOLIDITY_UPGRADE_TO_050,SOLIDITY_VISIBILITY}",{},{},{}
contracts_output/contracts_output/codellama_contracts/6060.sol,6060.sol,smartcheck,solidity,2022/11/14,20260212_1543,1770911491.844409,7.595629453659058,0,"{SOLIDITY_ADDRESS_HARDCODED,SOLIDITY_PRAGMAS_VERSION,SOLIDITY_PRIVATE_MODIFIER_DONT_HIDE_DATA,SOLIDITY_UPGRADE_TO_050,SOLIDITY_VISIBILITY}",{},{},{}
contracts_output/contracts_output/codellama_contracts/6063.sol,6063.sol,smartcheck,solidity,2022/11/14,20260212_1543,1770911082.473452,6.2737085819244385,0,"{SOLIDITY_ADDRESS_HARDCODED,SOLIDITY_PRAGMAS_VERSION,SOLIDITY_PRIVATE_MODIFIER_DONT_HIDE_DATA,SOLIDITY_SAFEMATH,SOLIDITY_UPGRADE_TO_050,SOLIDITY_VISIBILITY}",{},{},{}
contracts_output/contracts_output/codellama_contracts/609.sol,609.sol,smartcheck,solidity,2022/11/14,20260212_1543,1770911252.5499005,7.25261116027832,0,"{SOLIDITY_PRAGMAS_VERSION,SOLIDITY_SAFEMATH,SOLIDITY_VISIBILITY}",{},{},{}
contracts_output/contracts_output/codellama_contracts/6100.sol,6100.sol,smartcheck,solidity,2022/11/14,20260212_1543,1770911028.900774,4.434900283813477,0,"{SOLIDITY_ADDRESS_HARDCODED,SOLIDITY_PRAGMAS_VERSION,SOLIDITY_PRIVATE_MODIFIER_DONT_HIDE_DATA,SOLIDITY_SAFEMATH,SOLIDITY_UPGRADE_TO_050,SOLIDITY_VISIBILITY}",{},{},{}
contracts_output/contracts_output/codellama_contracts/6110.sol,6110.sol,smartcheck,solidity,2022/11/14,20260212_1543,1770911280.8442056,5.202748537063599,0,"{SOLIDITY_ADDRESS_HARDCODED,SOLIDITY_PRAGMAS_VERSION,SOLIDITY_PRIVATE_MODIFIER_DONT_HIDE_DATA,SOLIDITY_SAFEMATH,SOLIDITY_UPGRADE_TO_050,SOLIDITY_VISIBILITY}",{},{},{}
contracts_output/contracts_output/codellama_contracts/6123.sol,6123.sol,smartcheck,solidity,2022/11/14,20260212_1543,1770911445.5375276,6.0101306438446045,0,"{SOLIDITY_ADDRESS_HARDCODED,SOLIDITY_PRAGMAS_VERSION,SOLIDITY_PRIVATE_MODIFIER_DONT_HIDE_DATA,SOLIDITY_SAFEMATH,SOLIDITY_UPGRADE_TO_050,SOLIDITY_VISIBILITY}",{},{},{}
contracts_output/contracts_output/codellama_contracts/6152.sol,6152.sol,smartcheck,solidity,2022/11/14,20260212_1543,1770911310.333557,4.9229416847229,0,"{SOLIDITY_ADDRESS_HARDCODED,SOLIDITY_PRAGMAS_VERSION,SOLIDITY_PRIVATE_MODIFIER_DONT_HIDE_DATA,SOLIDITY_SAFEMATH,SOLIDITY_UPGRADE_TO_050,SOLIDITY_VISIBILITY}",{},{},{}
contracts_output/contracts_output/codellama_contracts/6178.sol,6178.sol,smartcheck,solidity,2022/11/14,20260212_1543,1770911333.2668893,4.986406087875366,0,{SOLIDITY_PRAGMAS_VERSION},{},{},{}
contracts_output/contracts_output/codellama_contracts/6206.sol,6206.sol,smartcheck,solidity,2022/11/14,20260212_1543,1770911465.3073876,4.709028005599976,0,"{SOLIDITY_PRAGMAS_VERSION,SOLIDITY_VISIBILITY}",{},{},{}
contracts_output/contracts_output/codellama_contracts/6236.sol,6236.sol,smartcheck,solidity,2022/11/14,20260212_1543,1770911045.639325,6.45971941947937,0,"{SOLIDITY_ADDRESS_HARDCODED,SOLIDITY_PRAGMAS_VERSION,SOLIDITY_SAFEMATH,SOLIDITY_VISIBILITY}",{},{},{}
contracts_output/contracts_output/codellama_contracts/6249.sol,6249.sol,smartcheck,solidity,2022/11/14,20260212_1543,1770911474.6387637,7.007627964019775,0,"{SOLIDITY_ADDRESS_HARDCODED,SOLIDITY_LOCKED_MONEY,SOLIDITY_OVERPOWERED_ROLE,SOLIDITY_PRAGMAS_VERSION,SOLIDITY_PRIVATE_MODIFIER_DONT_HIDE_DATA,SOLIDITY_SAFEMATH,SOLIDITY_UPGRADE_TO_050,SOLIDITY_VISIBILITY}",{},{},{}
contracts_output/contracts_output/codellama_contracts/6260.sol,6260.sol,smartcheck,solidity,2022/11/14,20260212_1543,1770911246.1186159,6.246232509613037,0,"{SOLIDITY_ADDRESS_HARDCODED,SOLIDITY_PRAGMAS_VERSION,SOLIDITY_PRIVATE_MODIFIER_DONT_HIDE_DATA,SOLIDITY_SAFEMATH,SOLIDITY_UPGRADE_TO_050,SOLIDITY_VISIBILITY}",{},{},{}
contracts_output/contracts_output/codellama_contracts/6276.sol,6276.sol,smartcheck,solidity,2022/11/14,20260212_1543,1770911397.5142047,5.615622282028198,0,"{SOLIDITY_ADDRESS_HARDCODED,SOLIDITY_PRAGMAS_VERSION,SOLIDITY_PRIVATE_MODIFIER_DONT_HIDE_DATA,SOLIDITY_SAFEMATH,SOLIDITY_UPGRADE_TO_050,SOLIDITY_VISIBILITY}",{},{},{}
contracts_output/contracts_output/codellama_contracts/629.sol,629.sol,smartcheck,solidity,2022/11/14,20260212_1543,1770911412.5824106,6.044761419296265,0,"{SOLIDITY_ADDRESS_HARDCODED,SOLIDITY_PRAGMAS_VERSION,SOLIDITY_PRIVATE_MODIFIER_DONT_HIDE_DATA,SOLIDITY_SAFEMATH,SOLIDITY_SHOULD_RETURN_STRUCT,SOLIDITY_UPGRADE_TO_050,SOLIDITY_VISIBILITY}",{},{},{}
contracts_output/contracts_output/codellama_contracts/6310.sol,6310.sol,smartcheck,solidity,2022/11/14,20260212_1543,1770911416.905862,7.010284662246704,0,"{SOLIDITY_ADDRESS_HARDCODED,SOLIDITY_OVERPOWERED_ROLE,SOLIDITY_PRAGMAS_VERSION,SOLIDITY_PRIVATE_MODIFIER_DONT_HIDE_DATA,SOLIDITY_UPGRADE_TO_050,SOLIDITY_VISIBILITY}",{},{},{}
contracts_output/contracts_output/codellama_contracts/6311.sol,6311.sol,smartcheck,solidity,2022/11/14,20260212_1543,1770911359.3420177,7.429262638092041,0,"{SOLIDITY_ADDRESS_HARDCODED,SOLIDITY_DIV_MUL,SOLIDITY_PRAGMAS_VERSION,SOLIDITY_PRIVATE_MODIFIER_DONT_HIDE_DATA,SOLIDITY_UPGRADE_TO_050,SOLIDITY_VISIBILITY}",{},{},{}
contracts_output/contracts_output/codellama_contracts/6317.sol,6317.sol,smartcheck,solidity,2022/11/14,20260212_1543,1770911358.4596317,5.397703647613525,0,"{SOLIDITY_ADDRESS_HARDCODED,SOLIDITY_LOCKED_MONEY,SOLIDITY_PRAGMAS_VERSION,SOLIDITY_PRIVATE_MODIFIER_DONT_HIDE_DATA,SOLIDITY_SAFEMATH,SOLIDITY_UPGRADE_TO_050,SOLIDITY_VISIBILITY}",{},{},{}
contracts_output/contracts_output/codellama_contracts/6318.sol,6318.sol,smartcheck,solidity,2022/11/14,20260212_1543,1770911510.1449082,4.447869062423706,0,"{SOLIDITY_ADDRESS_HARDCODED,SOLIDITY_PRAGMAS_VERSION,SOLIDITY_PRIVATE_MODIFIER_DONT_HIDE_DATA,SOLIDITY_UPGRADE_TO_050,SOLIDITY_VISIBILITY}",{},{},{}
contracts_output/contracts_output/codellama_contracts/6330.sol,6330.sol,smartcheck,solidity,2022/11/14,20260212_1543,1770911395.587962,6.078972578048706,0,"{SOLIDITY_ADDRESS_HARDCODED,SOLIDITY_PRAGMAS_VERSION,SOLIDITY_PRIVATE_MODIFIER_DONT_HIDE_DATA,SOLIDITY_SAFEMATH,SOLIDITY_UPGRADE_TO_050,SOLIDITY_VISIBILITY}",{},{},{}
contracts_output/contracts_output/codellama_contracts/6348.sol,6348.sol,smartcheck,solidity,2022/11/14,20260212_1543,1770911202.954348,6.621183395385742,0,"{SOLIDITY_ADDRESS_HARDCODED,SOLIDITY_PRAGMAS_VERSION,SOLIDITY_PRIVATE_MODIFIER_DONT_HIDE_DATA,SOLIDITY_SAFEMATH,SOLIDITY_UPGRADE_TO_050,SOLIDITY_VISIBILITY}",{},{},{}
contracts_output/contracts_output/codellama_contracts/6370.sol,6370.sol,smartcheck,solidity,2022/11/14,20260212_1543,1770911231.9961472,6.223824501037598,0,"{SOLIDITY_ADDRESS_HARDCODED,SOLIDITY_PRAGMAS_VERSION,SOLIDITY_PRIVATE_MODIFIER_DONT_HIDE_DATA,SOLIDITY_SAFEMATH,SOLIDITY_UPGRADE_TO_050,SOLIDITY_VISIBILITY}",{},{},{}
contracts_output/contracts_output/codellama_contracts/6381.sol,6381.sol,smartcheck,solidity,2022/11/14,20260212_1543,1770911151.6937683,6.508472919464111,0,"{SOLIDITY_ADDRESS_HARDCODED,SOLIDITY_PRAGMAS_VERSION,SOLIDITY_SAFEMATH,SOLIDITY_VISIBILITY}",{},{},{}
contracts_output/contracts_output/codellama_contracts/6383.sol,6383.sol,smartcheck,solidity,2022/11/14,20260212_1543,1770911307.5398643,7.862420320510864,0,"{SOLIDITY_ADDRESS_HARDCODED,SOLIDITY_PRAGMAS_VERSION,SOLIDITY_PRIVATE_MODIFIER_DONT_HIDE_DATA,SOLIDITY_UPGRADE_TO_050,SOLIDITY_VISIBILITY}",{},{},{}
contracts_output/contracts_output/codellama_contracts/6386.sol,6386.sol,smartcheck,solidity,2022/11/14,20260212_1543,1770911063.8907678,4.6205902099609375,0,"{SOLIDITY_ADDRESS_HARDCODED,SOLIDITY_PRAGMAS_VERSION,SOLIDITY_PRIVATE_MODIFIER_DONT_HIDE_DATA,SOLIDITY_UPGRADE_TO_050,SOLIDITY_VISIBILITY}",{},{},{}
contracts_output/contracts_output/codellama_contracts/6399.sol,6399.sol,smartcheck,solidity,2022/11/14,20260212_1543,1770911164.7961137,5.223863840103149,0,"{SOLIDITY_ADDRESS_HARDCODED,SOLIDITY_PRAGMAS_VERSION,SOLIDITY_PRIVATE_MODIFIER_DONT_HIDE_DATA,SOLIDITY_UPGRADE_TO_050,SOLIDITY_VISIBILITY}",{},{},{}
contracts_output/contracts_output/codellama_contracts/6404.sol,6404.sol,smartcheck,solidity,2022/11/14,20260212_1543,1770911245.11443,6.377279043197632,0,"{SOLIDITY_EXTRA_GAS_IN_LOOPS,SOLIDITY_GAS_LIMIT_IN_LOOPS,SOLIDITY_PRAGMAS_VERSION,SOLIDITY_SAFEMATH,SOLIDITY_VISIBILITY}",{},{},{}
contracts_output/contracts_output/codellama_contracts/6408.sol,6408.sol,smartcheck,solidity,2022/11/14,20260212_1543,1770911354.1422577,6.712179899215698,0,"{SOLIDITY_ADDRESS_HARDCODED,SOLIDITY_PRAGMAS_VERSION,SOLIDITY_PRIVATE_MODIFIER_DONT_HIDE_DATA,SOLIDITY_SAFEMATH,SOLIDITY_UPGRADE_TO_050,SOLIDITY_VISIBILITY}",{},{},{}
contracts_output/contracts_output/codellama_contracts/6427.sol,6427.sol,smartcheck,solidity,2022/11/14,20260212_1543,1770911214.3966904,4.274167537689209,0,"{SOLIDITY_ADDRESS_HARDCODED,SOLIDITY_PRAGMAS_VERSION,SOLIDITY_SAFEMATH,SOLIDITY_VISIBILITY}",{},{},{}
contracts_output/contracts_output/codellama_contracts/6429.sol,6429.sol,smartcheck,solidity,2022/11/14,20260212_1543,1770911346.4435284,4.429630279541016,0,"{SOLIDITY_ADDRESS_HARDCODED,SOLIDITY_PRAGMAS_VERSION,SOLIDITY_SAFEMATH,SOLIDITY_VISIBILITY}",{},{},{}
contracts_output/contracts_output/codellama_contracts/6434.sol,6434.sol,smartcheck,solidity,2022/11/14,20260212_1543,1770911219.5512342,7.034710645675659,0,"{SOLIDITY_ADDRESS_HARDCODED,SOLIDITY_PRAGMAS_VERSION,SOLIDITY_PRIVATE_MODIFIER_DONT_HIDE_DATA,SOLIDITY_SAFEMATH,SOLIDITY_UPGRADE_TO_050,SOLIDITY_VISIBILITY}",{},{},{}
contracts_output/contracts_output/codellama_contracts/6458.sol,6458.sol,smartcheck,solidity,2022/11/14,20260212_1543,1770911429.4213521,5.702319860458374,0,"{SOLIDITY_ADDRESS_HARDCODED,SOLIDITY_PRAGMAS_VERSION,SOLIDITY_PRIVATE_MODIFIER_DONT_HIDE_DATA,SOLIDITY_SAFEMATH,SOLIDITY_UPGRADE_TO_050,SOLIDITY_VISIBILITY}",{},{},{}
contracts_output/contracts_output/codellama_contracts/6503.sol,6503.sol,smartcheck,solidity,2022/11/14,20260212_1543,1770911124.323773,5.252134561538696,0,"{SOLIDITY_ADDRESS_HARDCODED,SOLIDITY_PRAGMAS_VERSION,SOLIDITY_PRIVATE_MODIFIER_DONT_HIDE_DATA,SOLIDITY_SAFEMATH,SOLIDITY_UPGRADE_TO_050,SOLIDITY_VISIBILITY}",{},{},{}
contracts_output/contracts_output/codellama_contracts/6513.sol,6513.sol,smartcheck,solidity,2022/11/14,20260212_1543,1770911133.87011,5.76047945022583,0,"{SOLIDITY_ADDRESS_HARDCODED,SOLIDITY_PRAGMAS_VERSION,SOLIDITY_PRIVATE_MODIFIER_DONT_HIDE_DATA,SOLIDITY_UPGRADE_TO_050,SOLIDITY_VISIBILITY}",{},{},{}
contracts_output/contracts_output/codellama_contracts/6515.sol,6515.sol,smartcheck,solidity,2022/11/14,20260212_1543,1770911179.1058173,5.965665578842163,0,"{SOLIDITY_ADDRESS_HARDCODED,SOLIDITY_DEPRECATED_CONSTRUCTIONS,SOLIDITY_PRAGMAS_VERSION,SOLIDITY_PRIVATE_MODIFIER_DONT_HIDE_DATA,SOLIDITY_SAFEMATH,SOLIDITY_UPGRADE_TO_050,SOLIDITY_VISIBILITY}",{},{},{}
contracts_output/contracts_output/codellama_contracts/6517.sol,6517.sol,smartcheck,solidity,2022/11/14,20260212_1543,1770911250.5009813,5.726696729660034,0,"{SOLIDITY_ADDRESS_HARDCODED,SOLIDITY_PRAGMAS_VERSION,SOLIDITY_PRIVATE_MODIFIER_DONT_HIDE_DATA,SOLIDITY_SAFEMATH,SOLIDITY_UPGRADE_TO_050,SOLIDITY_VISIBILITY}",{},{},{}
contracts_output/contracts_output/codellama_contracts/6519.sol,6519.sol,smartcheck,solidity,2022/11/14,20260212_1543,1770911338.345763,4.935254335403442,0,"{SOLIDITY_ADDRESS_HARDCODED,SOLIDITY_PRAGMAS_VERSION,SOLIDITY_PRIVATE_MODIFIER_DONT_HIDE_DATA,SOLIDITY_SAFEMATH,SOLIDITY_UPGRADE_TO_050,SOLIDITY_VISIBILITY}",{},{},{}
contracts_output/contracts_output/codellama_contracts/6528.sol,6528.sol,smartcheck,solidity,2022/11/14,20260212_1543,1770911339.9038284,6.095055103302002,0,"{SOLIDITY_ADDRESS_HARDCODED,SOLIDITY_PRAGMAS_VERSION,SOLIDITY_PRIVATE_MODIFIER_DONT_HIDE_DATA,SOLIDITY_SAFEMATH,SOLIDITY_UPGRADE_TO_050,SOLIDITY_VISIBILITY}",{},{},{}
contracts_output/contracts_output/codellama_contracts/6552.sol,6552.sol,smartcheck,solidity,2022/11/14,20260212_1543,1770911173.698252,7.099905967712402,0,"{SOLIDITY_ADDRESS_HARDCODED,SOLIDITY_EXTRA_GAS_IN_LOOPS,SOLIDITY_GAS_LIMIT_IN_LOOPS,SOLIDITY_PRAGMAS_VERSION,SOLIDITY_PRIVATE_MODIFIER_DONT_HIDE_DATA,SOLIDITY_SAFEMATH,SOLIDITY_UPGRADE_TO_050,SOLIDITY_VISIBILITY}",{},{},{}
contracts_output/contracts_output/codellama_contracts/6562.sol,6562.sol,smartcheck,solidity,2022/11/14,20260212_1543,1770911476.6093948,5.528435468673706,0,"{SOLIDITY_ADDRESS_HARDCODED,SOLIDITY_PRAGMAS_VERSION,SOLIDITY_PRIVATE_MODIFIER_DONT_HIDE_DATA,SOLIDITY_SAFEMATH,SOLIDITY_UPGRADE_TO_050,SOLIDITY_VISIBILITY}",{},{},{}
contracts_output/contracts_output/codellama_contracts/6593.sol,6593.sol,smartcheck,solidity,2022/11/14,20260212_1543,1770911359.1934571,5.123603820800781,0,"{SOLIDITY_ADDRESS_HARDCODED,SOLIDITY_PRAGMAS_VERSION,SOLIDITY_PRIVATE_MODIFIER_DONT_HIDE_DATA,SOLIDITY_SAFEMATH,SOLIDITY_UPGRADE_TO_050,SOLIDITY_VISIBILITY}",{},{},{}
contracts_output/contracts_output/codellama_contracts/6613.sol,6613.sol,smartcheck,solidity,2022/11/14,20260212_1543,1770911217.8528655,5.703404188156128,0,"{SOLIDITY_ADDRESS_HARDCODED,SOLIDITY_OVERPOWERED_ROLE,SOLIDITY_PRAGMAS_VERSION,SOLIDITY_PRIVATE_MODIFIER_DONT_HIDE_DATA,SOLIDITY_UPGRADE_TO_050,SOLIDITY_VISIBILITY}",{},{},{}
contracts_output/contracts_output/codellama_contracts/6641.sol,6641.sol,smartcheck,solidity,2022/11/14,20260212_1543,1770911230.281745,5.818774461746216,0,"{SOLIDITY_ADDRESS_HARDCODED,SOLIDITY_EXTRA_GAS_IN_LOOPS,SOLIDITY_GAS_LIMIT_IN_LOOPS,SOLIDITY_PRAGMAS_VERSION,SOLIDITY_PRIVATE_MODIFIER_DONT_HIDE_DATA,SOLIDITY_SAFEMATH,SOLIDITY_UPGRADE_TO_050,SOLIDITY_VISIBILITY}",{},{},{}
contracts_output/contracts_output/codellama_contracts/6644.sol,6644.sol,smartcheck,solidity,2022/11/14,20260212_1543,1770911069.9961383,7.361345291137695,0,"{SOLIDITY_ADDRESS_HARDCODED,SOLIDITY_PRAGMAS_VERSION,SOLIDITY_PRIVATE_MODIFIER_DONT_HIDE_DATA,SOLIDITY_SAFEMATH,SOLIDITY_UPGRADE_TO_050,SOLIDITY_VISIBILITY}",{},{},{}
contracts_output/contracts_output/codellama_contracts/6660.sol,6660.sol,smartcheck,solidity,2022/11/14,20260212_1543,1770911026.2461689,5.684902906417847,0,"{SOLIDITY_ADDRESS_HARDCODED,SOLIDITY_OVERPOWERED_ROLE,SOLIDITY_PRAGMAS_VERSION,SOLIDITY_PRIVATE_MODIFIER_DONT_HIDE_DATA,SOLIDITY_UPGRADE_TO_050,SOLIDITY_VISIBILITY}",{},{},{}
contracts_output/contracts_output/codellama_contracts/6667.sol,6667.sol,smartcheck,solidity,2022/11/14,20260212_1543,1770911043.8240495,6.294145107269287,0,"{SOLIDITY_ADDRESS_HARDCODED,SOLIDITY_PRAGMAS_VERSION,SOLIDITY_PRIVATE_MODIFIER_DONT_HIDE_DATA,SOLIDITY_SAFEMATH,SOLIDITY_UPGRADE_TO_050,SOLIDITY_VISIBILITY}",{},{},{}
contracts_output/contracts_output/codellama_contracts/6671.sol,6671.sol,smartcheck,solidity,2022/11/14,20260212_1543,1770911500.2758532,6.35954213142395,0,"{SOLIDITY_ADDRESS_HARDCODED,SOLIDITY_PRAGMAS_VERSION,SOLIDITY_PRIVATE_MODIFIER_DONT_HIDE_DATA,SOLIDITY_SAFEMATH,SOLIDITY_UPGRADE_TO_050,SOLIDITY_VISIBILITY}",{},{},{}
contracts_output/contracts_output/codellama_contracts/6724.sol,6724.sol,smartcheck,solidity,2022/11/14,20260212_1543,1770911438.2300591,7.050244331359863,0,"{SOLIDITY_ADDRESS_HARDCODED,SOLIDITY_PRAGMAS_VERSION,SOLIDITY_PRIVATE_MODIFIER_DONT_HIDE_DATA,SOLIDITY_SAFEMATH,SOLIDITY_UPGRADE_TO_050,SOLIDITY_VISIBILITY}",{},{},{}
contracts_output/contracts_output/codellama_contracts/6726.sol,6726.sol,smartcheck,solidity,2022/11/14,20260212_1543,1770911273.857859,6.755522012710571,0,"{SOLIDITY_ADDRESS_HARDCODED,SOLIDITY_PRAGMAS_VERSION,SOLIDITY_PRIVATE_MODIFIER_DONT_HIDE_DATA,SOLIDITY_SAFEMATH,SOLIDITY_UPGRADE_TO_050,SOLIDITY_VISIBILITY}",{},{},{}
contracts_output/contracts_output/codellama_contracts/6728.sol,6728.sol,smartcheck,solidity,2022/11/14,20260212_1543,1770911470.8405929,6.219950437545776,0,"{SOLIDITY_ADDRESS_HARDCODED,SOLIDITY_LOCKED_MONEY,SOLIDITY_PRAGMAS_VERSION,SOLIDITY_PRIVATE_MODIFIER_DONT_HIDE_DATA,SOLIDITY_SAFEMATH,SOLIDITY_UPGRADE_TO_050,SOLIDITY_VISIBILITY}",{},{},{}
contracts_output/contracts_output/codellama_contracts/6735.sol,6735.sol,smartcheck,solidity,2022/11/14,20260212_1543,1770911340.7017152,5.214335918426514,0,"{SOLIDITY_ADDRESS_HARDCODED,SOLIDITY_PRAGMAS_VERSION,SOLIDITY_SAFEMATH,SOLIDITY_VISIBILITY}",{},{},{}
contracts_output/contracts_output/codellama_contracts/6751.sol,6751.sol,smartcheck,solidity,2022/11/14,20260212_1543,1770911180.0255709,5.469990015029907,0,"{SOLIDITY_ADDRESS_HARDCODED,SOLIDITY_ERC20_APPROVE,SOLIDITY_PRAGMAS_VERSION,SOLIDITY_PRIVATE_MODIFIER_DONT_HIDE_DATA,SOLIDITY_SAFEMATH,SOLIDITY_UPGRADE_TO_050,SOLIDITY_VISIBILITY}",{},{},{}
contracts_output/contracts_output/codellama_contracts/6764.sol,6764.sol,smartcheck,solidity,2022/11/14,20260212_1543,1770911206.7448816,7.263040781021118,0,"{SOLIDITY_ADDRESS_HARDCODED,SOLIDITY_PRAGMAS_VERSION,SOLIDITY_PRIVATE_MODIFIER_DONT_HIDE_DATA,SOLIDITY_SAFEMATH,SOLIDITY_UPGRADE_TO_050,SOLIDITY_VISIBILITY}",{},{},{}
contracts_output/contracts_output/codellama_contracts/6774.sol,6774.sol,smartcheck,solidity,2022/11/14,20260212_1543,1770911387.7707152,5.630248069763184,0,"{SOLIDITY_ADDRESS_HARDCODED,SOLIDITY_FUNCTIONS_RETURNS_TYPE_AND_NO_RETURN,SOLIDITY_PRAGMAS_VERSION,SOLIDITY_SAFEMATH,SOLIDITY_VISIBILITY}",{},{},{}
contracts_output/contracts_output/codellama_contracts/6776.sol,6776.sol,smartcheck,solidity,2022/11/14,20260212_1543,1770911332.0786002,6.2227559089660645,0,"{SOLIDITY_ADDRESS_HARDCODED,SOLIDITY_PRAGMAS_VERSION,SOLIDITY_PRIVATE_MODIFIER_DONT_HIDE_DATA,SOLIDITY_SAFEMATH,SOLIDITY_UPGRADE_TO_050,SOLIDITY_VISIBILITY}",{},{},{}
contracts_output/contracts_output/codellama_contracts/6786.sol,6786.sol,smartcheck,solidity,2022/11/14,20260212_1543,1770911272.9621763,5.870295524597168,0,"{SOLIDITY_ADDRESS_HARDCODED,SOLIDITY_PRAGMAS_VERSION,SOLIDITY_PRIVATE_MODIFIER_DONT_HIDE_DATA,SOLIDITY_SAFEMATH,SOLIDITY_UPGRADE_TO_050,SOLIDITY_VISIBILITY}",{},{},{}
contracts_output/contracts_output/codellama_contracts/6808.sol,6808.sol,smartcheck,solidity,2022/11/14,20260212_1543,1770911074.1512287,5.736607313156128,0,"{SOLIDITY_ADDRESS_HARDCODED,SOLIDITY_LOCKED_MONEY,SOLIDITY_PRAGMAS_VERSION,SOLIDITY_PRIVATE_MODIFIER_DONT_HIDE_DATA,SOLIDITY_SAFEMATH,SOLIDITY_UPGRADE_TO_050,SOLIDITY_VISIBILITY}",{},{},{}
contracts_output/contracts_output/codellama_contracts/6826.sol,6826.sol,smartcheck,solidity,2022/11/14,20260212_1543,1770911044.2007706,5.645750999450684,0,"{SOLIDITY_ADDRESS_HARDCODED,SOLIDITY_PRAGMAS_VERSION,SOLIDITY_PRIVATE_MODIFIER_DONT_HIDE_DATA,SOLIDITY_SAFEMATH,SOLIDITY_UPGRADE_TO_050,SOLIDITY_VISIBILITY}",{},{},{}
contracts_output/contracts_output/codellama_contracts/6848.sol,6848.sol,smartcheck,solidity,2022/11/14,20260212_1543,1770911283.927799,6.205816268920898,0,"{SOLIDITY_ADDRESS_HARDCODED,SOLIDITY_PRAGMAS_VERSION,SOLIDITY_SAFEMATH,SOLIDITY_VISIBILITY}",{},{},{}
contracts_output/contracts_output/codellama_contracts/6875.sol,6875.sol,smartcheck,solidity,2022/11/14,20260212_1543,1770911090.9062297,6.216377019882202,0,"{SOLIDITY_ADDRESS_HARDCODED,SOLIDITY_PRAGMAS_VERSION,SOLIDITY_PRIVATE_MODIFIER_DONT_HIDE_DATA,SOLIDITY_SAFEMATH,SOLIDITY_UPGRADE_TO_050,SOLIDITY_VISIBILITY}",{},{},{}
contracts_output/contracts_output/codellama_contracts/689.sol,689.sol,smartcheck,solidity,2022/11/14,20260212_1543,1770911052.103352,5.592631101608276,0,"{SOLIDITY_ADDRESS_HARDCODED,SOLIDITY_PRAGMAS_VERSION,SOLIDITY_PRIVATE_MODIFIER_DONT_HIDE_DATA,SOLIDITY_SAFEMATH,SOLIDITY_UPGRADE_TO_050,SOLIDITY_VISIBILITY}",{},{},{}
contracts_output/contracts_output/codellama_contracts/691.sol,691.sol,smartcheck,solidity,2022/11/14,20260212_1543,1770911162.4859462,5.564758062362671,0,"{SOLIDITY_PRAGMAS_VERSION,SOLIDITY_SAFEMATH,SOLIDITY_VISIBILITY}",{},{},{}
contracts_output/contracts_output/codellama_contracts/694.sol,694.sol,smartcheck,solidity,2022/11/14,20260212_1543,1770911348.9727032,6.885124444961548,0,"{SOLIDITY_ADDRESS_HARDCODED,SOLIDITY_LOCKED_MONEY,SOLIDITY_PRAGMAS_VERSION,SOLIDITY_PRIVATE_MODIFIER_DONT_HIDE_DATA,SOLIDITY_SAFEMATH,SOLIDITY_UPGRADE_TO_050,SOLIDITY_VISIBILITY}",{},{},{}
contracts_output/contracts_output/codellama_contracts/714.sol,714.sol,smartcheck,solidity,2022/11/14,20260212_1543,1770911380.8330078,5.925272703170776,0,"{SOLIDITY_ADDRESS_HARDCODED,SOLIDITY_PRAGMAS_VERSION,SOLIDITY_PRIVATE_MODIFIER_DONT_HIDE_DATA,SOLIDITY_SAFEMATH,SOLIDITY_UPGRADE_TO_050,SOLIDITY_VISIBILITY}",{},{},{}
contracts_output/contracts_output/codellama_contracts/725.sol,725.sol,smartcheck,solidity,2022/11/14,20260212_1543,1770911353.7069867,5.2884016036987305,0,"{SOLIDITY_PRAGMAS_VERSION,SOLIDITY_SAFEMATH,SOLIDITY_VISIBILITY}",{},{},{}
contracts_output/contracts_output/codellama_contracts/732.sol,732.sol,smartcheck,solidity,2022/11/14,20260212_1543,1770911343.2821405,4.459478139877319,0,"{SOLIDITY_ADDRESS_HARDCODED,SOLIDITY_LOCKED_MONEY,SOLIDITY_PRAGMAS_VERSION,SOLIDITY_PRIVATE_MODIFIER_DONT_HIDE_DATA,SOLIDITY_SAFEMATH,SOLIDITY_UPGRADE_TO_050,SOLIDITY_VISIBILITY}",{},{},{}
contracts_output/contracts_output/codellama_contracts/752.sol,752.sol,smartcheck,solidity,2022/11/14,20260212_1543,1770911495.204074,5.30543065071106,0,"{SOLIDITY_ADDRESS_HARDCODED,SOLIDITY_LOCKED_MONEY,SOLIDITY_PRAGMAS_VERSION,SOLIDITY_PRIVATE_MODIFIER_DONT_HIDE_DATA,SOLIDITY_SAFEMATH,SOLIDITY_UPGRADE_TO_050,SOLIDITY_VISIBILITY}",{},{},{}
contracts_output/contracts_output/codellama_contracts/761.sol,761.sol,smartcheck,solidity,2022/11/14,20260212_1543,1770911405.8152673,6.3196587562561035,0,"{SOLIDITY_ADDRESS_HARDCODED,SOLIDITY_PRAGMAS_VERSION,SOLIDITY_PRIVATE_MODIFIER_DONT_HIDE_DATA,SOLIDITY_SAFEMATH,SOLIDITY_UPGRADE_TO_050,SOLIDITY_VISIBILITY}",{},{},{}
contracts_output/contracts_output/codellama_contracts/772.sol,772.sol,smartcheck,solidity,2022/11/14,20260212_1543,1770911221.7150214,6.704520225524902,0,"{SOLIDITY_ADDRESS_HARDCODED,SOLIDITY_PRAGMAS_VERSION,SOLIDITY_SAFEMATH,SOLIDITY_VISIBILITY}",{},{},{}
contracts_output/contracts_output/codellama_contracts/780.sol,780.sol,smartcheck,solidity,2022/11/14,20260212_1543,1770911259.2965221,6.012629508972168,0,"{SOLIDITY_ADDRESS_HARDCODED,SOLIDITY_PRAGMAS_VERSION,SOLIDITY_PRIVATE_MODIFIER_DONT_HIDE_DATA,SOLIDITY_SAFEMATH,SOLIDITY_UPGRADE_TO_050,SOLIDITY_VISIBILITY}",{},{},{}
contracts_output/contracts_output/codellama_contracts/79.sol,79.sol,smartcheck,solidity,2022/11/14,20260212_1543,1770911040.5786648,5.8821632862091064,0,"{SOLIDITY_ADDRESS_HARDCODED,SOLIDITY_PRAGMAS_VERSION,SOLIDITY_PRIVATE_MODIFIER_DONT_HIDE_DATA,SOLIDITY_SAFEMATH,SOLIDITY_UPGRADE_TO_050,SOLIDITY_VISIBILITY}",{},{},{}
contracts_output/contracts_output/codellama_contracts/790.sol,790.sol,smartcheck,solidity,2022/11/14,20260212_1543,1770911143.0772758,7.304011821746826,0,"{SOLIDITY_PRAGMAS_VERSION,SOLIDITY_PRIVATE_MODIFIER_DONT_HIDE_DATA}",{},{},{}
contracts_output/contracts_output/codellama_contracts/799.sol,799.sol,smartcheck,solidity,2022/11/14,20260212_1543,1770911256.1113605,5.865191698074341,0,"{SOLIDITY_ADDRESS_HARDCODED,SOLIDITY_PRAGMAS_VERSION,SOLIDITY_PRIVATE_MODIFIER_DONT_HIDE_DATA,SOLIDITY_SAFEMATH,SOLIDITY_SHOULD_RETURN_STRUCT,SOLIDITY_UPGRADE_TO_050,SOLIDITY_VISIBILITY}",{},{},{}
contracts_output/contracts_output/codellama_contracts/812.sol,812.sol,smartcheck,solidity,2022/11/14,20260212_1543,1770911260.2274358,5.89605975151062,0,"{SOLIDITY_ADDRESS_HARDCODED,SOLIDITY_LOCKED_MONEY,SOLIDITY_PRAGMAS_VERSION,SOLIDITY_PRIVATE_MODIFIER_DONT_HIDE_DATA,SOLIDITY_SAFEMATH,SOLIDITY_UPGRADE_TO_050,SOLIDITY_VISIBILITY}",{},{},{}
contracts_output/contracts_output/codellama_contracts/827.sol,827.sol,smartcheck,solidity,2022/11/14,20260212_1543,1770911309.4781513,5.187907695770264,0,"{SOLIDITY_ADDRESS_HARDCODED,SOLIDITY_PRAGMAS_VERSION,SOLIDITY_PRIVATE_MODIFIER_DONT_HIDE_DATA,SOLIDITY_SAFEMATH,SOLIDITY_UPGRADE_TO_050,SOLIDITY_VISIBILITY}",{},{},{}
contracts_output/contracts_output/codellama_contracts/86.sol,86.sol,smartcheck,solidity,2022/11/14,20260212_1543,1770911038.5476391,5.897331714630127,0,"{SOLIDITY_ADDRESS_HARDCODED,SOLIDITY_OVERPOWERED_ROLE,SOLIDITY_PRAGMAS_VERSION,SOLIDITY_PRIVATE_MODIFIER_DONT_HIDE_DATA,SOLIDITY_SAFEMATH,SOLIDITY_UPGRADE_TO_050,SOLIDITY_VISIBILITY}",{},{},{}
contracts_output/contracts_output/codellama_contracts/868.sol,868.sol,smartcheck,solidity,2022/11/14,20260212_1543,1770911062.08436,4.129655838012695,0,"{SOLIDITY_ADDRESS_HARDCODED,SOLIDITY_EXTRA_GAS_IN_LOOPS,SOLIDITY_GAS_LIMIT_IN_LOOPS,SOLIDITY_PRAGMAS_VERSION,SOLIDITY_PRIVATE_MODIFIER_DONT_HIDE_DATA,SOLIDITY_SAFEMATH,SOLIDITY_UPGRADE_TO_050,SOLIDITY_VISIBILITY}",{},{},{}
contracts_output/contracts_output/codellama_contracts/876.sol,876.sol,smartcheck,solidity,2022/11/14,20260212_1543,1770911152.6814084,5.844492197036743,0,"{SOLIDITY_ADDRESS_HARDCODED,SOLIDITY_PRAGMAS_VERSION,SOLIDITY_PRIVATE_MODIFIER_DONT_HIDE_DATA,SOLIDITY_SAFEMATH,SOLIDITY_UPGRADE_TO_050,SOLIDITY_VISIBILITY}",{},{},{}
contracts_output/contracts_output/codellama_contracts/883.sol,883.sol,smartcheck,solidity,2022/11/14,20260212_1543,1770911034.55289,4.526760578155518,0,"{SOLIDITY_ADDRESS_HARDCODED,SOLIDITY_EXTRA_GAS_IN_LOOPS,SOLIDITY_GAS_LIMIT_IN_LOOPS,SOLIDITY_PRAGMAS_VERSION,SOLIDITY_SAFEMATH,SOLIDITY_VISIBILITY}",{},{},{}
contracts_output/contracts_output/codellama_contracts/892.sol,892.sol,smartcheck,solidity,2022/11/14,20260212_1543,1770911349.4390867,5.114556312561035,0,"{SOLIDITY_ADDRESS_HARDCODED,SOLIDITY_OVERPOWERED_ROLE,SOLIDITY_PRAGMAS_VERSION,SOLIDITY_PRIVATE_MODIFIER_DONT_HIDE_DATA,SOLIDITY_SAFEMATH,SOLIDITY_UPGRADE_TO_050,SOLIDITY_VISIBILITY}",{},{},{}
contracts_output/contracts_output/codellama_contracts/906.sol,906.sol,smartcheck,solidity,2022/11/14,20260212_1543,1770911311.0866692,5.658260345458984,0,"{SOLIDITY_ADDRESS_HARDCODED,SOLIDITY_PRAGMAS_VERSION,SOLIDITY_PRIVATE_MODIFIER_DONT_HIDE_DATA,SOLIDITY_UPGRADE_TO_050,SOLIDITY_VISIBILITY}",{},{},{}
contracts_output/contracts_output/codellama_contracts/915.sol,915.sol,smartcheck,solidity,2022/11/14,20260212_1543,1770911075.1894116,6.32525372505188,0,"{SOLIDITY_ADDRESS_HARDCODED,SOLIDITY_DIV_MUL,SOLIDITY_PRAGMAS_VERSION,SOLIDITY_PRIVATE_MODIFIER_DONT_HIDE_DATA,SOLIDITY_SAFEMATH,SOLIDITY_UPGRADE_TO_050,SOLIDITY_VISIBILITY}",{},{},{}
contracts_output/contracts_output/codellama_contracts/949.sol,949.sol,smartcheck,solidity,2022/11/14,20260212_1543,1770911207.2325165,6.151887655258179,0,"{SOLIDITY_ADDRESS_HARDCODED,SOLIDITY_PRAGMAS_VERSION,SOLIDITY_PRIVATE_MODIFIER_DONT_HIDE_DATA,SOLIDITY_SAFEMATH,SOLIDITY_UPGRADE_TO_050,SOLIDITY_VISIBILITY}",{},{},{}
contracts_output/contracts_output/codellama_contracts/963.sol,963.sol,smartcheck,solidity,2022/11/14,20260212_1543,1770911423.6822624,6.960803747177124,0,"{SOLIDITY_ADDRESS_HARDCODED,SOLIDITY_PRAGMAS_VERSION,SOLIDITY_PRIVATE_MODIFIER_DONT_HIDE_DATA,SOLIDITY_SAFEMATH,SOLIDITY_UPGRADE_TO_050,SOLIDITY_VISIBILITY}",{},{},{}
contracts_output/contracts_output/codellama_contracts/967.sol,967.sol,smartcheck,solidity,2022/11/14,20260212_1543,1770911418.6289108,6.1790430545806885,0,"{SOLIDITY_ADDRESS_HARDCODED,SOLIDITY_PRAGMAS_VERSION,SOLIDITY_PRIVATE_MODIFIER_DONT_HIDE_DATA,SOLIDITY_UPGRADE_TO_050,SOLIDITY_VISIBILITY}",{},{},{}
contracts_output/contracts_output/codellama_contracts/97.sol,97.sol,smartcheck,solidity,2022/11/14,20260212_1543,1770911186.8187473,6.177779912948608,0,"{SOLIDITY_ADDRESS_HARDCODED,SOLIDITY_PRAGMAS_VERSION,SOLIDITY_PRIVATE_MODIFIER_DONT_HIDE_DATA,SOLIDITY_UPGRADE_TO_050,SOLIDITY_VISIBILITY}",{},{},{}
contracts_output/contracts_output/codellama_contracts/971.sol,971.sol,smartcheck,solidity,2022/11/14,20260212_1543,1770911082.1132114,6.3796772956848145,0,"{SOLIDITY_ADDRESS_HARDCODED,SOLIDITY_ERC20_APPROVE,SOLIDITY_PRAGMAS_VERSION,SOLIDITY_PRIVATE_MODIFIER_DONT_HIDE_DATA,SOLIDITY_SAFEMATH,SOLIDITY_UPGRADE_TO_050,SOLIDITY_VISIBILITY}",{},{},{}
contracts_output/contracts_output/codellama_contracts/1004.sol,1004.sol,solhint-6.0.0,solidity,2025/09/14,20260212_1543,1770911174.7819664,2.773664951324463,1,"{compiler_version,func_visibility,gas_custom_errors,gas_indexed_events,gas_small_strings,gas_strict_inequalities,one_contract_per_file,reason_string,use_natspec}",{},{},{}
contracts_output/contracts_output/codellama_contracts/1009.sol,1009.sol,solhint-6.0.0,solidity,2025/09/14,20260212_1543,1770911060.4722672,3.4160008430480957,1,"{compiler_version,func_visibility,gas_custom_errors,gas_small_strings,gas_strict_inequalities,one_contract_per_file,reason_string,use_natspec}",{},{},{}
contracts_output/contracts_output/codellama_contracts/1010.sol,1010.sol,solhint-6.0.0,solidity,2025/09/14,20260212_1543,1770911392.0930421,3.492233991622925,1,"{compiler_version,func_visibility,gas_custom_errors,gas_increment_by_one,gas_small_strings,gas_strict_inequalities,no_unused_vars,one_contract_per_file,reason_string,use_natspec}",{},{},{}
contracts_output/contracts_output/codellama_contracts/1032.sol,1032.sol,solhint-6.0.0,solidity,2025/09/14,20260212_1543,1770911434.5757754,4.641491651535034,1,"{compiler_version,func_visibility,gas_custom_errors,gas_increment_by_one,gas_small_strings,gas_strict_inequalities,one_contract_per_file,reason_string,use_natspec}",{},{},{}
contracts_output/contracts_output/codellama_contracts/1053.sol,1053.sol,solhint-6.0.0,solidity,2025/09/14,20260212_1543,1770911221.092449,3.2642908096313477,1,"{compiler_version,func_visibility,gas_custom_errors,gas_increment_by_one,gas_small_strings,gas_strict_inequalities,one_contract_per_file,reason_string,use_natspec}",{},{},{}
contracts_output/contracts_output/codellama_contracts/107.sol,107.sol,solhint-6.0.0,solidity,2025/09/14,20260212_1543,1770911279.4880009,2.4143285751342773,1,"{compiler_version,func_visibility,gas_custom_errors,gas_increment_by_one,gas_small_strings,gas_strict_inequalities,one_contract_per_file,quotes,reason_string,use_natspec}",{},{},{}
contracts_output/contracts_output/codellama_contracts/1091.sol,1091.sol,solhint-6.0.0,solidity,2025/09/14,20260212_1543,1770911270.045007,3.8112001419067383,1,"{compiler_version,func_visibility,gas_custom_errors,gas_small_strings,gas_strict_inequalities,import_path_check,imports_on_top,no_global_import,no_unused_vars,one_contract_per_file,reason_string,use_natspec}",{},{},{}
contracts_output/contracts_output/codellama_contracts/1094.sol,1094.sol,solhint-6.0.0,solidity,2025/09/14,20260212_1543,1770911228.6035848,3.128523826599121,1,"{compiler_version,func_visibility,gas_custom_errors,gas_small_strings,gas_strict_inequalities,one_contract_per_file,reason_string,use_natspec}",{},{},{}
contracts_output/contracts_output/codellama_contracts/110.sol,110.sol,solhint-6.0.0,solidity,2025/09/14,20260212_1543,1770911305.634688,3.4118311405181885,1,"{compiler_version,func_visibility,gas_custom_errors,gas_small_strings,gas_strict_inequalities,one_contract_per_file,reason_string,use_natspec}",{},{},{}
contracts_output/contracts_output/codellama_contracts/1111.sol,1111.sol,solhint-6.0.0,solidity,2025/09/14,20260212_1543,1770911106.1068966,3.4048805236816406,1,"{compiler_version,func_visibility,gas_custom_errors,gas_small_strings,gas_strict_inequalities,one_contract_per_file,reason_string,use_natspec}",{},{},{}
contracts_output/contracts_output/codellama_contracts/1142.sol,1142.sol,solhint-6.0.0,solidity,2025/09/14,20260212_1543,1770911482.884048,4.014947891235352,1,"{compiler_version,func_visibility,gas_custom_errors,gas_small_strings,gas_strict_inequalities,one_contract_per_file,quotes,reason_string,use_natspec}",{},{},{}
contracts_output/contracts_output/codellama_contracts/1147.sol,1147.sol,solhint-6.0.0,solidity,2025/09/14,20260212_1543,1770911119.9341784,3.9308769702911377,1,"{compiler_version,func_visibility,gas_custom_errors,gas_increment_by_one,gas_small_strings,gas_strict_inequalities,no_unused_vars,one_contract_per_file,reason_string,use_natspec}",{},{},{}
contracts_output/contracts_output/codellama_contracts/1148.sol,1148.sol,solhint-6.0.0,solidity,2025/09/14,20260212_1543,1770911451.1758325,2.737837553024292,1,"{compiler_version,func_visibility,gas_custom_errors,gas_small_strings,gas_strict_inequalities,one_contract_per_file,reason_string,use_natspec}",{},{},{}
contracts_output/contracts_output/codellama_contracts/1160.sol,1160.sol,solhint-6.0.0,solidity,2025/09/14,20260212_1543,1770911443.7292533,2.9374730587005615,1,"{compiler_version,func_visibility,gas_custom_errors,import_path_check,no_global_import,one_contract_per_file,use_natspec}",{},{},{}
contracts_output/contracts_output/codellama_contracts/1164.sol,1164.sol,solhint-6.0.0,solidity,2025/09/14,20260212_1543,1770911488.3488433,3.5809831619262695,1,"{compiler_version,func_visibility,gas_custom_errors,gas_increment_by_one,gas_small_strings,gas_strict_inequalities,one_contract_per_file,reason_string,use_natspec}",{},{},{}
contracts_output/contracts_output/codellama_contracts/1195.sol,1195.sol,solhint-6.0.0,solidity,2025/09/14,20260212_1543,1770911251.9390209,3.3077456951141357,1,"{compiler_version,func_visibility,gas_custom_errors,gas_small_strings,gas_strict_inequalities,one_contract_per_file,reason_string,use_natspec}",{},{},{}
contracts_output/contracts_output/codellama_contracts/1213.sol,1213.sol,solhint-6.0.0,solidity,2025/09/14,20260212_1543,1770911306.263129,3.1581454277038574,1,"{compiler_version,const_name_snakecase,func_visibility,gas_custom_errors,gas_small_strings,gas_strict_inequalities,import_path_check,imports_on_top,no_global_import,one_contract_per_file,reason_string,use_natspec}",{},{},{}
contracts_output/contracts_output/codellama_contracts/1228.sol,1228.sol,solhint-6.0.0,solidity,2025/09/14,20260212_1543,1770911219.3861096,3.007727861404419,1,"{compiler_version,func_visibility,gas_custom_errors,gas_small_strings,gas_strict_inequalities,one_contract_per_file,reason_string,use_natspec}",{},{},{}
contracts_output/contracts_output/codellama_contracts/124.sol,124.sol,solhint-6.0.0,solidity,2025/09/14,20260212_1543,1770911246.4068294,2.58971905708313,1,"{compiler_version,func_visibility,gas_custom_errors,gas_small_strings,gas_strict_inequalities,import_path_check,no_global_import,no_unused_vars,one_contract_per_file,reason_string,use_natspec}",{},{},{}
contracts_output/contracts_output/codellama_contracts/1244.sol,1244.sol,solhint-6.0.0,solidity,2025/09/14,20260212_1543,1770911238.22173,4.528335332870483,1,"{compiler_version,func_visibility,gas_custom_errors,gas_increment_by_one,gas_small_strings,gas_strict_inequalities,one_contract_per_file,quotes,reason_string,use_natspec}",{},{},{}
contracts_output/contracts_output/codellama_contracts/1247.sol,1247.sol,solhint-6.0.0,solidity,2025/09/14,20260212_1543,1770911351.2023797,3.8396408557891846,1,"{avoid_low_level_calls,compiler_version,func_visibility,gas_custom_errors,gas_small_strings,gas_strict_inequalities,no_unused_vars,one_contract_per_file,quotes,reason_string,use_natspec}",{},{},{}
contracts_output/contracts_output/codellama_contracts/1259.sol,1259.sol,solhint-6.0.0,solidity,2025/09/14,20260212_1543,1770911434.4257126,2.6147820949554443,1,"{compiler_version,gas_custom_errors,gas_small_strings,gas_strict_inequalities,one_contract_per_file,reason_string,use_natspec}",{},{},{}
contracts_output/contracts_output/codellama_contracts/1262.sol,1262.sol,solhint-6.0.0,solidity,2025/09/14,20260212_1543,1770911507.4442463,2.9716403484344482,1,"{compiler_version,func_visibility,gas_custom_errors,gas_small_strings,gas_strict_inequalities,import_path_check,no_global_import,one_contract_per_file,reason_string,use_natspec}",{},{},{}
contracts_output/contracts_output/codellama_contracts/1265.sol,1265.sol,solhint-6.0.0,solidity,2025/09/14,20260212_1543,1770911176.9407918,3.1092140674591064,1,"{compiler_version,func_visibility,gas_custom_errors,gas_small_strings,gas_strict_inequalities,one_contract_per_file,reason_string,use_natspec}",{},{},{}
contracts_output/contracts_output/codellama_contracts/1268.sol,1268.sol,solhint-6.0.0,solidity,2025/09/14,20260212_1543,1770911118.1766927,3.5098819732666016,1,"{compiler_version,func_visibility,gas_custom_errors,gas_small_strings,gas_strict_inequalities,one_contract_per_file,reason_string,use_natspec}",{},{},{}
contracts_output/contracts_output/codellama_contracts/1281.sol,1281.sol,solhint-6.0.0,solidity,2025/09/14,20260212_1543,1770911460.6632938,2.7852108478546143,1,"{compiler_version,func_visibility,gas_custom_errors,gas_increment_by_one,gas_small_strings,gas_strict_inequalities,one_contract_per_file,quotes,reason_string,use_natspec}",{},{},{}
contracts_output/contracts_output/codellama_contracts/1283.sol,1283.sol,solhint-6.0.0,solidity,2025/09/14,20260212_1543,1770911177.174073,3.4213554859161377,1,"{compiler_version,func_visibility,gas_custom_errors,gas_small_strings,gas_strict_inequalities,one_contract_per_file,reason_string,use_natspec}",{},{},{}
contracts_output/contracts_output/codellama_contracts/1286.sol,1286.sol,solhint-6.0.0,solidity,2025/09/14,20260212_1543,1770911305.8701675,3.73514461517334,1,"{compiler_version,func_visibility,gas_custom_errors,gas_small_strings,gas_strict_inequalities,one_contract_per_file,reason_string,use_natspec}",{},{},{}
contracts_output/contracts_output/codellama_contracts/1315.sol,1315.sol,solhint-6.0.0,solidity,2025/09/14,20260212_1543,1770911452.2122943,3.509716749191284,1,"{compiler_version,func_visibility,gas_custom_errors,gas_small_strings,gas_strict_inequalities,no_unused_vars,one_contract_per_file,quotes,reason_string,use_natspec}",{},{},{}
contracts_output/contracts_output/codellama_contracts/1319.sol,1319.sol,solhint-6.0.0,solidity,2025/09/14,20260212_1543,1770911279.2161775,2.5073742866516113,1,"{compiler_version,func_visibility,gas_custom_errors,gas_small_strings,gas_strict_inequalities,one_contract_per_file,reason_string,use_natspec}",{},{},{}
contracts_output/contracts_output/codellama_contracts/1334.sol,1334.sol,solhint-6.0.0,solidity,2025/09/14,20260212_1543,1770911216.0866573,3.462006092071533,1,"{compiler_version,func_visibility,gas_custom_errors,gas_increment_by_one,gas_small_strings,gas_strict_inequalities,one_contract_per_file,reason_string,use_natspec}",{},{},{}
contracts_output/contracts_output/codellama_contracts/1335.sol,1335.sol,solhint-6.0.0,solidity,2025/09/14,20260212_1543,1770911201.3282676,3.4035332202911377,1,"{compiler_version,explicit_types,func_visibility,gas_custom_errors,gas_increment_by_one,gas_small_strings,gas_strict_inequalities,one_contract_per_file,reason_string,use_natspec}",{},{},{}
contracts_output/contracts_output/codellama_contracts/1356.sol,1356.sol,solhint-6.0.0,solidity,2025/09/14,20260212_1543,1770911390.8459725,3.7258875370025635,1,"{compiler_version,explicit_types,func_visibility,gas_custom_errors,gas_small_strings,gas_strict_inequalities,one_contract_per_file,quotes,reason_string,use_natspec}",{},{},{}
contracts_output/contracts_output/codellama_contracts/1358.sol,1358.sol,solhint-6.0.0,solidity,2025/09/14,20260212_1543,1770911059.7884505,3.7480928897857666,1,"{compiler_version,func_visibility,gas_custom_errors,gas_increment_by_one,gas_small_strings,gas_strict_inequalities,one_contract_per_file,reason_string,state_visibility,use_natspec}",{},{},{}
contracts_output/contracts_output/codellama_contracts/1383.sol,1383.sol,solhint-6.0.0,solidity,2025/09/14,20260212_1543,1770911039.9848375,4.045680046081543,1,"{compiler_version,func_visibility,gas_custom_errors,gas_small_strings,gas_strict_inequalities,one_contract_per_file,reason_string,use_natspec}",{},{},{}
contracts_output/contracts_output/codellama_contracts/1386.sol,1386.sol,solhint-6.0.0,solidity,2025/09/14,20260212_1543,1770911337.26924,3.2954776287078857,1,"{compiler_version,func_visibility,gas_custom_errors,gas_small_strings,gas_strict_inequalities,no_unused_vars,one_contract_per_file,reason_string,use_natspec}",{},{},{}
contracts_output/contracts_output/codellama_contracts/1398.sol,1398.sol,solhint-6.0.0,solidity,2025/09/14,20260212_1543,1770911295.7737472,3.1025097370147705,1,"{compiler_version,func_visibility,gas_custom_errors,gas_small_strings,gas_strict_inequalities,import_path_check,imports_on_top,no_global_import,one_contract_per_file,reason_string,use_natspec}",{},{},{}
contracts_output/contracts_output/codellama_contracts/1413.sol,1413.sol,solhint-6.0.0,solidity,2025/09/14,20260212_1543,1770911342.0562646,3.9322073459625244,1,"{compiler_version,func_visibility,gas_custom_errors,gas_increment_by_one,gas_small_strings,gas_strict_inequalities,import_path_check,no_empty_blocks,no_global_import,one_contract_per_file,reason_string,use_natspec}",{},{},{}
contracts_output/contracts_output/codellama_contracts/1424.sol,1424.sol,solhint-6.0.0,solidity,2025/09/14,20260212_1543,1770911113.4759283,4.347702741622925,1,"{compiler_version,func_visibility,gas_custom_errors,gas_small_strings,gas_strict_inequalities,no_empty_blocks,one_contract_per_file,reason_string,use_natspec}",{},{},{}
contracts_output/contracts_output/codellama_contracts/1438.sol,1438.sol,solhint-6.0.0,solidity,2025/09/14,20260212_1543,1770911222.396731,3.1664557456970215,1,"{compiler_version,gas_custom_errors,gas_small_strings,reason_string,use_natspec}",{},{},{}
contracts_output/contracts_output/codellama_contracts/1443.sol,1443.sol,solhint-6.0.0,solidity,2025/09/14,20260212_1543,1770911271.4729607,3.9958395957946777,1,"{compiler_version,func_visibility,gas_custom_errors,gas_increment_by_one,gas_small_strings,gas_strict_inequalities,one_contract_per_file,reason_string,use_natspec}",{},{},{}
contracts_output/contracts_output/codellama_contracts/146.sol,146.sol,solhint-6.0.0,solidity,2025/09/14,20260212_1543,1770911026.2180147,2.865593671798706,1,"{compiler_version,func_visibility,gas_custom_errors,gas_increment_by_one,gas_small_strings,gas_strict_inequalities,one_contract_per_file,reason_string,use_natspec}",{},{},{}
contracts_output/contracts_output/codellama_contracts/1493.sol,1493.sol,solhint-6.0.0,solidity,2025/09/14,20260212_1543,1770911490.5748456,2.9782981872558594,1,"{compiler_version,func_visibility,gas_custom_errors,gas_small_strings,gas_strict_inequalities,one_contract_per_file,reason_string,use_natspec}",{},{},{}
contracts_output/contracts_output/codellama_contracts/1522.sol,1522.sol,solhint-6.0.0,solidity,2025/09/14,20260212_1543,1770911036.1951966,3.203709602355957,1,"{compiler_version,func_visibility,gas_custom_errors,gas_small_strings,gas_strict_inequalities,one_contract_per_file,reason_string,use_natspec}",{},{},{}
contracts_output/contracts_output/codellama_contracts/153.sol,153.sol,solhint-6.0.0,solidity,2025/09/14,20260212_1543,1770911026.3026278,4.248568534851074,255,{},{},{EXIT_CODE_255},{}
contracts_output/contracts_output/codellama_contracts/1531.sol,1531.sol,solhint-6.0.0,solidity,2025/09/14,20260212_1543,1770911298.8785584,3.594780921936035,1,"{compiler_version,func_visibility,gas_custom_errors,gas_small_strings,gas_strict_inequalities,one_contract_per_file,quotes,reason_string,use_natspec}",{},{},{}
contracts_output/contracts_output/codellama_contracts/1558.sol,1558.sol,solhint-6.0.0,solidity,2025/09/14,20260212_1543,1770911505.2841759,2.539318323135376,1,"{compiler_version,func_visibility,gas_custom_errors,gas_small_strings,gas_strict_inequalities,one_contract_per_file,reason_string,use_natspec}",{},{},{}
contracts_output/contracts_output/codellama_contracts/1565.sol,1565.sol,solhint-6.0.0,solidity,2025/09/14,20260212_1543,1770911171.105335,3.672617197036743,1,"{compiler_version,func_visibility,gas_custom_errors,gas_indexed_events,gas_small_strings,gas_strict_inequalities,one_contract_per_file,reason_string,use_natspec}",{},{},{}
contracts_output/contracts_output/codellama_contracts/1587.sol,1587.sol,solhint-6.0.0,solidity,2025/09/14,20260212_1543,1770911129.7857103,4.412883520126343,1,"{compiler_version,func_visibility,gas_custom_errors,gas_small_strings,gas_strict_inequalities,import_path_check,no_global_import,one_contract_per_file,quotes,reason_string,use_natspec}",{},{},{}
contracts_output/contracts_output/codellama_contracts/1589.sol,1589.sol,solhint-6.0.0,solidity,2025/09/14,20260212_1543,1770911293.2113483,3.1359000205993652,1,"{compiler_version,func_visibility,gas_custom_errors,gas_small_strings,gas_strict_inequalities,one_contract_per_file,reason_string,use_natspec}",{},{},{}
contracts_output/contracts_output/codellama_contracts/1597.sol,1597.sol,solhint-6.0.0,solidity,2025/09/14,20260212_1543,1770911460.5645542,3.6732442378997803,1,"{compiler_version,func_visibility,gas_custom_errors,gas_small_strings,gas_strict_inequalities,one_contract_per_file,reason_string,use_natspec}",{},{},{}
contracts_output/contracts_output/codellama_contracts/1600.sol,1600.sol,solhint-6.0.0,solidity,2025/09/14,20260212_1543,1770911348.1752079,3.5701396465301514,1,"{compiler_version,func_visibility,gas_custom_errors,gas_small_strings,gas_strict_inequalities,import_path_check,imports_on_top,no_global_import,one_contract_per_file,reason_string,use_natspec}",{},{},{}
contracts_output/contracts_output/codellama_contracts/1609.sol,1609.sol,solhint-6.0.0,solidity,2025/09/14,20260212_1543,1770911168.0517137,2.847914934158325,1,{},{},{},{}
contracts_output/contracts_output/codellama_contracts/1613.sol,1613.sol,solhint-6.0.0,solidity,2025/09/14,20260212_1543,1770911146.3582854,4.097970724105835,1,"{compiler_version,func_visibility,gas_custom_errors,gas_small_strings,gas_strict_inequalities,one_contract_per_file,reason_string,use_natspec}",{},{},{}
contracts_output/contracts_output/codellama_contracts/1617.sol,1617.sol,solhint-6.0.0,solidity,2025/09/14,20260212_1543,1770911054.3723316,3.1351795196533203,1,"{compiler_version,func_visibility,gas_custom_errors,gas_small_strings,gas_strict_inequalities,one_contract_per_file,reason_string,use_natspec}",{},{},{}
contracts_output/contracts_output/codellama_contracts/1642.sol,1642.sol,solhint-6.0.0,solidity,2025/09/14,20260212_1543,1770911081.6665483,2.7331418991088867,255,{},{},{EXIT_CODE_255},{}
contracts_output/contracts_output/codellama_contracts/1644.sol,1644.sol,solhint-6.0.0,solidity,2025/09/14,20260212_1543,1770911279.3686192,2.89090633392334,1,"{compiler_version,func_visibility,gas_custom_errors,gas_increment_by_one,gas_small_strings,gas_strict_inequalities,one_contract_per_file,quotes,reason_string,use_natspec}",{},{},{}
contracts_output/contracts_output/codellama_contracts/1662.sol,1662.sol,solhint-6.0.0,solidity,2025/09/14,20260212_1543,1770911385.553157,2.7129228115081787,1,"{compiler_version,func_visibility,gas_custom_errors,gas_small_strings,gas_strict_inequalities,one_contract_per_file,reason_string,use_natspec}",{},{},{}
contracts_output/contracts_output/codellama_contracts/1663.sol,1663.sol,solhint-6.0.0,solidity,2025/09/14,20260212_1543,1770911350.0597827,3.070119619369507,1,"{compiler_version,func_visibility,gas_custom_errors,gas_increment_by_one,gas_small_strings,gas_strict_inequalities,one_contract_per_file,reason_string,use_natspec}",{},{},{}
contracts_output/contracts_output/codellama_contracts/170.sol,170.sol,solhint-6.0.0,solidity,2025/09/14,20260212_1543,1770911432.7024176,3.378854513168335,1,"{compiler_version,func_visibility,gas_custom_errors,gas_indexed_events,gas_small_strings,gas_strict_inequalities,one_contract_per_file,reason_string,use_natspec}",{},{},{}
contracts_output/contracts_output/codellama_contracts/1700.sol,1700.sol,solhint-6.0.0,solidity,2025/09/14,20260212_1543,1770911138.7956073,4.881974697113037,1,"{compiler_version,func_visibility,gas_custom_errors,gas_indexed_events,gas_small_strings,gas_strict_inequalities,one_contract_per_file,reason_string,use_natspec}",{},{},{}
contracts_output/contracts_output/codellama_contracts/1722.sol,1722.sol,solhint-6.0.0,solidity,2025/09/14,20260212_1543,1770911225.0456066,3.1314642429351807,1,"{compiler_version,func_visibility,gas_custom_errors,gas_small_strings,gas_strict_inequalities,import_path_check,imports_on_top,no_global_import,one_contract_per_file,reason_string,use_natspec}",{},{},{}
contracts_output/contracts_output/codellama_contracts/1735.sol,1735.sol,solhint-6.0.0,solidity,2025/09/14,20260212_1543,1770911242.5765634,3.5397560596466064,1,"{compiler_version,func_visibility,gas_custom_errors,gas_small_strings,gas_strict_inequalities,no_unused_vars,one_contract_per_file,reason_string,use_natspec}",{},{},{}
contracts_output/contracts_output/codellama_contracts/1777.sol,1777.sol,solhint-6.0.0,solidity,2025/09/14,20260212_1543,1770911037.918309,4.7207653522491455,1,"{compiler_version,func_visibility,gas_custom_errors,gas_increment_by_one,gas_small_strings,gas_strict_inequalities,one_contract_per_file,reason_string,use_natspec,var_name_mixedcase}",{},{},{}
contracts_output/contracts_output/codellama_contracts/1782.sol,1782.sol,solhint-6.0.0,solidity,2025/09/14,20260212_1543,1770911442.7945,2.7402892112731934,1,"{compiler_version,func_visibility,gas_custom_errors,gas_increment_by_one,gas_small_strings,gas_strict_inequalities,import_path_check,no_global_import,one_contract_per_file,reason_string,use_natspec}",{},{},{}
contracts_output/contracts_output/codellama_contracts/1790.sol,1790.sol,solhint-6.0.0,solidity,2025/09/14,20260212_1543,1770911248.998778,2.712310791015625,1,"{compiler_version,func_visibility,gas_custom_errors,gas_small_strings,gas_strict_inequalities,import_path_check,no_global_import,one_contract_per_file,reason_string,use_natspec}",{},{},{}
contracts_output/contracts_output/codellama_contracts/1809.sol,1809.sol,solhint-6.0.0,solidity,2025/09/14,20260212_1543,1770911363.988831,3.332822322845459,1,"{compiler_version,gas_custom_errors,gas_small_strings,no_empty_blocks,reason_string,use_natspec}",{},{},{}
contracts_output/contracts_output/codellama_contracts/1814.sol,1814.sol,solhint-6.0.0,solidity,2025/09/14,20260212_1543,1770911125.6182613,3.5549330711364746,255,{},{},{EXIT_CODE_255},{}
contracts_output/contracts_output/codellama_contracts/1824.sol,1824.sol,solhint-6.0.0,solidity,2025/09/14,20260212_1543,1770911478.774622,2.6336910724639893,1,"{compiler_version,func_visibility,gas_custom_errors,gas_indexed_events,gas_small_strings,gas_strict_inequalities,one_contract_per_file,reason_string,use_natspec}",{},{},{}
contracts_output/contracts_output/codellama_contracts/1832.sol,1832.sol,solhint-6.0.0,solidity,2025/09/14,20260212_1543,1770911459.2014234,3.5454301834106445,1,"{compiler_version,func_visibility,gas_custom_errors,gas_small_strings,gas_strict_inequalities,import_path_check,no_global_import,one_contract_per_file,reason_string,use_natspec}",{},{},{}
contracts_output/contracts_output/codellama_contracts/1838.sol,1838.sol,solhint-6.0.0,solidity,2025/09/14,20260212_1543,1770911458.8004565,3.7079784870147705,1,"{compiler_version,func_visibility,gas_custom_errors,gas_increment_by_one,gas_small_strings,gas_strict_inequalities,import_path_check,no_global_import,one_contract_per_file,reason_string,use_natspec}",{},{},{}
contracts_output/contracts_output/codellama_contracts/1872.sol,1872.sol,solhint-6.0.0,solidity,2025/09/14,20260212_1543,1770911409.8815148,3.2717654705047607,1,"{compiler_version,func_visibility,gas_custom_errors,gas_small_strings,gas_strict_inequalities,one_contract_per_file,reason_string,use_natspec}",{},{},{}
contracts_output/contracts_output/codellama_contracts/1877.sol,1877.sol,solhint-6.0.0,solidity,2025/09/14,20260212_1543,1770911149.5085921,3.5272395610809326,1,"{compiler_version,func_visibility,gas_custom_errors,gas_small_strings,gas_strict_inequalities,one_contract_per_file,reason_string,use_natspec}",{},{},{}
contracts_output/contracts_output/codellama_contracts/189.sol,189.sol,solhint-6.0.0,solidity,2025/09/14,20260212_1543,1770911060.0567405,4.058404922485352,1,"{compiler_version,func_visibility,gas_custom_errors,gas_small_strings,gas_strict_inequalities,one_contract_per_file,reason_string,use_natspec}",{},{},{}
contracts_output/contracts_output/codellama_contracts/1905.sol,1905.sol,solhint-6.0.0,solidity,2025/09/14,20260212_1543,1770911316.3507676,14.28977346420288,1,"{compiler_version,func_visibility,gas_custom_errors,gas_small_strings,gas_strict_inequalities,one_contract_per_file,reason_string,use_natspec}",{},{},{}
contracts_output/contracts_output/codellama_contracts/191.sol,191.sol,solhint-6.0.0,solidity,2025/09/14,20260212_1543,1770911488.9104507,3.4048116207122803,1,"{compiler_version,func_visibility,gas_custom_errors,gas_small_strings,gas_strict_inequalities,one_contract_per_file,reason_string,use_natspec}",{},{},{}
contracts_output/contracts_output/codellama_contracts/1924.sol,1924.sol,solhint-6.0.0,solidity,2025/09/14,20260212_1543,1770911048.090205,3.9095709323883057,1,"{compiler_version,func_visibility,gas_custom_errors,gas_small_strings,gas_strict_inequalities,import_path_check,imports_on_top,no_global_import,one_contract_per_file,reason_string,use_natspec}",{},{},{}
contracts_output/contracts_output/codellama_contracts/1926.sol,1926.sol,solhint-6.0.0,solidity,2025/09/14,20260212_1543,1770911350.6312933,3.616833448410034,1,"{compiler_version,func_visibility,gas_custom_errors,gas_small_strings,gas_strict_inequalities,one_contract_per_file,reason_string,use_natspec}",{},{},{}
contracts_output/contracts_output/codellama_contracts/1932.sol,1932.sol,solhint-6.0.0,solidity,2025/09/14,20260212_1543,1770911340.4480033,3.7818989753723145,1,"{compiler_version,func_visibility,gas_custom_errors,gas_increment_by_one,gas_small_strings,gas_strict_inequalities,one_contract_per_file,reason_string,use_natspec}",{},{},{}
contracts_output/contracts_output/codellama_contracts/1962.sol,1962.sol,solhint-6.0.0,solidity,2025/09/14,20260212_1543,1770911390.8650053,3.099559783935547,1,"{compiler_version,explicit_types,func_visibility,gas_custom_errors,gas_small_strings,gas_strict_inequalities,one_contract_per_file,quotes,reason_string,use_natspec}",{},{},{}
contracts_output/contracts_output/codellama_contracts/1979.sol,1979.sol,solhint-6.0.0,solidity,2025/09/14,20260212_1543,1770911334.1035037,3.684908866882324,1,"{compiler_version,func_visibility,gas_custom_errors,gas_increment_by_one,gas_small_strings,gas_strict_inequalities,one_contract_per_file,quotes,reason_string,use_natspec}",{},{},{}
contracts_output/contracts_output/codellama_contracts/1993.sol,1993.sol,solhint-6.0.0,solidity,2025/09/14,20260212_1543,1770911185.4968026,3.709505319595337,1,"{compiler_version,func_visibility,gas_custom_errors,gas_small_strings,gas_strict_inequalities,import_path_check,no_global_import,one_contract_per_file,reason_string,use_natspec}",{},{},{}
contracts_output/contracts_output/codellama_contracts/2003.sol,2003.sol,solhint-6.0.0,solidity,2025/09/14,20260212_1543,1770911390.8576877,3.570359706878662,1,"{compiler_version,func_visibility,gas_custom_errors,gas_small_strings,gas_strict_inequalities,one_contract_per_file,reason_string,use_natspec}",{},{},{}
contracts_output/contracts_output/codellama_contracts/2019.sol,2019.sol,solhint-6.0.0,solidity,2025/09/14,20260212_1543,1770911130.827544,4.431331396102905,1,"{compiler_version,func_visibility,gas_custom_errors,gas_small_strings,gas_strict_inequalities,import_path_check,no_global_import,one_contract_per_file,reason_string,use_natspec,visibility_modifier_order}",{},{},{}
contracts_output/contracts_output/codellama_contracts/2044.sol,2044.sol,solhint-6.0.0,solidity,2025/09/14,20260212_1543,1770911095.261342,3.4725797176361084,1,"{compiler_version,func_visibility,gas_custom_errors,gas_small_strings,gas_strict_inequalities,one_contract_per_file,quotes,reason_string,use_natspec}",{},{},{}
contracts_output/contracts_output/codellama_contracts/2053.sol,2053.sol,solhint-6.0.0,solidity,2025/09/14,20260212_1543,1770911340.2446344,3.222897529602051,1,"{compiler_version,func_visibility,gas_custom_errors,gas_strict_inequalities,import_path_check,no_global_import,one_contract_per_file,use_natspec}",{},{},{}
contracts_output/contracts_output/codellama_contracts/2061.sol,2061.sol,solhint-6.0.0,solidity,2025/09/14,20260212_1543,1770911334.5946295,3.4884724617004395,1,"{compiler_version,func_visibility,gas_custom_errors,gas_small_strings,gas_strict_inequalities,one_contract_per_file,reason_string,use_natspec}",{},{},{}
contracts_output/contracts_output/codellama_contracts/2081.sol,2081.sol,solhint-6.0.0,solidity,2025/09/14,20260212_1543,1770911431.189238,3.00968861579895,1,"{compiler_version,func_visibility,gas_custom_errors,gas_small_strings,gas_strict_inequalities,one_contract_per_file,reason_string,use_natspec}",{},{},{}
contracts_output/contracts_output/codellama_contracts/2092.sol,2092.sol,solhint-6.0.0,solidity,2025/09/14,20260212_1543,1770911165.8215199,3.974278211593628,1,"{compiler_version,func_visibility,gas_custom_errors,gas_increment_by_one,gas_small_strings,gas_strict_inequalities,one_contract_per_file,reason_string,use_natspec}",{},{},{}
contracts_output/contracts_output/codellama_contracts/2093.sol,2093.sol,solhint-6.0.0,solidity,2025/09/14,20260212_1543,1770911214.8924694,2.958524227142334,1,"{compiler_version,func_visibility,gas_custom_errors,import_path_check,no_global_import,one_contract_per_file,quotes,use_natspec}",{},{},{}
contracts_output/contracts_output/codellama_contracts/211.sol,211.sol,solhint-6.0.0,solidity,2025/09/14,20260212_1543,1770911508.385483,3.2824208736419678,1,"{compiler_version,func_visibility,gas_custom_errors,gas_small_strings,gas_strict_inequalities,one_contract_per_file,reason_string,use_natspec}",{},{},{}
contracts_output/contracts_output/codellama_contracts/2110.sol,2110.sol,solhint-6.0.0,solidity,2025/09/14,20260212_1543,1770911472.0213404,3.921483039855957,1,"{compiler_version,func_visibility,gas_custom_errors,gas_small_strings,gas_strict_inequalities,one_contract_per_file,reason_string,use_natspec}",{},{},{}
contracts_output/contracts_output/codellama_contracts/2112.sol,2112.sol,solhint-6.0.0,solidity,2025/09/14,20260212_1543,1770911339.076224,3.106761932373047,1,"{compiler_version,func_visibility,gas_custom_errors,gas_small_strings,gas_strict_inequalities,import_path_check,imports_on_top,no_global_import,one_contract_per_file,reason_string,use_natspec}",{},{},{}
contracts_output/contracts_output/codellama_contracts/2119.sol,2119.sol,solhint-6.0.0,solidity,2025/09/14,20260212_1543,1770911500.106316,2.9621453285217285,1,"{compiler_version,func_visibility,gas_custom_errors,gas_small_strings,gas_strict_inequalities,one_contract_per_file,reason_string,use_natspec}",{},{},{}
contracts_output/contracts_output/codellama_contracts/213.sol,213.sol,solhint-6.0.0,solidity,2025/09/14,20260212_1543,1770911301.0812213,3.5694549083709717,1,"{compiler_version,func_visibility,gas_custom_errors,gas_increment_by_one,gas_small_strings,gas_strict_inequalities,one_contract_per_file,reason_string,use_natspec}",{},{},{}
contracts_output/contracts_output/codellama_contracts/2141.sol,2141.sol,solhint-6.0.0,solidity,2025/09/14,20260212_1543,1770911052.0022955,3.3095693588256836,1,"{compiler_version,func_visibility,gas_custom_errors,gas_increment_by_one,gas_small_strings,gas_strict_inequalities,one_contract_per_file,reason_string,use_natspec}",{},{},{}
contracts_output/contracts_output/codellama_contracts/2199.sol,2199.sol,solhint-6.0.0,solidity,2025/09/14,20260212_1543,1770911033.0406737,3.207967519760132,1,"{compiler_version,func_visibility,gas_custom_errors,import_path_check,no_global_import,use_natspec}",{},{},{}
contracts_output/contracts_output/codellama_contracts/2205.sol,2205.sol,solhint-6.0.0,solidity,2025/09/14,20260212_1543,1770911034.03765,3.8758351802825928,1,"{compiler_version,func_visibility,gas_custom_errors,gas_increment_by_one,gas_small_strings,gas_strict_inequalities,gas_struct_packing,one_contract_per_file,reason_string,use_natspec}",{},{},{}
contracts_output/contracts_output/codellama_contracts/2209.sol,2209.sol,solhint-6.0.0,solidity,2025/09/14,20260212_1543,1770911107.8139193,3.9769535064697266,1,"{compiler_version,func_visibility,gas_custom_errors,gas_increment_by_one,gas_small_strings,gas_strict_inequalities,no_empty_blocks,one_contract_per_file,reason_string,state_visibility,use_natspec}",{},{},{}
contracts_output/contracts_output/codellama_contracts/2215.sol,2215.sol,solhint-6.0.0,solidity,2025/09/14,20260212_1543,1770911348.46811,3.285414218902588,1,"{compiler_version,func_visibility,gas_custom_errors,gas_small_strings,gas_strict_inequalities,one_contract_per_file,reason_string,use_natspec}",{},{},{}
contracts_output/contracts_output/codellama_contracts/2223.sol,2223.sol,solhint-6.0.0,solidity,2025/09/14,20260212_1543,1770911210.8130884,4.0146484375,1,"{compiler_version,func_visibility,gas_custom_errors,gas_small_strings,gas_strict_inequalities,import_path_check,no_global_import,one_contract_per_file,reason_string,use_natspec}",{},{},{}
contracts_output/contracts_output/codellama_contracts/223.sol,223.sol,solhint-6.0.0,solidity,2025/09/14,20260212_1543,1770911512.4002078,2.808173179626465,1,"{compiler_version,func_visibility,gas_custom_errors,gas_small_strings,gas_strict_inequalities,one_contract_per_file,quotes,reason_string,use_natspec}",{},{},{}
contracts_output/contracts_output/codellama_contracts/2236.sol,2236.sol,solhint-6.0.0,solidity,2025/09/14,20260212_1543,1770911159.023103,3.0705337524414062,1,"{compiler_version,func_visibility,gas_custom_errors,gas_small_strings,gas_strict_inequalities,one_contract_per_file,reason_string,use_natspec}",{},{},{}
contracts_output/contracts_output/codellama_contracts/2241.sol,2241.sol,solhint-6.0.0,solidity,2025/09/14,20260212_1543,1770911286.0484421,3.4008471965789795,1,"{compiler_version,func_visibility,gas_custom_errors,gas_small_strings,gas_strict_inequalities,one_contract_per_file,reason_string,use_natspec}",{},{},{}
contracts_output/contracts_output/codellama_contracts/2268.sol,2268.sol,solhint-6.0.0,solidity,2025/09/14,20260212_1543,1770911509.1376688,2.8301784992218018,1,"{compiler_version,func_visibility,gas_custom_errors,gas_increment_by_one,gas_small_strings,gas_strict_inequalities,gas_struct_packing,one_contract_per_file,reason_string,use_natspec}",{},{},{}
contracts_output/contracts_output/codellama_contracts/2271.sol,2271.sol,solhint-6.0.0,solidity,2025/09/14,20260212_1543,1770911440.1461964,2.9612009525299072,1,"{compiler_version,func_visibility,gas_custom_errors,gas_small_strings,gas_strict_inequalities,one_contract_per_file,reason_string,use_natspec}",{},{},{}
contracts_output/contracts_output/codellama_contracts/2278.sol,2278.sol,solhint-6.0.0,solidity,2025/09/14,20260212_1543,1770911358.9965415,2.597966194152832,1,"{compiler_version,func_visibility,gas_custom_errors,gas_small_strings,gas_strict_inequalities,import_path_check,imports_on_top,no_global_import,one_contract_per_file,reason_string,use_natspec}",{},{},{}
contracts_output/contracts_output/codellama_contracts/2295.sol,2295.sol,solhint-6.0.0,solidity,2025/09/14,20260212_1543,1770911223.023774,4.095421552658081,1,"{compiler_version,func_visibility,gas_custom_errors,gas_increment_by_one,gas_small_strings,gas_strict_inequalities,import_path_check,no_global_import,one_contract_per_file,reason_string,use_natspec}",{},{},{}
contracts_output/contracts_output/codellama_contracts/2308.sol,2308.sol,solhint-6.0.0,solidity,2025/09/14,20260212_1543,1770911099.227825,3.953784227371216,1,"{compiler_version,func_visibility,gas_custom_errors,gas_increment_by_one,gas_small_strings,gas_strict_inequalities,one_contract_per_file,reason_string,use_natspec}",{},{},{}
contracts_output/contracts_output/codellama_contracts/2313.sol,2313.sol,solhint-6.0.0,solidity,2025/09/14,20260212_1543,1770911305.7536411,3.721623420715332,1,"{compiler_version,func_visibility,gas_custom_errors,gas_small_strings,gas_strict_inequalities,one_contract_per_file,reason_string,use_natspec}",{},{},{}
contracts_output/contracts_output/codellama_contracts/232.sol,232.sol,solhint-6.0.0,solidity,2025/09/14,20260212_1543,1770911415.493004,3.733509063720703,1,"{compiler_version,func_visibility,gas_custom_errors,gas_small_strings,gas_strict_inequalities,one_contract_per_file,reason_string,use_natspec}",{},{},{}
contracts_output/contracts_output/codellama_contracts/2321.sol,2321.sol,solhint-6.0.0,solidity,2025/09/14,20260212_1543,1770911496.4907002,4.255627393722534,1,"{compiler_version,func_visibility,gas_custom_errors,import_path_check,no_global_import,one_contract_per_file,use_natspec}",{},{},{}
contracts_output/contracts_output/codellama_contracts/2323.sol,2323.sol,solhint-6.0.0,solidity,2025/09/14,20260212_1543,1770911305.2993917,3.533933401107788,1,"{compiler_version,func_visibility,gas_custom_errors,gas_small_strings,gas_strict_inequalities,one_contract_per_file,reason_string,use_natspec}",{},{},{}
contracts_output/contracts_output/codellama_contracts/2354.sol,2354.sol,solhint-6.0.0,solidity,2025/09/14,20260212_1543,1770911254.1737459,3.488213300704956,1,"{compiler_version,func_visibility,gas_custom_errors,gas_small_strings,gas_strict_inequalities,one_contract_per_file,reason_string,use_natspec}",{},{},{}
contracts_output/contracts_output/codellama_contracts/2359.sol,2359.sol,solhint-6.0.0,solidity,2025/09/14,20260212_1543,1770911397.371375,3.767011880874634,1,"{compiler_version,func_visibility,gas_custom_errors,gas_small_strings,gas_strict_inequalities,gas_struct_packing,one_contract_per_file,reason_string,use_natspec}",{},{},{}
contracts_output/contracts_output/codellama_contracts/2373.sol,2373.sol,solhint-6.0.0,solidity,2025/09/14,20260212_1543,1770911404.4032815,3.438189744949341,1,"{compiler_version,explicit_types,func_visibility,gas_custom_errors,gas_indexed_events,gas_small_strings,gas_strict_inequalities,import_path_check,imports_on_top,no_global_import,no_unused_vars,one_contract_per_file,reason_string,use_natspec}",{},{},{}
contracts_output/contracts_output/codellama_contracts/2380.sol,2380.sol,solhint-6.0.0,solidity,2025/09/14,20260212_1543,1770911385.2700977,2.5364530086517334,1,"{compiler_version,func_visibility,gas_custom_errors,gas_small_strings,gas_strict_inequalities,one_contract_per_file,reason_string,use_natspec}",{},{},{}
contracts_output/contracts_output/codellama_contracts/239.sol,239.sol,solhint-6.0.0,solidity,2025/09/14,20260212_1543,1770911408.871435,3.7088425159454346,1,"{compiler_version,func_visibility,gas_custom_errors,gas_small_strings,gas_strict_inequalities,one_contract_per_file,reason_string,use_natspec}",{},{},{}
contracts_output/contracts_output/codellama_contracts/2394.sol,2394.sol,solhint-6.0.0,solidity,2025/09/14,20260212_1543,1770911386.467604,2.950516700744629,1,"{compiler_version,func_visibility,gas_custom_errors,gas_increment_by_one,gas_small_strings,gas_strict_inequalities,import_path_check,imports_on_top,no_global_import,one_contract_per_file,reason_string,use_natspec}",{},{},{}
contracts_output/contracts_output/codellama_contracts/2396.sol,2396.sol,solhint-6.0.0,solidity,2025/09/14,20260212_1543,1770911472.1575422,2.9268381595611572,1,"{compiler_version,func_visibility,gas_custom_errors,gas_small_strings,gas_strict_inequalities,import_path_check,no_global_import,one_contract_per_file,quotes,reason_string,use_natspec}",{},{},{}
contracts_output/contracts_output/codellama_contracts/240.sol,240.sol,solhint-6.0.0,solidity,2025/09/14,20260212_1543,1770911226.40152,3.5395944118499756,1,"{compiler_version,func_visibility,gas_custom_errors,gas_small_strings,gas_strict_inequalities,one_contract_per_file,reason_string,use_natspec}",{},{},{}
contracts_output/contracts_output/codellama_contracts/2419.sol,2419.sol,solhint-6.0.0,solidity,2025/09/14,20260212_1543,1770911073.290886,3.5585544109344482,1,"{compiler_version,func_visibility,gas_custom_errors,gas_small_strings,gas_strict_inequalities,import_path_check,no_global_import,one_contract_per_file,reason_string,use_natspec}",{},{},{}
contracts_output/contracts_output/codellama_contracts/242.sol,242.sol,solhint-6.0.0,solidity,2025/09/14,20260212_1543,1770911211.260764,3.133760690689087,1,"{compiler_version,func_visibility,gas_custom_errors,gas_small_strings,gas_strict_inequalities,import_path_check,imports_on_top,no_global_import,one_contract_per_file,reason_string,use_natspec}",{},{},{}
contracts_output/contracts_output/codellama_contracts/2424.sol,2424.sol,solhint-6.0.0,solidity,2025/09/14,20260212_1543,1770911086.3326452,3.458130359649658,1,"{compiler_version,func_visibility,gas_custom_errors,gas_small_strings,gas_strict_inequalities,one_contract_per_file,reason_string,use_natspec}",{},{},{}
contracts_output/contracts_output/codellama_contracts/243.sol,243.sol,solhint-6.0.0,solidity,2025/09/14,20260212_1543,1770911151.1314292,3.264174222946167,1,"{compiler_version,func_visibility,gas_custom_errors,gas_increment_by_one,gas_small_strings,gas_strict_inequalities,no_unused_vars,one_contract_per_file,quotes,reason_string,use_natspec}",{},{},{}
contracts_output/contracts_output/codellama_contracts/2431.sol,2431.sol,solhint-6.0.0,solidity,2025/09/14,20260212_1543,1770911240.7802997,4.724355220794678,1,"{compiler_version,func_visibility,gas_custom_errors,gas_small_strings,gas_strict_inequalities,import_path_check,imports_on_top,no_global_import,one_contract_per_file,reason_string,use_natspec}",{},{},{}
contracts_output/contracts_output/codellama_contracts/2433.sol,2433.sol,solhint-6.0.0,solidity,2025/09/14,20260212_1543,1770911295.185223,3.587324619293213,1,"{compiler_version,func_visibility,gas_custom_errors,gas_small_strings,gas_strict_inequalities,one_contract_per_file,reason_string,use_natspec}",{},{},{}
contracts_output/contracts_output/codellama_contracts/2436.sol,2436.sol,solhint-6.0.0,solidity,2025/09/14,20260212_1543,1770911051.0174544,3.0000100135803223,1,"{compiler_version,func_visibility,gas_custom_errors,gas_small_strings,gas_strict_inequalities,import_path_check,imports_on_top,no_global_import,one_contract_per_file,quotes,reason_string,use_natspec}",{},{},{}
contracts_output/contracts_output/codellama_contracts/2439.sol,2439.sol,solhint-6.0.0,solidity,2025/09/14,20260212_1543,1770911206.6866145,3.637727737426758,1,"{compiler_version,func_visibility,gas_custom_errors,gas_increment_by_one,gas_small_strings,gas_strict_inequalities,one_contract_per_file,reason_string,use_natspec}",{},{},{}
contracts_output/contracts_output/codellama_contracts/2463.sol,2463.sol,solhint-6.0.0,solidity,2025/09/14,20260212_1543,1770911220.9308267,3.1195473670959473,255,{},{},{EXIT_CODE_255},{}
contracts_output/contracts_output/codellama_contracts/2468.sol,2468.sol,solhint-6.0.0,solidity,2025/09/14,20260212_1543,1770911028.3272405,3.2305495738983154,1,"{compiler_version,func_visibility,gas_custom_errors,gas_small_strings,gas_strict_inequalities,one_contract_per_file,reason_string,use_natspec}",{},{},{}
contracts_output/contracts_output/codellama_contracts/2473.sol,2473.sol,solhint-6.0.0,solidity,2025/09/14,20260212_1543,1770911201.3645613,2.8208162784576416,255,{},{},{EXIT_CODE_255},{}
contracts_output/contracts_output/codellama_contracts/2476.sol,2476.sol,solhint-6.0.0,solidity,2025/09/14,20260212_1543,1770911104.037689,2.585186004638672,1,"{compiler_version,func_visibility,gas_custom_errors,gas_small_strings,gas_strict_inequalities,one_contract_per_file,quotes,reason_string,use_natspec}",{},{},{}
contracts_output/contracts_output/codellama_contracts/2481.sol,2481.sol,solhint-6.0.0,solidity,2025/09/14,20260212_1543,1770911446.5438457,3.158682107925415,1,"{compiler_version,func_visibility,gas_custom_errors,gas_increment_by_one,gas_small_strings,gas_strict_inequalities,gas_struct_packing,one_contract_per_file,reason_string,use_natspec}",{},{},{}
contracts_output/contracts_output/codellama_contracts/2485.sol,2485.sol,solhint-6.0.0,solidity,2025/09/14,20260212_1543,1770911314.2161818,7.154326677322388,1,"{compiler_version,func_visibility,gas_custom_errors,gas_small_strings,gas_strict_inequalities,one_contract_per_file,reason_string,use_natspec}",{},{},{}
contracts_output/contracts_output/codellama_contracts/2491.sol,2491.sol,solhint-6.0.0,solidity,2025/09/14,20260212_1543,1770911161.1094384,2.701047658920288,1,"{compiler_version,func_visibility,gas_custom_errors,gas_small_strings,gas_strict_inequalities,one_contract_per_file,reason_string,use_natspec}",{},{},{}
contracts_output/contracts_output/codellama_contracts/250.sol,250.sol,solhint-6.0.0,solidity,2025/09/14,20260212_1543,1770911027.8492813,3.4301035404205322,1,"{compiler_version,func_visibility,gas_custom_errors,gas_small_strings,gas_strict_inequalities,one_contract_per_file,reason_string,use_natspec,visibility_modifier_order}",{},{},{}
contracts_output/contracts_output/codellama_contracts/2515.sol,2515.sol,solhint-6.0.0,solidity,2025/09/14,20260212_1543,1770911159.1595075,4.011297941207886,1,"{compiler_version,func_visibility,gas_custom_errors,gas_increment_by_one,gas_small_strings,gas_strict_inequalities,one_contract_per_file,quotes,reason_string,use_natspec}",{},{},{}
contracts_output/contracts_output/codellama_contracts/2521.sol,2521.sol,solhint-6.0.0,solidity,2025/09/14,20260212_1543,1770911443.1095786,3.431488037109375,1,"{compiler_version,func_visibility,gas_custom_errors,gas_increment_by_one,gas_small_strings,gas_strict_inequalities,one_contract_per_file,reason_string,use_natspec}",{},{},{}
contracts_output/contracts_output/codellama_contracts/2524.sol,2524.sol,solhint-6.0.0,solidity,2025/09/14,20260212_1543,1770911026.2326045,2.659177780151367,1,"{compiler_version,func_visibility,gas_custom_errors,gas_small_strings,gas_strict_inequalities,import_path_check,no_global_import,one_contract_per_file,reason_string,use_natspec}",{},{},{}
contracts_output/contracts_output/codellama_contracts/2532.sol,2532.sol,solhint-6.0.0,solidity,2025/09/14,20260212_1543,1770911214.0558043,2.6373038291931152,1,"{compiler_version,func_visibility,gas_custom_errors,gas_small_strings,gas_strict_inequalities,one_contract_per_file,reason_string,use_natspec}",{},{},{}
contracts_output/contracts_output/codellama_contracts/2533.sol,2533.sol,solhint-6.0.0,solidity,2025/09/14,20260212_1543,1770911359.5509613,3.5095856189727783,1,"{compiler_version,func_visibility,gas_custom_errors,gas_small_strings,gas_strict_inequalities,import_path_check,imports_on_top,no_global_import,one_contract_per_file,reason_string,use_natspec}",{},{},{}
contracts_output/contracts_output/codellama_contracts/2566.sol,2566.sol,solhint-6.0.0,solidity,2025/09/14,20260212_1543,1770911455.395224,3.673007011413574,1,"{compiler_version,func_visibility,gas_custom_errors,gas_small_strings,gas_strict_inequalities,one_contract_per_file,reason_string,use_natspec}",{},{},{}
contracts_output/contracts_output/codellama_contracts/2581.sol,2581.sol,solhint-6.0.0,solidity,2025/09/14,20260212_1543,1770911227.5398362,2.812983512878418,1,"{compiler_version,func_visibility,gas_custom_errors,gas_small_strings,gas_strict_inequalities,one_contract_per_file,reason_string,use_natspec}",{},{},{}
contracts_output/contracts_output/codellama_contracts/2600.sol,2600.sol,solhint-6.0.0,solidity,2025/09/14,20260212_1543,1770911264.2969165,3.1074180603027344,1,"{compiler_version,func_visibility,gas_custom_errors,gas_small_strings,gas_strict_inequalities,one_contract_per_file,reason_string,use_natspec}",{},{},{}
contracts_output/contracts_output/codellama_contracts/2602.sol,2602.sol,solhint-6.0.0,solidity,2025/09/14,20260212_1543,1770911199.1155293,2.5132646560668945,1,"{compiler_version,func_visibility,gas_custom_errors,gas_increment_by_one,gas_small_strings,gas_strict_inequalities,one_contract_per_file,reason_string,use_natspec}",{},{},{}
contracts_output/contracts_output/codellama_contracts/2614.sol,2614.sol,solhint-6.0.0,solidity,2025/09/14,20260212_1543,1770911366.7731328,3.859447956085205,1,"{compiler_version,func_visibility,gas_custom_errors,gas_small_strings,gas_strict_inequalities,one_contract_per_file,reason_string,use_natspec}",{},{},{}
contracts_output/contracts_output/codellama_contracts/2617.sol,2617.sol,solhint-6.0.0,solidity,2025/09/14,20260212_1543,1770911413.7040842,2.4142744541168213,1,"{compiler_version,func_visibility,gas_custom_errors,gas_small_strings,gas_strict_inequalities,import_path_check,imports_on_top,no_global_import,one_contract_per_file,reason_string,use_natspec}",{},{},{}
contracts_output/contracts_output/codellama_contracts/2621.sol,2621.sol,solhint-6.0.0,solidity,2025/09/14,20260212_1543,1770911336.058175,2.424668073654175,1,"{compiler_version,func_visibility,gas_custom_errors,gas_small_strings,gas_strict_inequalities,one_contract_per_file,reason_string,use_natspec}",{},{},{}
contracts_output/contracts_output/codellama_contracts/2632.sol,2632.sol,solhint-6.0.0,solidity,2025/09/14,20260212_1543,1770911350.3446686,3.0594522953033447,1,"{compiler_version,explicit_types,func_visibility,gas_custom_errors,gas_increment_by_one,gas_small_strings,gas_strict_inequalities,one_contract_per_file,reason_string,use_natspec}",{},{},{}
contracts_output/contracts_output/codellama_contracts/2639.sol,2639.sol,solhint-6.0.0,solidity,2025/09/14,20260212_1543,1770911038.9308631,4.542409896850586,1,"{compiler_version,func_visibility,gas_custom_errors,gas_small_strings,gas_strict_inequalities,one_contract_per_file,reason_string,use_natspec}",{},{},{}
contracts_output/contracts_output/codellama_contracts/267.sol,267.sol,solhint-6.0.0,solidity,2025/09/14,20260212_1543,1770911281.7259843,3.408651113510132,1,"{compiler_version,func_visibility,gas_custom_errors,gas_small_strings,gas_strict_inequalities,import_path_check,imports_on_top,no_global_import,one_contract_per_file,reason_string,use_natspec}",{},{},{}
contracts_output/contracts_output/codellama_contracts/2680.sol,2680.sol,solhint-6.0.0,solidity,2025/09/14,20260212_1543,1770911326.965757,9.149522066116333,1,"{compiler_version,func_visibility,gas_custom_errors,gas_small_strings,gas_strict_inequalities,one_contract_per_file,reason_string,use_natspec}",{},{},{}
contracts_output/contracts_output/codellama_contracts/2712.sol,2712.sol,solhint-6.0.0,solidity,2025/09/14,20260212_1543,1770911510.0287933,4.035776376724243,1,"{compiler_version,func_visibility,gas_custom_errors,gas_small_strings,gas_strict_inequalities,one_contract_per_file,reason_string,use_natspec}",{},{},{}
contracts_output/contracts_output/codellama_contracts/2733.sol,2733.sol,solhint-6.0.0,solidity,2025/09/14,20260212_1543,1770911396.4335964,3.9245615005493164,1,"{compiler_version,func_visibility,gas_custom_errors,gas_increment_by_one,gas_small_strings,gas_strict_inequalities,one_contract_per_file,reason_string,use_natspec}",{},{},{}
contracts_output/contracts_output/codellama_contracts/2749.sol,2749.sol,solhint-6.0.0,solidity,2025/09/14,20260212_1543,1770911289.4521303,3.2166390419006348,1,"{compiler_version,func_visibility,gas_custom_errors,gas_small_strings,gas_strict_inequalities,import_path_check,no_global_import,one_contract_per_file,reason_string,use_natspec}",{},{},{}
contracts_output/contracts_output/codellama_contracts/2752.sol,2752.sol,solhint-6.0.0,solidity,2025/09/14,20260212_1543,1770911430.024665,3.1941356658935547,1,"{compiler_version,explicit_types,func_visibility,gas_custom_errors,gas_increment_by_one,gas_small_strings,gas_strict_inequalities,gas_struct_packing,one_contract_per_file,reason_string,use_natspec}",{},{},{}
contracts_output/contracts_output/codellama_contracts/277.sol,277.sol,solhint-6.0.0,solidity,2025/09/14,20260212_1543,1770911379.6387143,3.2640535831451416,1,"{compiler_version,func_visibility,gas_custom_errors,gas_small_strings,gas_strict_inequalities,one_contract_per_file,reason_string,use_natspec}",{},{},{}
contracts_output/contracts_output/codellama_contracts/2777.sol,2777.sol,solhint-6.0.0,solidity,2025/09/14,20260212_1543,1770911360.516661,3.069589138031006,1,"{compiler_version,func_visibility,gas_custom_errors,gas_small_strings,gas_strict_inequalities,no_unused_vars,one_contract_per_file,quotes,reason_string,use_natspec}",{},{},{}
contracts_output/contracts_output/codellama_contracts/281.sol,281.sol,solhint-6.0.0,solidity,2025/09/14,20260212_1543,1770911150.1746514,3.1973814964294434,1,"{compiler_version,func_visibility,gas_custom_errors,gas_increment_by_one,gas_small_strings,gas_strict_inequalities,one_contract_per_file,reason_string,use_natspec}",{},{},{}
contracts_output/contracts_output/codellama_contracts/2847.sol,2847.sol,solhint-6.0.0,solidity,2025/09/14,20260212_1543,1770911444.9703054,3.896711587905884,1,"{compiler_version,gas_custom_errors,gas_small_strings,gas_strict_inequalities,one_contract_per_file,reason_string,use_natspec}",{},{},{}
contracts_output/contracts_output/codellama_contracts/2851.sol,2851.sol,solhint-6.0.0,solidity,2025/09/14,20260212_1543,1770911334.5484142,3.614732027053833,1,"{compiler_version,func_visibility,gas_calldata_parameters,gas_custom_errors,gas_increment_by_one,gas_small_strings,gas_strict_inequalities,one_contract_per_file,reason_string,use_natspec}",{},{},{}
contracts_output/contracts_output/codellama_contracts/2869.sol,2869.sol,solhint-6.0.0,solidity,2025/09/14,20260212_1543,1770911196.2470577,3.732306718826294,1,"{compiler_version,func_visibility,gas_custom_errors,gas_small_strings,gas_strict_inequalities,one_contract_per_file,reason_string,use_natspec}",{},{},{}
contracts_output/contracts_output/codellama_contracts/2892.sol,2892.sol,solhint-6.0.0,solidity,2025/09/14,20260212_1543,1770911060.6455827,3.985758066177368,1,"{compiler_version,func_visibility,gas_custom_errors,gas_increment_by_one,gas_small_strings,gas_strict_inequalities,gas_struct_packing,one_contract_per_file,reason_string,use_natspec}",{},{},{}
contracts_output/contracts_output/codellama_contracts/2907.sol,2907.sol,solhint-6.0.0,solidity,2025/09/14,20260212_1543,1770911476.792092,3.0098202228546143,1,"{compiler_version,func_visibility,gas_custom_errors,gas_small_strings,gas_strict_inequalities,one_contract_per_file,reason_string,use_natspec}",{},{},{}
contracts_output/contracts_output/codellama_contracts/2948.sol,2948.sol,solhint-6.0.0,solidity,2025/09/14,20260212_1543,1770911484.0094838,2.890929937362671,1,"{compiler_version,func_visibility,gas_custom_errors,gas_small_strings,gas_strict_inequalities,one_contract_per_file,reason_string,use_natspec}",{},{},{}
contracts_output/contracts_output/codellama_contracts/2971.sol,2971.sol,solhint-6.0.0,solidity,2025/09/14,20260212_1543,1770911176.346648,2.7586944103240967,1,"{compiler_version,func_visibility,gas_custom_errors,import_path_check,no_global_import,one_contract_per_file,use_natspec}",{},{},{}
contracts_output/contracts_output/codellama_contracts/2976.sol,2976.sol,solhint-6.0.0,solidity,2025/09/14,20260212_1543,1770911169.0930886,4.504494905471802,1,"{compiler_version,func_visibility,gas_custom_errors,gas_small_strings,gas_strict_inequalities,import_path_check,imports_on_top,no_global_import,one_contract_per_file,reason_string,use_natspec}",{},{},{}
contracts_output/contracts_output/codellama_contracts/2989.sol,2989.sol,solhint-6.0.0,solidity,2025/09/14,20260212_1543,1770911463.485709,2.5463380813598633,1,"{compiler_version,func_visibility,gas_custom_errors,gas_increment_by_one,gas_small_strings,gas_strict_inequalities,gas_struct_packing,one_contract_per_file,reason_string,use_natspec}",{},{},{}
contracts_output/contracts_output/codellama_contracts/30.sol,30.sol,solhint-6.0.0,solidity,2025/09/14,20260212_1543,1770911312.9793272,3.4244022369384766,1,"{compiler_version,func_visibility,gas_custom_errors,gas_small_strings,gas_strict_inequalities,import_path_check,imports_on_top,no_global_import,one_contract_per_file,quotes,reason_string,use_natspec}",{},{},{}
contracts_output/contracts_output/codellama_contracts/3024.sol,3024.sol,solhint-6.0.0,solidity,2025/09/14,20260212_1543,1770911104.6840515,2.691046714782715,1,"{compiler_version,func_visibility,use_natspec}",{},{},{}
contracts_output/contracts_output/codellama_contracts/3040.sol,3040.sol,solhint-6.0.0,solidity,2025/09/14,20260212_1543,1770911405.4537036,3.0858538150787354,1,"{compiler_version,func_visibility,gas_custom_errors,gas_increment_by_one,gas_small_strings,gas_strict_inequalities,import_path_check,imports_on_top,no_global_import,one_contract_per_file,quotes,reason_string,use_natspec}",{},{},{}
contracts_output/contracts_output/codellama_contracts/306.sol,306.sol,solhint-6.0.0,solidity,2025/09/14,20260212_1543,1770911502.5581412,4.452182054519653,1,"{compiler_version,func_visibility,gas_custom_errors,gas_small_strings,gas_strict_inequalities,one_contract_per_file,reason_string,use_natspec}",{},{},{}
contracts_output/contracts_output/codellama_contracts/3060.sol,3060.sol,solhint-6.0.0,solidity,2025/09/14,20260212_1543,1770911152.5400894,3.724424362182617,1,"{compiler_version,explicit_types,func_visibility,gas_custom_errors,gas_increment_by_one,gas_small_strings,gas_strict_inequalities,one_contract_per_file,reason_string,use_natspec}",{},{},{}
contracts_output/contracts_output/codellama_contracts/3064.sol,3064.sol,solhint-6.0.0,solidity,2025/09/14,20260212_1543,1770911366.5609455,2.8413028717041016,1,"{compiler_version,func_visibility,gas_custom_errors,gas_small_strings,gas_strict_inequalities,one_contract_per_file,reason_string,use_natspec}",{},{},{}
contracts_output/contracts_output/codellama_contracts/3096.sol,3096.sol,solhint-6.0.0,solidity,2025/09/14,20260212_1543,1770911427.5099726,2.632535696029663,1,"{compiler_version,func_visibility,gas_custom_errors,gas_small_strings,gas_strict_inequalities,import_path_check,imports_on_top,no_global_import,one_contract_per_file,reason_string,use_natspec}",{},{},{}
contracts_output/contracts_output/codellama_contracts/3103.sol,3103.sol,solhint-6.0.0,solidity,2025/09/14,20260212_1543,1770911147.1023932,3.998063325881958,1,"{compiler_version,func_visibility,gas_custom_errors,gas_increment_by_one,gas_small_strings,gas_strict_inequalities,one_contract_per_file,reason_string,use_natspec}",{},{},{}
contracts_output/contracts_output/codellama_contracts/312.sol,312.sol,solhint-6.0.0,solidity,2025/09/14,20260212_1543,1770911067.661884,2.889496326446533,1,"{compiler_version,func_visibility,gas_custom_errors,gas_increment_by_one,gas_small_strings,gas_strict_inequalities,one_contract_per_file,reason_string,use_natspec}",{},{},{}
contracts_output/contracts_output/codellama_contracts/3142.sol,3142.sol,solhint-6.0.0,solidity,2025/09/14,20260212_1543,1770911425.9366984,2.857835531234741,1,"{compiler_version,func_visibility,gas_custom_errors,gas_small_strings,gas_strict_inequalities,one_contract_per_file,reason_string,use_natspec}",{},{},{}
contracts_output/contracts_output/codellama_contracts/3148.sol,3148.sol,solhint-6.0.0,solidity,2025/09/14,20260212_1543,1770911481.4098678,4.528106927871704,1,"{compiler_version,func_visibility,gas_custom_errors,gas_increment_by_one,gas_indexed_events,gas_small_strings,gas_strict_inequalities,one_contract_per_file,reason_string,use_natspec}",{},{},{}
contracts_output/contracts_output/codellama_contracts/316.sol,316.sol,solhint-6.0.0,solidity,2025/09/14,20260212_1543,1770911172.564893,3.7796778678894043,1,"{compiler_version,func_visibility,gas_custom_errors,gas_small_strings,gas_strict_inequalities,import_path_check,no_global_import,one_contract_per_file,quotes,reason_string,use_natspec}",{},{},{}
contracts_output/contracts_output/codellama_contracts/3161.sol,3161.sol,solhint-6.0.0,solidity,2025/09/14,20260212_1543,1770911221.3718023,4.05549168586731,1,"{compiler_version,func_visibility,gas_custom_errors,gas_small_strings,gas_strict_inequalities,one_contract_per_file,reason_string,use_natspec}",{},{},{}
contracts_output/contracts_output/codellama_contracts/3163.sol,3163.sol,solhint-6.0.0,solidity,2025/09/14,20260212_1543,1770911464.3153057,3.720233917236328,1,"{compiler_version,func_visibility,gas_custom_errors,gas_indexed_events,gas_small_strings,gas_strict_inequalities,no_complex_fallback,one_contract_per_file,reason_string,use_natspec}",{},{},{}
contracts_output/contracts_output/codellama_contracts/3170.sol,3170.sol,solhint-6.0.0,solidity,2025/09/14,20260212_1543,1770911057.1362453,3.189291000366211,1,"{compiler_version,func_visibility,gas_custom_errors,gas_small_strings,gas_strict_inequalities,one_contract_per_file,reason_string,use_natspec}",{},{},{}
contracts_output/contracts_output/codellama_contracts/3181.sol,3181.sol,solhint-6.0.0,solidity,2025/09/14,20260212_1543,1770911480.7516658,2.7950525283813477,1,"{compiler_version,gas_custom_errors,gas_small_strings,gas_strict_inequalities,no_empty_blocks,one_contract_per_file,reason_string,use_natspec}",{},{},{}
contracts_output/contracts_output/codellama_contracts/3185.sol,3185.sol,solhint-6.0.0,solidity,2025/09/14,20260212_1543,1770911505.189282,3.6385858058929443,1,"{compiler_version,func_visibility,gas_custom_errors,gas_small_strings,gas_strict_inequalities,no_inline_assembly,one_contract_per_file,reason_string,use_natspec}",{},{},{}
contracts_output/contracts_output/codellama_contracts/3195.sol,3195.sol,solhint-6.0.0,solidity,2025/09/14,20260212_1543,1770911136.9440188,1.8479902744293213,255,{},{},{EXIT_CODE_255},{}
contracts_output/contracts_output/codellama_contracts/32.sol,32.sol,solhint-6.0.0,solidity,2025/09/14,20260212_1543,1770911462.5115469,3.292250394821167,1,"{compiler_version,func_visibility,gas_custom_errors,gas_increment_by_one,gas_small_strings,gas_strict_inequalities,one_contract_per_file,quotes,reason_string,use_natspec}",{},{},{}
contracts_output/contracts_output/codellama_contracts/3202.sol,3202.sol,solhint-6.0.0,solidity,2025/09/14,20260212_1543,1770911026.238477,3.6610984802246094,1,"{compiler_version,func_visibility,gas_custom_errors,gas_small_strings,gas_strict_inequalities,no_unused_vars,one_contract_per_file,reason_string,use_natspec}",{},{},{}
contracts_output/contracts_output/codellama_contracts/3204.sol,3204.sol,solhint-6.0.0,solidity,2025/09/14,20260212_1543,1770911381.9206264,3.3470559120178223,1,"{compiler_version,func_visibility,gas_custom_errors,gas_small_strings,gas_strict_inequalities,no_empty_blocks,one_contract_per_file,quotes,reason_string,use_natspec}",{},{},{}
contracts_output/contracts_output/codellama_contracts/321.sol,321.sol,solhint-6.0.0,solidity,2025/09/14,20260212_1543,1770911135.4388783,3.5464963912963867,1,"{compiler_version,func_visibility,gas_custom_errors,gas_small_strings,gas_strict_inequalities,import_path_check,imports_on_top,no_global_import,one_contract_per_file,reason_string,use_natspec}",{},{},{}
contracts_output/contracts_output/codellama_contracts/3235.sol,3235.sol,solhint-6.0.0,solidity,2025/09/14,20260212_1543,1770911432.8036823,3.9056947231292725,1,"{compiler_version,func_visibility,gas_custom_errors,gas_small_strings,gas_strict_inequalities,import_path_check,no_global_import,no_unused_vars,one_contract_per_file,quotes,reason_string,use_natspec}",{},{},{}
contracts_output/contracts_output/codellama_contracts/3265.sol,3265.sol,solhint-6.0.0,solidity,2025/09/14,20260212_1543,1770911128.9488115,2.7519495487213135,1,"{compiler_version,func_visibility,gas_custom_errors,gas_small_strings,gas_strict_inequalities,one_contract_per_file,reason_string,use_natspec}",{},{},{}
contracts_output/contracts_output/codellama_contracts/3277.sol,3277.sol,solhint-6.0.0,solidity,2025/09/14,20260212_1543,1770911296.7226636,3.1204142570495605,1,"{compiler_version,func_visibility,gas_custom_errors,gas_small_strings,gas_strict_inequalities,one_contract_per_file,reason_string,use_natspec}",{},{},{}
contracts_output/contracts_output/codellama_contracts/3285.sol,3285.sol,solhint-6.0.0,solidity,2025/09/14,20260212_1543,1770911051.0909503,3.1341094970703125,1,"{compiler_version,func_visibility,gas_custom_errors,gas_small_strings,gas_strict_inequalities,one_contract_per_file,reason_string,use_natspec}",{},{},{}
contracts_output/contracts_output/codellama_contracts/3288.sol,3288.sol,solhint-6.0.0,solidity,2025/09/14,20260212_1543,1770911203.0368986,3.9722795486450195,1,"{compiler_version,func_visibility,gas_custom_errors,gas_increment_by_one,gas_small_strings,gas_strict_inequalities,one_contract_per_file,reason_string,use_natspec}",{},{},{}
contracts_output/contracts_output/codellama_contracts/3297.sol,3297.sol,solhint-6.0.0,solidity,2025/09/14,20260212_1543,1770911153.0223293,4.5085976123809814,1,"{compiler_version,func_visibility,gas_custom_errors,gas_small_strings,gas_strict_inequalities,one_contract_per_file,reason_string,use_natspec}",{},{},{}
contracts_output/contracts_output/codellama_contracts/3314.sol,3314.sol,solhint-6.0.0,solidity,2025/09/14,20260212_1543,1770911440.0006804,2.6086432933807373,1,"{compiler_version,func_visibility,gas_custom_errors,gas_small_strings,gas_strict_inequalities,one_contract_per_file,reason_string,use_natspec}",{},{},{}
contracts_output/contracts_output/codellama_contracts/3318.sol,3318.sol,solhint-6.0.0,solidity,2025/09/14,20260212_1543,1770911236.0679135,3.802572250366211,1,"{compiler_version,const_name_snakecase,func_visibility,gas_custom_errors,gas_small_strings,gas_strict_inequalities,one_contract_per_file,reason_string,use_natspec}",{},{},{}
contracts_output/contracts_output/codellama_contracts/3322.sol,3322.sol,solhint-6.0.0,solidity,2025/09/14,20260212_1543,1770911126.3806875,3.4026448726654053,1,"{compiler_version,func_visibility,gas_custom_errors,gas_small_strings,gas_strict_inequalities,one_contract_per_file,reason_string,use_natspec}",{},{},{}
contracts_output/contracts_output/codellama_contracts/3332.sol,3332.sol,solhint-6.0.0,solidity,2025/09/14,20260212_1543,1770911253.6186259,3.699923038482666,1,"{compiler_version,func_visibility,gas_custom_errors,gas_increment_by_one,gas_small_strings,gas_strict_inequalities,import_path_check,no_global_import,one_contract_per_file,reason_string,use_natspec}",{},{},{}
contracts_output/contracts_output/codellama_contracts/3338.sol,3338.sol,solhint-6.0.0,solidity,2025/09/14,20260212_1543,1770911464.2404122,4.143763303756714,1,"{compiler_version,explicit_types,func_visibility,gas_custom_errors,gas_increment_by_one,gas_small_strings,gas_strict_inequalities,one_contract_per_file,reason_string,use_natspec}",{},{},{}
contracts_output/contracts_output/codellama_contracts/3343.sol,3343.sol,solhint-6.0.0,solidity,2025/09/14,20260212_1543,1770911127.9121518,3.348010540008545,1,"{compiler_version,func_visibility,gas_custom_errors,gas_small_strings,gas_strict_inequalities,one_contract_per_file,reason_string,use_natspec}",{},{},{}
contracts_output/contracts_output/codellama_contracts/3368.sol,3368.sol,solhint-6.0.0,solidity,2025/09/14,20260212_1543,1770911151.6400898,2.7425413131713867,1,"{compiler_version,func_visibility,gas_custom_errors,gas_small_strings,gas_strict_inequalities,one_contract_per_file,reason_string,use_natspec}",{},{},{}
contracts_output/contracts_output/codellama_contracts/3377.sol,3377.sol,solhint-6.0.0,solidity,2025/09/14,20260212_1543,1770911334.3248327,3.3407723903656006,1,"{compiler_version,func_visibility,gas_custom_errors,gas_small_strings,gas_strict_inequalities,import_path_check,no_global_import,one_contract_per_file,reason_string,use_natspec}",{},{},{}
contracts_output/contracts_output/codellama_contracts/3380.sol,3380.sol,solhint-6.0.0,solidity,2025/09/14,20260212_1543,1770911427.260804,3.844263792037964,1,"{compiler_version,func_visibility,gas_custom_errors,gas_increment_by_one,gas_small_strings,gas_strict_inequalities,one_contract_per_file,reason_string,use_natspec}",{},{},{}
contracts_output/contracts_output/codellama_contracts/339.sol,339.sol,solhint-6.0.0,solidity,2025/09/14,20260212_1543,1770911358.2390609,3.8960628509521484,1,"{compiler_version,func_visibility,gas_custom_errors,gas_small_strings,gas_strict_inequalities,no_unused_vars,one_contract_per_file,reason_string,use_natspec}",{},{},{}
contracts_output/contracts_output/codellama_contracts/3416.sol,3416.sol,solhint-6.0.0,solidity,2025/09/14,20260212_1543,1770911405.285761,3.581484079360962,1,"{compiler_version,func_visibility,gas_custom_errors,gas_increment_by_one,gas_small_strings,gas_strict_inequalities,gas_struct_packing,one_contract_per_file,quotes,reason_string,use_natspec}",{},{},{}
contracts_output/contracts_output/codellama_contracts/3424.sol,3424.sol,solhint-6.0.0,solidity,2025/09/14,20260212_1543,1770911283.9428217,3.883091688156128,1,"{compiler_version,func_visibility,gas_custom_errors,gas_increment_by_one,gas_small_strings,gas_strict_inequalities,one_contract_per_file,reason_string,use_natspec}",{},{},{}
contracts_output/contracts_output/codellama_contracts/3433.sol,3433.sol,solhint-6.0.0,solidity,2025/09/14,20260212_1543,1770911189.2092047,4.104247808456421,1,"{compiler_version,func_visibility,gas_custom_errors,gas_increment_by_one,gas_small_strings,gas_strict_inequalities,one_contract_per_file,reason_string,use_natspec}",{},{},{}
contracts_output/contracts_output/codellama_contracts/3447.sol,3447.sol,solhint-6.0.0,solidity,2025/09/14,20260212_1543,1770911487.067624,3.880807876586914,1,"{compiler_version,func_visibility,gas_custom_errors,gas_small_strings,gas_strict_inequalities,no_empty_blocks,one_contract_per_file,reason_string,use_natspec}",{},{},{}
contracts_output/contracts_output/codellama_contracts/3452.sol,3452.sol,solhint-6.0.0,solidity,2025/09/14,20260212_1543,1770911176.9681942,3.1638057231903076,1,"{compiler_version,func_visibility,gas_custom_errors,gas_small_strings,gas_strict_inequalities,gas_struct_packing,one_contract_per_file,reason_string,use_natspec}",{},{},{}
contracts_output/contracts_output/codellama_contracts/3458.sol,3458.sol,solhint-6.0.0,solidity,2025/09/14,20260212_1543,1770911344.4452965,2.4452760219573975,255,{},{},{EXIT_CODE_255},{}
contracts_output/contracts_output/codellama_contracts/3464.sol,3464.sol,solhint-6.0.0,solidity,2025/09/14,20260212_1543,1770911437.0433252,2.9549806118011475,1,"{compiler_version,func_visibility,gas_custom_errors,gas_small_strings,gas_strict_inequalities,one_contract_per_file,reason_string,use_natspec}",{},{},{}
contracts_output/contracts_output/codellama_contracts/3476.sol,3476.sol,solhint-6.0.0,solidity,2025/09/14,20260212_1543,1770911357.2323275,3.3278369903564453,1,"{compiler_version,gas_custom_errors,gas_strict_inequalities,quotes,use_natspec}",{},{},{}
contracts_output/contracts_output/codellama_contracts/3477.sol,3477.sol,solhint-6.0.0,solidity,2025/09/14,20260212_1543,1770911167.9217725,2.8184621334075928,1,"{compiler_version,func_visibility,gas_custom_errors,gas_small_strings,gas_strict_inequalities,no_unused_vars,one_contract_per_file,reason_string,use_natspec}",{},{},{}
contracts_output/contracts_output/codellama_contracts/3500.sol,3500.sol,solhint-6.0.0,solidity,2025/09/14,20260212_1543,1770911473.101086,3.5052006244659424,1,"{compiler_version,func_visibility,gas_custom_errors,gas_small_strings,gas_strict_inequalities,no_unused_vars,one_contract_per_file,quotes,reason_string,use_natspec}",{},{},{}
contracts_output/contracts_output/codellama_contracts/3520.sol,3520.sol,solhint-6.0.0,solidity,2025/09/14,20260212_1543,1770911482.5541878,4.019349813461304,1,"{compiler_version,func_visibility,gas_custom_errors,gas_increment_by_one,gas_small_strings,gas_strict_inequalities,one_contract_per_file,reason_string,use_natspec}",{},{},{}
contracts_output/contracts_output/codellama_contracts/3570.sol,3570.sol,solhint-6.0.0,solidity,2025/09/14,20260212_1543,1770911316.5310922,16.711973428726196,1,"{compiler_version,func_visibility,gas_custom_errors,gas_small_strings,gas_strict_inequalities,one_contract_per_file,reason_string,use_natspec}",{},{},{}
contracts_output/contracts_output/codellama_contracts/3576.sol,3576.sol,solhint-6.0.0,solidity,2025/09/14,20260212_1543,1770911150.788736,3.765648365020752,1,"{compiler_version,func_visibility,gas_custom_errors,gas_increment_by_one,gas_small_strings,gas_strict_inequalities,one_contract_per_file,reason_string,use_natspec}",{},{},{}
contracts_output/contracts_output/codellama_contracts/3580.sol,3580.sol,solhint-6.0.0,solidity,2025/09/14,20260212_1543,1770911031.2359698,3.3565592765808105,1,"{compiler_version,func_visibility,gas_custom_errors,gas_small_strings,gas_strict_inequalities,one_contract_per_file,reason_string,use_natspec}",{},{},{}
contracts_output/contracts_output/codellama_contracts/36.sol,36.sol,solhint-6.0.0,solidity,2025/09/14,20260212_1543,1770911026.264248,4.298972129821777,1,"{compiler_version,gas_custom_errors,gas_small_strings,gas_strict_inequalities,one_contract_per_file,reason_string,use_natspec}",{},{},{}
contracts_output/contracts_output/codellama_contracts/3604.sol,3604.sol,solhint-6.0.0,solidity,2025/09/14,20260212_1543,1770911339.9491756,3.4256398677825928,1,"{compiler_version,func_visibility,gas_custom_errors,gas_increment_by_one,gas_small_strings,gas_strict_inequalities,no_unused_vars,one_contract_per_file,quotes,reason_string,use_natspec}",{},{},{}
contracts_output/contracts_output/codellama_contracts/3619.sol,3619.sol,solhint-6.0.0,solidity,2025/09/14,20260212_1543,1770911273.4852057,3.0684707164764404,1,"{compiler_version,func_visibility,import_path_check,no_global_import,one_contract_per_file,use_natspec}",{},{},{}
contracts_output/contracts_output/codellama_contracts/3633.sol,3633.sol,solhint-6.0.0,solidity,2025/09/14,20260212_1543,1770911300.1306443,3.1304101943969727,1,"{compiler_version,explicit_types,func_visibility,gas_custom_errors,import_path_check,no_global_import,use_natspec}",{},{},{}
contracts_output/contracts_output/codellama_contracts/3644.sol,3644.sol,solhint-6.0.0,solidity,2025/09/14,20260212_1543,1770911026.2620327,5.291766405105591,1,"{compiler_version,func_visibility,gas_custom_errors,gas_small_strings,gas_strict_inequalities,one_contract_per_file,reason_string,use_natspec}",{},{},{}
contracts_output/contracts_output/codellama_contracts/3650.sol,3650.sol,solhint-6.0.0,solidity,2025/09/14,20260212_1543,1770911365.9239538,2.960144281387329,1,"{compiler_version,func_visibility,gas_custom_errors,gas_small_strings,gas_strict_inequalities,one_contract_per_file,reason_string,use_natspec}",{},{},{}
contracts_output/contracts_output/codellama_contracts/3662.sol,3662.sol,solhint-6.0.0,solidity,2025/09/14,20260212_1543,1770911079.860431,2.6110525131225586,1,"{compiler_version,func_visibility,gas_custom_errors,gas_small_strings,gas_strict_inequalities,one_contract_per_file,reason_string,use_natspec}",{},{},{}
contracts_output/contracts_output/codellama_contracts/3698.sol,3698.sol,solhint-6.0.0,solidity,2025/09/14,20260212_1543,1770911354.0318792,3.1978659629821777,1,"{compiler_version,func_visibility,gas_custom_errors,gas_small_strings,gas_strict_inequalities,import_path_check,imports_on_top,no_global_import,one_contract_per_file,reason_string,use_natspec}",{},{},{}
contracts_output/contracts_output/codellama_contracts/3704.sol,3704.sol,solhint-6.0.0,solidity,2025/09/14,20260212_1543,1770911156.2670045,3.8416454792022705,1,"{compiler_version,func_visibility,gas_custom_errors,gas_small_strings,gas_strict_inequalities,one_contract_per_file,reason_string,use_natspec}",{},{},{}
contracts_output/contracts_output/codellama_contracts/3719.sol,3719.sol,solhint-6.0.0,solidity,2025/09/14,20260212_1543,1770911330.5471568,5.641731023788452,1,"{compiler_version,func_visibility,gas_custom_errors,gas_small_strings,gas_strict_inequalities,one_contract_per_file,reason_string,use_natspec}",{},{},{}
contracts_output/contracts_output/codellama_contracts/3727.sol,3727.sol,solhint-6.0.0,solidity,2025/09/14,20260212_1543,1770911468.0384145,3.496847152709961,1,"{compiler_version,func_visibility,gas_custom_errors,gas_small_strings,gas_strict_inequalities,gas_struct_packing,one_contract_per_file,reason_string,use_natspec}",{},{},{}
contracts_output/contracts_output/codellama_contracts/3728.sol,3728.sol,solhint-6.0.0,solidity,2025/09/14,20260212_1543,1770911463.4515128,3.1303374767303467,1,"{compiler_version,func_visibility,gas_custom_errors,gas_small_strings,gas_strict_inequalities,one_contract_per_file,reason_string,use_natspec}",{},{},{}
contracts_output/contracts_output/codellama_contracts/3748.sol,3748.sol,solhint-6.0.0,solidity,2025/09/14,20260212_1543,1770911026.2618551,4.4262096881866455,1,"{compiler_version,explicit_types,func_visibility,gas_custom_errors,gas_increment_by_one,gas_small_strings,gas_strict_inequalities,one_contract_per_file,reason_string,use_natspec}",{},{},{}
contracts_output/contracts_output/codellama_contracts/3756.sol,3756.sol,solhint-6.0.0,solidity,2025/09/14,20260212_1543,1770911347.7431984,2.968184232711792,1,"{compiler_version,const_name_snakecase,func_visibility,gas_custom_errors,gas_small_strings,gas_strict_inequalities,one_contract_per_file,reason_string,use_natspec}",{},{},{}
contracts_output/contracts_output/codellama_contracts/3776.sol,3776.sol,solhint-6.0.0,solidity,2025/09/14,20260212_1543,1770911056.3751082,2.997434616088867,1,"{compiler_version,func_visibility,gas_custom_errors,gas_small_strings,gas_strict_inequalities,one_contract_per_file,reason_string,use_natspec}",{},{},{}
contracts_output/contracts_output/codellama_contracts/3785.sol,3785.sol,solhint-6.0.0,solidity,2025/09/14,20260212_1543,1770911173.6000946,3.3660154342651367,1,"{compiler_version,func_visibility,import_path_check,no_empty_blocks,no_global_import,one_contract_per_file,quotes,use_natspec}",{},{},{}
contracts_output/contracts_output/codellama_contracts/3793.sol,3793.sol,solhint-6.0.0,solidity,2025/09/14,20260212_1543,1770911428.2979653,2.8887531757354736,1,"{compiler_version,func_visibility,gas_custom_errors,gas_small_strings,gas_strict_inequalities,gas_struct_packing,one_contract_per_file,reason_string,use_natspec}",{},{},{}
contracts_output/contracts_output/codellama_contracts/381.sol,381.sol,solhint-6.0.0,solidity,2025/09/14,20260212_1543,1770911367.9880686,3.7219178676605225,1,"{compiler_version,func_visibility,gas_custom_errors,gas_small_strings,gas_strict_inequalities,one_contract_per_file,reason_string,use_natspec}",{},{},{}
contracts_output/contracts_output/codellama_contracts/382.sol,382.sol,solhint-6.0.0,solidity,2025/09/14,20260212_1543,1770911296.3494334,3.4308111667633057,1,"{compiler_version,func_visibility,gas_custom_errors,gas_increment_by_one,gas_small_strings,gas_strict_inequalities,no_empty_blocks,one_contract_per_file,reason_string,use_natspec}",{},{},{}
contracts_output/contracts_output/codellama_contracts/3857.sol,3857.sol,solhint-6.0.0,solidity,2025/09/14,20260212_1543,1770911190.8032687,2.9617555141448975,1,"{compiler_version,func_visibility,gas_custom_errors,gas_small_strings,gas_strict_inequalities,one_contract_per_file,reason_string,use_natspec}",{},{},{}
contracts_output/contracts_output/codellama_contracts/3863.sol,3863.sol,solhint-6.0.0,solidity,2025/09/14,20260212_1543,1770911230.7286272,3.156115770339966,1,"{compiler_version,func_visibility,gas_custom_errors,gas_increment_by_one,gas_indexed_events,gas_small_strings,gas_strict_inequalities,gas_struct_packing,one_contract_per_file,reason_string,use_natspec}",{},{},{}
contracts_output/contracts_output/codellama_contracts/3881.sol,3881.sol,solhint-6.0.0,solidity,2025/09/14,20260212_1543,1770911292.5402255,3.001481294631958,1,"{compiler_version,func_visibility,gas_custom_errors,gas_increment_by_one,gas_small_strings,gas_strict_inequalities,one_contract_per_file,reason_string,use_natspec}",{},{},{}
contracts_output/contracts_output/codellama_contracts/3890.sol,3890.sol,solhint-6.0.0,solidity,2025/09/14,20260212_1543,1770911385.0036652,3.0885984897613525,1,"{compiler_version,func_visibility,gas_custom_errors,gas_increment_by_one,gas_small_strings,gas_strict_inequalities,one_contract_per_file,reason_string,use_natspec}",{},{},{}
contracts_output/contracts_output/codellama_contracts/3893.sol,3893.sol,solhint-6.0.0,solidity,2025/09/14,20260212_1543,1770911227.1217897,3.15608811378479,1,"{compiler_version,func_visibility,gas_custom_errors,gas_small_strings,gas_strict_inequalities,no_unused_vars,one_contract_per_file,quotes,reason_string,use_natspec}",{},{},{}
contracts_output/contracts_output/codellama_contracts/3896.sol,3896.sol,solhint-6.0.0,solidity,2025/09/14,20260212_1543,1770911142.2271185,4.12860107421875,1,"{compiler_version,func_visibility,gas_custom_errors,gas_small_strings,gas_strict_inequalities,one_contract_per_file,reason_string,use_natspec}",{},{},{}
contracts_output/contracts_output/codellama_contracts/39.sol,39.sol,solhint-6.0.0,solidity,2025/09/14,20260212_1543,1770911204.1865575,3.0430707931518555,1,"{compiler_version,func_visibility,gas_custom_errors,gas_increment_by_one,gas_small_strings,gas_strict_inequalities,one_contract_per_file,reason_string,use_natspec}",{},{},{}
contracts_output/contracts_output/codellama_contracts/3939.sol,3939.sol,solhint-6.0.0,solidity,2025/09/14,20260212_1543,1770911354.2505455,3.2910802364349365,1,"{compiler_version,func_visibility,gas_custom_errors,gas_small_strings,gas_strict_inequalities,one_contract_per_file,reason_string,use_natspec}",{},{},{}
contracts_output/contracts_output/codellama_contracts/3988.sol,3988.sol,solhint-6.0.0,solidity,2025/09/14,20260212_1543,1770911031.9613383,4.272243022918701,1,"{compiler_version,func_visibility,gas_custom_errors,gas_small_strings,gas_strict_inequalities,one_contract_per_file,reason_string,use_natspec}",{},{},{}
contracts_output/contracts_output/codellama_contracts/3990.sol,3990.sol,solhint-6.0.0,solidity,2025/09/14,20260212_1543,1770911337.667855,3.031643867492676,1,"{compiler_version,func_visibility,gas_custom_errors,gas_small_strings,gas_strict_inequalities,one_contract_per_file,reason_string,use_natspec}",{},{},{}
contracts_output/contracts_output/codellama_contracts/4001.sol,4001.sol,solhint-6.0.0,solidity,2025/09/14,20260212_1543,1770911395.068005,3.2575268745422363,1,"{compiler_version,func_visibility,gas_custom_errors,gas_small_strings,gas_strict_inequalities,no_unused_vars,one_contract_per_file,quotes,reason_string,use_natspec}",{},{},{}
contracts_output/contracts_output/codellama_contracts/4005.sol,4005.sol,solhint-6.0.0,solidity,2025/09/14,20260212_1543,1770911309.7630603,3.458516836166382,1,"{compiler_version,func_visibility,gas_custom_errors,gas_small_strings,gas_strict_inequalities,one_contract_per_file,reason_string,use_natspec}",{},{},{}
contracts_output/contracts_output/codellama_contracts/402.sol,402.sol,solhint-6.0.0,solidity,2025/09/14,20260212_1543,1770911227.7990198,2.9272196292877197,1,"{compiler_version,func_visibility,gas_custom_errors,gas_small_strings,gas_strict_inequalities,one_contract_per_file,reason_string,use_natspec}",{},{},{}
contracts_output/contracts_output/codellama_contracts/4025.sol,4025.sol,solhint-6.0.0,solidity,2025/09/14,20260212_1543,1770911160.8778985,2.886998414993286,1,"{compiler_version,func_visibility,gas_custom_errors,gas_small_strings,gas_strict_inequalities,one_contract_per_file,quotes,reason_string,use_natspec}",{},{},{}
contracts_output/contracts_output/codellama_contracts/4047.sol,4047.sol,solhint-6.0.0,solidity,2025/09/14,20260212_1543,1770911098.0581503,3.2834208011627197,1,"{compiler_version,func_visibility,gas_custom_errors,gas_increment_by_one,gas_small_strings,gas_strict_inequalities,one_contract_per_file,reason_string,use_natspec}",{},{},{}
contracts_output/contracts_output/codellama_contracts/4051.sol,4051.sol,solhint-6.0.0,solidity,2025/09/14,20260212_1543,1770911077.814295,3.848776340484619,1,"{compiler_version,func_visibility,gas_custom_errors,gas_small_strings,gas_strict_inequalities,no_unused_vars,one_contract_per_file,reason_string,use_natspec}",{},{},{}
contracts_output/contracts_output/codellama_contracts/4079.sol,4079.sol,solhint-6.0.0,solidity,2025/09/14,20260212_1543,1770911402.161841,3.650538682937622,1,"{compiler_version,func_visibility,gas_custom_errors,gas_small_strings,gas_strict_inequalities,one_contract_per_file,quotes,reason_string,use_natspec}",{},{},{}
contracts_output/contracts_output/codellama_contracts/4083.sol,4083.sol,solhint-6.0.0,solidity,2025/09/14,20260212_1543,1770911415.0876293,3.298248291015625,1,"{compiler_version,explicit_types,func_visibility,gas_custom_errors,gas_increment_by_one,gas_small_strings,gas_strict_inequalities,one_contract_per_file,reason_string,use_natspec}",{},{},{}
contracts_output/contracts_output/codellama_contracts/4086.sol,4086.sol,solhint-6.0.0,solidity,2025/09/14,20260212_1543,1770911342.9567313,3.5125598907470703,1,"{compiler_version,func_visibility,gas_custom_errors,gas_small_strings,gas_strict_inequalities,no_unused_vars,one_contract_per_file,reason_string,use_natspec}",{},{},{}
contracts_output/contracts_output/codellama_contracts/4148.sol,4148.sol,solhint-6.0.0,solidity,2025/09/14,20260212_1543,1770911230.8455544,4.115870714187622,1,"{compiler_version,func_visibility,gas_custom_errors,gas_small_strings,gas_strict_inequalities,import_path_check,no_global_import,one_contract_per_file,reason_string,use_natspec}",{},{},{}
contracts_output/contracts_output/codellama_contracts/4173.sol,4173.sol,solhint-6.0.0,solidity,2025/09/14,20260212_1543,1770911265.6160033,2.714869260787964,1,"{compiler_version,func_visibility,gas_custom_errors,gas_small_strings,gas_strict_inequalities,import_path_check,imports_on_top,no_global_import,one_contract_per_file,quotes,reason_string,use_natspec}",{},{},{}
contracts_output/contracts_output/codellama_contracts/4185.sol,4185.sol,solhint-6.0.0,solidity,2025/09/14,20260212_1543,1770911199.3989315,3.1553478240966797,1,"{compiler_version,func_visibility,gas_custom_errors,gas_small_strings,gas_strict_inequalities,import_path_check,no_global_import,one_contract_per_file,reason_string,use_natspec}",{},{},{}
contracts_output/contracts_output/codellama_contracts/4219.sol,4219.sol,solhint-6.0.0,solidity,2025/09/14,20260212_1543,1770911377.093179,2.5431251525878906,1,"{compiler_version,gas_custom_errors,gas_small_strings,gas_strict_inequalities,import_path_check,imports_on_top,no_global_import,one_contract_per_file,quotes,reason_string,use_natspec}",{},{},{}
contracts_output/contracts_output/codellama_contracts/4258.sol,4258.sol,solhint-6.0.0,solidity,2025/09/14,20260212_1543,1770911105.6177845,3.6086268424987793,1,"{compiler_version,func_visibility,gas_custom_errors,gas_small_strings,gas_strict_inequalities,one_contract_per_file,reason_string,use_natspec}",{},{},{}
contracts_output/contracts_output/codellama_contracts/4267.sol,4267.sol,solhint-6.0.0,solidity,2025/09/14,20260212_1543,1770911139.8474033,3.444837808609009,1,"{compiler_version,func_visibility,gas_custom_errors,gas_increment_by_one,gas_small_strings,gas_strict_inequalities,one_contract_per_file,reason_string,use_natspec}",{},{},{}
contracts_output/contracts_output/codellama_contracts/4301.sol,4301.sol,solhint-6.0.0,solidity,2025/09/14,20260212_1543,1770911188.996272,4.285315275192261,1,"{compiler_version,func_visibility,gas_custom_errors,gas_small_strings,gas_strict_inequalities,no_empty_blocks,one_contract_per_file,reason_string,use_natspec}",{},{},{}
contracts_output/contracts_output/codellama_contracts/4311.sol,4311.sol,solhint-6.0.0,solidity,2025/09/14,20260212_1543,1770911136.6956086,3.3251020908355713,1,"{compiler_version,func_visibility,gas_calldata_parameters,gas_custom_errors,gas_increment_by_one,gas_small_strings,gas_strict_inequalities,one_contract_per_file,reason_string,use_natspec}",{},{},{}
contracts_output/contracts_output/codellama_contracts/4342.sol,4342.sol,solhint-6.0.0,solidity,2025/09/14,20260212_1543,1770911447.4895964,3.530608892440796,1,"{compiler_version,func_visibility,gas_custom_errors,gas_small_strings,gas_strict_inequalities,import_path_check,imports_on_top,no_global_import,one_contract_per_file,reason_string,use_natspec}",{},{},{}
contracts_output/contracts_output/codellama_contracts/4344.sol,4344.sol,solhint-6.0.0,solidity,2025/09/14,20260212_1543,1770911281.9901214,4.469048738479614,1,"{compiler_version,func_visibility,gas_custom_errors,gas_small_strings,gas_strict_inequalities,one_contract_per_file,reason_string,use_natspec}",{},{},{}
contracts_output/contracts_output/codellama_contracts/4397.sol,4397.sol,solhint-6.0.0,solidity,2025/09/14,20260212_1543,1770911414.5603588,2.8308987617492676,1,"{compiler_version,func_visibility,gas_custom_errors,gas_small_strings,gas_strict_inequalities,one_contract_per_file,reason_string,use_natspec}",{},{},{}
contracts_output/contracts_output/codellama_contracts/4411.sol,4411.sol,solhint-6.0.0,solidity,2025/09/14,20260212_1543,1770911430.305495,3.54276180267334,1,"{compiler_version,func_visibility,gas_custom_errors,gas_increment_by_one,gas_small_strings,gas_strict_inequalities,one_contract_per_file,reason_string,use_natspec}",{},{},{}
contracts_output/contracts_output/codellama_contracts/4418.sol,4418.sol,solhint-6.0.0,solidity,2025/09/14,20260212_1543,1770911206.429667,4.381067514419556,1,"{compiler_version,func_visibility,gas_custom_errors,gas_increment_by_one,gas_small_strings,gas_strict_inequalities,one_contract_per_file,reason_string,use_natspec}",{},{},{}
contracts_output/contracts_output/codellama_contracts/442.sol,442.sol,solhint-6.0.0,solidity,2025/09/14,20260212_1543,1770911124.0353568,3.6807143688201904,1,"{compiler_version,func_visibility,gas_custom_errors,gas_increment_by_one,gas_small_strings,gas_strict_inequalities,no_unused_vars,one_contract_per_file,reason_string,reentrancy,use_natspec}",{},{},{}
contracts_output/contracts_output/codellama_contracts/4437.sol,4437.sol,solhint-6.0.0,solidity,2025/09/14,20260212_1543,1770911169.7976272,3.5038695335388184,1,"{compiler_version,func_visibility,gas_custom_errors,gas_small_strings,gas_strict_inequalities,one_contract_per_file,reason_string,use_natspec}",{},{},{}
contracts_output/contracts_output/codellama_contracts/4464.sol,4464.sol,solhint-6.0.0,solidity,2025/09/14,20260212_1543,1770911124.3988552,3.769973039627075,1,"{compiler_version,func_visibility,gas_custom_errors,gas_small_strings,gas_strict_inequalities,one_contract_per_file,quotes,reason_string,use_natspec}",{},{},{}
contracts_output/contracts_output/codellama_contracts/4481.sol,4481.sol,solhint-6.0.0,solidity,2025/09/14,20260212_1543,1770911500.5111754,3.15683913230896,255,{},{},{EXIT_CODE_255},{}
contracts_output/contracts_output/codellama_contracts/4491.sol,4491.sol,solhint-6.0.0,solidity,2025/09/14,20260212_1543,1770911098.1284006,3.6213927268981934,1,"{compiler_version,func_visibility,gas_custom_errors,gas_small_strings,gas_strict_inequalities,one_contract_per_file,reason_string,use_natspec}",{},{},{}
contracts_output/contracts_output/codellama_contracts/4496.sol,4496.sol,solhint-6.0.0,solidity,2025/09/14,20260212_1543,1770911172.68386,4.25429892539978,1,"{compiler_version,func_visibility,gas_custom_errors,gas_small_strings,gas_strict_inequalities,one_contract_per_file,reason_string,use_natspec}",{},{},{}
contracts_output/contracts_output/codellama_contracts/4517.sol,4517.sol,solhint-6.0.0,solidity,2025/09/14,20260212_1543,1770911026.2741706,4.0207908153533936,255,{},{},{EXIT_CODE_255},{}
contracts_output/contracts_output/codellama_contracts/4527.sol,4527.sol,solhint-6.0.0,solidity,2025/09/14,20260212_1543,1770911423.694755,3.5634853839874268,1,"{compiler_version,func_visibility,gas_custom_errors,gas_small_strings,gas_strict_inequalities,one_contract_per_file,reason_string,use_natspec}",{},{},{}
contracts_output/contracts_output/codellama_contracts/4553.sol,4553.sol,solhint-6.0.0,solidity,2025/09/14,20260212_1543,1770911246.46896,3.1999194622039795,1,"{compiler_version,func_visibility,gas_custom_errors,gas_small_strings,gas_strict_inequalities,one_contract_per_file,reason_string,use_natspec}",{},{},{}
contracts_output/contracts_output/codellama_contracts/4560.sol,4560.sol,solhint-6.0.0,solidity,2025/09/14,20260212_1543,1770911472.0364006,2.7824525833129883,255,{},{},{EXIT_CODE_255},{}
contracts_output/contracts_output/codellama_contracts/4562.sol,4562.sol,solhint-6.0.0,solidity,2025/09/14,20260212_1543,1770911508.5343907,2.6963884830474854,1,"{compiler_version,func_visibility,gas_calldata_parameters,gas_custom_errors,gas_increment_by_one,gas_small_strings,gas_strict_inequalities,import_path_check,imports_on_top,no_global_import,one_contract_per_file,reason_string,use_natspec}",{},{},{}
contracts_output/contracts_output/codellama_contracts/4567.sol,4567.sol,solhint-6.0.0,solidity,2025/09/14,20260212_1543,1770911026.166819,2.806288719177246,1,"{compiler_version,func_visibility,gas_custom_errors,gas_small_strings,gas_strict_inequalities,import_path_check,no_global_import,one_contract_per_file,reason_string,use_natspec}",{},{},{}
contracts_output/contracts_output/codellama_contracts/4568.sol,4568.sol,solhint-6.0.0,solidity,2025/09/14,20260212_1543,1770911411.2183487,4.272187948226929,1,"{compiler_version,func_visibility,gas_custom_errors,gas_small_strings,gas_strict_inequalities,one_contract_per_file,reason_string,use_natspec}",{},{},{}
contracts_output/contracts_output/codellama_contracts/4569.sol,4569.sol,solhint-6.0.0,solidity,2025/09/14,20260212_1543,1770911189.3231812,4.29748797416687,1,"{compiler_version,func_visibility,gas_custom_errors,gas_increment_by_one,gas_small_strings,gas_strict_inequalities,one_contract_per_file,reason_string,use_natspec}",{},{},{}
contracts_output/contracts_output/codellama_contracts/4577.sol,4577.sol,solhint-6.0.0,solidity,2025/09/14,20260212_1543,1770911391.4017475,3.3907907009124756,1,"{compiler_version,func_visibility,gas_custom_errors,gas_small_strings,gas_strict_inequalities,one_contract_per_file,reason_string,use_natspec}",{},{},{}
contracts_output/contracts_output/codellama_contracts/4581.sol,4581.sol,solhint-6.0.0,solidity,2025/09/14,20260212_1543,1770911384.954652,2.8137083053588867,1,"{compiler_version,func_visibility,gas_custom_errors,gas_small_strings,gas_strict_inequalities,one_contract_per_file,reason_string,use_natspec}",{},{},{}
contracts_output/contracts_output/codellama_contracts/4592.sol,4592.sol,solhint-6.0.0,solidity,2025/09/14,20260212_1543,1770911069.7287552,2.758913040161133,1,"{compiler_version,func_visibility,gas_custom_errors,gas_small_strings,gas_strict_inequalities,one_contract_per_file,reason_string,use_natspec}",{},{},{}
contracts_output/contracts_output/codellama_contracts/4597.sol,4597.sol,solhint-6.0.0,solidity,2025/09/14,20260212_1543,1770911056.2655263,3.788674831390381,1,"{compiler_version,func_visibility,gas_custom_errors,gas_small_strings,gas_strict_inequalities,one_contract_per_file,reason_string,use_natspec}",{},{},{}
contracts_output/contracts_output/codellama_contracts/4609.sol,4609.sol,solhint-6.0.0,solidity,2025/09/14,20260212_1543,1770911173.3249054,2.8864903450012207,1,"{compiler_version,func_visibility,gas_custom_errors,gas_increment_by_one,gas_small_strings,gas_strict_inequalities,one_contract_per_file,reason_string,use_natspec}",{},{},{}
contracts_output/contracts_output/codellama_contracts/461.sol,461.sol,solhint-6.0.0,solidity,2025/09/14,20260212_1543,1770911454.2212086,2.679022789001465,1,{},{},{},{}
contracts_output/contracts_output/codellama_contracts/4614.sol,4614.sol,solhint-6.0.0,solidity,2025/09/14,20260212_1543,1770911363.9503803,3.863354444503784,1,"{compiler_version,func_visibility,gas_custom_errors,gas_small_strings,gas_strict_inequalities,one_contract_per_file,reason_string,use_natspec}",{},{},{}
contracts_output/contracts_output/codellama_contracts/4646.sol,4646.sol,solhint-6.0.0,solidity,2025/09/14,20260212_1543,1770911455.7178977,3.675884246826172,1,"{compiler_version,func_visibility,gas_custom_errors,gas_small_strings,gas_strict_inequalities,one_contract_per_file,reason_string,use_natspec}",{},{},{}
contracts_output/contracts_output/codellama_contracts/465.sol,465.sol,solhint-6.0.0,solidity,2025/09/14,20260212_1543,1770911506.244891,3.3666234016418457,1,"{compiler_version,func_visibility,gas_custom_errors,gas_increment_by_one,gas_small_strings,gas_strict_inequalities,one_contract_per_file,reason_string,use_natspec}",{},{},{}
contracts_output/contracts_output/codellama_contracts/4661.sol,4661.sol,solhint-6.0.0,solidity,2025/09/14,20260212_1543,1770911184.7174075,2.939249277114868,1,"{compiler_version,func_visibility,gas_custom_errors,gas_small_strings,import_path_check,no_global_import,one_contract_per_file,reason_string,use_natspec}",{},{},{}
contracts_output/contracts_output/codellama_contracts/4669.sol,4669.sol,solhint-6.0.0,solidity,2025/09/14,20260212_1543,1770911430.0971994,3.213486909866333,1,"{compiler_version,func_visibility,gas_custom_errors,gas_increment_by_one,gas_small_strings,gas_strict_inequalities,one_contract_per_file,reason_string,use_natspec}",{},{},{}
contracts_output/contracts_output/codellama_contracts/467.sol,467.sol,solhint-6.0.0,solidity,2025/09/14,20260212_1543,1770911268.6035697,2.838409900665283,1,"{compiler_version,func_visibility,gas_custom_errors,gas_small_strings,gas_strict_inequalities,one_contract_per_file,reason_string,use_natspec}",{},{},{}
contracts_output/contracts_output/codellama_contracts/4675.sol,4675.sol,solhint-6.0.0,solidity,2025/09/14,20260212_1543,1770911031.4679258,2.5640065670013428,1,"{compiler_version,func_visibility,gas_custom_errors,import_path_check,imports_on_top,no_global_import,one_contract_per_file,use_natspec}",{},{},{}
contracts_output/contracts_output/codellama_contracts/4681.sol,4681.sol,solhint-6.0.0,solidity,2025/09/14,20260212_1543,1770911188.1487434,2.6521356105804443,1,"{compiler_version,gas_custom_errors,gas_small_strings,gas_strict_inequalities,one_contract_per_file,reason_string,use_natspec,visibility_modifier_order}",{},{},{}
contracts_output/contracts_output/codellama_contracts/4695.sol,4695.sol,solhint-6.0.0,solidity,2025/09/14,20260212_1543,1770911084.4327376,3.6474809646606445,1,"{compiler_version,func_visibility,gas_custom_errors,gas_small_strings,gas_strict_inequalities,one_contract_per_file,reason_string,use_natspec,visibility_modifier_order}",{},{},{}
contracts_output/contracts_output/codellama_contracts/4726.sol,4726.sol,solhint-6.0.0,solidity,2025/09/14,20260212_1543,1770911068.3257408,3.1180026531219482,1,"{compiler_version,gas_custom_errors,gas_small_strings,gas_strict_inequalities,import_path_check,imports_on_top,no_global_import,one_contract_per_file,reason_string,use_natspec}",{},{},{}
contracts_output/contracts_output/codellama_contracts/4727.sol,4727.sol,solhint-6.0.0,solidity,2025/09/14,20260212_1543,1770911475.2195165,4.334814786911011,1,"{compiler_version,func_visibility,gas_custom_errors,gas_small_strings,gas_strict_inequalities,one_contract_per_file,quotes,reason_string,use_natspec}",{},{},{}
contracts_output/contracts_output/codellama_contracts/474.sol,474.sol,solhint-6.0.0,solidity,2025/09/14,20260212_1543,1770911256.2388568,3.167050838470459,1,"{compiler_version,func_visibility,gas_custom_errors,gas_small_strings,gas_strict_inequalities,one_contract_per_file,quotes,reason_string,use_natspec}",{},{},{}
contracts_output/contracts_output/codellama_contracts/4746.sol,4746.sol,solhint-6.0.0,solidity,2025/09/14,20260212_1543,1770911229.1131146,3.5134963989257812,1,"{compiler_version,func_visibility,gas_custom_errors,gas_small_strings,gas_strict_inequalities,one_contract_per_file,reason_string,use_natspec}",{},{},{}
contracts_output/contracts_output/codellama_contracts/475.sol,475.sol,solhint-6.0.0,solidity,2025/09/14,20260212_1543,1770911181.9159253,4.797424554824829,1,"{compiler_version,func_visibility,gas_custom_errors,gas_small_strings,gas_strict_inequalities,import_path_check,imports_on_top,no_global_import,one_contract_per_file,reason_string,use_natspec}",{},{},{}
contracts_output/contracts_output/codellama_contracts/476.sol,476.sol,solhint-6.0.0,solidity,2025/09/14,20260212_1543,1770911448.8689382,3.2248408794403076,1,"{compiler_version,func_visibility,gas_custom_errors,gas_small_strings,gas_strict_inequalities,one_contract_per_file,reason_string,use_natspec}",{},{},{}
contracts_output/contracts_output/codellama_contracts/4761.sol,4761.sol,solhint-6.0.0,solidity,2025/09/14,20260212_1543,1770911218.0659935,3.5731520652770996,1,"{compiler_version,func_visibility,gas_custom_errors,gas_small_strings,gas_strict_inequalities,one_contract_per_file,reason_string,use_natspec}",{},{},{}
contracts_output/contracts_output/codellama_contracts/4775.sol,4775.sol,solhint-6.0.0,solidity,2025/09/14,20260212_1543,1770911110.5631075,2.5675718784332275,1,"{compiler_version,func_visibility,gas_custom_errors,gas_small_strings,gas_strict_inequalities,one_contract_per_file,quotes,reason_string,use_natspec}",{},{},{}
contracts_output/contracts_output/codellama_contracts/4790.sol,4790.sol,solhint-6.0.0,solidity,2025/09/14,20260212_1543,1770911243.7206745,2.9992127418518066,1,"{compiler_version,func_visibility,gas_custom_errors,gas_small_strings,gas_strict_inequalities,one_contract_per_file,reason_string,use_natspec}",{},{},{}
contracts_output/contracts_output/codellama_contracts/4803.sol,4803.sol,solhint-6.0.0,solidity,2025/09/14,20260212_1543,1770911442.3706803,2.597686767578125,1,"{compiler_version,func_visibility,gas_custom_errors,gas_small_strings,gas_strict_inequalities,one_contract_per_file,reason_string,use_natspec}",{},{},{}
contracts_output/contracts_output/codellama_contracts/4806.sol,4806.sol,solhint-6.0.0,solidity,2025/09/14,20260212_1543,1770911386.0050395,2.882187604904175,1,"{compiler_version,func_visibility,gas_custom_errors,gas_small_strings,gas_strict_inequalities,one_contract_per_file,quotes,reason_string,reentrancy,use_natspec}",{},{},{}
contracts_output/contracts_output/codellama_contracts/4823.sol,4823.sol,solhint-6.0.0,solidity,2025/09/14,20260212_1543,1770911421.0556293,2.657971143722534,1,{},{},{},{}
contracts_output/contracts_output/codellama_contracts/4839.sol,4839.sol,solhint-6.0.0,solidity,2025/09/14,20260212_1543,1770911355.8596985,3.4265942573547363,1,"{compiler_version,func_visibility,gas_custom_errors,gas_small_strings,gas_strict_inequalities,one_contract_per_file,reason_string,use_natspec}",{},{},{}
contracts_output/contracts_output/codellama_contracts/4847.sol,4847.sol,solhint-6.0.0,solidity,2025/09/14,20260212_1543,1770911424.636682,3.6582071781158447,1,"{compiler_version,func_visibility,gas_custom_errors,gas_small_strings,gas_strict_inequalities,one_contract_per_file,quotes,reason_string,use_natspec}",{},{},{}
contracts_output/contracts_output/codellama_contracts/4852.sol,4852.sol,solhint-6.0.0,solidity,2025/09/14,20260212_1543,1770911291.4401433,3.8915464878082275,1,"{compiler_version,func_visibility,gas_custom_errors,gas_increment_by_one,gas_small_strings,gas_strict_inequalities,one_contract_per_file,reason_string,use_natspec}",{},{},{}
contracts_output/contracts_output/codellama_contracts/4854.sol,4854.sol,solhint-6.0.0,solidity,2025/09/14,20260212_1543,1770911065.0850828,3.1809375286102295,1,"{compiler_version,func_visibility,gas_custom_errors,gas_small_strings,gas_strict_inequalities,one_contract_per_file,reason_string,use_natspec}",{},{},{}
contracts_output/contracts_output/codellama_contracts/4864.sol,4864.sol,solhint-6.0.0,solidity,2025/09/14,20260212_1543,1770911478.9951909,2.963616132736206,1,"{compiler_version,func_visibility,gas_custom_errors,gas_increment_by_one,gas_small_strings,gas_strict_inequalities,one_contract_per_file,reason_string,use_natspec}",{},{},{}
contracts_output/contracts_output/codellama_contracts/4877.sol,4877.sol,solhint-6.0.0,solidity,2025/09/14,20260212_1543,1770911123.4813573,3.1316847801208496,1,"{compiler_version,func_visibility,gas_custom_errors,gas_small_strings,gas_strict_inequalities,one_contract_per_file,reason_string,use_natspec}",{},{},{}
contracts_output/contracts_output/codellama_contracts/4896.sol,4896.sol,solhint-6.0.0,solidity,2025/09/14,20260212_1543,1770911276.5577252,2.927865505218506,1,"{compiler_version,func_visibility,gas_custom_errors,gas_small_strings,gas_strict_inequalities,one_contract_per_file,reason_string,use_natspec}",{},{},{}
contracts_output/contracts_output/codellama_contracts/4898.sol,4898.sol,solhint-6.0.0,solidity,2025/09/14,20260212_1543,1770911160.309207,2.6749610900878906,1,"{compiler_version,explicit_types,func_visibility,gas_custom_errors,gas_strict_inequalities,import_path_check,no_global_import,use_natspec}",{},{},{}
contracts_output/contracts_output/codellama_contracts/4912.sol,4912.sol,solhint-6.0.0,solidity,2025/09/14,20260212_1543,1770911026.1726508,2.1514830589294434,1,"{compiler_version,func_visibility,gas_custom_errors,import_path_check,no_global_import,one_contract_per_file,quotes,use_natspec}",{},{},{}
contracts_output/contracts_output/codellama_contracts/4928.sol,4928.sol,solhint-6.0.0,solidity,2025/09/14,20260212_1543,1770911338.2541454,3.457043409347534,1,"{compiler_version,func_visibility,gas_custom_errors,gas_small_strings,gas_strict_inequalities,one_contract_per_file,reason_string,use_natspec}",{},{},{}
contracts_output/contracts_output/codellama_contracts/4942.sol,4942.sol,solhint-6.0.0,solidity,2025/09/14,20260212_1543,1770911333.248259,3.9799716472625732,1,"{compiler_version,func_visibility,gas_custom_errors,gas_small_strings,gas_strict_inequalities,one_contract_per_file,reason_string,use_natspec}",{},{},{}
contracts_output/contracts_output/codellama_contracts/497.sol,497.sol,solhint-6.0.0,solidity,2025/09/14,20260212_1543,1770911500.0167298,2.969933271408081,1,"{compiler_version,func_visibility,gas_custom_errors,gas_small_strings,gas_strict_inequalities,import_path_check,no_global_import,one_contract_per_file,reason_string,use_natspec}",{},{},{}
contracts_output/contracts_output/codellama_contracts/4986.sol,4986.sol,solhint-6.0.0,solidity,2025/09/14,20260212_1543,1770911295.334076,3.3483128547668457,1,"{compiler_version,func_visibility,gas_custom_errors,gas_small_strings,gas_strict_inequalities,one_contract_per_file,quotes,reason_string,use_natspec}",{},{},{}
contracts_output/contracts_output/codellama_contracts/4993.sol,4993.sol,solhint-6.0.0,solidity,2025/09/14,20260212_1543,1770911236.105931,3.7803821563720703,1,"{compiler_version,func_visibility,gas_custom_errors,gas_small_strings,gas_strict_inequalities,import_path_check,imports_on_top,no_global_import,one_contract_per_file,quotes,reason_string,use_natspec}",{},{},{}
contracts_output/contracts_output/codellama_contracts/5005.sol,5005.sol,solhint-6.0.0,solidity,2025/09/14,20260212_1543,1770911035.154241,3.193556785583496,1,"{compiler_version,const_name_snakecase,func_visibility,gas_custom_errors,gas_small_strings,gas_strict_inequalities,one_contract_per_file,quotes,reason_string,use_natspec}",{},{},{}
contracts_output/contracts_output/codellama_contracts/5007.sol,5007.sol,solhint-6.0.0,solidity,2025/09/14,20260212_1543,1770911038.778327,3.0708651542663574,1,"{compiler_version,func_visibility,gas_custom_errors,gas_small_strings,gas_strict_inequalities,import_path_check,no_global_import,one_contract_per_file,reason_string,use_natspec}",{},{},{}
contracts_output/contracts_output/codellama_contracts/5030.sol,5030.sol,solhint-6.0.0,solidity,2025/09/14,20260212_1543,1770911186.9827633,3.394368886947632,1,"{compiler_version,func_visibility,gas_custom_errors,gas_small_strings,gas_strict_inequalities,one_contract_per_file,reason_string,use_natspec}",{},{},{}
contracts_output/contracts_output/codellama_contracts/5033.sol,5033.sol,solhint-6.0.0,solidity,2025/09/14,20260212_1543,1770911464.7821624,3.4174742698669434,1,"{compiler_version,func_visibility,gas_custom_errors,gas_increment_by_one,gas_small_strings,gas_strict_inequalities,one_contract_per_file,reason_string,use_natspec}",{},{},{}
contracts_output/contracts_output/codellama_contracts/5043.sol,5043.sol,solhint-6.0.0,solidity,2025/09/14,20260212_1543,1770911457.7586453,2.87427020072937,1,"{compiler_version,func_visibility,gas_custom_errors,gas_small_strings,gas_strict_inequalities,import_path_check,imports_on_top,no_global_import,one_contract_per_file,reason_string,use_natspec}",{},{},{}
contracts_output/contracts_output/codellama_contracts/5070.sol,5070.sol,solhint-6.0.0,solidity,2025/09/14,20260212_1543,1770911063.3344657,2.7032392024993896,1,"{compiler_version,func_visibility,gas_custom_errors,gas_small_strings,gas_strict_inequalities,no_unused_vars,one_contract_per_file,reason_string,use_natspec}",{},{},{}
contracts_output/contracts_output/codellama_contracts/5074.sol,5074.sol,solhint-6.0.0,solidity,2025/09/14,20260212_1543,1770911176.7433538,3.2794904708862305,1,"{compiler_version,func_visibility,gas_custom_errors,gas_small_strings,gas_strict_inequalities,no_empty_blocks,one_contract_per_file,reason_string,use_natspec}",{},{},{}
contracts_output/contracts_output/codellama_contracts/5098.sol,5098.sol,solhint-6.0.0,solidity,2025/09/14,20260212_1543,1770911469.3371985,3.352802038192749,1,"{compiler_version,func_visibility,gas_custom_errors,gas_strict_inequalities,import_path_check,no_global_import,reason_string,use_natspec}",{},{},{}
contracts_output/contracts_output/codellama_contracts/5099.sol,5099.sol,solhint-6.0.0,solidity,2025/09/14,20260212_1543,1770911193.2054899,3.2761781215667725,1,"{compiler_version,func_visibility,gas_custom_errors,gas_small_strings,gas_strict_inequalities,one_contract_per_file,quotes,reason_string,use_natspec}",{},{},{}
contracts_output/contracts_output/codellama_contracts/5101.sol,5101.sol,solhint-6.0.0,solidity,2025/09/14,20260212_1543,1770911048.9504488,3.1498024463653564,1,"{compiler_version,func_visibility,gas_custom_errors,gas_small_strings,gas_strict_inequalities,no_empty_blocks,one_contract_per_file,quotes,reason_string,use_natspec}",{},{},{}
contracts_output/contracts_output/codellama_contracts/5131.sol,5131.sol,solhint-6.0.0,solidity,2025/09/14,20260212_1543,1770911468.593388,3.439816474914551,1,"{compiler_version,func_visibility,gas_custom_errors,gas_small_strings,gas_strict_inequalities,one_contract_per_file,reason_string,use_natspec}",{},{},{}
contracts_output/contracts_output/codellama_contracts/5169.sol,5169.sol,solhint-6.0.0,solidity,2025/09/14,20260212_1543,1770911407.8436697,3.3724210262298584,1,"{compiler_version,func_visibility,gas_custom_errors,gas_small_strings,gas_strict_inequalities,import_path_check,no_global_import,one_contract_per_file,reason_string,use_natspec}",{},{},{}
contracts_output/contracts_output/codellama_contracts/517.sol,517.sol,solhint-6.0.0,solidity,2025/09/14,20260212_1543,1770911455.4670637,3.331134080886841,1,"{compiler_version,func_visibility,gas_custom_errors,gas_small_strings,gas_strict_inequalities,one_contract_per_file,reason_string,use_natspec}",{},{},{}
contracts_output/contracts_output/codellama_contracts/5173.sol,5173.sol,solhint-6.0.0,solidity,2025/09/14,20260212_1543,1770911216.1914885,3.192538022994995,1,"{compiler_version,func_visibility,gas_custom_errors,gas_small_strings,gas_strict_inequalities,import_path_check,no_global_import,one_contract_per_file,reason_string,use_natspec}",{},{},{}
contracts_output/contracts_output/codellama_contracts/5181.sol,5181.sol,solhint-6.0.0,solidity,2025/09/14,20260212_1543,1770911303.1592875,3.089061737060547,1,"{compiler_version,gas_custom_errors,gas_small_strings,gas_strict_inequalities,one_contract_per_file,reason_string,use_natspec}",{},{},{}
contracts_output/contracts_output/codellama_contracts/5188.sol,5188.sol,solhint-6.0.0,solidity,2025/09/14,20260212_1543,1770911339.7263346,3.72857403755188,1,"{compiler_version,func_visibility,gas_custom_errors,gas_increment_by_one,gas_small_strings,gas_strict_inequalities,no_unused_vars,one_contract_per_file,reason_string,use_natspec}",{},{},{}
contracts_output/contracts_output/codellama_contracts/52.sol,52.sol,solhint-6.0.0,solidity,2025/09/14,20260212_1543,1770911143.0121486,3.2741377353668213,1,"{compiler_version,explicit_types,func_visibility,gas_custom_errors,gas_small_strings,gas_strict_inequalities,import_path_check,no_global_import,one_contract_per_file,reason_string,use_natspec}",{},{},{}
contracts_output/contracts_output/codellama_contracts/5200.sol,5200.sol,solhint-6.0.0,solidity,2025/09/14,20260212_1543,1770911441.412011,2.868333578109741,255,{},{},{EXIT_CODE_255},{}
contracts_output/contracts_output/codellama_contracts/521.sol,521.sol,solhint-6.0.0,solidity,2025/09/14,20260212_1543,1770911027.620407,3.4265873432159424,1,"{compiler_version,func_visibility,gas_custom_errors,gas_small_strings,gas_strict_inequalities,one_contract_per_file,reason_string,use_natspec}",{},{},{}
contracts_output/contracts_output/codellama_contracts/5228.sol,5228.sol,solhint-6.0.0,solidity,2025/09/14,20260212_1543,1770911436.3608675,2.92995548248291,1,"{compiler_version,func_visibility,gas_custom_errors,gas_increment_by_one,gas_small_strings,gas_strict_inequalities,one_contract_per_file,reason_string,use_natspec}",{},{},{}
contracts_output/contracts_output/codellama_contracts/5253.sol,5253.sol,solhint-6.0.0,solidity,2025/09/14,20260212_1543,1770911032.9502833,3.727505922317505,1,"{compiler_version,func_visibility,gas_custom_errors,gas_small_strings,gas_strict_inequalities,one_contract_per_file,reason_string,use_natspec}",{},{},{}
contracts_output/contracts_output/codellama_contracts/527.sol,527.sol,solhint-6.0.0,solidity,2025/09/14,20260212_1543,1770911401.1414711,3.6230106353759766,1,"{compiler_version,func_visibility,gas_custom_errors,gas_small_strings,gas_strict_inequalities,one_contract_per_file,reason_string,use_natspec}",{},{},{}
contracts_output/contracts_output/codellama_contracts/5294.sol,5294.sol,solhint-6.0.0,solidity,2025/09/14,20260212_1543,1770911344.4814818,2.5523815155029297,1,"{compiler_version,func_visibility,gas_custom_errors,gas_small_strings,gas_strict_inequalities,one_contract_per_file,reason_string,use_natspec}",{},{},{}
contracts_output/contracts_output/codellama_contracts/5296.sol,5296.sol,solhint-6.0.0,solidity,2025/09/14,20260212_1543,1770911382.686951,2.864541530609131,1,"{compiler_version,func_visibility,gas_custom_errors,gas_small_strings,gas_strict_inequalities,import_path_check,imports_on_top,no_global_import,one_contract_per_file,reason_string,use_natspec}",{},{},{}
contracts_output/contracts_output/codellama_contracts/5300.sol,5300.sol,solhint-6.0.0,solidity,2025/09/14,20260212_1543,1770911203.3086228,3.253608465194702,1,"{compiler_version,explicit_types,func_visibility,gas_custom_errors,gas_increment_by_one,gas_small_strings,gas_strict_inequalities,import_path_check,no_global_import,one_contract_per_file,quotes,reason_string,use_natspec}",{},{},{}
contracts_output/contracts_output/codellama_contracts/5313.sol,5313.sol,solhint-6.0.0,solidity,2025/09/14,20260212_1543,1770911336.1914299,4.050817966461182,1,"{compiler_version,func_visibility,gas_increment_by_one,import_path_check,imports_on_top,no_empty_blocks,no_global_import,one_contract_per_file,use_natspec}",{},{},{}
contracts_output/contracts_output/codellama_contracts/5314.sol,5314.sol,solhint-6.0.0,solidity,2025/09/14,20260212_1543,1770911436.654713,2.697605609893799,255,{},{},{EXIT_CODE_255},{}
contracts_output/contracts_output/codellama_contracts/5346.sol,5346.sol,solhint-6.0.0,solidity,2025/09/14,20260212_1543,1770911281.9046035,2.6182730197906494,1,"{compiler_version,gas_custom_errors,gas_small_strings,gas_strict_inequalities,import_path_check,no_global_import,one_contract_per_file,reason_string,use_natspec}",{},{},{}
contracts_output/contracts_output/codellama_contracts/5392.sol,5392.sol,solhint-6.0.0,solidity,2025/09/14,20260212_1543,1770911117.2901597,3.8044114112854004,1,"{compiler_version,explicit_types,func_visibility,gas_custom_errors,gas_increment_by_one,gas_small_strings,gas_strict_inequalities,one_contract_per_file,reason_string,use_natspec}",{},{},{}
contracts_output/contracts_output/codellama_contracts/5397.sol,5397.sol,solhint-6.0.0,solidity,2025/09/14,20260212_1543,1770911192.4756434,2.8174593448638916,1,"{compiler_version,func_visibility,gas_custom_errors,gas_small_strings,gas_strict_inequalities,import_path_check,no_global_import,one_contract_per_file,reason_string,use_natspec}",{},{},{}
contracts_output/contracts_output/codellama_contracts/5406.sol,5406.sol,solhint-6.0.0,solidity,2025/09/14,20260212_1543,1770911186.8468626,3.5344064235687256,1,"{compiler_version,func_visibility,gas_custom_errors,gas_increment_by_one,gas_small_strings,gas_strict_inequalities,one_contract_per_file,reason_string,use_natspec}",{},{},{}
contracts_output/contracts_output/codellama_contracts/5414.sol,5414.sol,solhint-6.0.0,solidity,2025/09/14,20260212_1543,1770911344.1751392,3.0748112201690674,1,"{compiler_version,func_visibility,gas_custom_errors,gas_small_strings,gas_strict_inequalities,import_path_check,imports_on_top,no_global_import,one_contract_per_file,reason_string,use_natspec}",{},{},{}
contracts_output/contracts_output/codellama_contracts/5432.sol,5432.sol,solhint-6.0.0,solidity,2025/09/14,20260212_1543,1770911208.0194383,3.2386913299560547,1,"{compiler_version,func_visibility,gas_custom_errors,gas_small_strings,gas_strict_inequalities,one_contract_per_file,reason_string,use_natspec}",{},{},{}
contracts_output/contracts_output/codellama_contracts/5444.sol,5444.sol,solhint-6.0.0,solidity,2025/09/14,20260212_1543,1770911079.0647566,3.418480634689331,1,"{compiler_version,explicit_types,func_visibility,gas_custom_errors,gas_small_strings,gas_strict_inequalities,one_contract_per_file,reason_string,use_natspec}",{},{},{}
contracts_output/contracts_output/codellama_contracts/5459.sol,5459.sol,solhint-6.0.0,solidity,2025/09/14,20260212_1543,1770911157.580605,3.526750326156616,255,{},{},{EXIT_CODE_255},{}
contracts_output/contracts_output/codellama_contracts/5466.sol,5466.sol,solhint-6.0.0,solidity,2025/09/14,20260212_1543,1770911093.4034588,3.555877447128296,1,"{compiler_version,func_visibility,gas_custom_errors,gas_small_strings,gas_strict_inequalities,no_unused_vars,one_contract_per_file,quotes,reason_string,use_natspec}",{},{},{}
contracts_output/contracts_output/codellama_contracts/5478.sol,5478.sol,solhint-6.0.0,solidity,2025/09/14,20260212_1543,1770911502.989502,3.263166666030884,255,{},{},{EXIT_CODE_255},{}
contracts_output/contracts_output/codellama_contracts/5480.sol,5480.sol,solhint-6.0.0,solidity,2025/09/14,20260212_1543,1770911057.5110912,3.131962299346924,1,"{compiler_version,func_visibility,gas_custom_errors,gas_small_strings,gas_strict_inequalities,one_contract_per_file,reason_string,use_natspec}",{},{},{}
contracts_output/contracts_output/codellama_contracts/5481.sol,5481.sol,solhint-6.0.0,solidity,2025/09/14,20260212_1543,1770911300.1207085,3.883108139038086,1,"{compiler_version,func_visibility,gas_custom_errors,gas_small_strings,gas_strict_inequalities,one_contract_per_file,quotes,reason_string,use_natspec}",{},{},{}
contracts_output/contracts_output/codellama_contracts/5497.sol,5497.sol,solhint-6.0.0,solidity,2025/09/14,20260212_1543,1770911396.5124702,3.25162935256958,1,"{compiler_version,func_visibility,gas_custom_errors,gas_small_strings,gas_strict_inequalities,one_contract_per_file,reason_string,use_natspec}",{},{},{}
contracts_output/contracts_output/codellama_contracts/5500.sol,5500.sol,solhint-6.0.0,solidity,2025/09/14,20260212_1543,1770911153.4492037,3.1935362815856934,1,"{compiler_version,func_visibility,gas_custom_errors,gas_small_strings,gas_strict_inequalities,one_contract_per_file,quotes,reason_string,use_natspec}",{},{},{}
contracts_output/contracts_output/codellama_contracts/5527.sol,5527.sol,solhint-6.0.0,solidity,2025/09/14,20260212_1543,1770911138.9873924,3.2376725673675537,1,"{compiler_version,func_visibility,gas_custom_errors,gas_small_strings,gas_strict_inequalities,import_path_check,imports_on_top,no_global_import,one_contract_per_file,reason_string,use_natspec}",{},{},{}
contracts_output/contracts_output/codellama_contracts/5531.sol,5531.sol,solhint-6.0.0,solidity,2025/09/14,20260212_1543,1770911235.2734897,2.933565616607666,1,"{compiler_version,func_visibility,gas_custom_errors,gas_small_strings,gas_strict_inequalities,gas_struct_packing,one_contract_per_file,reason_string,use_natspec}",{},{},{}
contracts_output/contracts_output/codellama_contracts/5534.sol,5534.sol,solhint-6.0.0,solidity,2025/09/14,20260212_1543,1770911306.0441341,3.2875683307647705,1,"{compiler_version,func_visibility,gas_custom_errors,gas_small_strings,gas_strict_inequalities,one_contract_per_file,quotes,reason_string,use_natspec}",{},{},{}
contracts_output/contracts_output/codellama_contracts/5542.sol,5542.sol,solhint-6.0.0,solidity,2025/09/14,20260212_1543,1770911352.572387,3.6422488689422607,1,"{compiler_version,func_visibility,gas_custom_errors,gas_small_strings,gas_strict_inequalities,one_contract_per_file,quotes,reason_string,use_natspec}",{},{},{}
contracts_output/contracts_output/codellama_contracts/5584.sol,5584.sol,solhint-6.0.0,solidity,2025/09/14,20260212_1543,1770911492.6131477,2.685973882675171,1,"{compiler_version,func_visibility,gas_custom_errors,gas_small_strings,gas_strict_inequalities,import_path_check,imports_on_top,no_global_import,one_contract_per_file,quotes,reason_string,use_natspec}",{},{},{}
contracts_output/contracts_output/codellama_contracts/5602.sol,5602.sol,solhint-6.0.0,solidity,2025/09/14,20260212_1543,1770911197.9248152,3.4093282222747803,1,"{compiler_version,func_visibility,gas_custom_errors,gas_small_strings,gas_strict_inequalities,one_contract_per_file,reason_string,use_natspec}",{},{},{}
contracts_output/contracts_output/codellama_contracts/5609.sol,5609.sol,solhint-6.0.0,solidity,2025/09/14,20260212_1543,1770911300.1355398,3.337341547012329,1,"{compiler_version,func_visibility,gas_custom_errors,gas_increment_by_one,gas_small_strings,gas_strict_inequalities,one_contract_per_file,reason_string,use_natspec}",{},{},{}
contracts_output/contracts_output/codellama_contracts/5627.sol,5627.sol,solhint-6.0.0,solidity,2025/09/14,20260212_1543,1770911408.54137,3.6564526557922363,1,"{compiler_version,func_visibility,gas_custom_errors,gas_indexed_events,gas_small_strings,gas_strict_inequalities,one_contract_per_file,reason_string,use_natspec}",{},{},{}
contracts_output/contracts_output/codellama_contracts/5639.sol,5639.sol,solhint-6.0.0,solidity,2025/09/14,20260212_1543,1770911115.3183596,3.259162187576294,1,"{compiler_version,func_visibility,gas_custom_errors,gas_small_strings,gas_strict_inequalities,no_unused_vars,one_contract_per_file,reason_string,use_natspec}",{},{},{}
contracts_output/contracts_output/codellama_contracts/5641.sol,5641.sol,solhint-6.0.0,solidity,2025/09/14,20260212_1543,1770911287.8361552,4.394959211349487,1,"{compiler_version,func_visibility,gas_custom_errors,gas_small_strings,gas_strict_inequalities,one_contract_per_file,reason_string,use_natspec}",{},{},{}
contracts_output/contracts_output/codellama_contracts/5648.sol,5648.sol,solhint-6.0.0,solidity,2025/09/14,20260212_1543,1770911225.5655408,3.5452980995178223,1,"{compiler_version,func_visibility,gas_custom_errors,gas_small_strings,gas_strict_inequalities,one_contract_per_file,quotes,reason_string,use_natspec}",{},{},{}
contracts_output/contracts_output/codellama_contracts/565.sol,565.sol,solhint-6.0.0,solidity,2025/09/14,20260212_1543,1770911477.545796,3.1030497550964355,1,"{compiler_version,func_visibility,gas_calldata_parameters,gas_custom_errors,gas_increment_by_one,gas_small_strings,gas_strict_inequalities,one_contract_per_file,quotes,reason_string,use_natspec}",{},{},{}
contracts_output/contracts_output/codellama_contracts/5667.sol,5667.sol,solhint-6.0.0,solidity,2025/09/14,20260212_1543,1770911056.1824753,3.13179612159729,1,"{compiler_version,func_visibility,gas_custom_errors,gas_small_strings,gas_strict_inequalities,one_contract_per_file,quotes,reason_string,use_natspec}",{},{},{}
contracts_output/contracts_output/codellama_contracts/5679.sol,5679.sol,solhint-6.0.0,solidity,2025/09/14,20260212_1543,1770911479.766029,2.785965919494629,1,"{compiler_version,func_visibility,gas_custom_errors,gas_small_strings,gas_strict_inequalities,one_contract_per_file,reason_string,use_natspec}",{},{},{}
contracts_output/contracts_output/codellama_contracts/5691.sol,5691.sol,solhint-6.0.0,solidity,2025/09/14,20260212_1543,1770911507.0131128,3.3974416255950928,1,"{compiler_version,func_visibility,gas_custom_errors,gas_increment_by_one,gas_small_strings,gas_strict_inequalities,one_contract_per_file,reason_string,use_natspec}",{},{},{}
contracts_output/contracts_output/codellama_contracts/5701.sol,5701.sol,solhint-6.0.0,solidity,2025/09/14,20260212_1543,1770911026.2186942,3.5596256256103516,1,"{compiler_version,func_visibility,gas_custom_errors,gas_small_strings,gas_strict_inequalities,one_contract_per_file,reason_string,use_natspec}",{},{},{}
contracts_output/contracts_output/codellama_contracts/5707.sol,5707.sol,solhint-6.0.0,solidity,2025/09/14,20260212_1543,1770911263.871745,3.3250539302825928,1,"{compiler_version,func_visibility,gas_custom_errors,gas_increment_by_one,gas_small_strings,gas_strict_inequalities,import_path_check,imports_on_top,no_global_import,one_contract_per_file,reason_string,use_natspec}",{},{},{}
contracts_output/contracts_output/codellama_contracts/5732.sol,5732.sol,solhint-6.0.0,solidity,2025/09/14,20260212_1543,1770911395.8622453,3.4435043334960938,1,"{compiler_version,func_visibility,gas_custom_errors,gas_indexed_events,gas_small_strings,gas_strict_inequalities,one_contract_per_file,reason_string,use_natspec}",{},{},{}
contracts_output/contracts_output/codellama_contracts/5733.sol,5733.sol,solhint-6.0.0,solidity,2025/09/14,20260212_1543,1770911443.1020668,2.962831497192383,1,"{compiler_version,func_visibility,gas_custom_errors,gas_increment_by_one,gas_small_strings,gas_strict_inequalities,one_contract_per_file,reason_string,use_natspec}",{},{},{}
contracts_output/contracts_output/codellama_contracts/5740.sol,5740.sol,solhint-6.0.0,solidity,2025/09/14,20260212_1543,1770911503.6690903,3.7731568813323975,1,"{compiler_version,func_visibility,gas_custom_errors,gas_strict_inequalities,import_path_check,no_global_import,one_contract_per_file,use_natspec}",{},{},{}
contracts_output/contracts_output/codellama_contracts/5759.sol,5759.sol,solhint-6.0.0,solidity,2025/09/14,20260212_1543,1770911183.7775097,3.5752880573272705,1,"{compiler_version,func_visibility,gas_custom_errors,gas_small_strings,gas_strict_inequalities,one_contract_per_file,quotes,reason_string,use_natspec}",{},{},{}
contracts_output/contracts_output/codellama_contracts/5765.sol,5765.sol,solhint-6.0.0,solidity,2025/09/14,20260212_1543,1770911181.3207638,4.156405210494995,1,"{compiler_version,func_visibility,gas_custom_errors,gas_small_strings,gas_strict_inequalities,one_contract_per_file,reason_string,use_natspec}",{},{},{}
contracts_output/contracts_output/codellama_contracts/5767.sol,5767.sol,solhint-6.0.0,solidity,2025/09/14,20260212_1543,1770911053.3616354,3.7723023891448975,1,"{compiler_version,func_visibility,gas_custom_errors,gas_small_strings,gas_strict_inequalities,one_contract_per_file,reason_string,use_natspec}",{},{},{}
contracts_output/contracts_output/codellama_contracts/5781.sol,5781.sol,solhint-6.0.0,solidity,2025/09/14,20260212_1543,1770911239.139937,3.211080551147461,1,"{compiler_version,func_visibility,gas_custom_errors,gas_small_strings,gas_strict_inequalities,one_contract_per_file,reason_string,use_natspec}",{},{},{}
contracts_output/contracts_output/codellama_contracts/5791.sol,5791.sol,solhint-6.0.0,solidity,2025/09/14,20260212_1543,1770911303.8202372,3.7170703411102295,1,"{compiler_version,func_visibility,gas_custom_errors,gas_small_strings,gas_strict_inequalities,import_path_check,no_global_import,one_contract_per_file,reason_string,use_natspec}",{},{},{}
contracts_output/contracts_output/codellama_contracts/5799.sol,5799.sol,solhint-6.0.0,solidity,2025/09/14,20260212_1543,1770911173.3036726,3.4380359649658203,1,"{compiler_version,gas_custom_errors,gas_small_strings,no_unused_vars,reason_string,use_natspec,visibility_modifier_order}",{},{},{}
contracts_output/contracts_output/codellama_contracts/5800.sol,5800.sol,solhint-6.0.0,solidity,2025/09/14,20260212_1543,1770911336.773674,3.577674388885498,255,{},{},{EXIT_CODE_255},{}
contracts_output/contracts_output/codellama_contracts/5804.sol,5804.sol,solhint-6.0.0,solidity,2025/09/14,20260212_1543,1770911266.1247177,3.953104257583618,1,"{compiler_version,func_visibility,gas_custom_errors,gas_increment_by_one,gas_small_strings,gas_strict_inequalities,one_contract_per_file,reason_string,use_natspec}",{},{},{}
contracts_output/contracts_output/codellama_contracts/5822.sol,5822.sol,solhint-6.0.0,solidity,2025/09/14,20260212_1543,1770911224.0516217,3.485898494720459,1,"{compiler_version,func_visibility,gas_custom_errors,gas_small_strings,gas_strict_inequalities,import_path_check,no_global_import,one_contract_per_file,reason_string,use_natspec}",{},{},{}
contracts_output/contracts_output/codellama_contracts/5836.sol,5836.sol,solhint-6.0.0,solidity,2025/09/14,20260212_1543,1770911118.580104,2.447613477706909,1,"{compiler_version,func_visibility,gas_custom_errors,gas_small_strings,gas_strict_inequalities,import_path_check,no_global_import,one_contract_per_file,reason_string,use_natspec}",{},{},{}
contracts_output/contracts_output/codellama_contracts/5894.sol,5894.sol,solhint-6.0.0,solidity,2025/09/14,20260212_1543,1770911053.4021733,3.1386921405792236,1,"{compiler_version,func_visibility,gas_custom_errors,gas_increment_by_one,gas_small_strings,gas_strict_inequalities,one_contract_per_file,reason_string,state_visibility,use_natspec}",{},{},{}
contracts_output/contracts_output/codellama_contracts/5915.sol,5915.sol,solhint-6.0.0,solidity,2025/09/14,20260212_1543,1770911384.0609438,2.659309148788452,1,"{compiler_version,func_visibility,gas_custom_errors,gas_small_strings,gas_strict_inequalities,one_contract_per_file,reason_string,use_natspec}",{},{},{}
contracts_output/contracts_output/codellama_contracts/5919.sol,5919.sol,solhint-6.0.0,solidity,2025/09/14,20260212_1543,1770911053.5933738,3.627460241317749,1,"{compiler_version,func_visibility,gas_custom_errors,gas_small_strings,gas_strict_inequalities,one_contract_per_file,quotes,reason_string,use_natspec}",{},{},{}
contracts_output/contracts_output/codellama_contracts/5921.sol,5921.sol,solhint-6.0.0,solidity,2025/09/14,20260212_1543,1770911502.2252314,3.0566556453704834,1,"{compiler_version,func_visibility,gas_custom_errors,gas_small_strings,gas_strict_inequalities,one_contract_per_file,quotes,reason_string,use_natspec}",{},{},{}
contracts_output/contracts_output/codellama_contracts/5927.sol,5927.sol,solhint-6.0.0,solidity,2025/09/14,20260212_1543,1770911071.7843463,3.081295967102051,1,"{compiler_version,func_visibility,gas_custom_errors,gas_increment_by_one,gas_small_strings,gas_strict_inequalities,one_contract_per_file,reason_string,use_natspec}",{},{},{}
contracts_output/contracts_output/codellama_contracts/5928.sol,5928.sol,solhint-6.0.0,solidity,2025/09/14,20260212_1543,1770911219.7145452,3.4795498847961426,1,"{compiler_version,func_visibility,gas_calldata_parameters,gas_custom_errors,gas_increment_by_one,gas_small_strings,gas_strict_inequalities,import_path_check,no_global_import,one_contract_per_file,reason_string,use_natspec}",{},{},{}
contracts_output/contracts_output/codellama_contracts/5946.sol,5946.sol,solhint-6.0.0,solidity,2025/09/14,20260212_1543,1770911217.696127,2.699077844619751,1,"{compiler_version,gas_custom_errors,gas_small_strings,gas_strict_inequalities,one_contract_per_file,reason_string,use_natspec}",{},{},{}
contracts_output/contracts_output/codellama_contracts/5952.sol,5952.sol,solhint-6.0.0,solidity,2025/09/14,20260212_1543,1770911233.095934,3.2897136211395264,1,"{compiler_version,func_visibility,gas_custom_errors,gas_small_strings,gas_strict_inequalities,import_path_check,imports_on_top,no_global_import,one_contract_per_file,quotes,reason_string,use_natspec}",{},{},{}
contracts_output/contracts_output/codellama_contracts/5953.sol,5953.sol,solhint-6.0.0,solidity,2025/09/14,20260212_1543,1770911057.0238476,3.5306477546691895,1,"{compiler_version,func_visibility,gas_custom_errors,gas_small_strings,gas_strict_inequalities,no_empty_blocks,one_contract_per_file,quotes,reason_string,use_natspec}",{},{},{}
contracts_output/contracts_output/codellama_contracts/598.sol,598.sol,solhint-6.0.0,solidity,2025/09/14,20260212_1543,1770911495.3016548,2.812889814376831,1,"{compiler_version,func_visibility,gas_custom_errors,gas_small_strings,gas_strict_inequalities,no_unused_vars,one_contract_per_file,quotes,reason_string,use_natspec}",{},{},{}
contracts_output/contracts_output/codellama_contracts/5993.sol,5993.sol,solhint-6.0.0,solidity,2025/09/14,20260212_1543,1770911117.8266268,3.8061511516571045,1,"{compiler_version,func_visibility,gas_custom_errors,gas_increment_by_one,gas_small_strings,gas_strict_inequalities,no_unused_vars,one_contract_per_file,quotes,reason_string,use_natspec}",{},{},{}
contracts_output/contracts_output/codellama_contracts/6003.sol,6003.sol,solhint-6.0.0,solidity,2025/09/14,20260212_1543,1770911303.476345,3.3939998149871826,1,"{compiler_version,func_visibility,gas_calldata_parameters,gas_custom_errors,gas_small_strings,gas_strict_inequalities,no_unused_vars,one_contract_per_file,reason_string,use_natspec}",{},{},{}
contracts_output/contracts_output/codellama_contracts/6025.sol,6025.sol,solhint-6.0.0,solidity,2025/09/14,20260212_1543,1770911207.6956415,3.27237868309021,1,"{compiler_version,func_visibility,gas_custom_errors,gas_small_strings,gas_strict_inequalities,import_path_check,imports_on_top,no_global_import,one_contract_per_file,reason_string,use_natspec}",{},{},{}
contracts_output/contracts_output/codellama_contracts/6042.sol,6042.sol,solhint-6.0.0,solidity,2025/09/14,20260212_1543,1770911375.3153422,3.367608070373535,1,"{compiler_version,func_visibility,gas_custom_errors,gas_increment_by_one,gas_small_strings,gas_strict_inequalities,one_contract_per_file,quotes,reason_string,use_natspec}",{},{},{}
contracts_output/contracts_output/codellama_contracts/6047.sol,6047.sol,solhint-6.0.0,solidity,2025/09/14,20260212_1543,1770911414.737736,3.1822898387908936,1,"{compiler_version,func_visibility,gas_custom_errors,gas_small_strings,gas_strict_inequalities,one_contract_per_file,quotes,reason_string,use_natspec}",{},{},{}
contracts_output/contracts_output/codellama_contracts/6054.sol,6054.sol,solhint-6.0.0,solidity,2025/09/14,20260212_1543,1770911081.6534934,3.1414990425109863,1,"{compiler_version,func_visibility,gas_custom_errors,gas_small_strings,gas_strict_inequalities,no_empty_blocks,one_contract_per_file,reason_string,use_natspec}",{},{},{}
contracts_output/contracts_output/codellama_contracts/6060.sol,6060.sol,solhint-6.0.0,solidity,2025/09/14,20260212_1543,1770911104.332698,3.478597640991211,1,"{compiler_version,func_visibility,gas_custom_errors,gas_small_strings,gas_strict_inequalities,one_contract_per_file,reason_string,use_natspec}",{},{},{}
contracts_output/contracts_output/codellama_contracts/6063.sol,6063.sol,solhint-6.0.0,solidity,2025/09/14,20260212_1543,1770911201.3368342,4.16336989402771,1,"{compiler_version,func_visibility,gas_custom_errors,gas_small_strings,gas_strict_inequalities,one_contract_per_file,quotes,reason_string,use_natspec}",{},{},{}
contracts_output/contracts_output/codellama_contracts/609.sol,609.sol,solhint-6.0.0,solidity,2025/09/14,20260212_1543,1770911183.2569783,3.7232401371002197,1,"{compiler_version,func_visibility,gas_calldata_parameters,gas_custom_errors,gas_increment_by_one,gas_small_strings,gas_strict_inequalities,import_path_check,no_global_import,one_contract_per_file,quotes,reason_string,use_natspec}",{},{},{}
contracts_output/contracts_output/codellama_contracts/6100.sol,6100.sol,solhint-6.0.0,solidity,2025/09/14,20260212_1543,1770911041.7113662,2.568416118621826,1,"{compiler_version,func_visibility,gas_custom_errors,gas_small_strings,gas_strict_inequalities,one_contract_per_file,reason_string,use_natspec}",{},{},{}
contracts_output/contracts_output/codellama_contracts/6110.sol,6110.sol,solhint-6.0.0,solidity,2025/09/14,20260212_1543,1770911230.3571079,2.839420795440674,1,"{compiler_version,func_visibility,gas_custom_errors,gas_indexed_events,gas_small_strings,gas_strict_inequalities,one_contract_per_file,reason_string,use_natspec}",{},{},{}
contracts_output/contracts_output/codellama_contracts/6123.sol,6123.sol,solhint-6.0.0,solidity,2025/09/14,20260212_1543,1770911259.6983595,3.697904109954834,1,"{compiler_version,func_visibility,gas_custom_errors,gas_small_strings,gas_strict_inequalities,one_contract_per_file,reason_string,use_natspec}",{},{},{}
contracts_output/contracts_output/codellama_contracts/6152.sol,6152.sol,solhint-6.0.0,solidity,2025/09/14,20260212_1543,1770911388.094311,3.967978000640869,1,"{compiler_version,func_visibility,gas_custom_errors,gas_increment_by_one,gas_small_strings,gas_strict_inequalities,one_contract_per_file,reason_string,use_natspec,var_name_mixedcase}",{},{},{}
contracts_output/contracts_output/codellama_contracts/6178.sol,6178.sol,solhint-6.0.0,solidity,2025/09/14,20260212_1543,1770911366.0788167,2.8422303199768066,1,"{compiler_version,gas_custom_errors,gas_small_strings,gas_strict_inequalities,one_contract_per_file,reason_string,use_natspec}",{},{},{}
contracts_output/contracts_output/codellama_contracts/6206.sol,6206.sol,solhint-6.0.0,solidity,2025/09/14,20260212_1543,1770911088.5324564,3.707810640335083,1,"{compiler_version,func_visibility,gas_custom_errors,gas_small_strings,gas_strict_inequalities,import_path_check,no_global_import,one_contract_per_file,reason_string,use_natspec}",{},{},{}
contracts_output/contracts_output/codellama_contracts/6236.sol,6236.sol,solhint-6.0.0,solidity,2025/09/14,20260212_1543,1770911507.3587236,2.784419298171997,1,"{compiler_version,func_visibility,gas_custom_errors,gas_small_strings,gas_strict_inequalities,import_path_check,no_global_import,one_contract_per_file,quotes,reason_string,use_natspec}",{},{},{}
contracts_output/contracts_output/codellama_contracts/6249.sol,6249.sol,solhint-6.0.0,solidity,2025/09/14,20260212_1543,1770911029.0899074,3.6178646087646484,1,"{compiler_version,func_visibility,gas_custom_errors,gas_indexed_events,gas_small_strings,gas_strict_inequalities,no_empty_blocks,one_contract_per_file,reason_string,use_natspec}",{},{},{}
contracts_output/contracts_output/codellama_contracts/6260.sol,6260.sol,solhint-6.0.0,solidity,2025/09/14,20260212_1543,1770911030.0025713,3.516507387161255,1,"{compiler_version,func_visibility,gas_custom_errors,gas_small_strings,gas_strict_inequalities,no_unused_vars,one_contract_per_file,reason_string,use_natspec}",{},{},{}
contracts_output/contracts_output/codellama_contracts/6276.sol,6276.sol,solhint-6.0.0,solidity,2025/09/14,20260212_1543,1770911249.9529276,3.663257598876953,1,"{compiler_version,func_visibility,gas_custom_errors,gas_small_strings,gas_strict_inequalities,one_contract_per_file,reason_string,use_natspec}",{},{},{}
contracts_output/contracts_output/codellama_contracts/629.sol,629.sol,solhint-6.0.0,solidity,2025/09/14,20260212_1543,1770911174.4355264,3.4917595386505127,255,{},{},{EXIT_CODE_255},{}
contracts_output/contracts_output/codellama_contracts/6310.sol,6310.sol,solhint-6.0.0,solidity,2025/09/14,20260212_1543,1770911317.0639763,17.259241104125977,1,"{compiler_version,func_visibility,gas_custom_errors,gas_indexed_events,gas_small_strings,gas_strict_inequalities,one_contract_per_file,reason_string,use_natspec}",{},{},{}
contracts_output/contracts_output/codellama_contracts/6311.sol,6311.sol,solhint-6.0.0,solidity,2025/09/14,20260212_1543,1770911368.9230924,3.9968676567077637,1,"{compiler_version,explicit_types,func_visibility,gas_custom_errors,gas_increment_by_one,gas_small_strings,gas_strict_inequalities,one_contract_per_file,reason_string,use_natspec}",{},{},{}
contracts_output/contracts_output/codellama_contracts/6317.sol,6317.sol,solhint-6.0.0,solidity,2025/09/14,20260212_1543,1770911363.5888772,3.2752935886383057,1,"{compiler_version,func_visibility,gas_custom_errors,gas_small_strings,gas_strict_inequalities,one_contract_per_file,reason_string,use_natspec}",{},{},{}
contracts_output/contracts_output/codellama_contracts/6318.sol,6318.sol,solhint-6.0.0,solidity,2025/09/14,20260212_1543,1770911335.909001,3.165283441543579,1,"{compiler_version,func_visibility,gas_custom_errors,gas_small_strings,gas_strict_inequalities,import_path_check,no_global_import,no_unused_vars,one_contract_per_file,reason_string,use_natspec}",{},{},{}
contracts_output/contracts_output/codellama_contracts/6330.sol,6330.sol,solhint-6.0.0,solidity,2025/09/14,20260212_1543,1770911360.229459,2.9781126976013184,1,"{compiler_version,func_visibility,gas_custom_errors,gas_small_strings,gas_strict_inequalities,one_contract_per_file,reason_string,use_natspec}",{},{},{}
contracts_output/contracts_output/codellama_contracts/6348.sol,6348.sol,solhint-6.0.0,solidity,2025/09/14,20260212_1543,1770911508.422594,3.0818583965301514,1,"{compiler_version,func_visibility,gas_custom_errors,gas_increment_by_one,gas_small_strings,gas_strict_inequalities,one_contract_per_file,reason_string,use_natspec}",{},{},{}
contracts_output/contracts_output/codellama_contracts/6370.sol,6370.sol,solhint-6.0.0,solidity,2025/09/14,20260212_1543,1770911076.8515663,3.0053884983062744,1,"{compiler_version,func_visibility,gas_custom_errors,gas_small_strings,gas_strict_inequalities,one_contract_per_file,reason_string,use_natspec}",{},{},{}
contracts_output/contracts_output/codellama_contracts/6381.sol,6381.sol,solhint-6.0.0,solidity,2025/09/14,20260212_1543,1770911245.8848033,4.2781946659088135,1,"{compiler_version,func_visibility,gas_custom_errors,gas_small_strings,gas_strict_inequalities,import_path_check,imports_on_top,no_global_import,one_contract_per_file,quotes,reason_string,use_natspec}",{},{},{}
contracts_output/contracts_output/codellama_contracts/6383.sol,6383.sol,solhint-6.0.0,solidity,2025/09/14,20260212_1543,1770911461.6625562,2.679670572280884,255,{},{},{EXIT_CODE_255},{}
contracts_output/contracts_output/codellama_contracts/6386.sol,6386.sol,solhint-6.0.0,solidity,2025/09/14,20260212_1543,1770911270.0822608,4.71672797203064,1,"{compiler_version,func_visibility,gas_custom_errors,gas_small_strings,gas_strict_inequalities,one_contract_per_file,reason_string,use_natspec}",{},{},{}
contracts_output/contracts_output/codellama_contracts/6399.sol,6399.sol,solhint-6.0.0,solidity,2025/09/14,20260212_1543,1770911441.4548323,4.180692195892334,1,"{compiler_version,func_visibility,gas_custom_errors,gas_small_strings,gas_strict_inequalities,one_contract_per_file,reason_string,use_natspec}",{},{},{}
contracts_output/contracts_output/codellama_contracts/6404.sol,6404.sol,solhint-6.0.0,solidity,2025/09/14,20260212_1543,1770911189.289672,4.264049053192139,1,"{compiler_version,const_name_snakecase,func_visibility,gas_custom_errors,gas_increment_by_one,gas_small_strings,gas_strict_inequalities,one_contract_per_file,quotes,reason_string,use_natspec}",{},{},{}
contracts_output/contracts_output/codellama_contracts/6408.sol,6408.sol,solhint-6.0.0,solidity,2025/09/14,20260212_1543,1770911468.2025077,3.20095157623291,1,"{compiler_version,func_visibility,gas_custom_errors,gas_small_strings,gas_strict_inequalities,one_contract_per_file,reason_string,reentrancy,use_natspec}",{},{},{}
contracts_output/contracts_output/codellama_contracts/6427.sol,6427.sol,solhint-6.0.0,solidity,2025/09/14,20260212_1543,1770911071.608437,2.9713594913482666,1,"{compiler_version,func_visibility,gas_custom_errors,quotes,use_natspec}",{},{},{}
contracts_output/contracts_output/codellama_contracts/6429.sol,6429.sol,solhint-6.0.0,solidity,2025/09/14,20260212_1543,1770911386.5881577,2.558804512023926,1,"{compiler_version,func_visibility,gas_custom_errors,gas_small_strings,reason_string,use_natspec}",{},{},{}
contracts_output/contracts_output/codellama_contracts/6434.sol,6434.sol,solhint-6.0.0,solidity,2025/09/14,20260212_1543,1770911090.144763,2.801239490509033,1,"{compiler_version,func_visibility,gas_custom_errors,gas_small_strings,gas_strict_inequalities,one_contract_per_file,reason_string,use_natspec}",{},{},{}
contracts_output/contracts_output/codellama_contracts/6458.sol,6458.sol,solhint-6.0.0,solidity,2025/09/14,20260212_1543,1770911466.4215043,2.6857595443725586,1,"{compiler_version,func_visibility,gas_custom_errors,gas_small_strings,gas_strict_inequalities,import_path_check,imports_on_top,no_global_import,one_contract_per_file,reason_string,use_natspec}",{},{},{}
contracts_output/contracts_output/codellama_contracts/6503.sol,6503.sol,solhint-6.0.0,solidity,2025/09/14,20260212_1543,1770911275.769875,3.444091796875,1,"{compiler_version,func_visibility,gas_custom_errors,gas_small_strings,gas_strict_inequalities,one_contract_per_file,reason_string,use_natspec}",{},{},{}
contracts_output/contracts_output/codellama_contracts/6513.sol,6513.sol,solhint-6.0.0,solidity,2025/09/14,20260212_1543,1770911388.26826,3.1294209957122803,1,"{compiler_version,func_visibility,gas_custom_errors,gas_small_strings,gas_strict_inequalities,import_path_check,no_global_import,one_contract_per_file,reason_string,use_natspec}",{},{},{}
contracts_output/contracts_output/codellama_contracts/6515.sol,6515.sol,solhint-6.0.0,solidity,2025/09/14,20260212_1543,1770911506.2539628,2.4608025550842285,1,"{avoid_sha3,compiler_version,func_visibility,gas_custom_errors,gas_small_strings,gas_strict_inequalities,one_contract_per_file,reason_string,use_natspec}",{},{},{}
contracts_output/contracts_output/codellama_contracts/6517.sol,6517.sol,solhint-6.0.0,solidity,2025/09/14,20260212_1543,1770911507.217677,3.2236428260803223,1,"{compiler_version,const_name_snakecase,func_visibility,gas_custom_errors,gas_small_strings,gas_strict_inequalities,one_contract_per_file,quotes,reason_string,use_natspec}",{},{},{}
contracts_output/contracts_output/codellama_contracts/6519.sol,6519.sol,solhint-6.0.0,solidity,2025/09/14,20260212_1543,1770911370.6346982,3.2035796642303467,1,"{compiler_version,explicit_types,func_visibility,gas_custom_errors,import_path_check,no_global_import,one_contract_per_file,use_natspec}",{},{},{}
contracts_output/contracts_output/codellama_contracts/6528.sol,6528.sol,solhint-6.0.0,solidity,2025/09/14,20260212_1543,1770911458.145974,3.5140929222106934,1,"{compiler_version,func_visibility,gas_custom_errors,gas_small_strings,gas_strict_inequalities,one_contract_per_file,reason_string,use_natspec}",{},{},{}
contracts_output/contracts_output/codellama_contracts/6552.sol,6552.sol,solhint-6.0.0,solidity,2025/09/14,20260212_1543,1770911118.122313,3.062574625015259,1,"{compiler_version,func_visibility,gas_custom_errors,gas_increment_by_one,gas_small_strings,gas_strict_inequalities,one_contract_per_file,reason_string,use_natspec}",{},{},{}
contracts_output/contracts_output/codellama_contracts/6562.sol,6562.sol,solhint-6.0.0,solidity,2025/09/14,20260212_1543,1770911367.8167274,3.086923599243164,1,"{compiler_version,func_visibility,gas_custom_errors,gas_indexed_events,gas_small_strings,gas_strict_inequalities,import_path_check,no_global_import,one_contract_per_file,reason_string,use_natspec}",{},{},{}
contracts_output/contracts_output/codellama_contracts/6593.sol,6593.sol,solhint-6.0.0,solidity,2025/09/14,20260212_1543,1770911348.8072999,4.043311595916748,1,"{compiler_version,func_visibility,gas_custom_errors,gas_increment_by_one,gas_small_strings,gas_strict_inequalities,one_contract_per_file,reason_string,use_natspec}",{},{},{}
contracts_output/contracts_output/codellama_contracts/6613.sol,6613.sol,solhint-6.0.0,solidity,2025/09/14,20260212_1543,1770911290.7929056,2.8597826957702637,1,"{compiler_version,func_visibility,gas_custom_errors,gas_small_strings,gas_strict_inequalities,one_contract_per_file,reason_string,use_natspec}",{},{},{}
contracts_output/contracts_output/codellama_contracts/6641.sol,6641.sol,solhint-6.0.0,solidity,2025/09/14,20260212_1543,1770911435.7984946,3.4537241458892822,1,"{compiler_version,func_visibility,gas_custom_errors,gas_increment_by_one,gas_small_strings,gas_strict_inequalities,one_contract_per_file,reason_string,use_natspec}",{},{},{}
contracts_output/contracts_output/codellama_contracts/6644.sol,6644.sol,solhint-6.0.0,solidity,2025/09/14,20260212_1543,1770911156.6445029,3.6608521938323975,1,"{compiler_version,func_visibility,gas_custom_errors,gas_increment_by_one,gas_small_strings,gas_strict_inequalities,gas_struct_packing,one_contract_per_file,reason_string,use_natspec}",{},{},{}
contracts_output/contracts_output/codellama_contracts/6660.sol,6660.sol,solhint-6.0.0,solidity,2025/09/14,20260212_1543,1770911361.020291,3.2521488666534424,1,"{compiler_version,func_visibility,gas_custom_errors,gas_small_strings,gas_strict_inequalities,one_contract_per_file,reason_string,use_natspec}",{},{},{}
contracts_output/contracts_output/codellama_contracts/6667.sol,6667.sol,solhint-6.0.0,solidity,2025/09/14,20260212_1543,1770911339.8642817,3.0900349617004395,1,"{compiler_version,func_visibility,gas_custom_errors,gas_small_strings,gas_strict_inequalities,one_contract_per_file,reason_string,use_natspec}",{},{},{}
contracts_output/contracts_output/codellama_contracts/6671.sol,6671.sol,solhint-6.0.0,solidity,2025/09/14,20260212_1543,1770911064.9477534,2.711728572845459,1,"{compiler_version,func_visibility,gas_custom_errors,gas_small_strings,gas_strict_inequalities,one_contract_per_file,reason_string,use_natspec}",{},{},{}
contracts_output/contracts_output/codellama_contracts/6724.sol,6724.sol,solhint-6.0.0,solidity,2025/09/14,20260212_1543,1770911034.5958433,3.948735475540161,1,"{compiler_version,func_visibility,gas_custom_errors,gas_increment_by_one,gas_small_strings,gas_strict_inequalities,one_contract_per_file,reason_string,use_natspec}",{},{},{}
contracts_output/contracts_output/codellama_contracts/6726.sol,6726.sol,solhint-6.0.0,solidity,2025/09/14,20260212_1543,1770911220.8990853,2.9809091091156006,1,"{compiler_version,func_visibility,gas_custom_errors,gas_small_strings,gas_strict_inequalities,import_path_check,no_global_import,one_contract_per_file,reason_string,use_natspec}",{},{},{}
contracts_output/contracts_output/codellama_contracts/6728.sol,6728.sol,solhint-6.0.0,solidity,2025/09/14,20260212_1543,1770911301.1650572,4.466670036315918,1,"{compiler_version,func_visibility,gas_custom_errors,gas_small_strings,gas_strict_inequalities,one_contract_per_file,reason_string,use_natspec}",{},{},{}
contracts_output/contracts_output/codellama_contracts/6735.sol,6735.sol,solhint-6.0.0,solidity,2025/09/14,20260212_1543,1770911207.0121634,3.721938133239746,1,"{compiler_version,func_visibility,gas_custom_errors,gas_small_strings,gas_strict_inequalities,import_path_check,imports_on_top,no_global_import,one_contract_per_file,quotes,reason_string,use_natspec}",{},{},{}
contracts_output/contracts_output/codellama_contracts/6751.sol,6751.sol,solhint-6.0.0,solidity,2025/09/14,20260212_1543,1770911170.7428389,3.6923441886901855,1,"{compiler_version,func_visibility,gas_custom_errors,gas_small_strings,gas_strict_inequalities,one_contract_per_file,reason_string,use_natspec}",{},{},{}
contracts_output/contracts_output/codellama_contracts/6764.sol,6764.sol,solhint-6.0.0,solidity,2025/09/14,20260212_1543,1770911273.3899958,3.9958529472351074,1,"{compiler_version,func_visibility,gas_custom_errors,gas_small_strings,gas_strict_inequalities,one_contract_per_file,quotes,reason_string,use_natspec}",{},{},{}
contracts_output/contracts_output/codellama_contracts/6774.sol,6774.sol,solhint-6.0.0,solidity,2025/09/14,20260212_1543,1770911206.6083446,3.915203809738159,1,{},{},{},{}
contracts_output/contracts_output/codellama_contracts/6776.sol,6776.sol,solhint-6.0.0,solidity,2025/09/14,20260212_1543,1770911179.1072822,3.1136233806610107,1,"{compiler_version,func_visibility,gas_custom_errors,gas_small_strings,gas_strict_inequalities,one_contract_per_file,reason_string,use_natspec}",{},{},{}
contracts_output/contracts_output/codellama_contracts/6786.sol,6786.sol,solhint-6.0.0,solidity,2025/09/14,20260212_1543,1770911402.066918,3.1534645557403564,1,"{compiler_version,func_visibility,gas_custom_errors,gas_small_strings,gas_strict_inequalities,no_unused_vars,one_contract_per_file,reason_string,use_natspec}",{},{},{}
contracts_output/contracts_output/codellama_contracts/6808.sol,6808.sol,solhint-6.0.0,solidity,2025/09/14,20260212_1543,1770911033.0440671,3.67193341255188,1,{},{},{},{}
contracts_output/contracts_output/codellama_contracts/6826.sol,6826.sol,solhint-6.0.0,solidity,2025/09/14,20260212_1543,1770911471.6395051,2.8598382472991943,1,"{compiler_version,func_visibility,gas_custom_errors,gas_increment_by_one,gas_small_strings,gas_strict_inequalities,gas_struct_packing,one_contract_per_file,reason_string,use_natspec}",{},{},{}
contracts_output/contracts_output/codellama_contracts/6848.sol,6848.sol,solhint-6.0.0,solidity,2025/09/14,20260212_1543,1770911263.5441504,3.1286749839782715,1,"{compiler_version,func_visibility,gas_custom_errors,gas_small_strings,gas_strict_inequalities,import_path_check,imports_on_top,no_global_import,one_contract_per_file,quotes,reason_string,use_natspec}",{},{},{}
contracts_output/contracts_output/codellama_contracts/6875.sol,6875.sol,solhint-6.0.0,solidity,2025/09/14,20260212_1543,1770911035.059759,3.7553772926330566,1,"{compiler_version,func_visibility,gas_custom_errors,gas_small_strings,gas_strict_inequalities,one_contract_per_file,reason_string,use_natspec}",{},{},{}
contracts_output/contracts_output/codellama_contracts/689.sol,689.sol,solhint-6.0.0,solidity,2025/09/14,20260212_1543,1770911224.881356,3.7200839519500732,1,"{compiler_version,func_visibility,gas_custom_errors,gas_increment_by_one,gas_small_strings,gas_strict_inequalities,one_contract_per_file,reason_string,use_natspec}",{},{},{}
contracts_output/contracts_output/codellama_contracts/691.sol,691.sol,solhint-6.0.0,solidity,2025/09/14,20260212_1543,1770911046.641625,3.194153070449829,1,"{compiler_version,func_visibility,import_path_check,no_global_import,no_unused_vars,use_natspec}",{},{},{}
contracts_output/contracts_output/codellama_contracts/694.sol,694.sol,solhint-6.0.0,solidity,2025/09/14,20260212_1543,1770911509.6138577,3.856196880340576,1,"{compiler_version,func_visibility,gas_custom_errors,gas_small_strings,gas_strict_inequalities,import_path_check,imports_on_top,no_global_import,one_contract_per_file,reason_string,use_natspec}",{},{},{}
contracts_output/contracts_output/codellama_contracts/714.sol,714.sol,solhint-6.0.0,solidity,2025/09/14,20260212_1543,1770911470.7972016,2.41976261138916,1,"{compiler_version,func_visibility,gas_custom_errors,gas_strict_inequalities,import_path_check,no_global_import,one_contract_per_file,reason_string,use_natspec}",{},{},{}
contracts_output/contracts_output/codellama_contracts/725.sol,725.sol,solhint-6.0.0,solidity,2025/09/14,20260212_1543,1770911052.7140803,3.5488333702087402,1,"{compiler_version,func_visibility,gas_custom_errors,gas_small_strings,gas_strict_inequalities,import_path_check,imports_on_top,no_global_import,one_contract_per_file,reason_string,use_natspec}",{},{},{}
contracts_output/contracts_output/codellama_contracts/732.sol,732.sol,solhint-6.0.0,solidity,2025/09/14,20260212_1543,1770911354.5551493,3.9239892959594727,1,"{compiler_version,func_visibility,gas_custom_errors,gas_small_strings,gas_strict_inequalities,import_path_check,imports_on_top,no_global_import,one_contract_per_file,reason_string,use_natspec}",{},{},{}
contracts_output/contracts_output/codellama_contracts/752.sol,752.sol,solhint-6.0.0,solidity,2025/09/14,20260212_1543,1770911247.0476422,3.3678696155548096,1,"{avoid_tx_origin,compiler_version,func_visibility,gas_custom_errors,gas_small_strings,gas_strict_inequalities,one_contract_per_file,reason_string,use_natspec}",{},{},{}
contracts_output/contracts_output/codellama_contracts/761.sol,761.sol,solhint-6.0.0,solidity,2025/09/14,20260212_1543,1770911391.1231458,4.392931222915649,1,"{compiler_version,func_visibility,gas_custom_errors,gas_small_strings,gas_strict_inequalities,one_contract_per_file,reason_string,use_natspec}",{},{},{}
contracts_output/contracts_output/codellama_contracts/772.sol,772.sol,solhint-6.0.0,solidity,2025/09/14,20260212_1543,1770911403.0333514,2.9623613357543945,1,"{compiler_version,func_visibility,gas_custom_errors,gas_small_strings,gas_strict_inequalities,one_contract_per_file,quotes,reason_string,use_natspec}",{},{},{}
contracts_output/contracts_output/codellama_contracts/780.sol,780.sol,solhint-6.0.0,solidity,2025/09/14,20260212_1543,1770911504.17872,4.203766107559204,1,"{compiler_version,explicit_types,func_visibility,gas_custom_errors,gas_small_strings,gas_strict_inequalities,one_contract_per_file,quotes,reason_string,use_natspec}",{},{},{}
contracts_output/contracts_output/codellama_contracts/79.sol,79.sol,solhint-6.0.0,solidity,2025/09/14,20260212_1543,1770911500.7488837,2.933732748031616,1,"{compiler_version,func_visibility,gas_custom_errors,gas_small_strings,gas_strict_inequalities,import_path_check,no_global_import,one_contract_per_file,reason_string,use_natspec}",{},{},{}
contracts_output/contracts_output/codellama_contracts/790.sol,790.sol,solhint-6.0.0,solidity,2025/09/14,20260212_1543,1770911090.7762015,2.5316991806030273,1,"{compiler_version,gas_custom_errors,gas_small_strings,gas_strict_inequalities,one_contract_per_file,reason_string,use_natspec,visibility_modifier_order}",{},{},{}
contracts_output/contracts_output/codellama_contracts/799.sol,799.sol,solhint-6.0.0,solidity,2025/09/14,20260212_1543,1770911268.220552,3.2496049404144287,1,"{compiler_version,func_visibility,gas_custom_errors,gas_increment_by_one,gas_small_strings,gas_strict_inequalities,one_contract_per_file,reason_string,use_natspec}",{},{},{}
contracts_output/contracts_output/codellama_contracts/812.sol,812.sol,solhint-6.0.0,solidity,2025/09/14,20260212_1543,1770911125.2647917,3.303764820098877,1,"{compiler_version,func_visibility,gas_custom_errors,gas_small_strings,gas_strict_inequalities,one_contract_per_file,reason_string,use_natspec}",{},{},{}
contracts_output/contracts_output/codellama_contracts/827.sol,827.sol,solhint-6.0.0,solidity,2025/09/14,20260212_1543,1770911373.5075896,3.2873425483703613,1,"{compiler_version,func_visibility,gas_custom_errors,gas_small_strings,gas_strict_inequalities,one_contract_per_file,reason_string,use_natspec}",{},{},{}
contracts_output/contracts_output/codellama_contracts/86.sol,86.sol,solhint-6.0.0,solidity,2025/09/14,20260212_1543,1770911377.5068684,3.092996120452881,1,"{compiler_version,func_visibility,gas_custom_errors,gas_small_strings,gas_strict_inequalities,one_contract_per_file,reason_string,use_natspec}",{},{},{}
contracts_output/contracts_output/codellama_contracts/868.sol,868.sol,solhint-6.0.0,solidity,2025/09/14,20260212_1543,1770911121.688819,2.601130485534668,1,"{compiler_version,func_visibility,gas_custom_errors,gas_increment_by_one,gas_small_strings,import_path_check,no_empty_blocks,no_global_import,one_contract_per_file,reason_string,use_natspec}",{},{},{}
contracts_output/contracts_output/codellama_contracts/876.sol,876.sol,solhint-6.0.0,solidity,2025/09/14,20260212_1543,1770911090.120821,3.280397415161133,1,"{compiler_version,func_visibility,gas_custom_errors,gas_small_strings,gas_strict_inequalities,one_contract_per_file,reason_string,use_natspec}",{},{},{}
contracts_output/contracts_output/codellama_contracts/883.sol,883.sol,solhint-6.0.0,solidity,2025/09/14,20260212_1543,1770911485.9404404,3.6554136276245117,1,"{compiler_version,func_visibility,gas_custom_errors,gas_increment_by_one,gas_small_strings,gas_strict_inequalities,import_path_check,imports_on_top,no_global_import,one_contract_per_file,quotes,reason_string,use_natspec}",{},{},{}
contracts_output/contracts_output/codellama_contracts/892.sol,892.sol,solhint-6.0.0,solidity,2025/09/14,20260212_1543,1770911313.4142723,3.2230026721954346,1,"{compiler_version,func_visibility,gas_custom_errors,gas_small_strings,gas_strict_inequalities,one_contract_per_file,reason_string,use_natspec}",{},{},{}
contracts_output/contracts_output/codellama_contracts/906.sol,906.sol,solhint-6.0.0,solidity,2025/09/14,20260212_1543,1770911265.668238,2.9317355155944824,1,"{compiler_version,func_visibility,gas_custom_errors,gas_small_strings,gas_strict_inequalities,no_unused_vars,one_contract_per_file,reason_string,use_natspec}",{},{},{}
contracts_output/contracts_output/codellama_contracts/915.sol,915.sol,solhint-6.0.0,solidity,2025/09/14,20260212_1543,1770911307.0794318,3.2507333755493164,1,"{compiler_version,explicit_types,func_visibility,gas_custom_errors,gas_increment_by_one,gas_small_strings,gas_strict_inequalities,one_contract_per_file,reason_string,use_natspec}",{},{},{}
contracts_output/contracts_output/codellama_contracts/949.sol,949.sol,solhint-6.0.0,solidity,2025/09/14,20260212_1543,1770911336.1766033,3.868793487548828,1,"{compiler_version,func_visibility,gas_custom_errors,gas_increment_by_one,gas_indexed_events,gas_small_strings,gas_strict_inequalities,one_contract_per_file,reason_string,use_natspec}",{},{},{}
contracts_output/contracts_output/codellama_contracts/963.sol,963.sol,solhint-6.0.0,solidity,2025/09/14,20260212_1543,1770911049.1409066,2.6774981021881104,1,"{compiler_version,func_visibility,gas_custom_errors,gas_small_strings,gas_strict_inequalities,import_path_check,no_global_import,one_contract_per_file,reason_string,use_natspec}",{},{},{}
contracts_output/contracts_output/codellama_contracts/967.sol,967.sol,solhint-6.0.0,solidity,2025/09/14,20260212_1543,1770911475.9453607,3.344529867172241,1,"{avoid_tx_origin,compiler_version,func_visibility,gas_custom_errors,gas_increment_by_one,gas_small_strings,gas_strict_inequalities,one_contract_per_file,reason_string,use_natspec}",{},{},{}
contracts_output/contracts_output/codellama_contracts/97.sol,97.sol,solhint-6.0.0,solidity,2025/09/14,20260212_1543,1770911028.9772136,3.8738632202148438,1,"{compiler_version,func_visibility,gas_custom_errors,gas_small_strings,gas_strict_inequalities,no_unused_vars,one_contract_per_file,quotes,reason_string,use_natspec}",{},{},{}
contracts_output/contracts_output/codellama_contracts/971.sol,971.sol,solhint-6.0.0,solidity,2025/09/14,20260212_1543,1770911079.534926,3.349914312362671,1,"{compiler_version,func_visibility,gas_custom_errors,gas_increment_by_one,gas_small_strings,gas_strict_inequalities,one_contract_per_file,reason_string,use_natspec}",{},{},{}
