filename,basename,toolid,toolmode,parser_version,runid,start,duration,exit_code,findings,infos,errors,fails
contracts_output/contracts_output/gemini_contracts/gemini_contracts/1004.sol,1004.sol,oyente+-060ca34,solidity,2025/06/04,20260225_2030,1772051457.0482452,2.5890355110168457,1,{},{analysis incomplete},{Solidity compilation failed},{}
contracts_output/contracts_output/gemini_contracts/gemini_contracts/1009.sol,1009.sol,oyente+-060ca34,solidity,2025/06/04,20260225_2030,1772051566.1895268,2.8769187927246094,1,{},{analysis incomplete},{Solidity compilation failed},{}
contracts_output/contracts_output/gemini_contracts/gemini_contracts/1010.sol,1010.sol,oyente+-060ca34,solidity,2025/06/04,20260225_2030,1772051557.8317766,2.983397960662842,1,{},{analysis incomplete},{Solidity compilation failed},{}
contracts_output/contracts_output/gemini_contracts/gemini_contracts/1032.sol,1032.sol,oyente+-060ca34,solidity,2025/06/04,20260225_2030,1772051415.1509376,1.654205322265625,1,{},{analysis incomplete},{Solidity compilation failed},{}
contracts_output/contracts_output/gemini_contracts/gemini_contracts/1053.sol,1053.sol,oyente+-060ca34,solidity,2025/06/04,20260225_2030,1772051504.6672602,2.879378318786621,1,{},{analysis incomplete},{Solidity compilation failed},{}
contracts_output/contracts_output/gemini_contracts/gemini_contracts/107.sol,107.sol,oyente+-060ca34,solidity,2025/06/04,20260225_2030,1772051539.9239595,2.7744860649108887,1,{},{analysis incomplete},{Solidity compilation failed},{}
contracts_output/contracts_output/gemini_contracts/gemini_contracts/1091.sol,1091.sol,oyente+-060ca34,solidity,2025/06/04,20260225_2030,1772051576.1873481,2.7748217582702637,1,{},{analysis incomplete},{Solidity compilation failed},{}
contracts_output/contracts_output/gemini_contracts/gemini_contracts/1094.sol,1094.sol,oyente+-060ca34,solidity,2025/06/04,20260225_2030,1772051443.5214553,3.1527538299560547,1,{},{analysis incomplete},{Solidity compilation failed},{}
contracts_output/contracts_output/gemini_contracts/gemini_contracts/110.sol,110.sol,oyente+-060ca34,solidity,2025/06/04,20260225_2030,1772051496.9295616,2.955334186553955,1,{},{analysis incomplete},{Solidity compilation failed},{}
contracts_output/contracts_output/gemini_contracts/gemini_contracts/1111.sol,1111.sol,oyente+-060ca34,solidity,2025/06/04,20260225_2030,1772051487.8380175,2.958411693572998,1,{},{analysis incomplete},{Solidity compilation failed},{}
contracts_output/contracts_output/gemini_contracts/gemini_contracts/1142.sol,1142.sol,oyente+-060ca34,solidity,2025/06/04,20260225_2030,1772051538.5706847,2.80887770652771,1,{},{analysis incomplete},{Solidity compilation failed},{}
contracts_output/contracts_output/gemini_contracts/gemini_contracts/1147.sol,1147.sol,oyente+-060ca34,solidity,2025/06/04,20260225_2030,1772051561.9348197,2.945016622543335,1,{},{analysis incomplete},{Solidity compilation failed},{}
contracts_output/contracts_output/gemini_contracts/gemini_contracts/1148.sol,1148.sol,oyente+-060ca34,solidity,2025/06/04,20260225_2030,1772051501.6782966,2.9880447387695312,1,{},{analysis incomplete},{Solidity compilation failed},{}
contracts_output/contracts_output/gemini_contracts/gemini_contracts/1160.sol,1160.sol,oyente+-060ca34,solidity,2025/06/04,20260225_2030,1772051429.141938,2.5833823680877686,1,{},{analysis incomplete},{Solidity compilation failed},{}
contracts_output/contracts_output/gemini_contracts/gemini_contracts/1164.sol,1164.sol,oyente+-060ca34,solidity,2025/06/04,20260225_2030,1772051541.4882965,2.6720237731933594,1,{},{analysis incomplete},{Solidity compilation failed},{}
contracts_output/contracts_output/gemini_contracts/gemini_contracts/1195.sol,1195.sol,oyente+-060ca34,solidity,2025/06/04,20260225_2030,1772051451.8926222,2.9293832778930664,1,{},{analysis incomplete},{Solidity compilation failed},{}
contracts_output/contracts_output/gemini_contracts/gemini_contracts/1213.sol,1213.sol,oyente+-060ca34,solidity,2025/06/04,20260225_2030,1772051519.3419456,2.775742530822754,1,{},{analysis incomplete},{Solidity compilation failed},{}
contracts_output/contracts_output/gemini_contracts/gemini_contracts/1228.sol,1228.sol,oyente+-060ca34,solidity,2025/06/04,20260225_2030,1772051542.6990795,3.093559980392456,1,{},{analysis incomplete},{Solidity compilation failed},{}
contracts_output/contracts_output/gemini_contracts/gemini_contracts/124.sol,124.sol,oyente+-060ca34,solidity,2025/06/04,20260225_2030,1772051480.045663,2.6541500091552734,1,{},{analysis incomplete},{Solidity compilation failed},{}
contracts_output/contracts_output/gemini_contracts/gemini_contracts/1244.sol,1244.sol,oyente+-060ca34,solidity,2025/06/04,20260225_2030,1772051513.0406682,2.730056047439575,1,{},{analysis incomplete},{Solidity compilation failed},{}
contracts_output/contracts_output/gemini_contracts/gemini_contracts/1247.sol,1247.sol,oyente+-060ca34,solidity,2025/06/04,20260225_2030,1772051468.9862497,2.9728267192840576,1,{},{analysis incomplete},{Solidity compilation failed},{}
contracts_output/contracts_output/gemini_contracts/gemini_contracts/1259.sol,1259.sol,oyente+-060ca34,solidity,2025/06/04,20260225_2030,1772051496.2673213,2.5718154907226562,1,{},{analysis incomplete},{Solidity compilation failed},{}
contracts_output/contracts_output/gemini_contracts/gemini_contracts/1262.sol,1262.sol,oyente+-060ca34,solidity,2025/06/04,20260225_2030,1772051470.8298204,2.8180999755859375,1,{},{analysis incomplete},{Solidity compilation failed},{}
contracts_output/contracts_output/gemini_contracts/gemini_contracts/1265.sol,1265.sol,oyente+-060ca34,solidity,2025/06/04,20260225_2030,1772051502.8261948,2.9120757579803467,1,{},{analysis incomplete},{Solidity compilation failed},{}
contracts_output/contracts_output/gemini_contracts/gemini_contracts/1268.sol,1268.sol,oyente+-060ca34,solidity,2025/06/04,20260225_2030,1772051443.3576865,3.192216157913208,1,{},{analysis incomplete},{Solidity compilation failed},{}
contracts_output/contracts_output/gemini_contracts/gemini_contracts/1281.sol,1281.sol,oyente+-060ca34,solidity,2025/06/04,20260225_2030,1772051557.9305036,2.982677936553955,1,{},{analysis incomplete},{Solidity compilation failed},{}
contracts_output/contracts_output/gemini_contracts/gemini_contracts/1283.sol,1283.sol,oyente+-060ca34,solidity,2025/06/04,20260225_2030,1772051476.8669128,2.8304171562194824,1,{},{analysis incomplete},{Solidity compilation failed},{}
contracts_output/contracts_output/gemini_contracts/gemini_contracts/1286.sol,1286.sol,oyente+-060ca34,solidity,2025/06/04,20260225_2030,1772051451.3438954,3.051170825958252,1,{},{analysis incomplete},{Solidity compilation failed},{}
contracts_output/contracts_output/gemini_contracts/gemini_contracts/1315.sol,1315.sol,oyente+-060ca34,solidity,2025/06/04,20260225_2030,1772051571.5677028,2.8400063514709473,1,{},{analysis incomplete},{Solidity compilation failed},{}
contracts_output/contracts_output/gemini_contracts/gemini_contracts/1319.sol,1319.sol,oyente+-060ca34,solidity,2025/06/04,20260225_2030,1772051495.3995585,3.262845993041992,1,{},{analysis incomplete},{Solidity compilation failed},{}
contracts_output/contracts_output/gemini_contracts/gemini_contracts/1334.sol,1334.sol,oyente+-060ca34,solidity,2025/06/04,20260225_2030,1772051511.091553,2.6421663761138916,1,{},{analysis incomplete},{Solidity compilation failed},{}
contracts_output/contracts_output/gemini_contracts/gemini_contracts/1335.sol,1335.sol,oyente+-060ca34,solidity,2025/06/04,20260225_2030,1772051442.177662,2.74123215675354,1,{},{analysis incomplete},{Solidity compilation failed},{}
contracts_output/contracts_output/gemini_contracts/gemini_contracts/1356.sol,1356.sol,oyente+-060ca34,solidity,2025/06/04,20260225_2030,1772051507.2540329,2.766535758972168,1,{},{analysis incomplete},{Solidity compilation failed},{}
contracts_output/contracts_output/gemini_contracts/gemini_contracts/1358.sol,1358.sol,oyente+-060ca34,solidity,2025/06/04,20260225_2030,1772051498.4887502,2.922451972961426,1,{},{analysis incomplete},{Solidity compilation failed},{}
contracts_output/contracts_output/gemini_contracts/gemini_contracts/1383.sol,1383.sol,oyente+-060ca34,solidity,2025/06/04,20260225_2030,1772051578.9628553,2.6672797203063965,1,{},{analysis incomplete},{Solidity compilation failed},{}
contracts_output/contracts_output/gemini_contracts/gemini_contracts/1386.sol,1386.sol,oyente+-060ca34,solidity,2025/06/04,20260225_2030,1772051566.494025,3.1736063957214355,1,{},{analysis incomplete},{Solidity compilation failed},{}
contracts_output/contracts_output/gemini_contracts/gemini_contracts/1398.sol,1398.sol,oyente+-060ca34,solidity,2025/06/04,20260225_2030,1772051479.2517235,2.563227415084839,1,{},{analysis incomplete},{Solidity compilation failed},{}
contracts_output/contracts_output/gemini_contracts/gemini_contracts/1413.sol,1413.sol,oyente+-060ca34,solidity,2025/06/04,20260225_2030,1772051572.002889,3.1707632541656494,1,{},{analysis incomplete},{Solidity compilation failed},{}
contracts_output/contracts_output/gemini_contracts/gemini_contracts/1424.sol,1424.sol,oyente+-060ca34,solidity,2025/06/04,20260225_2030,1772051561.4735453,2.761693239212036,1,{},{analysis incomplete},{Solidity compilation failed},{}
contracts_output/contracts_output/gemini_contracts/gemini_contracts/1438.sol,1438.sol,oyente+-060ca34,solidity,2025/06/04,20260225_2030,1772051468.1868732,2.7756779193878174,1,{},{analysis incomplete},{Solidity compilation failed},{}
contracts_output/contracts_output/gemini_contracts/gemini_contracts/1443.sol,1443.sol,oyente+-060ca34,solidity,2025/06/04,20260225_2030,1772051556.798185,2.6481378078460693,1,{},{analysis incomplete},{Solidity compilation failed},{}
contracts_output/contracts_output/gemini_contracts/gemini_contracts/146.sol,146.sol,oyente+-060ca34,solidity,2025/06/04,20260225_2030,1772051490.2893367,2.7765650749206543,1,{},{analysis incomplete},{Solidity compilation failed},{}
contracts_output/contracts_output/gemini_contracts/gemini_contracts/1493.sol,1493.sol,oyente+-060ca34,solidity,2025/06/04,20260225_2030,1772051503.6237261,2.7949111461639404,1,{},{analysis incomplete},{Solidity compilation failed},{}
contracts_output/contracts_output/gemini_contracts/gemini_contracts/1522.sol,1522.sol,oyente+-060ca34,solidity,2025/06/04,20260225_2030,1772051520.0884488,2.523801803588867,1,{},{analysis incomplete},{Solidity compilation failed},{}
contracts_output/contracts_output/gemini_contracts/gemini_contracts/153.sol,153.sol,oyente+-060ca34,solidity,2025/06/04,20260225_2030,1772051458.5703578,3.1133623123168945,1,{},{analysis incomplete},{Solidity compilation failed},{}
contracts_output/contracts_output/gemini_contracts/gemini_contracts/1531.sol,1531.sol,oyente+-060ca34,solidity,2025/06/04,20260225_2030,1772051437.3632908,2.4423553943634033,1,{},{analysis incomplete},{Solidity compilation failed},{}
contracts_output/contracts_output/gemini_contracts/gemini_contracts/1558.sol,1558.sol,oyente+-060ca34,solidity,2025/06/04,20260225_2030,1772051539.9851775,2.8306097984313965,1,{},{analysis incomplete},{Solidity compilation failed},{}
contracts_output/contracts_output/gemini_contracts/gemini_contracts/1565.sol,1565.sol,oyente+-060ca34,solidity,2025/06/04,20260225_2030,1772051560.4260302,2.785323143005371,1,{},{analysis incomplete},{Solidity compilation failed},{}
contracts_output/contracts_output/gemini_contracts/gemini_contracts/1587.sol,1587.sol,oyente+-060ca34,solidity,2025/06/04,20260225_2030,1772051585.4943025,2.525663375854492,1,{},{analysis incomplete},{Solidity compilation failed},{}
contracts_output/contracts_output/gemini_contracts/gemini_contracts/1589.sol,1589.sol,oyente+-060ca34,solidity,2025/06/04,20260225_2030,1772051422.4630542,3.0552752017974854,1,{},{analysis incomplete},{Solidity compilation failed},{}
contracts_output/contracts_output/gemini_contracts/gemini_contracts/1597.sol,1597.sol,oyente+-060ca34,solidity,2025/06/04,20260225_2030,1772051556.3503437,2.887091875076294,1,{},{analysis incomplete},{Solidity compilation failed},{}
contracts_output/contracts_output/gemini_contracts/gemini_contracts/1600.sol,1600.sol,oyente+-060ca34,solidity,2025/06/04,20260225_2030,1772051438.8355289,2.9939818382263184,1,{},{analysis incomplete},{Solidity compilation failed},{}
contracts_output/contracts_output/gemini_contracts/gemini_contracts/1609.sol,1609.sol,oyente+-060ca34,solidity,2025/06/04,20260225_2030,1772051444.9540627,2.553072214126587,1,{},{analysis incomplete},{Solidity compilation failed},{}
contracts_output/contracts_output/gemini_contracts/gemini_contracts/1613.sol,1613.sol,oyente+-060ca34,solidity,2025/06/04,20260225_2030,1772051452.5812254,2.7862308025360107,1,{},{analysis incomplete},{Solidity compilation failed},{}
contracts_output/contracts_output/gemini_contracts/gemini_contracts/1617.sol,1617.sol,oyente+-060ca34,solidity,2025/06/04,20260225_2030,1772051500.7304556,2.7720601558685303,1,{},{analysis incomplete},{Solidity compilation failed},{}
contracts_output/contracts_output/gemini_contracts/gemini_contracts/1642.sol,1642.sol,oyente+-060ca34,solidity,2025/06/04,20260225_2030,1772051521.0940723,2.866147756576538,1,{},{analysis incomplete},{Solidity compilation failed},{}
contracts_output/contracts_output/gemini_contracts/gemini_contracts/1644.sol,1644.sol,oyente+-060ca34,solidity,2025/06/04,20260225_2030,1772051534.8264077,2.501133680343628,1,{},{analysis incomplete},{Solidity compilation failed},{}
contracts_output/contracts_output/gemini_contracts/gemini_contracts/1662.sol,1662.sol,oyente+-060ca34,solidity,2025/06/04,20260225_2030,1772051478.6937065,2.827878475189209,1,{},{analysis incomplete},{Solidity compilation failed},{}
contracts_output/contracts_output/gemini_contracts/gemini_contracts/1663.sol,1663.sol,oyente+-060ca34,solidity,2025/06/04,20260225_2030,1772051505.6018631,3.1033897399902344,1,{},{analysis incomplete},{Solidity compilation failed},{}
contracts_output/contracts_output/gemini_contracts/gemini_contracts/170.sol,170.sol,oyente+-060ca34,solidity,2025/06/04,20260225_2030,1772051553.087267,2.7428934574127197,1,{},{analysis incomplete},{Solidity compilation failed},{}
contracts_output/contracts_output/gemini_contracts/gemini_contracts/1700.sol,1700.sol,oyente+-060ca34,solidity,2025/06/04,20260225_2030,1772051557.3192828,3.1051828861236572,1,{},{analysis incomplete},{Solidity compilation failed},{}
contracts_output/contracts_output/gemini_contracts/gemini_contracts/1722.sol,1722.sol,oyente+-060ca34,solidity,2025/06/04,20260225_2030,1772051484.323809,2.7988171577453613,1,{},{analysis incomplete},{Solidity compilation failed},{}
contracts_output/contracts_output/gemini_contracts/gemini_contracts/1735.sol,1735.sol,oyente+-060ca34,solidity,2025/06/04,20260225_2030,1772051506.00751,3.1962335109710693,1,{},{analysis incomplete},{Solidity compilation failed},{}
contracts_output/contracts_output/gemini_contracts/gemini_contracts/1777.sol,1777.sol,oyente+-060ca34,solidity,2025/06/04,20260225_2030,1772051493.6835535,2.6326780319213867,1,{},{analysis incomplete},{Solidity compilation failed},{}
contracts_output/contracts_output/gemini_contracts/gemini_contracts/1782.sol,1782.sol,oyente+-060ca34,solidity,2025/06/04,20260225_2030,1772051477.5720513,3.1353766918182373,1,{},{analysis incomplete},{Solidity compilation failed},{}
contracts_output/contracts_output/gemini_contracts/gemini_contracts/1790.sol,1790.sol,oyente+-060ca34,solidity,2025/06/04,20260225_2030,1772051496.1991234,2.550924062728882,1,{},{analysis incomplete},{Solidity compilation failed},{}
contracts_output/contracts_output/gemini_contracts/gemini_contracts/1809.sol,1809.sol,oyente+-060ca34,solidity,2025/06/04,20260225_2030,1772051574.7372408,3.291689395904541,1,{},{analysis incomplete},{Solidity compilation failed},{}
contracts_output/contracts_output/gemini_contracts/gemini_contracts/1814.sol,1814.sol,oyente+-060ca34,solidity,2025/06/04,20260225_2030,1772051562.402439,2.9387152194976807,1,{},{analysis incomplete},{Solidity compilation failed},{}
contracts_output/contracts_output/gemini_contracts/gemini_contracts/1824.sol,1824.sol,oyente+-060ca34,solidity,2025/06/04,20260225_2030,1772051581.3967302,2.659801721572876,1,{},{analysis incomplete},{Solidity compilation failed},{}
contracts_output/contracts_output/gemini_contracts/gemini_contracts/1832.sol,1832.sol,oyente+-060ca34,solidity,2025/06/04,20260225_2030,1772051554.315154,2.4820713996887207,1,{},{analysis incomplete},{Solidity compilation failed},{}
contracts_output/contracts_output/gemini_contracts/gemini_contracts/1838.sol,1838.sol,oyente+-060ca34,solidity,2025/06/04,20260225_2030,1772051514.0937002,2.8158369064331055,1,{},{analysis incomplete},{Solidity compilation failed},{}
contracts_output/contracts_output/gemini_contracts/gemini_contracts/1872.sol,1872.sol,oyente+-060ca34,solidity,2025/06/04,20260225_2030,1772051494.7780066,3.092909097671509,1,{},{analysis incomplete},{Solidity compilation failed},{}
contracts_output/contracts_output/gemini_contracts/gemini_contracts/1877.sol,1877.sol,oyente+-060ca34,solidity,2025/06/04,20260225_2030,1772051458.1900015,2.8583316802978516,1,{},{analysis incomplete},{Solidity compilation failed},{}
contracts_output/contracts_output/gemini_contracts/gemini_contracts/189.sol,189.sol,oyente+-060ca34,solidity,2025/06/04,20260225_2030,1772051476.0301416,2.662597894668579,1,{},{analysis incomplete},{Solidity compilation failed},{}
contracts_output/contracts_output/gemini_contracts/gemini_contracts/1905.sol,1905.sol,oyente+-060ca34,solidity,2025/06/04,20260225_2030,1772051485.1579986,2.8551528453826904,1,{},{analysis incomplete},{Solidity compilation failed},{}
contracts_output/contracts_output/gemini_contracts/gemini_contracts/191.sol,191.sol,oyente+-060ca34,solidity,2025/06/04,20260225_2030,1772051492.5671093,2.832181453704834,1,{},{analysis incomplete},{Solidity compilation failed},{}
contracts_output/contracts_output/gemini_contracts/gemini_contracts/1924.sol,1924.sol,oyente+-060ca34,solidity,2025/06/04,20260225_2030,1772051426.2879927,2.816509962081909,1,{},{analysis incomplete},{Solidity compilation failed},{}
contracts_output/contracts_output/gemini_contracts/gemini_contracts/1926.sol,1926.sol,oyente+-060ca34,solidity,2025/06/04,20260225_2030,1772051531.3825755,2.7432520389556885,1,{},{analysis incomplete},{Solidity compilation failed},{}
contracts_output/contracts_output/gemini_contracts/gemini_contracts/1932.sol,1932.sol,oyente+-060ca34,solidity,2025/06/04,20260225_2030,1772051569.2612996,2.803640604019165,1,{},{analysis incomplete},{Solidity compilation failed},{}
contracts_output/contracts_output/gemini_contracts/gemini_contracts/1962.sol,1962.sol,oyente+-060ca34,solidity,2025/06/04,20260225_2030,1772051528.1079888,2.797093391418457,1,{},{analysis incomplete},{Solidity compilation failed},{}
contracts_output/contracts_output/gemini_contracts/gemini_contracts/1979.sol,1979.sol,oyente+-060ca34,solidity,2025/06/04,20260225_2030,1772051530.3693423,2.9019460678100586,1,{},{analysis incomplete},{Solidity compilation failed},{}
contracts_output/contracts_output/gemini_contracts/gemini_contracts/1993.sol,1993.sol,oyente+-060ca34,solidity,2025/06/04,20260225_2030,1772051454.8227355,2.6547791957855225,1,{},{analysis incomplete},{Solidity compilation failed},{}
contracts_output/contracts_output/gemini_contracts/gemini_contracts/2003.sol,2003.sol,oyente+-060ca34,solidity,2025/06/04,20260225_2030,1772051426.1450088,3.1286802291870117,1,{},{analysis incomplete},{Solidity compilation failed},{}
contracts_output/contracts_output/gemini_contracts/gemini_contracts/2019.sol,2019.sol,oyente+-060ca34,solidity,2025/06/04,20260225_2030,1772051538.169784,2.689399480819702,1,{},{analysis incomplete},{Solidity compilation failed},{}
contracts_output/contracts_output/gemini_contracts/gemini_contracts/2044.sol,2044.sol,oyente+-060ca34,solidity,2025/06/04,20260225_2030,1772051550.6051881,2.725701332092285,1,{},{analysis incomplete},{Solidity compilation failed},{}
contracts_output/contracts_output/gemini_contracts/gemini_contracts/2053.sol,2053.sol,oyente+-060ca34,solidity,2025/06/04,20260225_2030,1772051474.3771882,2.923867702484131,1,{},{analysis incomplete},{Solidity compilation failed},{}
contracts_output/contracts_output/gemini_contracts/gemini_contracts/2061.sol,2061.sol,oyente+-060ca34,solidity,2025/06/04,20260225_2030,1772051438.6242237,3.040142059326172,1,{},{analysis incomplete},{Solidity compilation failed},{}
contracts_output/contracts_output/gemini_contracts/gemini_contracts/2081.sol,2081.sol,oyente+-060ca34,solidity,2025/06/04,20260225_2030,1772051497.8957415,2.8326187133789062,1,{},{analysis incomplete},{Solidity compilation failed},{}
contracts_output/contracts_output/gemini_contracts/gemini_contracts/2092.sol,2092.sol,oyente+-060ca34,solidity,2025/06/04,20260225_2030,1772051564.9492054,2.5193376541137695,1,{},{analysis incomplete},{Solidity compilation failed},{}
contracts_output/contracts_output/gemini_contracts/gemini_contracts/2093.sol,2093.sol,oyente+-060ca34,solidity,2025/06/04,20260225_2030,1772051463.3707466,2.8610479831695557,1,{},{analysis incomplete},{Solidity compilation failed},{}
contracts_output/contracts_output/gemini_contracts/gemini_contracts/211.sol,211.sol,oyente+-060ca34,solidity,2025/06/04,20260225_2030,1772051460.3308582,2.8757200241088867,1,{},{analysis incomplete},{Solidity compilation failed},{}
contracts_output/contracts_output/gemini_contracts/gemini_contracts/2110.sol,2110.sol,oyente+-060ca34,solidity,2025/06/04,20260225_2030,1772051486.2070801,2.6415936946868896,1,{},{analysis incomplete},{Solidity compilation failed},{}
contracts_output/contracts_output/gemini_contracts/gemini_contracts/2112.sol,2112.sol,oyente+-060ca34,solidity,2025/06/04,20260225_2030,1772051415.2520435,1.927260398864746,1,{},{analysis incomplete},{Solidity compilation failed},{}
contracts_output/contracts_output/gemini_contracts/gemini_contracts/2119.sol,2119.sol,oyente+-060ca34,solidity,2025/06/04,20260225_2030,1772051549.4866738,2.6515395641326904,1,{},{analysis incomplete},{Solidity compilation failed},{}
contracts_output/contracts_output/gemini_contracts/gemini_contracts/213.sol,213.sol,oyente+-060ca34,solidity,2025/06/04,20260225_2030,1772051446.6749637,2.835052728652954,1,{},{analysis incomplete},{Solidity compilation failed},{}
contracts_output/contracts_output/gemini_contracts/gemini_contracts/2141.sol,2141.sol,oyente+-060ca34,solidity,2025/06/04,20260225_2030,1772051460.1118922,2.8268063068389893,1,{},{analysis incomplete},{Solidity compilation failed},{}
contracts_output/contracts_output/gemini_contracts/gemini_contracts/2199.sol,2199.sol,oyente+-060ca34,solidity,2025/06/04,20260225_2030,1772051520.0297399,2.7664434909820557,1,{},{analysis incomplete},{Solidity compilation failed},{}
contracts_output/contracts_output/gemini_contracts/gemini_contracts/2205.sol,2205.sol,oyente+-060ca34,solidity,2025/06/04,20260225_2030,1772051582.2680755,2.9869067668914795,1,{},{analysis incomplete},{Solidity compilation failed},{}
contracts_output/contracts_output/gemini_contracts/gemini_contracts/2209.sol,2209.sol,oyente+-060ca34,solidity,2025/06/04,20260225_2030,1772051573.732555,2.561408281326294,1,{},{analysis incomplete},{Solidity compilation failed},{}
contracts_output/contracts_output/gemini_contracts/gemini_contracts/2215.sol,2215.sol,oyente+-060ca34,solidity,2025/06/04,20260225_2030,1772051445.1948383,2.5638880729675293,1,{},{analysis incomplete},{Solidity compilation failed},{}
contracts_output/contracts_output/gemini_contracts/gemini_contracts/2223.sol,2223.sol,oyente+-060ca34,solidity,2025/06/04,20260225_2030,1772051543.9982204,2.4935758113861084,1,{},{analysis incomplete},{Solidity compilation failed},{}
contracts_output/contracts_output/gemini_contracts/gemini_contracts/223.sol,223.sol,oyente+-060ca34,solidity,2025/06/04,20260225_2030,1772051533.8429387,2.7405037879943848,1,{},{analysis incomplete},{Solidity compilation failed},{}
contracts_output/contracts_output/gemini_contracts/gemini_contracts/2236.sol,2236.sol,oyente+-060ca34,solidity,2025/06/04,20260225_2030,1772051582.2014823,3.180767774581909,1,{},{analysis incomplete},{Solidity compilation failed},{}
contracts_output/contracts_output/gemini_contracts/gemini_contracts/2241.sol,2241.sol,oyente+-060ca34,solidity,2025/06/04,20260225_2030,1772051512.5152552,2.766491413116455,1,{},{analysis incomplete},{Solidity compilation failed},{}
contracts_output/contracts_output/gemini_contracts/gemini_contracts/2268.sol,2268.sol,oyente+-060ca34,solidity,2025/06/04,20260225_2030,1772051511.8112328,2.9461829662323,1,{},{analysis incomplete},{Solidity compilation failed},{}
contracts_output/contracts_output/gemini_contracts/gemini_contracts/2271.sol,2271.sol,oyente+-060ca34,solidity,2025/06/04,20260225_2030,1772051564.0469916,2.9825286865234375,1,{},{analysis incomplete},{Solidity compilation failed},{}
contracts_output/contracts_output/gemini_contracts/gemini_contracts/2278.sol,2278.sol,oyente+-060ca34,solidity,2025/06/04,20260225_2030,1772051460.48822,2.8384578227996826,1,{},{analysis incomplete},{Solidity compilation failed},{}
contracts_output/contracts_output/gemini_contracts/gemini_contracts/2295.sol,2295.sol,oyente+-060ca34,solidity,2025/06/04,20260225_2030,1772051579.4076068,3.415118932723999,1,{},{analysis incomplete},{Solidity compilation failed},{}
contracts_output/contracts_output/gemini_contracts/gemini_contracts/2308.sol,2308.sol,oyente+-060ca34,solidity,2025/06/04,20260225_2030,1772051573.2534897,2.751089096069336,1,{},{analysis incomplete},{Solidity compilation failed},{}
contracts_output/contracts_output/gemini_contracts/gemini_contracts/2313.sol,2313.sol,oyente+-060ca34,solidity,2025/06/04,20260225_2030,1772051482.8549395,2.517195463180542,1,{},{analysis incomplete},{Solidity compilation failed},{}
contracts_output/contracts_output/gemini_contracts/gemini_contracts/232.sol,232.sol,oyente+-060ca34,solidity,2025/06/04,20260225_2030,1772051415.187691,1.6780157089233398,1,{},{analysis incomplete},{Solidity compilation failed},{}
contracts_output/contracts_output/gemini_contracts/gemini_contracts/2321.sol,2321.sol,oyente+-060ca34,solidity,2025/06/04,20260225_2030,1772051561.62179,3.120201826095581,1,{},{analysis incomplete},{Solidity compilation failed},{}
contracts_output/contracts_output/gemini_contracts/gemini_contracts/2323.sol,2323.sol,oyente+-060ca34,solidity,2025/06/04,20260225_2030,1772051531.598379,2.6598970890045166,1,{},{analysis incomplete},{Solidity compilation failed},{}
contracts_output/contracts_output/gemini_contracts/gemini_contracts/2354.sol,2354.sol,oyente+-060ca34,solidity,2025/06/04,20260225_2030,1772051465.8730073,2.5864295959472656,1,{},{analysis incomplete},{Solidity compilation failed},{}
contracts_output/contracts_output/gemini_contracts/gemini_contracts/2359.sol,2359.sol,oyente+-060ca34,solidity,2025/06/04,20260225_2030,1772051541.3441384,2.4937760829925537,1,{},{analysis incomplete},{Solidity compilation failed},{}
contracts_output/contracts_output/gemini_contracts/gemini_contracts/2373.sol,2373.sol,oyente+-060ca34,solidity,2025/06/04,20260225_2030,1772051427.404895,2.9284627437591553,1,{},{analysis incomplete},{Solidity compilation failed},{}
contracts_output/contracts_output/gemini_contracts/gemini_contracts/2380.sol,2380.sol,oyente+-060ca34,solidity,2025/06/04,20260225_2030,1772051559.1491616,2.9753596782684326,1,{},{analysis incomplete},{Solidity compilation failed},{}
contracts_output/contracts_output/gemini_contracts/gemini_contracts/239.sol,239.sol,oyente+-060ca34,solidity,2025/06/04,20260225_2030,1772051479.5684192,2.4296035766601562,1,{},{analysis incomplete},{Solidity compilation failed},{}
contracts_output/contracts_output/gemini_contracts/gemini_contracts/2394.sol,2394.sol,oyente+-060ca34,solidity,2025/06/04,20260225_2030,1772051586.3401806,2.782379150390625,1,{},{analysis incomplete},{Solidity compilation failed},{}
contracts_output/contracts_output/gemini_contracts/gemini_contracts/2396.sol,2396.sol,oyente+-060ca34,solidity,2025/06/04,20260225_2030,1772051458.5094001,2.9809072017669678,1,{},{analysis incomplete},{Solidity compilation failed},{}
contracts_output/contracts_output/gemini_contracts/gemini_contracts/240.sol,240.sol,oyente+-060ca34,solidity,2025/06/04,20260225_2030,1772051557.6730247,3.127296209335327,1,{},{analysis incomplete},{Solidity compilation failed},{}
contracts_output/contracts_output/gemini_contracts/gemini_contracts/2419.sol,2419.sol,oyente+-060ca34,solidity,2025/06/04,20260225_2030,1772051455.3001385,2.716766595840454,1,{},{analysis incomplete},{Solidity compilation failed},{}
contracts_output/contracts_output/gemini_contracts/gemini_contracts/242.sol,242.sol,oyente+-060ca34,solidity,2025/06/04,20260225_2030,1772051541.3810387,2.6143782138824463,1,{},{analysis incomplete},{Solidity compilation failed},{}
contracts_output/contracts_output/gemini_contracts/gemini_contracts/2424.sol,2424.sol,oyente+-060ca34,solidity,2025/06/04,20260225_2030,1772051423.2589595,2.873291015625,1,{},{analysis incomplete},{Solidity compilation failed},{}
contracts_output/contracts_output/gemini_contracts/gemini_contracts/243.sol,243.sol,oyente+-060ca34,solidity,2025/06/04,20260225_2030,1772051480.1302986,2.723278760910034,1,{},{analysis incomplete},{Solidity compilation failed},{}
contracts_output/contracts_output/gemini_contracts/gemini_contracts/2431.sol,2431.sol,oyente+-060ca34,solidity,2025/06/04,20260225_2030,1772051577.265685,2.92948055267334,1,{},{analysis incomplete},{Solidity compilation failed},{}
contracts_output/contracts_output/gemini_contracts/gemini_contracts/2433.sol,2433.sol,oyente+-060ca34,solidity,2025/06/04,20260225_2030,1772051481.7357557,2.6785340309143066,1,{},{analysis incomplete},{Solidity compilation failed},{}
contracts_output/contracts_output/gemini_contracts/gemini_contracts/2436.sol,2436.sol,oyente+-060ca34,solidity,2025/06/04,20260225_2030,1772051483.4853704,2.785019874572754,1,{},{analysis incomplete},{Solidity compilation failed},{}
contracts_output/contracts_output/gemini_contracts/gemini_contracts/2439.sol,2439.sol,oyente+-060ca34,solidity,2025/06/04,20260225_2030,1772051505.1274295,3.0194461345672607,1,{},{analysis incomplete},{Solidity compilation failed},{}
contracts_output/contracts_output/gemini_contracts/gemini_contracts/2463.sol,2463.sol,oyente+-060ca34,solidity,2025/06/04,20260225_2030,1772051506.0074377,2.990042209625244,1,{},{analysis incomplete},{Solidity compilation failed},{}
contracts_output/contracts_output/gemini_contracts/gemini_contracts/2468.sol,2468.sol,oyente+-060ca34,solidity,2025/06/04,20260225_2030,1772051453.4715407,2.9178249835968018,1,{},{analysis incomplete},{Solidity compilation failed},{}
contracts_output/contracts_output/gemini_contracts/gemini_contracts/2473.sol,2473.sol,oyente+-060ca34,solidity,2025/06/04,20260225_2030,1772051490.6542516,2.8364222049713135,1,{},{analysis incomplete},{Solidity compilation failed},{}
contracts_output/contracts_output/gemini_contracts/gemini_contracts/2476.sol,2476.sol,oyente+-060ca34,solidity,2025/06/04,20260225_2030,1772051569.411558,2.8520753383636475,1,{},{analysis incomplete},{Solidity compilation failed},{}
contracts_output/contracts_output/gemini_contracts/gemini_contracts/2481.sol,2481.sol,oyente+-060ca34,solidity,2025/06/04,20260225_2030,1772051535.2573442,2.682827949523926,1,{},{analysis incomplete},{Solidity compilation failed},{}
contracts_output/contracts_output/gemini_contracts/gemini_contracts/2485.sol,2485.sol,oyente+-060ca34,solidity,2025/06/04,20260225_2030,1772051415.2142994,1.7324113845825195,1,{},{analysis incomplete},{Solidity compilation failed},{}
contracts_output/contracts_output/gemini_contracts/gemini_contracts/2491.sol,2491.sol,oyente+-060ca34,solidity,2025/06/04,20260225_2030,1772051498.8157687,3.1064343452453613,1,{},{analysis incomplete},{Solidity compilation failed},{}
contracts_output/contracts_output/gemini_contracts/gemini_contracts/250.sol,250.sol,oyente+-060ca34,solidity,2025/06/04,20260225_2030,1772051524.2585218,2.8373630046844482,1,{},{analysis incomplete},{Solidity compilation failed},{}
contracts_output/contracts_output/gemini_contracts/gemini_contracts/2515.sol,2515.sol,oyente+-060ca34,solidity,2025/06/04,20260225_2030,1772051483.50937,2.6968557834625244,1,{},{analysis incomplete},{Solidity compilation failed},{}
contracts_output/contracts_output/gemini_contracts/gemini_contracts/2521.sol,2521.sol,oyente+-060ca34,solidity,2025/06/04,20260225_2030,1772051509.9549842,2.5586318969726562,1,{},{analysis incomplete},{Solidity compilation failed},{}
contracts_output/contracts_output/gemini_contracts/gemini_contracts/2524.sol,2524.sol,oyente+-060ca34,solidity,2025/06/04,20260225_2030,1772051505.9348009,2.944913148880005,1,{},{analysis incomplete},{Solidity compilation failed},{}
contracts_output/contracts_output/gemini_contracts/gemini_contracts/2532.sol,2532.sol,oyente+-060ca34,solidity,2025/06/04,20260225_2030,1772051542.3664222,2.9333815574645996,1,{},{analysis incomplete},{Solidity compilation failed},{}
contracts_output/contracts_output/gemini_contracts/gemini_contracts/2533.sol,2533.sol,oyente+-060ca34,solidity,2025/06/04,20260225_2030,1772051416.8071537,2.464190721511841,1,{},{analysis incomplete},{Solidity compilation failed},{}
contracts_output/contracts_output/gemini_contracts/gemini_contracts/2566.sol,2566.sol,oyente+-060ca34,solidity,2025/06/04,20260225_2030,1772051454.3296936,2.5308282375335693,1,{},{analysis incomplete},{Solidity compilation failed},{}
contracts_output/contracts_output/gemini_contracts/gemini_contracts/2581.sol,2581.sol,oyente+-060ca34,solidity,2025/06/04,20260225_2030,1772051572.1108503,3.1811647415161133,1,{},{analysis incomplete},{Solidity compilation failed},{}
contracts_output/contracts_output/gemini_contracts/gemini_contracts/2600.sol,2600.sol,oyente+-060ca34,solidity,2025/06/04,20260225_2030,1772051528.3766496,2.832437515258789,1,{},{analysis incomplete},{Solidity compilation failed},{}
contracts_output/contracts_output/gemini_contracts/gemini_contracts/2602.sol,2602.sol,oyente+-060ca34,solidity,2025/06/04,20260225_2030,1772051499.9259064,2.663365125656128,1,{},{analysis incomplete},{Solidity compilation failed},{}
contracts_output/contracts_output/gemini_contracts/gemini_contracts/2614.sol,2614.sol,oyente+-060ca34,solidity,2025/06/04,20260225_2030,1772051489.3055027,2.5280814170837402,1,{},{analysis incomplete},{Solidity compilation failed},{}
contracts_output/contracts_output/gemini_contracts/gemini_contracts/2617.sol,2617.sol,oyente+-060ca34,solidity,2025/06/04,20260225_2030,1772051445.6120145,2.86245059967041,1,{},{analysis incomplete},{Solidity compilation failed},{}
contracts_output/contracts_output/gemini_contracts/gemini_contracts/2621.sol,2621.sol,oyente+-060ca34,solidity,2025/06/04,20260225_2030,1772051442.2896862,2.662693738937378,1,{},{analysis incomplete},{Solidity compilation failed},{}
contracts_output/contracts_output/gemini_contracts/gemini_contracts/2632.sol,2632.sol,oyente+-060ca34,solidity,2025/06/04,20260225_2030,1772051459.1424973,2.920700788497925,1,{},{analysis incomplete},{Solidity compilation failed},{}
contracts_output/contracts_output/gemini_contracts/gemini_contracts/2639.sol,2639.sol,oyente+-060ca34,solidity,2025/06/04,20260225_2030,1772051529.222543,2.9511609077453613,1,{},{analysis incomplete},{Solidity compilation failed},{}
contracts_output/contracts_output/gemini_contracts/gemini_contracts/267.sol,267.sol,oyente+-060ca34,solidity,2025/06/04,20260225_2030,1772051500.4442086,2.9898104667663574,1,{},{analysis incomplete},{Solidity compilation failed},{}
contracts_output/contracts_output/gemini_contracts/gemini_contracts/2680.sol,2680.sol,oyente+-060ca34,solidity,2025/06/04,20260225_2030,1772051421.0435972,2.7458999156951904,1,{},{analysis incomplete},{Solidity compilation failed},{}
contracts_output/contracts_output/gemini_contracts/gemini_contracts/2712.sol,2712.sol,oyente+-060ca34,solidity,2025/06/04,20260225_2030,1772051523.018991,2.983250141143799,1,{},{analysis incomplete},{Solidity compilation failed},{}
contracts_output/contracts_output/gemini_contracts/gemini_contracts/2733.sol,2733.sol,oyente+-060ca34,solidity,2025/06/04,20260225_2030,1772051541.0927567,2.630244493484497,1,{},{analysis incomplete},{Solidity compilation failed},{}
contracts_output/contracts_output/gemini_contracts/gemini_contracts/2749.sol,2749.sol,oyente+-060ca34,solidity,2025/06/04,20260225_2030,1772051574.4292746,2.632411479949951,1,{},{analysis incomplete},{Solidity compilation failed},{}
contracts_output/contracts_output/gemini_contracts/gemini_contracts/2752.sol,2752.sol,oyente+-060ca34,solidity,2025/06/04,20260225_2030,1772051424.0089,2.872417449951172,1,{},{analysis incomplete},{Solidity compilation failed},{}
contracts_output/contracts_output/gemini_contracts/gemini_contracts/277.sol,277.sol,oyente+-060ca34,solidity,2025/06/04,20260225_2030,1772051555.451722,3.0406627655029297,1,{},{analysis incomplete},{Solidity compilation failed},{}
contracts_output/contracts_output/gemini_contracts/gemini_contracts/2777.sol,2777.sol,oyente+-060ca34,solidity,2025/06/04,20260225_2030,1772051420.4267535,2.8998777866363525,1,{},{analysis incomplete},{Solidity compilation failed},{}
contracts_output/contracts_output/gemini_contracts/gemini_contracts/281.sol,281.sol,oyente+-060ca34,solidity,2025/06/04,20260225_2030,1772051428.7114716,2.632761240005493,1,{},{analysis incomplete},{Solidity compilation failed},{}
contracts_output/contracts_output/gemini_contracts/gemini_contracts/2847.sol,2847.sol,oyente+-060ca34,solidity,2025/06/04,20260225_2030,1772051458.8147786,3.0871920585632324,1,{},{analysis incomplete},{Solidity compilation failed},{}
contracts_output/contracts_output/gemini_contracts/gemini_contracts/2851.sol,2851.sol,oyente+-060ca34,solidity,2025/06/04,20260225_2030,1772051477.7063088,3.099843978881836,1,{},{analysis incomplete},{Solidity compilation failed},{}
contracts_output/contracts_output/gemini_contracts/gemini_contracts/2869.sol,2869.sol,oyente+-060ca34,solidity,2025/06/04,20260225_2030,1772051507.1645184,2.6500141620635986,1,{},{analysis incomplete},{Solidity compilation failed},{}
contracts_output/contracts_output/gemini_contracts/gemini_contracts/2892.sol,2892.sol,oyente+-060ca34,solidity,2025/06/04,20260225_2030,1772051442.533386,2.946208953857422,1,{},{analysis incomplete},{Solidity compilation failed},{}
contracts_output/contracts_output/gemini_contracts/gemini_contracts/2907.sol,2907.sol,oyente+-060ca34,solidity,2025/06/04,20260225_2030,1772051573.3823442,2.5457236766815186,1,{},{analysis incomplete},{Solidity compilation failed},{}
contracts_output/contracts_output/gemini_contracts/gemini_contracts/2948.sol,2948.sol,oyente+-060ca34,solidity,2025/06/04,20260225_2030,1772051484.4609237,2.962372303009033,1,{},{analysis incomplete},{Solidity compilation failed},{}
contracts_output/contracts_output/gemini_contracts/gemini_contracts/2971.sol,2971.sol,oyente+-060ca34,solidity,2025/06/04,20260225_2030,1772051474.6620579,2.909151077270508,1,{},{analysis incomplete},{Solidity compilation failed},{}
contracts_output/contracts_output/gemini_contracts/gemini_contracts/2976.sol,2976.sol,oyente+-060ca34,solidity,2025/06/04,20260225_2030,1772051585.9817748,2.6146247386932373,1,{},{analysis incomplete},{Solidity compilation failed},{}
contracts_output/contracts_output/gemini_contracts/gemini_contracts/2989.sol,2989.sol,oyente+-060ca34,solidity,2025/06/04,20260225_2030,1772051475.3470705,2.660458564758301,1,{},{analysis incomplete},{Solidity compilation failed},{}
contracts_output/contracts_output/gemini_contracts/gemini_contracts/30.sol,30.sol,oyente+-060ca34,solidity,2025/06/04,20260225_2030,1772051415.1935067,1.708078145980835,1,{},{analysis incomplete},{Solidity compilation failed},{}
contracts_output/contracts_output/gemini_contracts/gemini_contracts/3024.sol,3024.sol,oyente+-060ca34,solidity,2025/06/04,20260225_2030,1772051465.6304708,2.728057861328125,1,{},{analysis incomplete},{Solidity compilation failed},{}
contracts_output/contracts_output/gemini_contracts/gemini_contracts/3040.sol,3040.sol,oyente+-060ca34,solidity,2025/06/04,20260225_2030,1772051489.053963,2.3716890811920166,1,{},{analysis incomplete},{Solidity compilation failed},{}
contracts_output/contracts_output/gemini_contracts/gemini_contracts/306.sol,306.sol,oyente+-060ca34,solidity,2025/06/04,20260225_2030,1772051554.7406533,3.08994197845459,1,{},{analysis incomplete},{Solidity compilation failed},{}
contracts_output/contracts_output/gemini_contracts/gemini_contracts/3060.sol,3060.sol,oyente+-060ca34,solidity,2025/06/04,20260225_2030,1772051440.7110023,2.809605121612549,1,{},{analysis incomplete},{Solidity compilation failed},{}
contracts_output/contracts_output/gemini_contracts/gemini_contracts/3064.sol,3064.sol,oyente+-060ca34,solidity,2025/06/04,20260225_2030,1772051515.3606994,3.119940757751465,1,{},{analysis incomplete},{Solidity compilation failed},{}
contracts_output/contracts_output/gemini_contracts/gemini_contracts/3096.sol,3096.sol,oyente+-060ca34,solidity,2025/06/04,20260225_2030,1772051570.9213111,2.4597489833831787,1,{},{analysis incomplete},{Solidity compilation failed},{}
contracts_output/contracts_output/gemini_contracts/gemini_contracts/3103.sol,3103.sol,oyente+-060ca34,solidity,2025/06/04,20260225_2030,1772051568.760371,2.743485450744629,1,{},{analysis incomplete},{Solidity compilation failed},{}
contracts_output/contracts_output/gemini_contracts/gemini_contracts/312.sol,312.sol,oyente+-060ca34,solidity,2025/06/04,20260225_2030,1772051415.2089458,1.5293869972229004,1,{},{analysis incomplete},{Solidity compilation failed},{}
contracts_output/contracts_output/gemini_contracts/gemini_contracts/3142.sol,3142.sol,oyente+-060ca34,solidity,2025/06/04,20260225_2030,1772051473.5556254,2.8365485668182373,1,{},{analysis incomplete},{Solidity compilation failed},{}
contracts_output/contracts_output/gemini_contracts/gemini_contracts/3148.sol,3148.sol,oyente+-060ca34,solidity,2025/06/04,20260225_2030,1772051532.2719593,3.0678091049194336,1,{},{analysis incomplete},{Solidity compilation failed},{}
contracts_output/contracts_output/gemini_contracts/gemini_contracts/316.sol,316.sol,oyente+-060ca34,solidity,2025/06/04,20260225_2030,1772051529.9868848,2.9031293392181396,1,{},{analysis incomplete},{Solidity compilation failed},{}
contracts_output/contracts_output/gemini_contracts/gemini_contracts/3161.sol,3161.sol,oyente+-060ca34,solidity,2025/06/04,20260225_2030,1772051489.662849,2.952651262283325,1,{},{analysis incomplete},{Solidity compilation failed},{}
contracts_output/contracts_output/gemini_contracts/gemini_contracts/3163.sol,3163.sol,oyente+-060ca34,solidity,2025/06/04,20260225_2030,1772051446.121186,2.9244139194488525,1,{},{analysis incomplete},{Solidity compilation failed},{}
contracts_output/contracts_output/gemini_contracts/gemini_contracts/3170.sol,3170.sol,oyente+-060ca34,solidity,2025/06/04,20260225_2030,1772051415.208979,3.2536656856536865,1,{},{analysis incomplete},{Solidity compilation failed},{}
contracts_output/contracts_output/gemini_contracts/gemini_contracts/3181.sol,3181.sol,oyente+-060ca34,solidity,2025/06/04,20260225_2030,1772051539.0314548,2.7813196182250977,1,{},{analysis incomplete},{Solidity compilation failed},{}
contracts_output/contracts_output/gemini_contracts/gemini_contracts/3185.sol,3185.sol,oyente+-060ca34,solidity,2025/06/04,20260225_2030,1772051449.396811,2.6648030281066895,1,{},{analysis incomplete},{Solidity compilation failed},{}
contracts_output/contracts_output/gemini_contracts/gemini_contracts/3195.sol,3195.sol,oyente+-060ca34,solidity,2025/06/04,20260225_2030,1772051527.149903,2.6863038539886475,1,{},{analysis incomplete},{Solidity compilation failed},{}
contracts_output/contracts_output/gemini_contracts/gemini_contracts/32.sol,32.sol,oyente+-060ca34,solidity,2025/06/04,20260225_2030,1772051460.8348186,2.7502217292785645,1,{},{analysis incomplete},{Solidity compilation failed},{}
contracts_output/contracts_output/gemini_contracts/gemini_contracts/3202.sol,3202.sol,oyente+-060ca34,solidity,2025/06/04,20260225_2030,1772051437.5406072,2.7644174098968506,1,{},{analysis incomplete},{Solidity compilation failed},{}
contracts_output/contracts_output/gemini_contracts/gemini_contracts/3204.sol,3204.sol,oyente+-060ca34,solidity,2025/06/04,20260225_2030,1772051473.8790755,2.709341049194336,1,{},{analysis incomplete},{Solidity compilation failed},{}
contracts_output/contracts_output/gemini_contracts/gemini_contracts/321.sol,321.sol,oyente+-060ca34,solidity,2025/06/04,20260225_2030,1772051515.7720232,2.9997947216033936,1,{},{analysis incomplete},{Solidity compilation failed},{}
contracts_output/contracts_output/gemini_contracts/gemini_contracts/3235.sol,3235.sol,oyente+-060ca34,solidity,2025/06/04,20260225_2030,1772051500.4089851,2.7812001705169678,1,{},{analysis incomplete},{Solidity compilation failed},{}
contracts_output/contracts_output/gemini_contracts/gemini_contracts/3265.sol,3265.sol,oyente+-060ca34,solidity,2025/06/04,20260225_2030,1772051467.0155795,3.041576623916626,1,{},{analysis incomplete},{Solidity compilation failed},{}
contracts_output/contracts_output/gemini_contracts/gemini_contracts/3277.sol,3277.sol,oyente+-060ca34,solidity,2025/06/04,20260225_2030,1772051431.662147,2.8949685096740723,1,{},{analysis incomplete},{Solidity compilation failed},{}
contracts_output/contracts_output/gemini_contracts/gemini_contracts/3285.sol,3285.sol,oyente+-060ca34,solidity,2025/06/04,20260225_2030,1772051451.0818477,2.944920539855957,1,{},{analysis incomplete},{Solidity compilation failed},{}
contracts_output/contracts_output/gemini_contracts/gemini_contracts/3288.sol,3288.sol,oyente+-060ca34,solidity,2025/06/04,20260225_2030,1772051502.0855396,3.0410847663879395,1,{},{analysis incomplete},{Solidity compilation failed},{}
contracts_output/contracts_output/gemini_contracts/gemini_contracts/3297.sol,3297.sol,oyente+-060ca34,solidity,2025/06/04,20260225_2030,1772051525.2270467,2.8802192211151123,1,{},{analysis incomplete},{Solidity compilation failed},{}
contracts_output/contracts_output/gemini_contracts/gemini_contracts/3314.sol,3314.sol,oyente+-060ca34,solidity,2025/06/04,20260225_2030,1772051448.476061,2.8655409812927246,1,{},{analysis incomplete},{Solidity compilation failed},{}
contracts_output/contracts_output/gemini_contracts/gemini_contracts/3318.sol,3318.sol,oyente+-060ca34,solidity,2025/06/04,20260225_2030,1772051479.0844033,2.6503539085388184,1,{},{analysis incomplete},{Solidity compilation failed},{}
contracts_output/contracts_output/gemini_contracts/gemini_contracts/3322.sol,3322.sol,oyente+-060ca34,solidity,2025/06/04,20260225_2030,1772051581.3866284,2.482679605484009,1,{},{analysis incomplete},{Solidity compilation failed},{}
contracts_output/contracts_output/gemini_contracts/gemini_contracts/3332.sol,3332.sol,oyente+-060ca34,solidity,2025/06/04,20260225_2030,1772051471.8820384,2.892037868499756,1,{},{analysis incomplete},{Solidity compilation failed},{}
contracts_output/contracts_output/gemini_contracts/gemini_contracts/3338.sol,3338.sol,oyente+-060ca34,solidity,2025/06/04,20260225_2030,1772051541.3790236,2.723423957824707,1,{},{analysis incomplete},{Solidity compilation failed},{}
contracts_output/contracts_output/gemini_contracts/gemini_contracts/3343.sol,3343.sol,oyente+-060ca34,solidity,2025/06/04,20260225_2030,1772051444.1039882,2.8914856910705566,1,{},{analysis incomplete},{Solidity compilation failed},{}
contracts_output/contracts_output/gemini_contracts/gemini_contracts/3368.sol,3368.sol,oyente+-060ca34,solidity,2025/06/04,20260225_2030,1772051572.4158807,3.196650505065918,1,{},{analysis incomplete},{Solidity compilation failed},{}
contracts_output/contracts_output/gemini_contracts/gemini_contracts/3377.sol,3377.sol,oyente+-060ca34,solidity,2025/06/04,20260225_2030,1772051520.7297418,2.5716803073883057,1,{},{analysis incomplete},{Solidity compilation failed},{}
contracts_output/contracts_output/gemini_contracts/gemini_contracts/3380.sol,3380.sol,oyente+-060ca34,solidity,2025/06/04,20260225_2030,1772051583.9382823,2.8012216091156006,1,{},{analysis incomplete},{Solidity compilation failed},{}
contracts_output/contracts_output/gemini_contracts/gemini_contracts/339.sol,339.sol,oyente+-060ca34,solidity,2025/06/04,20260225_2030,1772051415.2778313,2.0551772117614746,1,{},{analysis incomplete},{Solidity compilation failed},{}
contracts_output/contracts_output/gemini_contracts/gemini_contracts/3416.sol,3416.sol,oyente+-060ca34,solidity,2025/06/04,20260225_2030,1772051527.219602,2.828981637954712,1,{},{analysis incomplete},{Solidity compilation failed},{}
contracts_output/contracts_output/gemini_contracts/gemini_contracts/3424.sol,3424.sol,oyente+-060ca34,solidity,2025/06/04,20260225_2030,1772051539.6078088,3.017972230911255,1,{},{analysis incomplete},{Solidity compilation failed},{}
contracts_output/contracts_output/gemini_contracts/gemini_contracts/3433.sol,3433.sol,oyente+-060ca34,solidity,2025/06/04,20260225_2030,1772051532.5641556,3.1070423126220703,1,{},{analysis incomplete},{Solidity compilation failed},{}
contracts_output/contracts_output/gemini_contracts/gemini_contracts/3447.sol,3447.sol,oyente+-060ca34,solidity,2025/06/04,20260225_2030,1772051446.287353,2.977642774581909,1,{},{analysis incomplete},{Solidity compilation failed},{}
contracts_output/contracts_output/gemini_contracts/gemini_contracts/3452.sol,3452.sol,oyente+-060ca34,solidity,2025/06/04,20260225_2030,1772051566.8146226,3.0605573654174805,1,{},{analysis incomplete},{Solidity compilation failed},{}
contracts_output/contracts_output/gemini_contracts/gemini_contracts/3458.sol,3458.sol,oyente+-060ca34,solidity,2025/06/04,20260225_2030,1772051557.5568223,3.1604602336883545,1,{},{analysis incomplete},{Solidity compilation failed},{}
contracts_output/contracts_output/gemini_contracts/gemini_contracts/3464.sol,3464.sol,oyente+-060ca34,solidity,2025/06/04,20260225_2030,1772051461.355675,2.9721460342407227,1,{},{analysis incomplete},{Solidity compilation failed},{}
contracts_output/contracts_output/gemini_contracts/gemini_contracts/3476.sol,3476.sol,oyente+-060ca34,solidity,2025/06/04,20260225_2030,1772051431.7722304,2.8726096153259277,1,{},{analysis incomplete},{Solidity compilation failed},{}
contracts_output/contracts_output/gemini_contracts/gemini_contracts/3477.sol,3477.sol,oyente+-060ca34,solidity,2025/06/04,20260225_2030,1772051540.4889364,2.9105734825134277,1,{},{analysis incomplete},{Solidity compilation failed},{}
contracts_output/contracts_output/gemini_contracts/gemini_contracts/3500.sol,3500.sol,oyente+-060ca34,solidity,2025/06/04,20260225_2030,1772051470.5544965,2.904616117477417,1,{},{analysis incomplete},{Solidity compilation failed},{}
contracts_output/contracts_output/gemini_contracts/gemini_contracts/3520.sol,3520.sol,oyente+-060ca34,solidity,2025/06/04,20260225_2030,1772051495.5771804,3.0482981204986572,1,{},{analysis incomplete},{Solidity compilation failed},{}
contracts_output/contracts_output/gemini_contracts/gemini_contracts/3570.sol,3570.sol,oyente+-060ca34,solidity,2025/06/04,20260225_2030,1772051549.8548687,2.5594730377197266,1,{},{analysis incomplete},{Solidity compilation failed},{}
contracts_output/contracts_output/gemini_contracts/gemini_contracts/3576.sol,3576.sol,oyente+-060ca34,solidity,2025/06/04,20260225_2030,1772051434.988834,2.757521152496338,1,{},{analysis incomplete},{Solidity compilation failed},{}
contracts_output/contracts_output/gemini_contracts/gemini_contracts/3580.sol,3580.sol,oyente+-060ca34,solidity,2025/06/04,20260225_2030,1772051514.2053607,2.8073861598968506,1,{},{analysis incomplete},{Solidity compilation failed},{}
contracts_output/contracts_output/gemini_contracts/gemini_contracts/36.sol,36.sol,oyente+-060ca34,solidity,2025/06/04,20260225_2030,1772051469.8172104,2.960092306137085,1,{},{analysis incomplete},{Solidity compilation failed},{}
contracts_output/contracts_output/gemini_contracts/gemini_contracts/3604.sol,3604.sol,oyente+-060ca34,solidity,2025/06/04,20260225_2030,1772051443.2885218,2.9981131553649902,1,{},{analysis incomplete},{Solidity compilation failed},{}
contracts_output/contracts_output/gemini_contracts/gemini_contracts/3619.sol,3619.sol,oyente+-060ca34,solidity,2025/06/04,20260225_2030,1772051428.0527568,3.121734857559204,1,{},{analysis incomplete},{Solidity compilation failed},{}
contracts_output/contracts_output/gemini_contracts/gemini_contracts/3633.sol,3633.sol,oyente+-060ca34,solidity,2025/06/04,20260225_2030,1772051455.3682284,3.090414524078369,1,{},{analysis incomplete},{Solidity compilation failed},{}
contracts_output/contracts_output/gemini_contracts/gemini_contracts/3644.sol,3644.sol,oyente+-060ca34,solidity,2025/06/04,20260225_2030,1772051494.2597876,3.159590721130371,1,{},{analysis incomplete},{Solidity compilation failed},{}
contracts_output/contracts_output/gemini_contracts/gemini_contracts/3650.sol,3650.sol,oyente+-060ca34,solidity,2025/06/04,20260225_2030,1772051565.2254694,2.47707462310791,1,{},{analysis incomplete},{Solidity compilation failed},{}
contracts_output/contracts_output/gemini_contracts/gemini_contracts/3662.sol,3662.sol,oyente+-060ca34,solidity,2025/06/04,20260225_2030,1772051490.8745263,3.1692237854003906,1,{},{analysis incomplete},{Solidity compilation failed},{}
contracts_output/contracts_output/gemini_contracts/gemini_contracts/3698.sol,3698.sol,oyente+-060ca34,solidity,2025/06/04,20260225_2030,1772051463.9641495,2.666929006576538,1,{},{analysis incomplete},{Solidity compilation failed},{}
contracts_output/contracts_output/gemini_contracts/gemini_contracts/3704.sol,3704.sol,oyente+-060ca34,solidity,2025/06/04,20260225_2030,1772051521.77049,2.9926328659057617,1,{},{analysis incomplete},{Solidity compilation failed},{}
contracts_output/contracts_output/gemini_contracts/gemini_contracts/3719.sol,3719.sol,oyente+-060ca34,solidity,2025/06/04,20260225_2030,1772051437.5265043,2.683957099914551,1,{},{analysis incomplete},{Solidity compilation failed},{}
contracts_output/contracts_output/gemini_contracts/gemini_contracts/3727.sol,3727.sol,oyente+-060ca34,solidity,2025/06/04,20260225_2030,1772051504.5527735,2.700197219848633,1,{},{analysis incomplete},{Solidity compilation failed},{}
contracts_output/contracts_output/gemini_contracts/gemini_contracts/3728.sol,3728.sol,oyente+-060ca34,solidity,2025/06/04,20260225_2030,1772051490.7841268,3.1491692066192627,1,{},{analysis incomplete},{Solidity compilation failed},{}
contracts_output/contracts_output/gemini_contracts/gemini_contracts/3748.sol,3748.sol,oyente+-060ca34,solidity,2025/06/04,20260225_2030,1772051512.0440753,2.851663112640381,1,{},{analysis incomplete},{Solidity compilation failed},{}
contracts_output/contracts_output/gemini_contracts/gemini_contracts/3756.sol,3756.sol,oyente+-060ca34,solidity,2025/06/04,20260225_2030,1772051550.6702118,3.311523914337158,1,{},{analysis incomplete},{Solidity compilation failed},{}
contracts_output/contracts_output/gemini_contracts/gemini_contracts/3776.sol,3776.sol,oyente+-060ca34,solidity,2025/06/04,20260225_2030,1772051518.7724977,2.9967222213745117,1,{},{analysis incomplete},{Solidity compilation failed},{}
contracts_output/contracts_output/gemini_contracts/gemini_contracts/3785.sol,3785.sol,oyente+-060ca34,solidity,2025/06/04,20260225_2030,1772051503.3116393,2.7687137126922607,1,{},{analysis incomplete},{Solidity compilation failed},{}
contracts_output/contracts_output/gemini_contracts/gemini_contracts/3793.sol,3793.sol,oyente+-060ca34,solidity,2025/06/04,20260225_2030,1772051554.4120233,2.640367269515991,1,{},{analysis incomplete},{Solidity compilation failed},{}
contracts_output/contracts_output/gemini_contracts/gemini_contracts/381.sol,381.sol,oyente+-060ca34,solidity,2025/06/04,20260225_2030,1772051416.8679047,2.7909231185913086,1,{},{analysis incomplete},{Solidity compilation failed},{}
contracts_output/contracts_output/gemini_contracts/gemini_contracts/382.sol,382.sol,oyente+-060ca34,solidity,2025/06/04,20260225_2030,1772051452.7656386,2.7771472930908203,1,{},{analysis incomplete},{Solidity compilation failed},{}
contracts_output/contracts_output/gemini_contracts/gemini_contracts/3857.sol,3857.sol,oyente+-060ca34,solidity,2025/06/04,20260225_2030,1772051513.4772635,2.634552001953125,1,{},{analysis incomplete},{Solidity compilation failed},{}
contracts_output/contracts_output/gemini_contracts/gemini_contracts/3863.sol,3863.sol,oyente+-060ca34,solidity,2025/06/04,20260225_2030,1772051432.9735458,2.9131834506988525,1,{},{analysis incomplete},{Solidity compilation failed},{}
contracts_output/contracts_output/gemini_contracts/gemini_contracts/3881.sol,3881.sol,oyente+-060ca34,solidity,2025/06/04,20260225_2030,1772051459.6385407,2.6805996894836426,1,{},{analysis incomplete},{Solidity compilation failed},{}
contracts_output/contracts_output/gemini_contracts/gemini_contracts/3890.sol,3890.sol,oyente+-060ca34,solidity,2025/06/04,20260225_2030,1772051491.180032,2.915181875228882,1,{},{analysis incomplete},{Solidity compilation failed},{}
contracts_output/contracts_output/gemini_contracts/gemini_contracts/3893.sol,3893.sol,oyente+-060ca34,solidity,2025/06/04,20260225_2030,1772051513.7138767,2.82863712310791,1,{},{analysis incomplete},{Solidity compilation failed},{}
contracts_output/contracts_output/gemini_contracts/gemini_contracts/3896.sol,3896.sol,oyente+-060ca34,solidity,2025/06/04,20260225_2030,1772051418.8537695,2.7962241172790527,1,{},{analysis incomplete},{Solidity compilation failed},{}
contracts_output/contracts_output/gemini_contracts/gemini_contracts/39.sol,39.sol,oyente+-060ca34,solidity,2025/06/04,20260225_2030,1772051512.7912734,2.7638816833496094,1,{},{analysis incomplete},{Solidity compilation failed},{}
contracts_output/contracts_output/gemini_contracts/gemini_contracts/3939.sol,3939.sol,oyente+-060ca34,solidity,2025/06/04,20260225_2030,1772051468.7619016,2.8792200088500977,1,{},{analysis incomplete},{Solidity compilation failed},{}
contracts_output/contracts_output/gemini_contracts/gemini_contracts/3988.sol,3988.sol,oyente+-060ca34,solidity,2025/06/04,20260225_2030,1772051478.2839918,2.9693992137908936,1,{},{analysis incomplete},{Solidity compilation failed},{}
contracts_output/contracts_output/gemini_contracts/gemini_contracts/3990.sol,3990.sol,oyente+-060ca34,solidity,2025/06/04,20260225_2030,1772051538.2397335,2.7938742637634277,1,{},{analysis incomplete},{Solidity compilation failed},{}
contracts_output/contracts_output/gemini_contracts/gemini_contracts/4001.sol,4001.sol,oyente+-060ca34,solidity,2025/06/04,20260225_2030,1772051461.9029481,2.888296365737915,1,{},{analysis incomplete},{Solidity compilation failed},{}
contracts_output/contracts_output/gemini_contracts/gemini_contracts/4005.sol,4005.sol,oyente+-060ca34,solidity,2025/06/04,20260225_2030,1772051551.37797,2.9756033420562744,1,{},{analysis incomplete},{Solidity compilation failed},{}
contracts_output/contracts_output/gemini_contracts/gemini_contracts/402.sol,402.sol,oyente+-060ca34,solidity,2025/06/04,20260225_2030,1772051549.001428,2.8397645950317383,1,{},{analysis incomplete},{Solidity compilation failed},{}
contracts_output/contracts_output/gemini_contracts/gemini_contracts/4025.sol,4025.sol,oyente+-060ca34,solidity,2025/06/04,20260225_2030,1772051509.7403939,2.709092855453491,1,{},{analysis incomplete},{Solidity compilation failed},{}
contracts_output/contracts_output/gemini_contracts/gemini_contracts/4047.sol,4047.sol,oyente+-060ca34,solidity,2025/06/04,20260225_2030,1772051549.429461,2.578331470489502,1,{},{analysis incomplete},{Solidity compilation failed},{}
contracts_output/contracts_output/gemini_contracts/gemini_contracts/4051.sol,4051.sol,oyente+-060ca34,solidity,2025/06/04,20260225_2030,1772051513.8726475,2.8031139373779297,1,{},{analysis incomplete},{Solidity compilation failed},{}
contracts_output/contracts_output/gemini_contracts/gemini_contracts/4079.sol,4079.sol,oyente+-060ca34,solidity,2025/06/04,20260225_2030,1772051462.7975163,2.6893599033355713,1,{},{analysis incomplete},{Solidity compilation failed},{}
contracts_output/contracts_output/gemini_contracts/gemini_contracts/4083.sol,4083.sol,oyente+-060ca34,solidity,2025/06/04,20260225_2030,1772051434.7028778,2.7877705097198486,1,{},{analysis incomplete},{Solidity compilation failed},{}
contracts_output/contracts_output/gemini_contracts/gemini_contracts/4086.sol,4086.sol,oyente+-060ca34,solidity,2025/06/04,20260225_2030,1772051494.7857735,3.146242618560791,1,{},{analysis incomplete},{Solidity compilation failed},{}
contracts_output/contracts_output/gemini_contracts/gemini_contracts/4148.sol,4148.sol,oyente+-060ca34,solidity,2025/06/04,20260225_2030,1772051511.8596337,2.926743268966675,1,{},{analysis incomplete},{Solidity compilation failed},{}
contracts_output/contracts_output/gemini_contracts/gemini_contracts/4173.sol,4173.sol,oyente+-060ca34,solidity,2025/06/04,20260225_2030,1772051422.572083,3.2506229877471924,1,{},{analysis incomplete},{Solidity compilation failed},{}
contracts_output/contracts_output/gemini_contracts/gemini_contracts/4185.sol,4185.sol,oyente+-060ca34,solidity,2025/06/04,20260225_2030,1772051513.959375,2.765169143676758,1,{},{analysis incomplete},{Solidity compilation failed},{}
contracts_output/contracts_output/gemini_contracts/gemini_contracts/4219.sol,4219.sol,oyente+-060ca34,solidity,2025/06/04,20260225_2030,1772051485.65198,2.739125967025757,1,{},{analysis incomplete},{Solidity compilation failed},{}
contracts_output/contracts_output/gemini_contracts/gemini_contracts/4258.sol,4258.sol,oyente+-060ca34,solidity,2025/06/04,20260225_2030,1772051483.6150646,2.705595016479492,1,{},{analysis incomplete},{Solidity compilation failed},{}
contracts_output/contracts_output/gemini_contracts/gemini_contracts/4267.sol,4267.sol,oyente+-060ca34,solidity,2025/06/04,20260225_2030,1772051522.371787,2.85459566116333,1,{},{analysis incomplete},{Solidity compilation failed},{}
contracts_output/contracts_output/gemini_contracts/gemini_contracts/4301.sol,4301.sol,oyente+-060ca34,solidity,2025/06/04,20260225_2030,1772051536.1160002,3.134129762649536,1,{},{analysis incomplete},{Solidity compilation failed},{}
contracts_output/contracts_output/gemini_contracts/gemini_contracts/4311.sol,4311.sol,oyente+-060ca34,solidity,2025/06/04,20260225_2030,1772051482.8945158,2.7564592361450195,1,{},{analysis incomplete},{Solidity compilation failed},{}
contracts_output/contracts_output/gemini_contracts/gemini_contracts/4342.sol,4342.sol,oyente+-060ca34,solidity,2025/06/04,20260225_2030,1772051558.3513253,2.8476173877716064,1,{},{analysis incomplete},{Solidity compilation failed},{}
contracts_output/contracts_output/gemini_contracts/gemini_contracts/4344.sol,4344.sol,oyente+-060ca34,solidity,2025/06/04,20260225_2030,1772051536.858145,2.8945393562316895,1,{},{analysis incomplete},{Solidity compilation failed},{}
contracts_output/contracts_output/gemini_contracts/gemini_contracts/4397.sol,4397.sol,oyente+-060ca34,solidity,2025/06/04,20260225_2030,1772051519.2652776,2.77396559715271,1,{},{analysis incomplete},{Solidity compilation failed},{}
contracts_output/contracts_output/gemini_contracts/gemini_contracts/4411.sol,4411.sol,oyente+-060ca34,solidity,2025/06/04,20260225_2030,1772051530.214303,2.836338996887207,1,{},{analysis incomplete},{Solidity compilation failed},{}
contracts_output/contracts_output/gemini_contracts/gemini_contracts/4418.sol,4418.sol,oyente+-060ca34,solidity,2025/06/04,20260225_2030,1772051566.249678,2.7941513061523438,1,{},{analysis incomplete},{Solidity compilation failed},{}
contracts_output/contracts_output/gemini_contracts/gemini_contracts/442.sol,442.sol,oyente+-060ca34,solidity,2025/06/04,20260225_2030,1772051487.1235354,2.537618398666382,1,{},{analysis incomplete},{Solidity compilation failed},{}
contracts_output/contracts_output/gemini_contracts/gemini_contracts/4437.sol,4437.sol,oyente+-060ca34,solidity,2025/06/04,20260225_2030,1772051485.0883305,2.8281447887420654,1,{},{analysis incomplete},{Solidity compilation failed},{}
contracts_output/contracts_output/gemini_contracts/gemini_contracts/4464.sol,4464.sol,oyente+-060ca34,solidity,2025/06/04,20260225_2030,1772051516.0037954,2.995668649673462,1,{},{analysis incomplete},{Solidity compilation failed},{}
contracts_output/contracts_output/gemini_contracts/gemini_contracts/4481.sol,4481.sol,oyente+-060ca34,solidity,2025/06/04,20260225_2030,1772051547.7415748,2.6294021606445312,1,{},{analysis incomplete},{Solidity compilation failed},{}
contracts_output/contracts_output/gemini_contracts/gemini_contracts/4491.sol,4491.sol,oyente+-060ca34,solidity,2025/06/04,20260225_2030,1772051524.2779837,2.871267557144165,1,{},{analysis incomplete},{Solidity compilation failed},{}
contracts_output/contracts_output/gemini_contracts/gemini_contracts/4496.sol,4496.sol,oyente+-060ca34,solidity,2025/06/04,20260225_2030,1772051538.6919308,2.6859686374664307,1,{},{analysis incomplete},{Solidity compilation failed},{}
contracts_output/contracts_output/gemini_contracts/gemini_contracts/4517.sol,4517.sol,oyente+-060ca34,solidity,2025/06/04,20260225_2030,1772051432.0952318,2.892364025115967,1,{},{analysis incomplete},{Solidity compilation failed},{}
contracts_output/contracts_output/gemini_contracts/gemini_contracts/4527.sol,4527.sol,oyente+-060ca34,solidity,2025/06/04,20260225_2030,1772051482.1066003,2.620546579360962,1,{},{analysis incomplete},{Solidity compilation failed},{}
contracts_output/contracts_output/gemini_contracts/gemini_contracts/4553.sol,4553.sol,oyente+-060ca34,solidity,2025/06/04,20260225_2030,1772051460.4527538,2.6601128578186035,1,{},{analysis incomplete},{Solidity compilation failed},{}
contracts_output/contracts_output/gemini_contracts/gemini_contracts/4560.sol,4560.sol,oyente+-060ca34,solidity,2025/06/04,20260225_2030,1772051494.422055,3.4102096557617188,1,{},{analysis incomplete},{Solidity compilation failed},{}
contracts_output/contracts_output/gemini_contracts/gemini_contracts/4562.sol,4562.sol,oyente+-060ca34,solidity,2025/06/04,20260225_2030,1772051561.821446,3.126924991607666,1,{},{analysis incomplete},{Solidity compilation failed},{}
contracts_output/contracts_output/gemini_contracts/gemini_contracts/4567.sol,4567.sol,oyente+-060ca34,solidity,2025/06/04,20260225_2030,1772051440.0249784,2.7456157207489014,1,{},{analysis incomplete},{Solidity compilation failed},{}
contracts_output/contracts_output/gemini_contracts/gemini_contracts/4568.sol,4568.sol,oyente+-060ca34,solidity,2025/06/04,20260225_2030,1772051419.1043587,2.7477407455444336,1,{},{analysis incomplete},{Solidity compilation failed},{}
contracts_output/contracts_output/gemini_contracts/gemini_contracts/4569.sol,4569.sol,oyente+-060ca34,solidity,2025/06/04,20260225_2030,1772051471.4105897,2.965679168701172,1,{},{analysis incomplete},{Solidity compilation failed},{}
contracts_output/contracts_output/gemini_contracts/gemini_contracts/4577.sol,4577.sol,oyente+-060ca34,solidity,2025/06/04,20260225_2030,1772051529.6606536,2.902308225631714,1,{},{analysis incomplete},{Solidity compilation failed},{}
contracts_output/contracts_output/gemini_contracts/gemini_contracts/4581.sol,4581.sol,oyente+-060ca34,solidity,2025/06/04,20260225_2030,1772051554.6820917,2.9644222259521484,1,{},{analysis incomplete},{Solidity compilation failed},{}
contracts_output/contracts_output/gemini_contracts/gemini_contracts/4592.sol,4592.sol,oyente+-060ca34,solidity,2025/06/04,20260225_2030,1772051434.6457474,2.877333879470825,1,{},{analysis incomplete},{Solidity compilation failed},{}
contracts_output/contracts_output/gemini_contracts/gemini_contracts/4597.sol,4597.sol,oyente+-060ca34,solidity,2025/06/04,20260225_2030,1772051542.5019445,2.917454719543457,1,{},{analysis incomplete},{Solidity compilation failed},{}
contracts_output/contracts_output/gemini_contracts/gemini_contracts/4609.sol,4609.sol,oyente+-060ca34,solidity,2025/06/04,20260225_2030,1772051574.4086523,2.7969014644622803,1,{},{analysis incomplete},{Solidity compilation failed},{}
contracts_output/contracts_output/gemini_contracts/gemini_contracts/461.sol,461.sol,oyente+-060ca34,solidity,2025/06/04,20260225_2030,1772051507.663775,2.7963943481445312,1,{},{analysis incomplete},{Solidity compilation failed},{}
contracts_output/contracts_output/gemini_contracts/gemini_contracts/4614.sol,4614.sol,oyente+-060ca34,solidity,2025/06/04,20260225_2030,1772051523.9373326,2.697211503982544,1,{},{analysis incomplete},{Solidity compilation failed},{}
contracts_output/contracts_output/gemini_contracts/gemini_contracts/4646.sol,4646.sol,oyente+-060ca34,solidity,2025/06/04,20260225_2030,1772051432.627402,3.113377809524536,1,{},{analysis incomplete},{Solidity compilation failed},{}
contracts_output/contracts_output/gemini_contracts/gemini_contracts/465.sol,465.sol,oyente+-060ca34,solidity,2025/06/04,20260225_2030,1772051532.5749192,3.008842706680298,1,{},{analysis incomplete},{Solidity compilation failed},{}
contracts_output/contracts_output/gemini_contracts/gemini_contracts/4661.sol,4661.sol,oyente+-060ca34,solidity,2025/06/04,20260225_2030,1772051582.4257765,3.286752223968506,1,{},{analysis incomplete},{Solidity compilation failed},{}
contracts_output/contracts_output/gemini_contracts/gemini_contracts/4669.sol,4669.sol,oyente+-060ca34,solidity,2025/06/04,20260225_2030,1772051435.7282794,3.106248140335083,1,{},{analysis incomplete},{Solidity compilation failed},{}
contracts_output/contracts_output/gemini_contracts/gemini_contracts/467.sol,467.sol,oyente+-060ca34,solidity,2025/06/04,20260225_2030,1772051458.1146507,2.655116558074951,1,{},{analysis incomplete},{Solidity compilation failed},{}
contracts_output/contracts_output/gemini_contracts/gemini_contracts/4675.sol,4675.sol,oyente+-060ca34,solidity,2025/06/04,20260225_2030,1772051525.2682235,3.117644786834717,1,{},{analysis incomplete},{Solidity compilation failed},{}
contracts_output/contracts_output/gemini_contracts/gemini_contracts/4681.sol,4681.sol,oyente+-060ca34,solidity,2025/06/04,20260225_2030,1772051528.731285,2.866307497024536,1,{},{analysis incomplete},{Solidity compilation failed},{}
contracts_output/contracts_output/gemini_contracts/gemini_contracts/4695.sol,4695.sol,oyente+-060ca34,solidity,2025/06/04,20260225_2030,1772051582.4040701,3.089326858520508,1,{},{analysis incomplete},{Solidity compilation failed},{}
contracts_output/contracts_output/gemini_contracts/gemini_contracts/4726.sol,4726.sol,oyente+-060ca34,solidity,2025/06/04,20260225_2030,1772051454.550782,2.59029483795166,1,{},{analysis incomplete},{Solidity compilation failed},{}
contracts_output/contracts_output/gemini_contracts/gemini_contracts/4727.sol,4727.sol,oyente+-060ca34,solidity,2025/06/04,20260225_2030,1772051538.8667564,2.6206352710723877,1,{},{analysis incomplete},{Solidity compilation failed},{}
contracts_output/contracts_output/gemini_contracts/gemini_contracts/474.sol,474.sol,oyente+-060ca34,solidity,2025/06/04,20260225_2030,1772051436.8028295,2.690610647201538,1,{},{analysis incomplete},{Solidity compilation failed},{}
contracts_output/contracts_output/gemini_contracts/gemini_contracts/4746.sol,4746.sol,oyente+-060ca34,solidity,2025/06/04,20260225_2030,1772051565.9832435,2.816796064376831,1,{},{analysis incomplete},{Solidity compilation failed},{}
contracts_output/contracts_output/gemini_contracts/gemini_contracts/475.sol,475.sol,oyente+-060ca34,solidity,2025/06/04,20260225_2030,1772051529.9122672,3.0033555030822754,1,{},{analysis incomplete},{Solidity compilation failed},{}
contracts_output/contracts_output/gemini_contracts/gemini_contracts/476.sol,476.sol,oyente+-060ca34,solidity,2025/06/04,20260225_2030,1772051415.216514,1.8305532932281494,1,{},{analysis incomplete},{Solidity compilation failed},{}
contracts_output/contracts_output/gemini_contracts/gemini_contracts/4761.sol,4761.sol,oyente+-060ca34,solidity,2025/06/04,20260225_2030,1772051543.6379693,2.707817554473877,1,{},{analysis incomplete},{Solidity compilation failed},{}
contracts_output/contracts_output/gemini_contracts/gemini_contracts/4775.sol,4775.sol,oyente+-060ca34,solidity,2025/06/04,20260225_2030,1772051514.758028,2.9415135383605957,1,{},{analysis incomplete},{Solidity compilation failed},{}
contracts_output/contracts_output/gemini_contracts/gemini_contracts/4790.sol,4790.sol,oyente+-060ca34,solidity,2025/06/04,20260225_2030,1772051460.0034637,2.712826728820801,1,{},{analysis incomplete},{Solidity compilation failed},{}
contracts_output/contracts_output/gemini_contracts/gemini_contracts/4803.sol,4803.sol,oyente+-060ca34,solidity,2025/06/04,20260225_2030,1772051441.83037,2.7016096115112305,1,{},{analysis incomplete},{Solidity compilation failed},{}
contracts_output/contracts_output/gemini_contracts/gemini_contracts/4806.sol,4806.sol,oyente+-060ca34,solidity,2025/06/04,20260225_2030,1772051425.4855807,2.7602827548980713,1,{},{analysis incomplete},{Solidity compilation failed},{}
contracts_output/contracts_output/gemini_contracts/gemini_contracts/4823.sol,4823.sol,oyente+-060ca34,solidity,2025/06/04,20260225_2030,1772051479.4046888,2.461430311203003,1,{},{analysis incomplete},{Solidity compilation failed},{}
contracts_output/contracts_output/gemini_contracts/gemini_contracts/4839.sol,4839.sol,oyente+-060ca34,solidity,2025/06/04,20260225_2030,1772051419.2897818,2.7546586990356445,1,{},{analysis incomplete},{Solidity compilation failed},{}
contracts_output/contracts_output/gemini_contracts/gemini_contracts/4847.sol,4847.sol,oyente+-060ca34,solidity,2025/06/04,20260225_2030,1772051561.170608,2.875744104385376,1,{},{analysis incomplete},{Solidity compilation failed},{}
contracts_output/contracts_output/gemini_contracts/gemini_contracts/4852.sol,4852.sol,oyente+-060ca34,solidity,2025/06/04,20260225_2030,1772051531.7589152,2.6909635066986084,1,{},{analysis incomplete},{Solidity compilation failed},{}
contracts_output/contracts_output/gemini_contracts/gemini_contracts/4854.sol,4854.sol,oyente+-060ca34,solidity,2025/06/04,20260225_2030,1772051438.4165282,3.1334776878356934,1,{},{analysis incomplete},{Solidity compilation failed},{}
contracts_output/contracts_output/gemini_contracts/gemini_contracts/4864.sol,4864.sol,oyente+-060ca34,solidity,2025/06/04,20260225_2030,1772051439.3841567,2.6573431491851807,1,{},{analysis incomplete},{Solidity compilation failed},{}
contracts_output/contracts_output/gemini_contracts/gemini_contracts/4877.sol,4877.sol,oyente+-060ca34,solidity,2025/06/04,20260225_2030,1772051562.581625,2.851653814315796,1,{},{analysis incomplete},{Solidity compilation failed},{}
contracts_output/contracts_output/gemini_contracts/gemini_contracts/4896.sol,4896.sol,oyente+-060ca34,solidity,2025/06/04,20260225_2030,1772051573.9424853,2.6438674926757812,1,{},{analysis incomplete},{Solidity compilation failed},{}
contracts_output/contracts_output/gemini_contracts/gemini_contracts/4898.sol,4898.sol,oyente+-060ca34,solidity,2025/06/04,20260225_2030,1772051423.6824036,2.870633840560913,1,{},{analysis incomplete},{Solidity compilation failed},{}
contracts_output/contracts_output/gemini_contracts/gemini_contracts/4912.sol,4912.sol,oyente+-060ca34,solidity,2025/06/04,20260225_2030,1772051504.7822382,2.8106842041015625,1,{},{analysis incomplete},{Solidity compilation failed},{}
contracts_output/contracts_output/gemini_contracts/gemini_contracts/4928.sol,4928.sol,oyente+-060ca34,solidity,2025/06/04,20260225_2030,1772051483.7190616,2.982733726501465,1,{},{analysis incomplete},{Solidity compilation failed},{}
contracts_output/contracts_output/gemini_contracts/gemini_contracts/4942.sol,4942.sol,oyente+-060ca34,solidity,2025/06/04,20260225_2030,1772051567.383076,2.9688503742218018,1,{},{analysis incomplete},{Solidity compilation failed},{}
contracts_output/contracts_output/gemini_contracts/gemini_contracts/497.sol,497.sol,oyente+-060ca34,solidity,2025/06/04,20260225_2030,1772051473.173889,2.741118907928467,1,{},{analysis incomplete},{Solidity compilation failed},{}
contracts_output/contracts_output/gemini_contracts/gemini_contracts/4986.sol,4986.sol,oyente+-060ca34,solidity,2025/06/04,20260225_2030,1772051526.0029583,3.0267586708068848,1,{},{analysis incomplete},{Solidity compilation failed},{}
contracts_output/contracts_output/gemini_contracts/gemini_contracts/4993.sol,4993.sol,oyente+-060ca34,solidity,2025/06/04,20260225_2030,1772051516.725499,2.7972822189331055,1,{},{analysis incomplete},{Solidity compilation failed},{}
contracts_output/contracts_output/gemini_contracts/gemini_contracts/5005.sol,5005.sol,oyente+-060ca34,solidity,2025/06/04,20260225_2030,1772051428.971572,2.6897058486938477,1,{},{analysis incomplete},{Solidity compilation failed},{}
contracts_output/contracts_output/gemini_contracts/gemini_contracts/5007.sol,5007.sol,oyente+-060ca34,solidity,2025/06/04,20260225_2030,1772051450.5474029,2.7689924240112305,1,{},{analysis incomplete},{Solidity compilation failed},{}
contracts_output/contracts_output/gemini_contracts/gemini_contracts/5030.sol,5030.sol,oyente+-060ca34,solidity,2025/06/04,20260225_2030,1772051579.0492518,2.7399141788482666,1,{},{analysis incomplete},{Solidity compilation failed},{}
contracts_output/contracts_output/gemini_contracts/gemini_contracts/5033.sol,5033.sol,oyente+-060ca34,solidity,2025/06/04,20260225_2030,1772051568.2301483,2.6903767585754395,1,{},{analysis incomplete},{Solidity compilation failed},{}
contracts_output/contracts_output/gemini_contracts/gemini_contracts/5043.sol,5043.sol,oyente+-060ca34,solidity,2025/06/04,20260225_2030,1772051466.2345927,2.74965238571167,1,{},{analysis incomplete},{Solidity compilation failed},{}
contracts_output/contracts_output/gemini_contracts/gemini_contracts/5070.sol,5070.sol,oyente+-060ca34,solidity,2025/06/04,20260225_2030,1772051499.9728909,2.7952487468719482,1,{},{analysis incomplete},{Solidity compilation failed},{}
contracts_output/contracts_output/gemini_contracts/gemini_contracts/5074.sol,5074.sol,oyente+-060ca34,solidity,2025/06/04,20260225_2030,1772051527.8037462,2.658687114715576,1,{},{analysis incomplete},{Solidity compilation failed},{}
contracts_output/contracts_output/gemini_contracts/gemini_contracts/5098.sol,5098.sol,oyente+-060ca34,solidity,2025/06/04,20260225_2030,1772051540.0558958,2.963388442993164,1,{},{analysis incomplete},{Solidity compilation failed},{}
contracts_output/contracts_output/gemini_contracts/gemini_contracts/5099.sol,5099.sol,oyente+-060ca34,solidity,2025/06/04,20260225_2030,1772051430.139782,2.9195613861083984,1,{},{analysis incomplete},{Solidity compilation failed},{}
contracts_output/contracts_output/gemini_contracts/gemini_contracts/5101.sol,5101.sol,oyente+-060ca34,solidity,2025/06/04,20260225_2030,1772051587.4867444,1.9580585956573486,1,{},{analysis incomplete},{Solidity compilation failed},{}
contracts_output/contracts_output/gemini_contracts/gemini_contracts/5131.sol,5131.sol,oyente+-060ca34,solidity,2025/06/04,20260225_2030,1772051527.4442048,2.807870626449585,1,{},{analysis incomplete},{Solidity compilation failed},{}
contracts_output/contracts_output/gemini_contracts/gemini_contracts/5169.sol,5169.sol,oyente+-060ca34,solidity,2025/06/04,20260225_2030,1772051465.1778398,2.8830926418304443,1,{},{analysis incomplete},{Solidity compilation failed},{}
contracts_output/contracts_output/gemini_contracts/gemini_contracts/517.sol,517.sol,oyente+-060ca34,solidity,2025/06/04,20260225_2030,1772051585.3829534,2.3823750019073486,1,{},{analysis incomplete},{Solidity compilation failed},{}
contracts_output/contracts_output/gemini_contracts/gemini_contracts/5173.sol,5173.sol,oyente+-060ca34,solidity,2025/06/04,20260225_2030,1772051481.0023232,3.136091947555542,1,{},{analysis incomplete},{Solidity compilation failed},{}
contracts_output/contracts_output/gemini_contracts/gemini_contracts/5181.sol,5181.sol,oyente+-060ca34,solidity,2025/06/04,20260225_2030,1772051421.6291459,3.483466863632202,1,{},{analysis incomplete},{Solidity compilation failed},{}
contracts_output/contracts_output/gemini_contracts/gemini_contracts/5188.sol,5188.sol,oyente+-060ca34,solidity,2025/06/04,20260225_2030,1772051529.1200132,2.986471652984619,1,{},{analysis incomplete},{Solidity compilation failed},{}
contracts_output/contracts_output/gemini_contracts/gemini_contracts/52.sol,52.sol,oyente+-060ca34,solidity,2025/06/04,20260225_2030,1772051517.5527997,2.8725080490112305,1,{},{analysis incomplete},{Solidity compilation failed},{}
contracts_output/contracts_output/gemini_contracts/gemini_contracts/5200.sol,5200.sol,oyente+-060ca34,solidity,2025/06/04,20260225_2030,1772051518.1969905,2.8960580825805664,1,{},{analysis incomplete},{Solidity compilation failed},{}
contracts_output/contracts_output/gemini_contracts/gemini_contracts/521.sol,521.sol,oyente+-060ca34,solidity,2025/06/04,20260225_2030,1772051462.4109626,2.5371804237365723,1,{},{analysis incomplete},{Solidity compilation failed},{}
contracts_output/contracts_output/gemini_contracts/gemini_contracts/5228.sol,5228.sol,oyente+-060ca34,solidity,2025/06/04,20260225_2030,1772051442.1005328,2.603647470474243,1,{},{analysis incomplete},{Solidity compilation failed},{}
contracts_output/contracts_output/gemini_contracts/gemini_contracts/5253.sol,5253.sol,oyente+-060ca34,solidity,2025/06/04,20260225_2030,1772051517.8833666,2.8365514278411865,1,{},{analysis incomplete},{Solidity compilation failed},{}
contracts_output/contracts_output/gemini_contracts/gemini_contracts/527.sol,527.sol,oyente+-060ca34,solidity,2025/06/04,20260225_2030,1772051448.7889073,2.917386054992676,1,{},{analysis incomplete},{Solidity compilation failed},{}
contracts_output/contracts_output/gemini_contracts/gemini_contracts/5294.sol,5294.sol,oyente+-060ca34,solidity,2025/06/04,20260225_2030,1772051521.9566848,3.020306348800659,1,{},{analysis incomplete},{Solidity compilation failed},{}
contracts_output/contracts_output/gemini_contracts/gemini_contracts/5296.sol,5296.sol,oyente+-060ca34,solidity,2025/06/04,20260225_2030,1772051449.755253,2.9275193214416504,1,{},{analysis incomplete},{Solidity compilation failed},{}
contracts_output/contracts_output/gemini_contracts/gemini_contracts/5300.sol,5300.sol,oyente+-060ca34,solidity,2025/06/04,20260225_2030,1772051556.168259,2.5675644874572754,1,{},{analysis incomplete},{Solidity compilation failed},{}
contracts_output/contracts_output/gemini_contracts/gemini_contracts/5313.sol,5313.sol,oyente+-060ca34,solidity,2025/06/04,20260225_2030,1772051583.6792862,2.8186445236206055,1,{},{analysis incomplete},{Solidity compilation failed},{}
contracts_output/contracts_output/gemini_contracts/gemini_contracts/5314.sol,5314.sol,oyente+-060ca34,solidity,2025/06/04,20260225_2030,1772051478.0083702,2.992950916290283,1,{},{analysis incomplete},{Solidity compilation failed},{}
contracts_output/contracts_output/gemini_contracts/gemini_contracts/5346.sol,5346.sol,oyente+-060ca34,solidity,2025/06/04,20260225_2030,1772051493.965322,2.8208680152893066,1,{},{analysis incomplete},{Solidity compilation failed},{}
contracts_output/contracts_output/gemini_contracts/gemini_contracts/5392.sol,5392.sol,oyente+-060ca34,solidity,2025/06/04,20260225_2030,1772051508.2784762,2.8118016719818115,1,{},{analysis incomplete},{Solidity compilation failed},{}
contracts_output/contracts_output/gemini_contracts/gemini_contracts/5397.sol,5397.sol,oyente+-060ca34,solidity,2025/06/04,20260225_2030,1772051463.1550198,2.8205533027648926,1,{},{analysis incomplete},{Solidity compilation failed},{}
contracts_output/contracts_output/gemini_contracts/gemini_contracts/5406.sol,5406.sol,oyente+-060ca34,solidity,2025/06/04,20260225_2030,1772051440.8299236,2.93021821975708,1,{},{analysis incomplete},{Solidity compilation failed},{}
contracts_output/contracts_output/gemini_contracts/gemini_contracts/5414.sol,5414.sol,oyente+-060ca34,solidity,2025/06/04,20260225_2030,1772051556.3670826,2.928227186203003,1,{},{analysis incomplete},{Solidity compilation failed},{}
contracts_output/contracts_output/gemini_contracts/gemini_contracts/5432.sol,5432.sol,oyente+-060ca34,solidity,2025/06/04,20260225_2030,1772051457.6912487,2.4196624755859375,1,{},{analysis incomplete},{Solidity compilation failed},{}
contracts_output/contracts_output/gemini_contracts/gemini_contracts/5444.sol,5444.sol,oyente+-060ca34,solidity,2025/06/04,20260225_2030,1772051548.5809386,3.1300580501556396,1,{},{analysis incomplete},{Solidity compilation failed},{}
contracts_output/contracts_output/gemini_contracts/gemini_contracts/5459.sol,5459.sol,oyente+-060ca34,solidity,2025/06/04,20260225_2030,1772051554.354556,2.5896143913269043,1,{},{analysis incomplete},{Solidity compilation failed},{}
contracts_output/contracts_output/gemini_contracts/gemini_contracts/5466.sol,5466.sol,oyente+-060ca34,solidity,2025/06/04,20260225_2030,1772051585.2069938,2.4496004581451416,1,{},{analysis incomplete},{Solidity compilation failed},{}
contracts_output/contracts_output/gemini_contracts/gemini_contracts/5478.sol,5478.sol,oyente+-060ca34,solidity,2025/06/04,20260225_2030,1772051574.362714,2.4993669986724854,1,{},{analysis incomplete},{Solidity compilation failed},{}
contracts_output/contracts_output/gemini_contracts/gemini_contracts/5480.sol,5480.sol,oyente+-060ca34,solidity,2025/06/04,20260225_2030,1772051578.8059762,2.5893900394439697,1,{},{analysis incomplete},{Solidity compilation failed},{}
contracts_output/contracts_output/gemini_contracts/gemini_contracts/5481.sol,5481.sol,oyente+-060ca34,solidity,2025/06/04,20260225_2030,1772051553.8329873,2.333211660385132,1,{},{analysis incomplete},{Solidity compilation failed},{}
contracts_output/contracts_output/gemini_contracts/gemini_contracts/5497.sol,5497.sol,oyente+-060ca34,solidity,2025/06/04,20260225_2030,1772051525.4678473,3.025864601135254,1,{},{analysis incomplete},{Solidity compilation failed},{}
contracts_output/contracts_output/gemini_contracts/gemini_contracts/5500.sol,5500.sol,oyente+-060ca34,solidity,2025/06/04,20260225_2030,1772051466.66577,2.794715642929077,1,{},{analysis incomplete},{Solidity compilation failed},{}
contracts_output/contracts_output/gemini_contracts/gemini_contracts/5527.sol,5527.sol,oyente+-060ca34,solidity,2025/06/04,20260225_2030,1772051533.0517323,3.2805018424987793,1,{},{analysis incomplete},{Solidity compilation failed},{}
contracts_output/contracts_output/gemini_contracts/gemini_contracts/5531.sol,5531.sol,oyente+-060ca34,solidity,2025/06/04,20260225_2030,1772051519.6426065,2.727813243865967,1,{},{analysis incomplete},{Solidity compilation failed},{}
contracts_output/contracts_output/gemini_contracts/gemini_contracts/5534.sol,5534.sol,oyente+-060ca34,solidity,2025/06/04,20260225_2030,1772051491.8347368,2.9497263431549072,1,{},{analysis incomplete},{Solidity compilation failed},{}
contracts_output/contracts_output/gemini_contracts/gemini_contracts/5542.sol,5542.sol,oyente+-060ca34,solidity,2025/06/04,20260225_2030,1772051541.7365117,2.7466604709625244,1,{},{analysis incomplete},{Solidity compilation failed},{}
contracts_output/contracts_output/gemini_contracts/gemini_contracts/5584.sol,5584.sol,oyente+-060ca34,solidity,2025/06/04,20260225_2030,1772051440.2129927,3.0393407344818115,1,{},{analysis incomplete},{Solidity compilation failed},{}
contracts_output/contracts_output/gemini_contracts/gemini_contracts/5602.sol,5602.sol,oyente+-060ca34,solidity,2025/06/04,20260225_2030,1772051517.9744294,2.8657798767089844,1,{},{analysis incomplete},{Solidity compilation failed},{}
contracts_output/contracts_output/gemini_contracts/gemini_contracts/5609.sol,5609.sol,oyente+-060ca34,solidity,2025/06/04,20260225_2030,1772051516.4983351,2.8425519466400146,1,{},{analysis incomplete},{Solidity compilation failed},{}
contracts_output/contracts_output/gemini_contracts/gemini_contracts/5627.sol,5627.sol,oyente+-060ca34,solidity,2025/06/04,20260225_2030,1772051574.8942275,3.0580010414123535,1,{},{analysis incomplete},{Solidity compilation failed},{}
contracts_output/contracts_output/gemini_contracts/gemini_contracts/5639.sol,5639.sol,oyente+-060ca34,solidity,2025/06/04,20260225_2030,1772051437.929879,2.780231475830078,1,{},{analysis incomplete},{Solidity compilation failed},{}
contracts_output/contracts_output/gemini_contracts/gemini_contracts/5641.sol,5641.sol,oyente+-060ca34,solidity,2025/06/04,20260225_2030,1772051436.273153,3.1092100143432617,1,{},{analysis incomplete},{Solidity compilation failed},{}
contracts_output/contracts_output/gemini_contracts/gemini_contracts/5648.sol,5648.sol,oyente+-060ca34,solidity,2025/06/04,20260225_2030,1772051415.2354136,2.7279579639434814,1,{},{analysis incomplete},{Solidity compilation failed},{}
contracts_output/contracts_output/gemini_contracts/gemini_contracts/565.sol,565.sol,oyente+-060ca34,solidity,2025/06/04,20260225_2030,1772051434.5803146,2.600755214691162,1,{},{analysis incomplete},{Solidity compilation failed},{}
contracts_output/contracts_output/gemini_contracts/gemini_contracts/5667.sol,5667.sol,oyente+-060ca34,solidity,2025/06/04,20260225_2030,1772051514.6883404,2.760690450668335,1,{},{analysis incomplete},{Solidity compilation failed},{}
contracts_output/contracts_output/gemini_contracts/gemini_contracts/5679.sol,5679.sol,oyente+-060ca34,solidity,2025/06/04,20260225_2030,1772051494.684801,3.210341691970825,1,{},{analysis incomplete},{Solidity compilation failed},{}
contracts_output/contracts_output/gemini_contracts/gemini_contracts/5691.sol,5691.sol,oyente+-060ca34,solidity,2025/06/04,20260225_2030,1772051515.1431966,2.9968626499176025,1,{},{analysis incomplete},{Solidity compilation failed},{}
contracts_output/contracts_output/gemini_contracts/gemini_contracts/5701.sol,5701.sol,oyente+-060ca34,solidity,2025/06/04,20260225_2030,1772051534.751216,2.64755916595459,1,{},{analysis incomplete},{Solidity compilation failed},{}
contracts_output/contracts_output/gemini_contracts/gemini_contracts/5707.sol,5707.sol,oyente+-060ca34,solidity,2025/06/04,20260225_2030,1772051490.0227711,2.7035062313079834,1,{},{analysis incomplete},{Solidity compilation failed},{}
contracts_output/contracts_output/gemini_contracts/gemini_contracts/5732.sol,5732.sol,oyente+-060ca34,solidity,2025/06/04,20260225_2030,1772051547.8360631,2.675288200378418,1,{},{analysis incomplete},{Solidity compilation failed},{}
contracts_output/contracts_output/gemini_contracts/gemini_contracts/5733.sol,5733.sol,oyente+-060ca34,solidity,2025/06/04,20260225_2030,1772051440.3057976,3.0508275032043457,1,{},{analysis incomplete},{Solidity compilation failed},{}
contracts_output/contracts_output/gemini_contracts/gemini_contracts/5740.sol,5740.sol,oyente+-060ca34,solidity,2025/06/04,20260225_2030,1772051457.1439881,2.648742198944092,1,{},{analysis incomplete},{Solidity compilation failed},{}
contracts_output/contracts_output/gemini_contracts/gemini_contracts/5759.sol,5759.sol,oyente+-060ca34,solidity,2025/06/04,20260225_2030,1772051517.2331681,2.7955312728881836,1,{},{analysis incomplete},{Solidity compilation failed},{}
contracts_output/contracts_output/gemini_contracts/gemini_contracts/5765.sol,5765.sol,oyente+-060ca34,solidity,2025/06/04,20260225_2030,1772051522.9137075,2.957078218460083,1,{},{analysis incomplete},{Solidity compilation failed},{}
contracts_output/contracts_output/gemini_contracts/gemini_contracts/5767.sol,5767.sol,oyente+-060ca34,solidity,2025/06/04,20260225_2030,1772051499.817625,2.687872886657715,1,{},{analysis incomplete},{Solidity compilation failed},{}
contracts_output/contracts_output/gemini_contracts/gemini_contracts/5781.sol,5781.sol,oyente+-060ca34,solidity,2025/06/04,20260225_2030,1772051557.275923,3.1283140182495117,1,{},{analysis incomplete},{Solidity compilation failed},{}
contracts_output/contracts_output/gemini_contracts/gemini_contracts/5791.sol,5791.sol,oyente+-060ca34,solidity,2025/06/04,20260225_2030,1772051491.0155904,3.1565182209014893,1,{},{analysis incomplete},{Solidity compilation failed},{}
contracts_output/contracts_output/gemini_contracts/gemini_contracts/5799.sol,5799.sol,oyente+-060ca34,solidity,2025/06/04,20260225_2030,1772051556.6544323,2.966569185256958,1,{},{analysis incomplete},{Solidity compilation failed},{}
contracts_output/contracts_output/gemini_contracts/gemini_contracts/5800.sol,5800.sol,oyente+-060ca34,solidity,2025/06/04,20260225_2030,1772051494.0308528,2.8980555534362793,1,{},{analysis incomplete},{Solidity compilation failed},{}
contracts_output/contracts_output/gemini_contracts/gemini_contracts/5804.sol,5804.sol,oyente+-060ca34,solidity,2025/06/04,20260225_2030,1772051506.0875561,3.263519525527954,1,{},{analysis incomplete},{Solidity compilation failed},{}
contracts_output/contracts_output/gemini_contracts/gemini_contracts/5822.sol,5822.sol,oyente+-060ca34,solidity,2025/06/04,20260225_2030,1772051432.022621,2.908237934112549,1,{},{analysis incomplete},{Solidity compilation failed},{}
contracts_output/contracts_output/gemini_contracts/gemini_contracts/5836.sol,5836.sol,oyente+-060ca34,solidity,2025/06/04,20260225_2030,1772051447.2769604,2.730278491973877,1,{},{analysis incomplete},{Solidity compilation failed},{}
contracts_output/contracts_output/gemini_contracts/gemini_contracts/5894.sol,5894.sol,oyente+-060ca34,solidity,2025/06/04,20260225_2030,1772051480.1474462,2.532176971435547,1,{},{analysis incomplete},{Solidity compilation failed},{}
contracts_output/contracts_output/gemini_contracts/gemini_contracts/5915.sol,5915.sol,oyente+-060ca34,solidity,2025/06/04,20260225_2030,1772051486.7024944,2.7048957347869873,1,{},{analysis incomplete},{Solidity compilation failed},{}
contracts_output/contracts_output/gemini_contracts/gemini_contracts/5919.sol,5919.sol,oyente+-060ca34,solidity,2025/06/04,20260225_2030,1772051446.9808848,2.6260764598846436,1,{},{analysis incomplete},{Solidity compilation failed},{}
contracts_output/contracts_output/gemini_contracts/gemini_contracts/5921.sol,5921.sol,oyente+-060ca34,solidity,2025/06/04,20260225_2030,1772051563.2127273,2.8487346172332764,1,{},{analysis incomplete},{Solidity compilation failed},{}
contracts_output/contracts_output/gemini_contracts/gemini_contracts/5927.sol,5927.sol,oyente+-060ca34,solidity,2025/06/04,20260225_2030,1772051511.6254086,2.742175579071045,1,{},{analysis incomplete},{Solidity compilation failed},{}
contracts_output/contracts_output/gemini_contracts/gemini_contracts/5928.sol,5928.sol,oyente+-060ca34,solidity,2025/06/04,20260225_2030,1772051480.6166093,2.867969512939453,1,{},{analysis incomplete},{Solidity compilation failed},{}
contracts_output/contracts_output/gemini_contracts/gemini_contracts/5946.sol,5946.sol,oyente+-060ca34,solidity,2025/06/04,20260225_2030,1772051496.6877458,2.8758578300476074,1,{},{analysis incomplete},{Solidity compilation failed},{}
contracts_output/contracts_output/gemini_contracts/gemini_contracts/5952.sol,5952.sol,oyente+-060ca34,solidity,2025/06/04,20260225_2030,1772051445.5302212,2.69939923286438,1,{},{analysis incomplete},{Solidity compilation failed},{}
contracts_output/contracts_output/gemini_contracts/gemini_contracts/5953.sol,5953.sol,oyente+-060ca34,solidity,2025/06/04,20260225_2030,1772051450.2361715,2.993936538696289,1,{},{analysis incomplete},{Solidity compilation failed},{}
contracts_output/contracts_output/gemini_contracts/gemini_contracts/598.sol,598.sol,oyente+-060ca34,solidity,2025/06/04,20260225_2030,1772051516.9104612,2.7578999996185303,1,{},{analysis incomplete},{Solidity compilation failed},{}
contracts_output/contracts_output/gemini_contracts/gemini_contracts/5993.sol,5993.sol,oyente+-060ca34,solidity,2025/06/04,20260225_2030,1772051466.8785217,2.794011116027832,1,{},{analysis incomplete},{Solidity compilation failed},{}
contracts_output/contracts_output/gemini_contracts/gemini_contracts/6003.sol,6003.sol,oyente+-060ca34,solidity,2025/06/04,20260225_2030,1772051510.3353703,2.734041690826416,1,{},{analysis incomplete},{Solidity compilation failed},{}
contracts_output/contracts_output/gemini_contracts/gemini_contracts/6025.sol,6025.sol,oyente+-060ca34,solidity,2025/06/04,20260225_2030,1772051418.9412527,2.816713809967041,1,{},{analysis incomplete},{Solidity compilation failed},{}
contracts_output/contracts_output/gemini_contracts/gemini_contracts/6042.sol,6042.sol,oyente+-060ca34,solidity,2025/06/04,20260225_2030,1772051587.6940463,1.8397393226623535,1,{},{analysis incomplete},{Solidity compilation failed},{}
contracts_output/contracts_output/gemini_contracts/gemini_contracts/6047.sol,6047.sol,oyente+-060ca34,solidity,2025/06/04,20260225_2030,1772051498.66297,3.014343738555908,1,{},{analysis incomplete},{Solidity compilation failed},{}
contracts_output/contracts_output/gemini_contracts/gemini_contracts/6054.sol,6054.sol,oyente+-060ca34,solidity,2025/06/04,20260225_2030,1772051565.3428078,3.043537139892578,1,{},{analysis incomplete},{Solidity compilation failed},{}
contracts_output/contracts_output/gemini_contracts/gemini_contracts/6060.sol,6060.sol,oyente+-060ca34,solidity,2025/06/04,20260225_2030,1772051583.8707876,2.833500862121582,1,{},{analysis incomplete},{Solidity compilation failed},{}
contracts_output/contracts_output/gemini_contracts/gemini_contracts/6063.sol,6063.sol,oyente+-060ca34,solidity,2025/06/04,20260225_2030,1772051567.7650323,2.9425430297851562,1,{},{analysis incomplete},{Solidity compilation failed},{}
contracts_output/contracts_output/gemini_contracts/gemini_contracts/609.sol,609.sol,oyente+-060ca34,solidity,2025/06/04,20260225_2030,1772051525.620134,3.0199499130249023,1,{},{analysis incomplete},{Solidity compilation failed},{}
contracts_output/contracts_output/gemini_contracts/gemini_contracts/6100.sol,6100.sol,oyente+-060ca34,solidity,2025/06/04,20260225_2030,1772051563.29762,2.9512012004852295,1,{},{analysis incomplete},{Solidity compilation failed},{}
contracts_output/contracts_output/gemini_contracts/gemini_contracts/6110.sol,6110.sol,oyente+-060ca34,solidity,2025/06/04,20260225_2030,1772051467.3477514,2.961292266845703,1,{},{analysis incomplete},{Solidity compilation failed},{}
contracts_output/contracts_output/gemini_contracts/gemini_contracts/6123.sol,6123.sol,oyente+-060ca34,solidity,2025/06/04,20260225_2030,1772051501.9232116,3.010254383087158,1,{},{analysis incomplete},{Solidity compilation failed},{}
contracts_output/contracts_output/gemini_contracts/gemini_contracts/6152.sol,6152.sol,oyente+-060ca34,solidity,2025/06/04,20260225_2030,1772051539.5325325,2.8706250190734863,1,{},{analysis incomplete},{Solidity compilation failed},{}
contracts_output/contracts_output/gemini_contracts/gemini_contracts/6178.sol,6178.sol,oyente+-060ca34,solidity,2025/06/04,20260225_2030,1772051443.2371778,2.7555735111236572,1,{},{analysis incomplete},{Solidity compilation failed},{}
contracts_output/contracts_output/gemini_contracts/gemini_contracts/6206.sol,6206.sol,oyente+-060ca34,solidity,2025/06/04,20260225_2030,1772051420.9828527,2.6724376678466797,1,{},{analysis incomplete},{Solidity compilation failed},{}
contracts_output/contracts_output/gemini_contracts/gemini_contracts/6236.sol,6236.sol,oyente+-060ca34,solidity,2025/06/04,20260225_2030,1772051427.5315926,2.8970396518707275,1,{},{analysis incomplete},{Solidity compilation failed},{}
contracts_output/contracts_output/gemini_contracts/gemini_contracts/6249.sol,6249.sol,oyente+-060ca34,solidity,2025/06/04,20260225_2030,1772051470.135859,3.037187337875366,1,{},{analysis incomplete},{Solidity compilation failed},{}
contracts_output/contracts_output/gemini_contracts/gemini_contracts/6260.sol,6260.sol,oyente+-060ca34,solidity,2025/06/04,20260225_2030,1772051535.3790302,2.8377647399902344,1,{},{analysis incomplete},{Solidity compilation failed},{}
contracts_output/contracts_output/gemini_contracts/gemini_contracts/6276.sol,6276.sol,oyente+-060ca34,solidity,2025/06/04,20260225_2030,1772051510.6578996,3.1965231895446777,1,{},{analysis incomplete},{Solidity compilation failed},{}
contracts_output/contracts_output/gemini_contracts/gemini_contracts/629.sol,629.sol,oyente+-060ca34,solidity,2025/06/04,20260225_2030,1772051425.0031276,2.85520601272583,1,{},{analysis incomplete},{Solidity compilation failed},{}
contracts_output/contracts_output/gemini_contracts/gemini_contracts/6310.sol,6310.sol,oyente+-060ca34,solidity,2025/06/04,20260225_2030,1772051523.5933266,3.016341209411621,1,{},{analysis incomplete},{Solidity compilation failed},{}
contracts_output/contracts_output/gemini_contracts/gemini_contracts/6311.sol,6311.sol,oyente+-060ca34,solidity,2025/06/04,20260225_2030,1772051480.7080667,2.862924814224243,1,{},{analysis incomplete},{Solidity compilation failed},{}
contracts_output/contracts_output/gemini_contracts/gemini_contracts/6317.sol,6317.sol,oyente+-060ca34,solidity,2025/06/04,20260225_2030,1772051553.9827633,2.322577476501465,1,{},{analysis incomplete},{Solidity compilation failed},{}
contracts_output/contracts_output/gemini_contracts/gemini_contracts/6318.sol,6318.sol,oyente+-060ca34,solidity,2025/06/04,20260225_2030,1772051458.6295276,3.169368028640747,1,{},{analysis incomplete},{Solidity compilation failed},{}
contracts_output/contracts_output/gemini_contracts/gemini_contracts/6330.sol,6330.sol,oyente+-060ca34,solidity,2025/06/04,20260225_2030,1772051451.4960167,2.981255292892456,1,{},{analysis incomplete},{Solidity compilation failed},{}
contracts_output/contracts_output/gemini_contracts/gemini_contracts/6348.sol,6348.sol,oyente+-060ca34,solidity,2025/06/04,20260225_2030,1772051532.310903,3.1929636001586914,1,{},{analysis incomplete},{Solidity compilation failed},{}
contracts_output/contracts_output/gemini_contracts/gemini_contracts/6370.sol,6370.sol,oyente+-060ca34,solidity,2025/06/04,20260225_2030,1772051489.3648148,2.6190974712371826,1,{},{analysis incomplete},{Solidity compilation failed},{}
contracts_output/contracts_output/gemini_contracts/gemini_contracts/6381.sol,6381.sol,oyente+-060ca34,solidity,2025/06/04,20260225_2030,1772051567.2982872,2.741076946258545,1,{},{analysis incomplete},{Solidity compilation failed},{}
contracts_output/contracts_output/gemini_contracts/gemini_contracts/6383.sol,6383.sol,oyente+-060ca34,solidity,2025/06/04,20260225_2030,1772051467.3263278,2.8541152477264404,1,{},{analysis incomplete},{Solidity compilation failed},{}
contracts_output/contracts_output/gemini_contracts/gemini_contracts/6386.sol,6386.sol,oyente+-060ca34,solidity,2025/06/04,20260225_2030,1772051528.0578644,2.976889133453369,1,{},{analysis incomplete},{Solidity compilation failed},{}
contracts_output/contracts_output/gemini_contracts/gemini_contracts/6399.sol,6399.sol,oyente+-060ca34,solidity,2025/06/04,20260225_2030,1772051553.3319898,2.7550153732299805,1,{},{analysis incomplete},{Solidity compilation failed},{}
contracts_output/contracts_output/gemini_contracts/gemini_contracts/6404.sol,6404.sol,oyente+-060ca34,solidity,2025/06/04,20260225_2030,1772051442.4816976,2.641969680786133,1,{},{analysis incomplete},{Solidity compilation failed},{}
contracts_output/contracts_output/gemini_contracts/gemini_contracts/6408.sol,6408.sol,oyente+-060ca34,solidity,2025/06/04,20260225_2030,1772051501.8401346,3.154353618621826,1,{},{analysis incomplete},{Solidity compilation failed},{}
contracts_output/contracts_output/gemini_contracts/gemini_contracts/6427.sol,6427.sol,oyente+-060ca34,solidity,2025/06/04,20260225_2030,1772051470.8770366,2.9170501232147217,1,{},{analysis incomplete},{Solidity compilation failed},{}
contracts_output/contracts_output/gemini_contracts/gemini_contracts/6429.sol,6429.sol,oyente+-060ca34,solidity,2025/06/04,20260225_2030,1772051434.8049884,2.73201322555542,1,{},{analysis incomplete},{Solidity compilation failed},{}
contracts_output/contracts_output/gemini_contracts/gemini_contracts/6434.sol,6434.sol,oyente+-060ca34,solidity,2025/06/04,20260225_2030,1772051547.2840703,2.5918946266174316,1,{},{analysis incomplete},{Solidity compilation failed},{}
contracts_output/contracts_output/gemini_contracts/gemini_contracts/6458.sol,6458.sol,oyente+-060ca34,solidity,2025/06/04,20260225_2030,1772051548.3857746,2.9910387992858887,1,{},{analysis incomplete},{Solidity compilation failed},{}
contracts_output/contracts_output/gemini_contracts/gemini_contracts/6503.sol,6503.sol,oyente+-060ca34,solidity,2025/06/04,20260225_2030,1772051457.3546624,2.5728919506073,1,{},{analysis incomplete},{Solidity compilation failed},{}
contracts_output/contracts_output/gemini_contracts/gemini_contracts/6513.sol,6513.sol,oyente+-060ca34,solidity,2025/06/04,20260225_2030,1772051524.0085318,2.9847257137298584,1,{},{analysis incomplete},{Solidity compilation failed},{}
contracts_output/contracts_output/gemini_contracts/gemini_contracts/6515.sol,6515.sol,oyente+-060ca34,solidity,2025/06/04,20260225_2030,1772051419.9886398,2.753148317337036,1,{},{analysis incomplete},{Solidity compilation failed},{}
contracts_output/contracts_output/gemini_contracts/gemini_contracts/6517.sol,6517.sol,oyente+-060ca34,solidity,2025/06/04,20260225_2030,1772051479.8039773,2.4570577144622803,1,{},{analysis incomplete},{Solidity compilation failed},{}
contracts_output/contracts_output/gemini_contracts/gemini_contracts/6519.sol,6519.sol,oyente+-060ca34,solidity,2025/06/04,20260225_2030,1772051526.5944788,2.760927677154541,1,{},{analysis incomplete},{Solidity compilation failed},{}
contracts_output/contracts_output/gemini_contracts/gemini_contracts/6528.sol,6528.sol,oyente+-060ca34,solidity,2025/06/04,20260225_2030,1772051484.4151344,2.9194416999816895,1,{},{analysis incomplete},{Solidity compilation failed},{}
contracts_output/contracts_output/gemini_contracts/gemini_contracts/6552.sol,6552.sol,oyente+-060ca34,solidity,2025/06/04,20260225_2030,1772051442.6121159,2.9172794818878174,1,{},{analysis incomplete},{Solidity compilation failed},{}
contracts_output/contracts_output/gemini_contracts/gemini_contracts/6562.sol,6562.sol,oyente+-060ca34,solidity,2025/06/04,20260225_2030,1772051440.4371278,2.9997432231903076,1,{},{analysis incomplete},{Solidity compilation failed},{}
contracts_output/contracts_output/gemini_contracts/gemini_contracts/6593.sol,6593.sol,oyente+-060ca34,solidity,2025/06/04,20260225_2030,1772051415.2445726,1.5469229221343994,1,{},{analysis incomplete},{Solidity compilation failed},{}
contracts_output/contracts_output/gemini_contracts/gemini_contracts/6613.sol,6613.sol,oyente+-060ca34,solidity,2025/06/04,20260225_2030,1772051457.7572048,2.4020063877105713,1,{},{analysis incomplete},{Solidity compilation failed},{}
contracts_output/contracts_output/gemini_contracts/gemini_contracts/6641.sol,6641.sol,oyente+-060ca34,solidity,2025/06/04,20260225_2030,1772051524.978055,2.9956727027893066,1,{},{analysis incomplete},{Solidity compilation failed},{}
contracts_output/contracts_output/gemini_contracts/gemini_contracts/6644.sol,6644.sol,oyente+-060ca34,solidity,2025/06/04,20260225_2030,1772051430.0229294,2.947929620742798,1,{},{analysis incomplete},{Solidity compilation failed},{}
contracts_output/contracts_output/gemini_contracts/gemini_contracts/6660.sol,6660.sol,oyente+-060ca34,solidity,2025/06/04,20260225_2030,1772051552.415651,3.0354087352752686,1,{},{analysis incomplete},{Solidity compilation failed},{}
contracts_output/contracts_output/gemini_contracts/gemini_contracts/6667.sol,6667.sol,oyente+-060ca34,solidity,2025/06/04,20260225_2030,1772051417.5210488,3.041109800338745,1,{},{analysis incomplete},{Solidity compilation failed},{}
contracts_output/contracts_output/gemini_contracts/gemini_contracts/6671.sol,6671.sol,oyente+-060ca34,solidity,2025/06/04,20260225_2030,1772051578.2605102,2.8565421104431152,1,{},{analysis incomplete},{Solidity compilation failed},{}
contracts_output/contracts_output/gemini_contracts/gemini_contracts/6724.sol,6724.sol,oyente+-060ca34,solidity,2025/06/04,20260225_2030,1772051448.1865878,2.9921414852142334,1,{},{analysis incomplete},{Solidity compilation failed},{}
contracts_output/contracts_output/gemini_contracts/gemini_contracts/6726.sol,6726.sol,oyente+-060ca34,solidity,2025/06/04,20260225_2030,1772051443.019944,2.722151756286621,1,{},{analysis incomplete},{Solidity compilation failed},{}
contracts_output/contracts_output/gemini_contracts/gemini_contracts/6728.sol,6728.sol,oyente+-060ca34,solidity,2025/06/04,20260225_2030,1772051506.4201438,3.054676055908203,1,{},{analysis incomplete},{Solidity compilation failed},{}
contracts_output/contracts_output/gemini_contracts/gemini_contracts/6735.sol,6735.sol,oyente+-060ca34,solidity,2025/06/04,20260225_2030,1772051441.6684322,2.7415390014648438,1,{},{analysis incomplete},{Solidity compilation failed},{}
contracts_output/contracts_output/gemini_contracts/gemini_contracts/6751.sol,6751.sol,oyente+-060ca34,solidity,2025/06/04,20260225_2030,1772051522.7976956,2.8207035064697266,1,{},{analysis incomplete},{Solidity compilation failed},{}
contracts_output/contracts_output/gemini_contracts/gemini_contracts/6764.sol,6764.sol,oyente+-060ca34,solidity,2025/06/04,20260225_2030,1772051571.0511892,2.772145986557007,1,{},{analysis incomplete},{Solidity compilation failed},{}
contracts_output/contracts_output/gemini_contracts/gemini_contracts/6774.sol,6774.sol,oyente+-060ca34,solidity,2025/06/04,20260225_2030,1772051511.3139124,2.741494655609131,1,{},{analysis incomplete},{Solidity compilation failed},{}
contracts_output/contracts_output/gemini_contracts/gemini_contracts/6776.sol,6776.sol,oyente+-060ca34,solidity,2025/06/04,20260225_2030,1772051474.1235852,2.7702393531799316,1,{},{analysis incomplete},{Solidity compilation failed},{}
contracts_output/contracts_output/gemini_contracts/gemini_contracts/6786.sol,6786.sol,oyente+-060ca34,solidity,2025/06/04,20260225_2030,1772051584.9489157,2.6211955547332764,1,{},{analysis incomplete},{Solidity compilation failed},{}
contracts_output/contracts_output/gemini_contracts/gemini_contracts/6808.sol,6808.sol,oyente+-060ca34,solidity,2025/06/04,20260225_2030,1772051562.1275563,2.8443920612335205,1,{},{analysis incomplete},{Solidity compilation failed},{}
contracts_output/contracts_output/gemini_contracts/gemini_contracts/6826.sol,6826.sol,oyente+-060ca34,solidity,2025/06/04,20260225_2030,1772051468.2661228,2.7876229286193848,1,{},{analysis incomplete},{Solidity compilation failed},{}
contracts_output/contracts_output/gemini_contracts/gemini_contracts/6848.sol,6848.sol,oyente+-060ca34,solidity,2025/06/04,20260225_2030,1772051491.5446434,3.1389148235321045,1,{},{analysis incomplete},{Solidity compilation failed},{}
contracts_output/contracts_output/gemini_contracts/gemini_contracts/6875.sol,6875.sol,oyente+-060ca34,solidity,2025/06/04,20260225_2030,1772051550.8791313,2.9521830081939697,1,{},{analysis incomplete},{Solidity compilation failed},{}
contracts_output/contracts_output/gemini_contracts/gemini_contracts/689.sol,689.sol,oyente+-060ca34,solidity,2025/06/04,20260225_2030,1772051477.3592136,2.982532501220703,1,{},{analysis incomplete},{Solidity compilation failed},{}
contracts_output/contracts_output/gemini_contracts/gemini_contracts/691.sol,691.sol,oyente+-060ca34,solidity,2025/06/04,20260225_2030,1772051515.4452665,3.145355224609375,1,{},{analysis incomplete},{Solidity compilation failed},{}
contracts_output/contracts_output/gemini_contracts/gemini_contracts/694.sol,694.sol,oyente+-060ca34,solidity,2025/06/04,20260225_2030,1772051469.7464483,2.989666223526001,1,{},{analysis incomplete},{Solidity compilation failed},{}
contracts_output/contracts_output/gemini_contracts/gemini_contracts/714.sol,714.sol,oyente+-060ca34,solidity,2025/06/04,20260225_2030,1772051508.235099,2.6995670795440674,1,{},{analysis incomplete},{Solidity compilation failed},{}
contracts_output/contracts_output/gemini_contracts/gemini_contracts/725.sol,725.sol,oyente+-060ca34,solidity,2025/06/04,20260225_2030,1772051532.6408913,3.0711541175842285,1,{},{analysis incomplete},{Solidity compilation failed},{}
contracts_output/contracts_output/gemini_contracts/gemini_contracts/732.sol,732.sol,oyente+-060ca34,solidity,2025/06/04,20260225_2030,1772051496.8370965,2.9081428050994873,1,{},{analysis incomplete},{Solidity compilation failed},{}
contracts_output/contracts_output/gemini_contracts/gemini_contracts/752.sol,752.sol,oyente+-060ca34,solidity,2025/06/04,20260225_2030,1772051559.3327408,3.17840838432312,1,{},{analysis incomplete},{Solidity compilation failed},{}
contracts_output/contracts_output/gemini_contracts/gemini_contracts/761.sol,761.sol,oyente+-060ca34,solidity,2025/06/04,20260225_2030,1772051445.347632,2.6358981132507324,1,{},{analysis incomplete},{Solidity compilation failed},{}
contracts_output/contracts_output/gemini_contracts/gemini_contracts/772.sol,772.sol,oyente+-060ca34,solidity,2025/06/04,20260225_2030,1772051472.778437,2.800069570541382,1,{},{analysis incomplete},{Solidity compilation failed},{}
contracts_output/contracts_output/gemini_contracts/gemini_contracts/780.sol,780.sol,oyente+-060ca34,solidity,2025/06/04,20260225_2030,1772051560.4053142,2.6657674312591553,1,{},{analysis incomplete},{Solidity compilation failed},{}
contracts_output/contracts_output/gemini_contracts/gemini_contracts/79.sol,79.sol,oyente+-060ca34,solidity,2025/06/04,20260225_2030,1772051554.2466137,2.406660318374634,1,{},{analysis incomplete},{Solidity compilation failed},{}
contracts_output/contracts_output/gemini_contracts/gemini_contracts/790.sol,790.sol,oyente+-060ca34,solidity,2025/06/04,20260225_2030,1772051418.7299554,2.8657824993133545,1,{},{analysis incomplete},{Solidity compilation failed},{}
contracts_output/contracts_output/gemini_contracts/gemini_contracts/799.sol,799.sol,oyente+-060ca34,solidity,2025/06/04,20260225_2030,1772051423.6589231,2.628265380859375,1,{},{analysis incomplete},{Solidity compilation failed},{}
contracts_output/contracts_output/gemini_contracts/gemini_contracts/812.sol,812.sol,oyente+-060ca34,solidity,2025/06/04,20260225_2030,1772051507.349927,2.7584004402160645,1,{},{analysis incomplete},{Solidity compilation failed},{}
contracts_output/contracts_output/gemini_contracts/gemini_contracts/827.sol,827.sol,oyente+-060ca34,solidity,2025/06/04,20260225_2030,1772051524.058536,2.8590497970581055,1,{},{analysis incomplete},{Solidity compilation failed},{}
contracts_output/contracts_output/gemini_contracts/gemini_contracts/86.sol,86.sol,oyente+-060ca34,solidity,2025/06/04,20260225_2030,1772051486.7806528,2.5830023288726807,1,{},{analysis incomplete},{Solidity compilation failed},{}
contracts_output/contracts_output/gemini_contracts/gemini_contracts/868.sol,868.sol,oyente+-060ca34,solidity,2025/06/04,20260225_2030,1772051564.236734,2.9600532054901123,1,{},{analysis incomplete},{Solidity compilation failed},{}
contracts_output/contracts_output/gemini_contracts/gemini_contracts/876.sol,876.sol,oyente+-060ca34,solidity,2025/06/04,20260225_2030,1772051439.8455572,2.706786870956421,1,{},{analysis incomplete},{Solidity compilation failed},{}
contracts_output/contracts_output/gemini_contracts/gemini_contracts/883.sol,883.sol,oyente+-060ca34,solidity,2025/06/04,20260225_2030,1772051421.5971732,3.2818644046783447,1,{},{analysis incomplete},{Solidity compilation failed},{}
contracts_output/contracts_output/gemini_contracts/gemini_contracts/892.sol,892.sol,oyente+-060ca34,solidity,2025/06/04,20260225_2030,1772051499.0710669,3.148448944091797,1,{},{analysis incomplete},{Solidity compilation failed},{}
contracts_output/contracts_output/gemini_contracts/gemini_contracts/906.sol,906.sol,oyente+-060ca34,solidity,2025/06/04,20260225_2030,1772051424.2761571,2.849135637283325,1,{},{analysis incomplete},{Solidity compilation failed},{}
contracts_output/contracts_output/gemini_contracts/gemini_contracts/915.sol,915.sol,oyente+-060ca34,solidity,2025/06/04,20260225_2030,1772051574.7265644,2.844923734664917,1,{},{analysis incomplete},{Solidity compilation failed},{}
contracts_output/contracts_output/gemini_contracts/gemini_contracts/949.sol,949.sol,oyente+-060ca34,solidity,2025/06/04,20260225_2030,1772051522.6147828,2.8522815704345703,1,{},{analysis incomplete},{Solidity compilation failed},{}
contracts_output/contracts_output/gemini_contracts/gemini_contracts/963.sol,963.sol,oyente+-060ca34,solidity,2025/06/04,20260225_2030,1772051437.4817789,2.499661922454834,1,{},{analysis incomplete},{Solidity compilation failed},{}
contracts_output/contracts_output/gemini_contracts/gemini_contracts/967.sol,967.sol,oyente+-060ca34,solidity,2025/06/04,20260225_2030,1772051554.9578977,3.066800117492676,1,{},{analysis incomplete},{Solidity compilation failed},{}
contracts_output/contracts_output/gemini_contracts/gemini_contracts/97.sol,97.sol,oyente+-060ca34,solidity,2025/06/04,20260225_2030,1772051584.45369,2.5025076866149902,1,{},{analysis incomplete},{Solidity compilation failed},{}
contracts_output/contracts_output/gemini_contracts/gemini_contracts/971.sol,971.sol,oyente+-060ca34,solidity,2025/06/04,20260225_2030,1772051542.0825593,2.988163948059082,1,{},{analysis incomplete},{Solidity compilation failed},{}
contracts_output/contracts_output/gemini_contracts/gemini_contracts/1004.sol,1004.sol,slither-0.11.3,solidity,2025/09/14,20260225_2030,1772051516.9476569,2.860306739807129,1,{},{},{EXIT_CODE_1},"{""analysis unsuccessful, check output.json"",""error parsing results: file could not be opened successfully:
- method gz: ReadError('empty file')
- method bz2: ReadError('not a bzip2 file')
- method xz: ReadError('not an lzma file')
- method tar: ReadError('empty file')"",exception (crytic_compile.platform.exceptions.InvalidCompilation: Invalid solc compilation Error: Unexpected trailing comma in parameter list.),exception (json.decoder.JSONDecodeError: Expecting value: line 1 column 1 (char 0))}"
contracts_output/contracts_output/gemini_contracts/gemini_contracts/1009.sol,1009.sol,slither-0.11.3,solidity,2025/09/14,20260225_2030,1772051531.0357773,3.0596582889556885,1,{},{},{EXIT_CODE_1},"{""analysis unsuccessful, check output.json"",""error parsing results: file could not be opened successfully:
- method gz: ReadError('empty file')
- method bz2: ReadError('not a bzip2 file')
- method xz: ReadError('not an lzma file')
- method tar: ReadError('empty file')"",""exception (crytic_compile.platform.exceptions.InvalidCompilation: Invalid solc compilation Warning: SPDX license identifier not provided in source file. Before publishing, consider adding a comment containing \""SPDX-License-Identifier: <SPDX-License>\"" to each source file. Use \""SPDX-License-Identifier: UNLICENSED\"" for non-open-source code. Please see https://spdx.org for more information.)"",exception (json.decoder.JSONDecodeError: Expecting value: line 1 column 1 (char 0))}"
contracts_output/contracts_output/gemini_contracts/gemini_contracts/1010.sol,1010.sol,slither-0.11.3,solidity,2025/09/14,20260225_2030,1772051577.3125808,3.0722577571868896,1,{},{},{EXIT_CODE_1},"{""analysis unsuccessful, check output.json"",""error parsing results: file could not be opened successfully:
- method gz: ReadError('empty file')
- method bz2: ReadError('not a bzip2 file')
- method xz: ReadError('not an lzma file')
- method tar: ReadError('empty file')"",""exception (crytic_compile.platform.exceptions.InvalidCompilation: Invalid solc compilation Warning: SPDX license identifier not provided in source file. Before publishing, consider adding a comment containing \""SPDX-License-Identifier: <SPDX-License>\"" to each source file. Use \""SPDX-License-Identifier: UNLICENSED\"" for non-open-source code. Please see https://spdx.org for more information.)"",exception (json.decoder.JSONDecodeError: Expecting value: line 1 column 1 (char 0))}"
contracts_output/contracts_output/gemini_contracts/gemini_contracts/1032.sol,1032.sol,slither-0.11.3,solidity,2025/09/14,20260225_2030,1772051555.1277778,3.222581624984741,1,{},{},{EXIT_CODE_1},"{""analysis unsuccessful, check output.json"",""error parsing results: file could not be opened successfully:
- method gz: ReadError('empty file')
- method bz2: ReadError('not a bzip2 file')
- method xz: ReadError('not an lzma file')
- method tar: ReadError('empty file')"",""exception (crytic_compile.platform.exceptions.InvalidCompilation: Invalid solc compilation Warning: SPDX license identifier not provided in source file. Before publishing, consider adding a comment containing \""SPDX-License-Identifier: <SPDX-License>\"" to each source file. Use \""SPDX-License-Identifier: UNLICENSED\"" for non-open-source code. Please see https://spdx.org for more information.)"",exception (json.decoder.JSONDecodeError: Expecting value: line 1 column 1 (char 0))}"
contracts_output/contracts_output/gemini_contracts/gemini_contracts/1053.sol,1053.sol,slither-0.11.3,solidity,2025/09/14,20260225_2030,1772051491.9850738,3.119041681289673,1,{},{},{EXIT_CODE_1},"{""analysis unsuccessful, check output.json"",""error parsing results: file could not be opened successfully:
- method gz: ReadError('empty file')
- method bz2: ReadError('not a bzip2 file')
- method xz: ReadError('not an lzma file')
- method tar: ReadError('empty file')"",""exception (crytic_compile.platform.exceptions.InvalidCompilation: Invalid solc compilation Warning: SPDX license identifier not provided in source file. Before publishing, consider adding a comment containing \""SPDX-License-Identifier: <SPDX-License>\"" to each source file. Use \""SPDX-License-Identifier: UNLICENSED\"" for non-open-source code. Please see https://spdx.org for more information.)"",exception (json.decoder.JSONDecodeError: Expecting value: line 1 column 1 (char 0))}"
contracts_output/contracts_output/gemini_contracts/gemini_contracts/107.sol,107.sol,slither-0.11.3,solidity,2025/09/14,20260225_2030,1772051417.049244,2.937403678894043,1,{},{},{EXIT_CODE_1},"{""analysis unsuccessful, check output.json"",""error parsing results: file could not be opened successfully:
- method gz: ReadError('empty file')
- method bz2: ReadError('not a bzip2 file')
- method xz: ReadError('not an lzma file')
- method tar: ReadError('empty file')"",""exception (crytic_compile.platform.exceptions.InvalidCompilation: Invalid solc compilation Warning: SPDX license identifier not provided in source file. Before publishing, consider adding a comment containing \""SPDX-License-Identifier: <SPDX-License>\"" to each source file. Use \""SPDX-License-Identifier: UNLICENSED\"" for non-open-source code. Please see https://spdx.org for more information.)"",exception (json.decoder.JSONDecodeError: Expecting value: line 1 column 1 (char 0))}"
contracts_output/contracts_output/gemini_contracts/gemini_contracts/1091.sol,1091.sol,slither-0.11.3,solidity,2025/09/14,20260225_2030,1772051429.6812568,3.0779266357421875,1,{},{},{EXIT_CODE_1},"{""analysis unsuccessful, check output.json"",""error parsing results: file could not be opened successfully:
- method gz: ReadError('empty file')
- method bz2: ReadError('not a bzip2 file')
- method xz: ReadError('not an lzma file')
- method tar: ReadError('empty file')"",""exception (crytic_compile.platform.exceptions.InvalidCompilation: Invalid solc compilation Warning: SPDX license identifier not provided in source file. Before publishing, consider adding a comment containing \""SPDX-License-Identifier: <SPDX-License>\"" to each source file. Use \""SPDX-License-Identifier: UNLICENSED\"" for non-open-source code. Please see https://spdx.org for more information.)"",exception (json.decoder.JSONDecodeError: Expecting value: line 1 column 1 (char 0))}"
contracts_output/contracts_output/gemini_contracts/gemini_contracts/1094.sol,1094.sol,slither-0.11.3,solidity,2025/09/14,20260225_2030,1772051563.950145,2.8622944355010986,1,{},{},{EXIT_CODE_1},"{""analysis unsuccessful, check output.json"",""error parsing results: file could not be opened successfully:
- method gz: ReadError('empty file')
- method bz2: ReadError('not a bzip2 file')
- method xz: ReadError('not an lzma file')
- method tar: ReadError('empty file')"",""exception (crytic_compile.platform.exceptions.InvalidCompilation: Invalid solc compilation Warning: SPDX license identifier not provided in source file. Before publishing, consider adding a comment containing \""SPDX-License-Identifier: <SPDX-License>\"" to each source file. Use \""SPDX-License-Identifier: UNLICENSED\"" for non-open-source code. Please see https://spdx.org for more information.)"",exception (json.decoder.JSONDecodeError: Expecting value: line 1 column 1 (char 0))}"
contracts_output/contracts_output/gemini_contracts/gemini_contracts/110.sol,110.sol,slither-0.11.3,solidity,2025/09/14,20260225_2030,1772051576.7618744,2.870105743408203,1,{},{},{EXIT_CODE_1},"{""analysis unsuccessful, check output.json"",""error parsing results: file could not be opened successfully:
- method gz: ReadError('empty file')
- method bz2: ReadError('not a bzip2 file')
- method xz: ReadError('not an lzma file')
- method tar: ReadError('empty file')"",""exception (crytic_compile.platform.exceptions.InvalidCompilation: Invalid solc compilation Warning: SPDX license identifier not provided in source file. Before publishing, consider adding a comment containing \""SPDX-License-Identifier: <SPDX-License>\"" to each source file. Use \""SPDX-License-Identifier: UNLICENSED\"" for non-open-source code. Please see https://spdx.org for more information.)"",exception (json.decoder.JSONDecodeError: Expecting value: line 1 column 1 (char 0))}"
contracts_output/contracts_output/gemini_contracts/gemini_contracts/1111.sol,1111.sol,slither-0.11.3,solidity,2025/09/14,20260225_2030,1772051546.4978056,3.0902600288391113,1,{},{},{EXIT_CODE_1},"{""analysis unsuccessful, check output.json"",""error parsing results: file could not be opened successfully:
- method gz: ReadError('empty file')
- method bz2: ReadError('not a bzip2 file')
- method xz: ReadError('not an lzma file')
- method tar: ReadError('empty file')"",""exception (crytic_compile.platform.exceptions.InvalidCompilation: Invalid solc compilation Warning: SPDX license identifier not provided in source file. Before publishing, consider adding a comment containing \""SPDX-License-Identifier: <SPDX-License>\"" to each source file. Use \""SPDX-License-Identifier: UNLICENSED\"" for non-open-source code. Please see https://spdx.org for more information.)"",exception (json.decoder.JSONDecodeError: Expecting value: line 1 column 1 (char 0))}"
contracts_output/contracts_output/gemini_contracts/gemini_contracts/1142.sol,1142.sol,slither-0.11.3,solidity,2025/09/14,20260225_2030,1772051489.421618,2.6373298168182373,1,{},{},{EXIT_CODE_1},"{""analysis unsuccessful, check output.json"",""error parsing results: file could not be opened successfully:
- method gz: ReadError('empty file')
- method bz2: ReadError('not a bzip2 file')
- method xz: ReadError('not an lzma file')
- method tar: ReadError('empty file')"",""exception (crytic_compile.platform.exceptions.InvalidCompilation: Invalid solc compilation Warning: SPDX license identifier not provided in source file. Before publishing, consider adding a comment containing \""SPDX-License-Identifier: <SPDX-License>\"" to each source file. Use \""SPDX-License-Identifier: UNLICENSED\"" for non-open-source code. Please see https://spdx.org for more information.)"",exception (json.decoder.JSONDecodeError: Expecting value: line 1 column 1 (char 0))}"
contracts_output/contracts_output/gemini_contracts/gemini_contracts/1147.sol,1147.sol,slither-0.11.3,solidity,2025/09/14,20260225_2030,1772051517.4498625,2.971586227416992,1,{},{},{EXIT_CODE_1},"{""analysis unsuccessful, check output.json"",""error parsing results: file could not be opened successfully:
- method gz: ReadError('empty file')
- method bz2: ReadError('not a bzip2 file')
- method xz: ReadError('not an lzma file')
- method tar: ReadError('empty file')"",""exception (crytic_compile.platform.exceptions.InvalidCompilation: Invalid solc compilation Warning: SPDX license identifier not provided in source file. Before publishing, consider adding a comment containing \""SPDX-License-Identifier: <SPDX-License>\"" to each source file. Use \""SPDX-License-Identifier: UNLICENSED\"" for non-open-source code. Please see https://spdx.org for more information.)"",exception (json.decoder.JSONDecodeError: Expecting value: line 1 column 1 (char 0))}"
contracts_output/contracts_output/gemini_contracts/gemini_contracts/1148.sol,1148.sol,slither-0.11.3,solidity,2025/09/14,20260225_2030,1772051480.4802155,2.6463072299957275,1,{},{},{EXIT_CODE_1},"{""analysis unsuccessful, check output.json"",""error parsing results: file could not be opened successfully:
- method gz: ReadError('empty file')
- method bz2: ReadError('not a bzip2 file')
- method xz: ReadError('not an lzma file')
- method tar: ReadError('empty file')"",""exception (crytic_compile.platform.exceptions.InvalidCompilation: Invalid solc compilation Warning: SPDX license identifier not provided in source file. Before publishing, consider adding a comment containing \""SPDX-License-Identifier: <SPDX-License>\"" to each source file. Use \""SPDX-License-Identifier: UNLICENSED\"" for non-open-source code. Please see https://spdx.org for more information.)"",exception (json.decoder.JSONDecodeError: Expecting value: line 1 column 1 (char 0))}"
contracts_output/contracts_output/gemini_contracts/gemini_contracts/1160.sol,1160.sol,slither-0.11.3,solidity,2025/09/14,20260225_2030,1772051426.882273,2.7694509029388428,1,{},{},{EXIT_CODE_1},"{""analysis unsuccessful, check output.json"",""error parsing results: file could not be opened successfully:
- method gz: ReadError('empty file')
- method bz2: ReadError('not a bzip2 file')
- method xz: ReadError('not an lzma file')
- method tar: ReadError('empty file')"",""exception (crytic_compile.platform.exceptions.InvalidCompilation: Invalid solc compilation Warning: SPDX license identifier not provided in source file. Before publishing, consider adding a comment containing \""SPDX-License-Identifier: <SPDX-License>\"" to each source file. Use \""SPDX-License-Identifier: UNLICENSED\"" for non-open-source code. Please see https://spdx.org for more information.)"",exception (json.decoder.JSONDecodeError: Expecting value: line 1 column 1 (char 0))}"
contracts_output/contracts_output/gemini_contracts/gemini_contracts/1164.sol,1164.sol,slither-0.11.3,solidity,2025/09/14,20260225_2030,1772051439.4959683,3.036583185195923,1,{},{},{EXIT_CODE_1},"{""analysis unsuccessful, check output.json"",""error parsing results: file could not be opened successfully:
- method gz: ReadError('empty file')
- method bz2: ReadError('not a bzip2 file')
- method xz: ReadError('not an lzma file')
- method tar: ReadError('empty file')"",""exception (crytic_compile.platform.exceptions.InvalidCompilation: Invalid solc compilation Warning: SPDX license identifier not provided in source file. Before publishing, consider adding a comment containing \""SPDX-License-Identifier: <SPDX-License>\"" to each source file. Use \""SPDX-License-Identifier: UNLICENSED\"" for non-open-source code. Please see https://spdx.org for more information.)"",exception (json.decoder.JSONDecodeError: Expecting value: line 1 column 1 (char 0))}"
contracts_output/contracts_output/gemini_contracts/gemini_contracts/1195.sol,1195.sol,slither-0.11.3,solidity,2025/09/14,20260225_2030,1772051492.727187,2.8473784923553467,1,{},{},{EXIT_CODE_1},"{""analysis unsuccessful, check output.json"",""error parsing results: file could not be opened successfully:
- method gz: ReadError('empty file')
- method bz2: ReadError('not a bzip2 file')
- method xz: ReadError('not an lzma file')
- method tar: ReadError('empty file')"",""exception (crytic_compile.platform.exceptions.InvalidCompilation: Invalid solc compilation Error: Function, variable, struct or modifier declaration expected.)"",exception (json.decoder.JSONDecodeError: Expecting value: line 1 column 1 (char 0))}"
contracts_output/contracts_output/gemini_contracts/gemini_contracts/1213.sol,1213.sol,slither-0.11.3,solidity,2025/09/14,20260225_2030,1772051435.240224,2.837045431137085,1,{},{},{EXIT_CODE_1},"{""analysis unsuccessful, check output.json"",""error parsing results: file could not be opened successfully:
- method gz: ReadError('empty file')
- method bz2: ReadError('not a bzip2 file')
- method xz: ReadError('not an lzma file')
- method tar: ReadError('empty file')"",""exception (crytic_compile.platform.exceptions.InvalidCompilation: Invalid solc compilation Warning: SPDX license identifier not provided in source file. Before publishing, consider adding a comment containing \""SPDX-License-Identifier: <SPDX-License>\"" to each source file. Use \""SPDX-License-Identifier: UNLICENSED\"" for non-open-source code. Please see https://spdx.org for more information.)"",exception (json.decoder.JSONDecodeError: Expecting value: line 1 column 1 (char 0))}"
contracts_output/contracts_output/gemini_contracts/gemini_contracts/1228.sol,1228.sol,slither-0.11.3,solidity,2025/09/14,20260225_2030,1772051535.584569,3.366267442703247,1,{},{},{EXIT_CODE_1},"{""analysis unsuccessful, check output.json"",""error parsing results: file could not be opened successfully:
- method gz: ReadError('empty file')
- method bz2: ReadError('not a bzip2 file')
- method xz: ReadError('not an lzma file')
- method tar: ReadError('empty file')"",""exception (crytic_compile.platform.exceptions.InvalidCompilation: Invalid solc compilation Warning: SPDX license identifier not provided in source file. Before publishing, consider adding a comment containing \""SPDX-License-Identifier: <SPDX-License>\"" to each source file. Use \""SPDX-License-Identifier: UNLICENSED\"" for non-open-source code. Please see https://spdx.org for more information.)"",exception (json.decoder.JSONDecodeError: Expecting value: line 1 column 1 (char 0))}"
contracts_output/contracts_output/gemini_contracts/gemini_contracts/124.sol,124.sol,slither-0.11.3,solidity,2025/09/14,20260225_2030,1772051581.749124,2.716625213623047,1,{},{},{EXIT_CODE_1},"{""analysis unsuccessful, check output.json"",""error parsing results: file could not be opened successfully:
- method gz: ReadError('empty file')
- method bz2: ReadError('not a bzip2 file')
- method xz: ReadError('not an lzma file')
- method tar: ReadError('empty file')"",""exception (crytic_compile.platform.exceptions.InvalidCompilation: Invalid solc compilation Warning: SPDX license identifier not provided in source file. Before publishing, consider adding a comment containing \""SPDX-License-Identifier: <SPDX-License>\"" to each source file. Use \""SPDX-License-Identifier: UNLICENSED\"" for non-open-source code. Please see https://spdx.org for more information.)"",exception (json.decoder.JSONDecodeError: Expecting value: line 1 column 1 (char 0))}"
contracts_output/contracts_output/gemini_contracts/gemini_contracts/1244.sol,1244.sol,slither-0.11.3,solidity,2025/09/14,20260225_2030,1772051581.631183,2.927541494369507,1,{},{},{EXIT_CODE_1},"{""analysis unsuccessful, check output.json"",""error parsing results: file could not be opened successfully:
- method gz: ReadError('empty file')
- method bz2: ReadError('not a bzip2 file')
- method xz: ReadError('not an lzma file')
- method tar: ReadError('empty file')"",""exception (crytic_compile.platform.exceptions.InvalidCompilation: Invalid solc compilation Warning: SPDX license identifier not provided in source file. Before publishing, consider adding a comment containing \""SPDX-License-Identifier: <SPDX-License>\"" to each source file. Use \""SPDX-License-Identifier: UNLICENSED\"" for non-open-source code. Please see https://spdx.org for more information.)"",exception (json.decoder.JSONDecodeError: Expecting value: line 1 column 1 (char 0))}"
contracts_output/contracts_output/gemini_contracts/gemini_contracts/1247.sol,1247.sol,slither-0.11.3,solidity,2025/09/14,20260225_2030,1772051459.963678,3.083745241165161,1,{},{},{EXIT_CODE_1},"{""analysis unsuccessful, check output.json"",""error parsing results: file could not be opened successfully:
- method gz: ReadError('empty file')
- method bz2: ReadError('not a bzip2 file')
- method xz: ReadError('not an lzma file')
- method tar: ReadError('empty file')"",""exception (crytic_compile.platform.exceptions.InvalidCompilation: Invalid solc compilation Warning: SPDX license identifier not provided in source file. Before publishing, consider adding a comment containing \""SPDX-License-Identifier: <SPDX-License>\"" to each source file. Use \""SPDX-License-Identifier: UNLICENSED\"" for non-open-source code. Please see https://spdx.org for more information.)"",exception (json.decoder.JSONDecodeError: Expecting value: line 1 column 1 (char 0))}"
contracts_output/contracts_output/gemini_contracts/gemini_contracts/1259.sol,1259.sol,slither-0.11.3,solidity,2025/09/14,20260225_2030,1772051503.1911602,2.8916125297546387,1,{},{},{EXIT_CODE_1},"{""analysis unsuccessful, check output.json"",""error parsing results: file could not be opened successfully:
- method gz: ReadError('empty file')
- method bz2: ReadError('not a bzip2 file')
- method xz: ReadError('not an lzma file')
- method tar: ReadError('empty file')"",""exception (crytic_compile.platform.exceptions.InvalidCompilation: Invalid solc compilation Warning: SPDX license identifier not provided in source file. Before publishing, consider adding a comment containing \""SPDX-License-Identifier: <SPDX-License>\"" to each source file. Use \""SPDX-License-Identifier: UNLICENSED\"" for non-open-source code. Please see https://spdx.org for more information.)"",exception (json.decoder.JSONDecodeError: Expecting value: line 1 column 1 (char 0))}"
contracts_output/contracts_output/gemini_contracts/gemini_contracts/1262.sol,1262.sol,slither-0.11.3,solidity,2025/09/14,20260225_2030,1772051535.712652,3.3180460929870605,1,{},{},{EXIT_CODE_1},"{""analysis unsuccessful, check output.json"",""error parsing results: file could not be opened successfully:
- method gz: ReadError('empty file')
- method bz2: ReadError('not a bzip2 file')
- method xz: ReadError('not an lzma file')
- method tar: ReadError('empty file')"",""exception (crytic_compile.platform.exceptions.InvalidCompilation: Invalid solc compilation Warning: SPDX license identifier not provided in source file. Before publishing, consider adding a comment containing \""SPDX-License-Identifier: <SPDX-License>\"" to each source file. Use \""SPDX-License-Identifier: UNLICENSED\"" for non-open-source code. Please see https://spdx.org for more information.)"",exception (json.decoder.JSONDecodeError: Expecting value: line 1 column 1 (char 0))}"
contracts_output/contracts_output/gemini_contracts/gemini_contracts/1265.sol,1265.sol,slither-0.11.3,solidity,2025/09/14,20260225_2030,1772051473.3538296,2.790140390396118,1,{},{},{EXIT_CODE_1},"{""analysis unsuccessful, check output.json"",""error parsing results: file could not be opened successfully:
- method gz: ReadError('empty file')
- method bz2: ReadError('not a bzip2 file')
- method xz: ReadError('not an lzma file')
- method tar: ReadError('empty file')"",""exception (crytic_compile.platform.exceptions.InvalidCompilation: Invalid solc compilation Warning: SPDX license identifier not provided in source file. Before publishing, consider adding a comment containing \""SPDX-License-Identifier: <SPDX-License>\"" to each source file. Use \""SPDX-License-Identifier: UNLICENSED\"" for non-open-source code. Please see https://spdx.org for more information.)"",exception (json.decoder.JSONDecodeError: Expecting value: line 1 column 1 (char 0))}"
contracts_output/contracts_output/gemini_contracts/gemini_contracts/1268.sol,1268.sol,slither-0.11.3,solidity,2025/09/14,20260225_2030,1772051514.5198367,3.055760145187378,1,{},{},{EXIT_CODE_1},"{""analysis unsuccessful, check output.json"",""error parsing results: file could not be opened successfully:
- method gz: ReadError('empty file')
- method bz2: ReadError('not a bzip2 file')
- method xz: ReadError('not an lzma file')
- method tar: ReadError('empty file')"",""exception (crytic_compile.platform.exceptions.InvalidCompilation: Invalid solc compilation Warning: SPDX license identifier not provided in source file. Before publishing, consider adding a comment containing \""SPDX-License-Identifier: <SPDX-License>\"" to each source file. Use \""SPDX-License-Identifier: UNLICENSED\"" for non-open-source code. Please see https://spdx.org for more information.)"",exception (json.decoder.JSONDecodeError: Expecting value: line 1 column 1 (char 0))}"
contracts_output/contracts_output/gemini_contracts/gemini_contracts/1281.sol,1281.sol,slither-0.11.3,solidity,2025/09/14,20260225_2030,1772051470.6844559,2.8699357509613037,1,{},{},{EXIT_CODE_1},"{""analysis unsuccessful, check output.json"",""error parsing results: file could not be opened successfully:
- method gz: ReadError('empty file')
- method bz2: ReadError('not a bzip2 file')
- method xz: ReadError('not an lzma file')
- method tar: ReadError('empty file')"",""exception (crytic_compile.platform.exceptions.InvalidCompilation: Invalid solc compilation Warning: SPDX license identifier not provided in source file. Before publishing, consider adding a comment containing \""SPDX-License-Identifier: <SPDX-License>\"" to each source file. Use \""SPDX-License-Identifier: UNLICENSED\"" for non-open-source code. Please see https://spdx.org for more information.)"",exception (json.decoder.JSONDecodeError: Expecting value: line 1 column 1 (char 0))}"
contracts_output/contracts_output/gemini_contracts/gemini_contracts/1283.sol,1283.sol,slither-0.11.3,solidity,2025/09/14,20260225_2030,1772051453.1467674,2.9839398860931396,1,{},{},{EXIT_CODE_1},"{""analysis unsuccessful, check output.json"",""error parsing results: file could not be opened successfully:
- method gz: ReadError('empty file')
- method bz2: ReadError('not a bzip2 file')
- method xz: ReadError('not an lzma file')
- method tar: ReadError('empty file')"",""exception (crytic_compile.platform.exceptions.InvalidCompilation: Invalid solc compilation Warning: SPDX license identifier not provided in source file. Before publishing, consider adding a comment containing \""SPDX-License-Identifier: <SPDX-License>\"" to each source file. Use \""SPDX-License-Identifier: UNLICENSED\"" for non-open-source code. Please see https://spdx.org for more information.)"",exception (json.decoder.JSONDecodeError: Expecting value: line 1 column 1 (char 0))}"
contracts_output/contracts_output/gemini_contracts/gemini_contracts/1286.sol,1286.sol,slither-0.11.3,solidity,2025/09/14,20260225_2030,1772051578.1806855,2.9846389293670654,1,{},{},{EXIT_CODE_1},"{""analysis unsuccessful, check output.json"",""error parsing results: file could not be opened successfully:
- method gz: ReadError('empty file')
- method bz2: ReadError('not a bzip2 file')
- method xz: ReadError('not an lzma file')
- method tar: ReadError('empty file')"",""exception (crytic_compile.platform.exceptions.InvalidCompilation: Invalid solc compilation Warning: SPDX license identifier not provided in source file. Before publishing, consider adding a comment containing \""SPDX-License-Identifier: <SPDX-License>\"" to each source file. Use \""SPDX-License-Identifier: UNLICENSED\"" for non-open-source code. Please see https://spdx.org for more information.)"",exception (json.decoder.JSONDecodeError: Expecting value: line 1 column 1 (char 0))}"
contracts_output/contracts_output/gemini_contracts/gemini_contracts/1315.sol,1315.sol,slither-0.11.3,solidity,2025/09/14,20260225_2030,1772051514.7872357,3.2701075077056885,1,{},{},{EXIT_CODE_1},"{""analysis unsuccessful, check output.json"",""error parsing results: file could not be opened successfully:
- method gz: ReadError('empty file')
- method bz2: ReadError('not a bzip2 file')
- method xz: ReadError('not an lzma file')
- method tar: ReadError('empty file')"",""exception (crytic_compile.platform.exceptions.InvalidCompilation: Invalid solc compilation Warning: SPDX license identifier not provided in source file. Before publishing, consider adding a comment containing \""SPDX-License-Identifier: <SPDX-License>\"" to each source file. Use \""SPDX-License-Identifier: UNLICENSED\"" for non-open-source code. Please see https://spdx.org for more information.)"",exception (json.decoder.JSONDecodeError: Expecting value: line 1 column 1 (char 0))}"
contracts_output/contracts_output/gemini_contracts/gemini_contracts/1319.sol,1319.sol,slither-0.11.3,solidity,2025/09/14,20260225_2030,1772051530.6304765,3.036048412322998,1,{},{},{EXIT_CODE_1},"{""analysis unsuccessful, check output.json"",""error parsing results: file could not be opened successfully:
- method gz: ReadError('empty file')
- method bz2: ReadError('not a bzip2 file')
- method xz: ReadError('not an lzma file')
- method tar: ReadError('empty file')"",""exception (crytic_compile.platform.exceptions.InvalidCompilation: Invalid solc compilation Warning: SPDX license identifier not provided in source file. Before publishing, consider adding a comment containing \""SPDX-License-Identifier: <SPDX-License>\"" to each source file. Use \""SPDX-License-Identifier: UNLICENSED\"" for non-open-source code. Please see https://spdx.org for more information.)"",exception (json.decoder.JSONDecodeError: Expecting value: line 1 column 1 (char 0))}"
contracts_output/contracts_output/gemini_contracts/gemini_contracts/1334.sol,1334.sol,slither-0.11.3,solidity,2025/09/14,20260225_2030,1772051560.6741123,3.2123866081237793,1,{},{},{EXIT_CODE_1},"{""analysis unsuccessful, check output.json"",""error parsing results: file could not be opened successfully:
- method gz: ReadError('empty file')
- method bz2: ReadError('not a bzip2 file')
- method xz: ReadError('not an lzma file')
- method tar: ReadError('empty file')"",""exception (crytic_compile.platform.exceptions.InvalidCompilation: Invalid solc compilation Warning: SPDX license identifier not provided in source file. Before publishing, consider adding a comment containing \""SPDX-License-Identifier: <SPDX-License>\"" to each source file. Use \""SPDX-License-Identifier: UNLICENSED\"" for non-open-source code. Please see https://spdx.org for more information.)"",exception (json.decoder.JSONDecodeError: Expecting value: line 1 column 1 (char 0))}"
contracts_output/contracts_output/gemini_contracts/gemini_contracts/1335.sol,1335.sol,slither-0.11.3,solidity,2025/09/14,20260225_2030,1772051507.5477183,2.727790355682373,1,{},{},{EXIT_CODE_1},"{""analysis unsuccessful, check output.json"",""error parsing results: file could not be opened successfully:
- method gz: ReadError('empty file')
- method bz2: ReadError('not a bzip2 file')
- method xz: ReadError('not an lzma file')
- method tar: ReadError('empty file')"",""exception (crytic_compile.platform.exceptions.InvalidCompilation: Invalid solc compilation Warning: SPDX license identifier not provided in source file. Before publishing, consider adding a comment containing \""SPDX-License-Identifier: <SPDX-License>\"" to each source file. Use \""SPDX-License-Identifier: UNLICENSED\"" for non-open-source code. Please see https://spdx.org for more information.)"",exception (json.decoder.JSONDecodeError: Expecting value: line 1 column 1 (char 0))}"
contracts_output/contracts_output/gemini_contracts/gemini_contracts/1356.sol,1356.sol,slither-0.11.3,solidity,2025/09/14,20260225_2030,1772051464.4899657,2.8353066444396973,1,{},{},{EXIT_CODE_1},"{""analysis unsuccessful, check output.json"",""error parsing results: file could not be opened successfully:
- method gz: ReadError('empty file')
- method bz2: ReadError('not a bzip2 file')
- method xz: ReadError('not an lzma file')
- method tar: ReadError('empty file')"",""exception (crytic_compile.platform.exceptions.InvalidCompilation: Invalid solc compilation Warning: SPDX license identifier not provided in source file. Before publishing, consider adding a comment containing \""SPDX-License-Identifier: <SPDX-License>\"" to each source file. Use \""SPDX-License-Identifier: UNLICENSED\"" for non-open-source code. Please see https://spdx.org for more information.)"",exception (json.decoder.JSONDecodeError: Expecting value: line 1 column 1 (char 0))}"
contracts_output/contracts_output/gemini_contracts/gemini_contracts/1358.sol,1358.sol,slither-0.11.3,solidity,2025/09/14,20260225_2030,1772051467.6773105,3.12626051902771,1,{},{},{EXIT_CODE_1},"{""analysis unsuccessful, check output.json"",""error parsing results: file could not be opened successfully:
- method gz: ReadError('empty file')
- method bz2: ReadError('not a bzip2 file')
- method xz: ReadError('not an lzma file')
- method tar: ReadError('empty file')"",exception (crytic_compile.platform.exceptions.InvalidCompilation: Invalid solc compilation Error: Expected primary expression.),exception (json.decoder.JSONDecodeError: Expecting value: line 1 column 1 (char 0))}"
contracts_output/contracts_output/gemini_contracts/gemini_contracts/1383.sol,1383.sol,slither-0.11.3,solidity,2025/09/14,20260225_2030,1772051426.133561,3.311622142791748,1,{},{},{EXIT_CODE_1},"{""analysis unsuccessful, check output.json"",""error parsing results: file could not be opened successfully:
- method gz: ReadError('empty file')
- method bz2: ReadError('not a bzip2 file')
- method xz: ReadError('not an lzma file')
- method tar: ReadError('empty file')"",""exception (crytic_compile.platform.exceptions.InvalidCompilation: Invalid solc compilation Warning: SPDX license identifier not provided in source file. Before publishing, consider adding a comment containing \""SPDX-License-Identifier: <SPDX-License>\"" to each source file. Use \""SPDX-License-Identifier: UNLICENSED\"" for non-open-source code. Please see https://spdx.org for more information.)"",exception (json.decoder.JSONDecodeError: Expecting value: line 1 column 1 (char 0))}"
contracts_output/contracts_output/gemini_contracts/gemini_contracts/1386.sol,1386.sol,slither-0.11.3,solidity,2025/09/14,20260225_2030,1772051553.3737109,2.991586685180664,1,{},{},{EXIT_CODE_1},"{""analysis unsuccessful, check output.json"",""error parsing results: file could not be opened successfully:
- method gz: ReadError('empty file')
- method bz2: ReadError('not a bzip2 file')
- method xz: ReadError('not an lzma file')
- method tar: ReadError('empty file')"",""exception (crytic_compile.platform.exceptions.InvalidCompilation: Invalid solc compilation Warning: SPDX license identifier not provided in source file. Before publishing, consider adding a comment containing \""SPDX-License-Identifier: <SPDX-License>\"" to each source file. Use \""SPDX-License-Identifier: UNLICENSED\"" for non-open-source code. Please see https://spdx.org for more information.)"",exception (json.decoder.JSONDecodeError: Expecting value: line 1 column 1 (char 0))}"
contracts_output/contracts_output/gemini_contracts/gemini_contracts/1398.sol,1398.sol,slither-0.11.3,solidity,2025/09/14,20260225_2030,1772051561.201187,2.896524667739868,1,{},{},{EXIT_CODE_1},"{""analysis unsuccessful, check output.json"",""error parsing results: file could not be opened successfully:
- method gz: ReadError('empty file')
- method bz2: ReadError('not a bzip2 file')
- method xz: ReadError('not an lzma file')
- method tar: ReadError('empty file')"",""exception (crytic_compile.platform.exceptions.InvalidCompilation: Invalid solc compilation Warning: SPDX license identifier not provided in source file. Before publishing, consider adding a comment containing \""SPDX-License-Identifier: <SPDX-License>\"" to each source file. Use \""SPDX-License-Identifier: UNLICENSED\"" for non-open-source code. Please see https://spdx.org for more information.)"",exception (json.decoder.JSONDecodeError: Expecting value: line 1 column 1 (char 0))}"
contracts_output/contracts_output/gemini_contracts/gemini_contracts/1413.sol,1413.sol,slither-0.11.3,solidity,2025/09/14,20260225_2030,1772051498.544035,3.004223108291626,1,{},{},{EXIT_CODE_1},"{""analysis unsuccessful, check output.json"",""error parsing results: file could not be opened successfully:
- method gz: ReadError('empty file')
- method bz2: ReadError('not a bzip2 file')
- method xz: ReadError('not an lzma file')
- method tar: ReadError('empty file')"",""exception (crytic_compile.platform.exceptions.InvalidCompilation: Invalid solc compilation Warning: SPDX license identifier not provided in source file. Before publishing, consider adding a comment containing \""SPDX-License-Identifier: <SPDX-License>\"" to each source file. Use \""SPDX-License-Identifier: UNLICENSED\"" for non-open-source code. Please see https://spdx.org for more information.)"",exception (json.decoder.JSONDecodeError: Expecting value: line 1 column 1 (char 0))}"
contracts_output/contracts_output/gemini_contracts/gemini_contracts/1424.sol,1424.sol,slither-0.11.3,solidity,2025/09/14,20260225_2030,1772051571.5466971,2.7709219455718994,1,{},{},{EXIT_CODE_1},"{""analysis unsuccessful, check output.json"",""error parsing results: file could not be opened successfully:
- method gz: ReadError('empty file')
- method bz2: ReadError('not a bzip2 file')
- method xz: ReadError('not an lzma file')
- method tar: ReadError('empty file')"",""exception (crytic_compile.platform.exceptions.InvalidCompilation: Invalid solc compilation Warning: SPDX license identifier not provided in source file. Before publishing, consider adding a comment containing \""SPDX-License-Identifier: <SPDX-License>\"" to each source file. Use \""SPDX-License-Identifier: UNLICENSED\"" for non-open-source code. Please see https://spdx.org for more information.)"",exception (json.decoder.JSONDecodeError: Expecting value: line 1 column 1 (char 0))}"
contracts_output/contracts_output/gemini_contracts/gemini_contracts/1438.sol,1438.sol,slither-0.11.3,solidity,2025/09/14,20260225_2030,1772051508.3265667,2.9862544536590576,1,{},{},{EXIT_CODE_1},"{""analysis unsuccessful, check output.json"",""error parsing results: file could not be opened successfully:
- method gz: ReadError('empty file')
- method bz2: ReadError('not a bzip2 file')
- method xz: ReadError('not an lzma file')
- method tar: ReadError('empty file')"",""exception (crytic_compile.platform.exceptions.InvalidCompilation: Invalid solc compilation Warning: SPDX license identifier not provided in source file. Before publishing, consider adding a comment containing \""SPDX-License-Identifier: <SPDX-License>\"" to each source file. Use \""SPDX-License-Identifier: UNLICENSED\"" for non-open-source code. Please see https://spdx.org for more information.)"",exception (json.decoder.JSONDecodeError: Expecting value: line 1 column 1 (char 0))}"
contracts_output/contracts_output/gemini_contracts/gemini_contracts/1443.sol,1443.sol,slither-0.11.3,solidity,2025/09/14,20260225_2030,1772051461.4911113,2.968865156173706,1,{},{},{EXIT_CODE_1},"{""analysis unsuccessful, check output.json"",""error parsing results: file could not be opened successfully:
- method gz: ReadError('empty file')
- method bz2: ReadError('not a bzip2 file')
- method xz: ReadError('not an lzma file')
- method tar: ReadError('empty file')"",""exception (crytic_compile.platform.exceptions.InvalidCompilation: Invalid solc compilation Warning: SPDX license identifier not provided in source file. Before publishing, consider adding a comment containing \""SPDX-License-Identifier: <SPDX-License>\"" to each source file. Use \""SPDX-License-Identifier: UNLICENSED\"" for non-open-source code. Please see https://spdx.org for more information.)"",exception (json.decoder.JSONDecodeError: Expecting value: line 1 column 1 (char 0))}"
contracts_output/contracts_output/gemini_contracts/gemini_contracts/146.sol,146.sol,slither-0.11.3,solidity,2025/09/14,20260225_2030,1772051556.0882707,2.940744400024414,1,{},{},{EXIT_CODE_1},"{""analysis unsuccessful, check output.json"",""error parsing results: file could not be opened successfully:
- method gz: ReadError('empty file')
- method bz2: ReadError('not a bzip2 file')
- method xz: ReadError('not an lzma file')
- method tar: ReadError('empty file')"",""exception (crytic_compile.platform.exceptions.InvalidCompilation: Invalid solc compilation Warning: SPDX license identifier not provided in source file. Before publishing, consider adding a comment containing \""SPDX-License-Identifier: <SPDX-License>\"" to each source file. Use \""SPDX-License-Identifier: UNLICENSED\"" for non-open-source code. Please see https://spdx.org for more information.)"",exception (json.decoder.JSONDecodeError: Expecting value: line 1 column 1 (char 0))}"
contracts_output/contracts_output/gemini_contracts/gemini_contracts/1493.sol,1493.sol,slither-0.11.3,solidity,2025/09/14,20260225_2030,1772051430.0747256,3.336695909500122,1,{},{},{EXIT_CODE_1},"{""analysis unsuccessful, check output.json"",""error parsing results: file could not be opened successfully:
- method gz: ReadError('empty file')
- method bz2: ReadError('not a bzip2 file')
- method xz: ReadError('not an lzma file')
- method tar: ReadError('empty file')"",""exception (crytic_compile.platform.exceptions.InvalidCompilation: Invalid solc compilation Warning: SPDX license identifier not provided in source file. Before publishing, consider adding a comment containing \""SPDX-License-Identifier: <SPDX-License>\"" to each source file. Use \""SPDX-License-Identifier: UNLICENSED\"" for non-open-source code. Please see https://spdx.org for more information.)"",exception (json.decoder.JSONDecodeError: Expecting value: line 1 column 1 (char 0))}"
contracts_output/contracts_output/gemini_contracts/gemini_contracts/1522.sol,1522.sol,slither-0.11.3,solidity,2025/09/14,20260225_2030,1772051545.1363153,3.3065106868743896,1,{},{},{EXIT_CODE_1},"{""analysis unsuccessful, check output.json"",""error parsing results: file could not be opened successfully:
- method gz: ReadError('empty file')
- method bz2: ReadError('not a bzip2 file')
- method xz: ReadError('not an lzma file')
- method tar: ReadError('empty file')"",""exception (crytic_compile.platform.exceptions.InvalidCompilation: Invalid solc compilation Error: Function, variable, struct or modifier declaration expected.)"",exception (json.decoder.JSONDecodeError: Expecting value: line 1 column 1 (char 0))}"
contracts_output/contracts_output/gemini_contracts/gemini_contracts/153.sol,153.sol,slither-0.11.3,solidity,2025/09/14,20260225_2030,1772051516.2968676,2.9432528018951416,1,{},{},{EXIT_CODE_1},"{""analysis unsuccessful, check output.json"",""error parsing results: file could not be opened successfully:
- method gz: ReadError('empty file')
- method bz2: ReadError('not a bzip2 file')
- method xz: ReadError('not an lzma file')
- method tar: ReadError('empty file')"",""exception (crytic_compile.platform.exceptions.InvalidCompilation: Invalid solc compilation Warning: SPDX license identifier not provided in source file. Before publishing, consider adding a comment containing \""SPDX-License-Identifier: <SPDX-License>\"" to each source file. Use \""SPDX-License-Identifier: UNLICENSED\"" for non-open-source code. Please see https://spdx.org for more information.)"",exception (json.decoder.JSONDecodeError: Expecting value: line 1 column 1 (char 0))}"
contracts_output/contracts_output/gemini_contracts/gemini_contracts/1531.sol,1531.sol,slither-0.11.3,solidity,2025/09/14,20260225_2030,1772051515.282424,3.209597587585449,1,{},{},{EXIT_CODE_1},"{""analysis unsuccessful, check output.json"",""error parsing results: file could not be opened successfully:
- method gz: ReadError('empty file')
- method bz2: ReadError('not a bzip2 file')
- method xz: ReadError('not an lzma file')
- method tar: ReadError('empty file')"",""exception (crytic_compile.platform.exceptions.InvalidCompilation: Invalid solc compilation Warning: SPDX license identifier not provided in source file. Before publishing, consider adding a comment containing \""SPDX-License-Identifier: <SPDX-License>\"" to each source file. Use \""SPDX-License-Identifier: UNLICENSED\"" for non-open-source code. Please see https://spdx.org for more information.)"",exception (json.decoder.JSONDecodeError: Expecting value: line 1 column 1 (char 0))}"
contracts_output/contracts_output/gemini_contracts/gemini_contracts/1558.sol,1558.sol,slither-0.11.3,solidity,2025/09/14,20260225_2030,1772051423.7644627,2.9631857872009277,1,{},{},{EXIT_CODE_1},"{""analysis unsuccessful, check output.json"",""error parsing results: file could not be opened successfully:
- method gz: ReadError('empty file')
- method bz2: ReadError('not a bzip2 file')
- method xz: ReadError('not an lzma file')
- method tar: ReadError('empty file')"",""exception (crytic_compile.platform.exceptions.InvalidCompilation: Invalid solc compilation Warning: SPDX license identifier not provided in source file. Before publishing, consider adding a comment containing \""SPDX-License-Identifier: <SPDX-License>\"" to each source file. Use \""SPDX-License-Identifier: UNLICENSED\"" for non-open-source code. Please see https://spdx.org for more information.)"",exception (json.decoder.JSONDecodeError: Expecting value: line 1 column 1 (char 0))}"
contracts_output/contracts_output/gemini_contracts/gemini_contracts/1565.sol,1565.sol,slither-0.11.3,solidity,2025/09/14,20260225_2030,1772051503.7980685,3.0295443534851074,1,{},{},{EXIT_CODE_1},"{""analysis unsuccessful, check output.json"",""error parsing results: file could not be opened successfully:
- method gz: ReadError('empty file')
- method bz2: ReadError('not a bzip2 file')
- method xz: ReadError('not an lzma file')
- method tar: ReadError('empty file')"",""exception (crytic_compile.platform.exceptions.InvalidCompilation: Invalid solc compilation Warning: SPDX license identifier not provided in source file. Before publishing, consider adding a comment containing \""SPDX-License-Identifier: <SPDX-License>\"" to each source file. Use \""SPDX-License-Identifier: UNLICENSED\"" for non-open-source code. Please see https://spdx.org for more information.)"",exception (json.decoder.JSONDecodeError: Expecting value: line 1 column 1 (char 0))}"
contracts_output/contracts_output/gemini_contracts/gemini_contracts/1587.sol,1587.sol,slither-0.11.3,solidity,2025/09/14,20260225_2030,1772051504.0842037,2.9297664165496826,1,{},{},{EXIT_CODE_1},"{""analysis unsuccessful, check output.json"",""error parsing results: file could not be opened successfully:
- method gz: ReadError('empty file')
- method bz2: ReadError('not a bzip2 file')
- method xz: ReadError('not an lzma file')
- method tar: ReadError('empty file')"",""exception (crytic_compile.platform.exceptions.InvalidCompilation: Invalid solc compilation Error: Function, variable, struct or modifier declaration expected.)"",exception (json.decoder.JSONDecodeError: Expecting value: line 1 column 1 (char 0))}"
contracts_output/contracts_output/gemini_contracts/gemini_contracts/1589.sol,1589.sol,slither-0.11.3,solidity,2025/09/14,20260225_2030,1772051489.4085054,2.846813201904297,1,{},{},{EXIT_CODE_1},"{""analysis unsuccessful, check output.json"",""error parsing results: file could not be opened successfully:
- method gz: ReadError('empty file')
- method bz2: ReadError('not a bzip2 file')
- method xz: ReadError('not an lzma file')
- method tar: ReadError('empty file')"",""exception (crytic_compile.platform.exceptions.InvalidCompilation: Invalid solc compilation Warning: SPDX license identifier not provided in source file. Before publishing, consider adding a comment containing \""SPDX-License-Identifier: <SPDX-License>\"" to each source file. Use \""SPDX-License-Identifier: UNLICENSED\"" for non-open-source code. Please see https://spdx.org for more information.)"",exception (json.decoder.JSONDecodeError: Expecting value: line 1 column 1 (char 0))}"
contracts_output/contracts_output/gemini_contracts/gemini_contracts/1597.sol,1597.sol,slither-0.11.3,solidity,2025/09/14,20260225_2030,1772051547.539401,3.0648982524871826,1,{},{},{EXIT_CODE_1},"{""analysis unsuccessful, check output.json"",""error parsing results: file could not be opened successfully:
- method gz: ReadError('empty file')
- method bz2: ReadError('not a bzip2 file')
- method xz: ReadError('not an lzma file')
- method tar: ReadError('empty file')"",""exception (crytic_compile.platform.exceptions.InvalidCompilation: Invalid solc compilation Warning: SPDX license identifier not provided in source file. Before publishing, consider adding a comment containing \""SPDX-License-Identifier: <SPDX-License>\"" to each source file. Use \""SPDX-License-Identifier: UNLICENSED\"" for non-open-source code. Please see https://spdx.org for more information.)"",exception (json.decoder.JSONDecodeError: Expecting value: line 1 column 1 (char 0))}"
contracts_output/contracts_output/gemini_contracts/gemini_contracts/1600.sol,1600.sol,slither-0.11.3,solidity,2025/09/14,20260225_2030,1772051558.8757262,3.1762161254882812,1,{},{},{EXIT_CODE_1},"{""analysis unsuccessful, check output.json"",""error parsing results: file could not be opened successfully:
- method gz: ReadError('empty file')
- method bz2: ReadError('not a bzip2 file')
- method xz: ReadError('not an lzma file')
- method tar: ReadError('empty file')"",""exception (crytic_compile.platform.exceptions.InvalidCompilation: Invalid solc compilation Warning: SPDX license identifier not provided in source file. Before publishing, consider adding a comment containing \""SPDX-License-Identifier: <SPDX-License>\"" to each source file. Use \""SPDX-License-Identifier: UNLICENSED\"" for non-open-source code. Please see https://spdx.org for more information.)"",exception (json.decoder.JSONDecodeError: Expecting value: line 1 column 1 (char 0))}"
contracts_output/contracts_output/gemini_contracts/gemini_contracts/1609.sol,1609.sol,slither-0.11.3,solidity,2025/09/14,20260225_2030,1772051472.2432654,3.1029086112976074,1,{},{},{EXIT_CODE_1},"{""analysis unsuccessful, check output.json"",""error parsing results: file could not be opened successfully:
- method gz: ReadError('empty file')
- method bz2: ReadError('not a bzip2 file')
- method xz: ReadError('not an lzma file')
- method tar: ReadError('empty file')"",""exception (crytic_compile.platform.exceptions.InvalidCompilation: Invalid solc compilation Warning: SPDX license identifier not provided in source file. Before publishing, consider adding a comment containing \""SPDX-License-Identifier: <SPDX-License>\"" to each source file. Use \""SPDX-License-Identifier: UNLICENSED\"" for non-open-source code. Please see https://spdx.org for more information.)"",exception (json.decoder.JSONDecodeError: Expecting value: line 1 column 1 (char 0))}"
contracts_output/contracts_output/gemini_contracts/gemini_contracts/1613.sol,1613.sol,slither-0.11.3,solidity,2025/09/14,20260225_2030,1772051454.7286797,2.9607646465301514,1,{},{},{EXIT_CODE_1},"{""analysis unsuccessful, check output.json"",""error parsing results: file could not be opened successfully:
- method gz: ReadError('empty file')
- method bz2: ReadError('not a bzip2 file')
- method xz: ReadError('not an lzma file')
- method tar: ReadError('empty file')"",""exception (crytic_compile.platform.exceptions.InvalidCompilation: Invalid solc compilation Warning: SPDX license identifier not provided in source file. Before publishing, consider adding a comment containing \""SPDX-License-Identifier: <SPDX-License>\"" to each source file. Use \""SPDX-License-Identifier: UNLICENSED\"" for non-open-source code. Please see https://spdx.org for more information.)"",exception (json.decoder.JSONDecodeError: Expecting value: line 1 column 1 (char 0))}"
contracts_output/contracts_output/gemini_contracts/gemini_contracts/1617.sol,1617.sol,slither-0.11.3,solidity,2025/09/14,20260225_2030,1772051496.306459,2.763563632965088,1,{},{},{EXIT_CODE_1},"{""analysis unsuccessful, check output.json"",""error parsing results: file could not be opened successfully:
- method gz: ReadError('empty file')
- method bz2: ReadError('not a bzip2 file')
- method xz: ReadError('not an lzma file')
- method tar: ReadError('empty file')"",""exception (crytic_compile.platform.exceptions.InvalidCompilation: Invalid solc compilation Warning: SPDX license identifier not provided in source file. Before publishing, consider adding a comment containing \""SPDX-License-Identifier: <SPDX-License>\"" to each source file. Use \""SPDX-License-Identifier: UNLICENSED\"" for non-open-source code. Please see https://spdx.org for more information.)"",exception (json.decoder.JSONDecodeError: Expecting value: line 1 column 1 (char 0))}"
contracts_output/contracts_output/gemini_contracts/gemini_contracts/1642.sol,1642.sol,slither-0.11.3,solidity,2025/09/14,20260225_2030,1772051504.9954846,3.330287456512451,1,{},{},{EXIT_CODE_1},"{""analysis unsuccessful, check output.json"",""error parsing results: file could not be opened successfully:
- method gz: ReadError('empty file')
- method bz2: ReadError('not a bzip2 file')
- method xz: ReadError('not an lzma file')
- method tar: ReadError('empty file')"",""exception (crytic_compile.platform.exceptions.InvalidCompilation: Invalid solc compilation Warning: SPDX license identifier not provided in source file. Before publishing, consider adding a comment containing \""SPDX-License-Identifier: <SPDX-License>\"" to each source file. Use \""SPDX-License-Identifier: UNLICENSED\"" for non-open-source code. Please see https://spdx.org for more information.)"",exception (json.decoder.JSONDecodeError: Expecting value: line 1 column 1 (char 0))}"
contracts_output/contracts_output/gemini_contracts/gemini_contracts/1644.sol,1644.sol,slither-0.11.3,solidity,2025/09/14,20260225_2030,1772051556.9269915,2.922365665435791,1,{},{},{EXIT_CODE_1},"{""analysis unsuccessful, check output.json"",""error parsing results: file could not be opened successfully:
- method gz: ReadError('empty file')
- method bz2: ReadError('not a bzip2 file')
- method xz: ReadError('not an lzma file')
- method tar: ReadError('empty file')"",""exception (crytic_compile.platform.exceptions.InvalidCompilation: Invalid solc compilation Error: Function, variable, struct or modifier declaration expected.)"",exception (json.decoder.JSONDecodeError: Expecting value: line 1 column 1 (char 0))}"
contracts_output/contracts_output/gemini_contracts/gemini_contracts/1662.sol,1662.sol,slither-0.11.3,solidity,2025/09/14,20260225_2030,1772051476.8952081,3.0728607177734375,1,{},{},{EXIT_CODE_1},"{""analysis unsuccessful, check output.json"",""error parsing results: file could not be opened successfully:
- method gz: ReadError('empty file')
- method bz2: ReadError('not a bzip2 file')
- method xz: ReadError('not an lzma file')
- method tar: ReadError('empty file')"",""exception (crytic_compile.platform.exceptions.InvalidCompilation: Invalid solc compilation Warning: SPDX license identifier not provided in source file. Before publishing, consider adding a comment containing \""SPDX-License-Identifier: <SPDX-License>\"" to each source file. Use \""SPDX-License-Identifier: UNLICENSED\"" for non-open-source code. Please see https://spdx.org for more information.)"",exception (json.decoder.JSONDecodeError: Expecting value: line 1 column 1 (char 0))}"
contracts_output/contracts_output/gemini_contracts/gemini_contracts/1663.sol,1663.sol,slither-0.11.3,solidity,2025/09/14,20260225_2030,1772051469.7390718,2.8840763568878174,1,{},{},{EXIT_CODE_1},"{""analysis unsuccessful, check output.json"",""error parsing results: file could not be opened successfully:
- method gz: ReadError('empty file')
- method bz2: ReadError('not a bzip2 file')
- method xz: ReadError('not an lzma file')
- method tar: ReadError('empty file')"",""exception (crytic_compile.platform.exceptions.InvalidCompilation: Invalid solc compilation Error: Function, variable, struct or modifier declaration expected.)"",exception (json.decoder.JSONDecodeError: Expecting value: line 1 column 1 (char 0))}"
contracts_output/contracts_output/gemini_contracts/gemini_contracts/170.sol,170.sol,slither-0.11.3,solidity,2025/09/14,20260225_2030,1772051581.5285025,2.9429965019226074,1,{},{},{EXIT_CODE_1},"{""analysis unsuccessful, check output.json"",""error parsing results: file could not be opened successfully:
- method gz: ReadError('empty file')
- method bz2: ReadError('not a bzip2 file')
- method xz: ReadError('not an lzma file')
- method tar: ReadError('empty file')"",""exception (crytic_compile.platform.exceptions.InvalidCompilation: Invalid solc compilation Warning: SPDX license identifier not provided in source file. Before publishing, consider adding a comment containing \""SPDX-License-Identifier: <SPDX-License>\"" to each source file. Use \""SPDX-License-Identifier: UNLICENSED\"" for non-open-source code. Please see https://spdx.org for more information.)"",exception (json.decoder.JSONDecodeError: Expecting value: line 1 column 1 (char 0))}"
contracts_output/contracts_output/gemini_contracts/gemini_contracts/1700.sol,1700.sol,slither-0.11.3,solidity,2025/09/14,20260225_2030,1772051575.2928526,3.103264093399048,1,{},{},{EXIT_CODE_1},"{""analysis unsuccessful, check output.json"",""error parsing results: file could not be opened successfully:
- method gz: ReadError('empty file')
- method bz2: ReadError('not a bzip2 file')
- method xz: ReadError('not an lzma file')
- method tar: ReadError('empty file')"",""exception (crytic_compile.platform.exceptions.InvalidCompilation: Invalid solc compilation Warning: SPDX license identifier not provided in source file. Before publishing, consider adding a comment containing \""SPDX-License-Identifier: <SPDX-License>\"" to each source file. Use \""SPDX-License-Identifier: UNLICENSED\"" for non-open-source code. Please see https://spdx.org for more information.)"",exception (json.decoder.JSONDecodeError: Expecting value: line 1 column 1 (char 0))}"
contracts_output/contracts_output/gemini_contracts/gemini_contracts/1722.sol,1722.sol,slither-0.11.3,solidity,2025/09/14,20260225_2030,1772051534.6332583,2.85951828956604,1,{},{},{EXIT_CODE_1},"{""analysis unsuccessful, check output.json"",""error parsing results: file could not be opened successfully:
- method gz: ReadError('empty file')
- method bz2: ReadError('not a bzip2 file')
- method xz: ReadError('not an lzma file')
- method tar: ReadError('empty file')"",""exception (crytic_compile.platform.exceptions.InvalidCompilation: Invalid solc compilation Warning: SPDX license identifier not provided in source file. Before publishing, consider adding a comment containing \""SPDX-License-Identifier: <SPDX-License>\"" to each source file. Use \""SPDX-License-Identifier: UNLICENSED\"" for non-open-source code. Please see https://spdx.org for more information.)"",exception (json.decoder.JSONDecodeError: Expecting value: line 1 column 1 (char 0))}"
contracts_output/contracts_output/gemini_contracts/gemini_contracts/1735.sol,1735.sol,slither-0.11.3,solidity,2025/09/14,20260225_2030,1772051451.609401,3.101306915283203,1,{},{},{EXIT_CODE_1},"{""analysis unsuccessful, check output.json"",""error parsing results: file could not be opened successfully:
- method gz: ReadError('empty file')
- method bz2: ReadError('not a bzip2 file')
- method xz: ReadError('not an lzma file')
- method tar: ReadError('empty file')"",""exception (crytic_compile.platform.exceptions.InvalidCompilation: Invalid solc compilation Warning: SPDX license identifier not provided in source file. Before publishing, consider adding a comment containing \""SPDX-License-Identifier: <SPDX-License>\"" to each source file. Use \""SPDX-License-Identifier: UNLICENSED\"" for non-open-source code. Please see https://spdx.org for more information.)"",exception (json.decoder.JSONDecodeError: Expecting value: line 1 column 1 (char 0))}"
contracts_output/contracts_output/gemini_contracts/gemini_contracts/1777.sol,1777.sol,slither-0.11.3,solidity,2025/09/14,20260225_2030,1772051534.898631,2.8877930641174316,1,{},{},{EXIT_CODE_1},"{""analysis unsuccessful, check output.json"",""error parsing results: file could not be opened successfully:
- method gz: ReadError('empty file')
- method bz2: ReadError('not a bzip2 file')
- method xz: ReadError('not an lzma file')
- method tar: ReadError('empty file')"",""exception (crytic_compile.platform.exceptions.InvalidCompilation: Invalid solc compilation Warning: SPDX license identifier not provided in source file. Before publishing, consider adding a comment containing \""SPDX-License-Identifier: <SPDX-License>\"" to each source file. Use \""SPDX-License-Identifier: UNLICENSED\"" for non-open-source code. Please see https://spdx.org for more information.)"",exception (json.decoder.JSONDecodeError: Expecting value: line 1 column 1 (char 0))}"
contracts_output/contracts_output/gemini_contracts/gemini_contracts/1782.sol,1782.sol,slither-0.11.3,solidity,2025/09/14,20260225_2030,1772051573.6152186,2.853825569152832,1,{},{},{EXIT_CODE_1},"{""analysis unsuccessful, check output.json"",""error parsing results: file could not be opened successfully:
- method gz: ReadError('empty file')
- method bz2: ReadError('not a bzip2 file')
- method xz: ReadError('not an lzma file')
- method tar: ReadError('empty file')"",""exception (crytic_compile.platform.exceptions.InvalidCompilation: Invalid solc compilation Warning: SPDX license identifier not provided in source file. Before publishing, consider adding a comment containing \""SPDX-License-Identifier: <SPDX-License>\"" to each source file. Use \""SPDX-License-Identifier: UNLICENSED\"" for non-open-source code. Please see https://spdx.org for more information.)"",exception (json.decoder.JSONDecodeError: Expecting value: line 1 column 1 (char 0))}"
contracts_output/contracts_output/gemini_contracts/gemini_contracts/1790.sol,1790.sol,slither-0.11.3,solidity,2025/09/14,20260225_2030,1772051420.6662765,3.0960195064544678,1,{},{},{EXIT_CODE_1},"{""analysis unsuccessful, check output.json"",""error parsing results: file could not be opened successfully:
- method gz: ReadError('empty file')
- method bz2: ReadError('not a bzip2 file')
- method xz: ReadError('not an lzma file')
- method tar: ReadError('empty file')"",""exception (crytic_compile.platform.exceptions.InvalidCompilation: Invalid solc compilation Warning: SPDX license identifier not provided in source file. Before publishing, consider adding a comment containing \""SPDX-License-Identifier: <SPDX-License>\"" to each source file. Use \""SPDX-License-Identifier: UNLICENSED\"" for non-open-source code. Please see https://spdx.org for more information.)"",exception (json.decoder.JSONDecodeError: Expecting value: line 1 column 1 (char 0))}"
contracts_output/contracts_output/gemini_contracts/gemini_contracts/1809.sol,1809.sol,slither-0.11.3,solidity,2025/09/14,20260225_2030,1772051577.0633895,2.9943432807922363,1,{},{},{EXIT_CODE_1},"{""analysis unsuccessful, check output.json"",""error parsing results: file could not be opened successfully:
- method gz: ReadError('empty file')
- method bz2: ReadError('not a bzip2 file')
- method xz: ReadError('not an lzma file')
- method tar: ReadError('empty file')"",""exception (crytic_compile.platform.exceptions.InvalidCompilation: Invalid solc compilation Warning: SPDX license identifier not provided in source file. Before publishing, consider adding a comment containing \""SPDX-License-Identifier: <SPDX-License>\"" to each source file. Use \""SPDX-License-Identifier: UNLICENSED\"" for non-open-source code. Please see https://spdx.org for more information.)"",exception (json.decoder.JSONDecodeError: Expecting value: line 1 column 1 (char 0))}"
contracts_output/contracts_output/gemini_contracts/gemini_contracts/1814.sol,1814.sol,slither-0.11.3,solidity,2025/09/14,20260225_2030,1772051513.4128044,2.960047721862793,1,{},{},{EXIT_CODE_1},"{""analysis unsuccessful, check output.json"",""error parsing results: file could not be opened successfully:
- method gz: ReadError('empty file')
- method bz2: ReadError('not a bzip2 file')
- method xz: ReadError('not an lzma file')
- method tar: ReadError('empty file')"",""exception (crytic_compile.platform.exceptions.InvalidCompilation: Invalid solc compilation Warning: SPDX license identifier not provided in source file. Before publishing, consider adding a comment containing \""SPDX-License-Identifier: <SPDX-License>\"" to each source file. Use \""SPDX-License-Identifier: UNLICENSED\"" for non-open-source code. Please see https://spdx.org for more information.)"",exception (json.decoder.JSONDecodeError: Expecting value: line 1 column 1 (char 0))}"
contracts_output/contracts_output/gemini_contracts/gemini_contracts/1824.sol,1824.sol,slither-0.11.3,solidity,2025/09/14,20260225_2030,1772051458.0377922,2.449374198913574,1,{},{},{EXIT_CODE_1},"{""analysis unsuccessful, check output.json"",""error parsing results: file could not be opened successfully:
- method gz: ReadError('empty file')
- method bz2: ReadError('not a bzip2 file')
- method xz: ReadError('not an lzma file')
- method tar: ReadError('empty file')"",""exception (crytic_compile.platform.exceptions.InvalidCompilation: Invalid solc compilation Warning: SPDX license identifier not provided in source file. Before publishing, consider adding a comment containing \""SPDX-License-Identifier: <SPDX-License>\"" to each source file. Use \""SPDX-License-Identifier: UNLICENSED\"" for non-open-source code. Please see https://spdx.org for more information.)"",exception (json.decoder.JSONDecodeError: Expecting value: line 1 column 1 (char 0))}"
contracts_output/contracts_output/gemini_contracts/gemini_contracts/1832.sol,1832.sol,slither-0.11.3,solidity,2025/09/14,20260225_2030,1772051582.8239439,2.9929003715515137,1,{},{},{EXIT_CODE_1},"{""analysis unsuccessful, check output.json"",""error parsing results: file could not be opened successfully:
- method gz: ReadError('empty file')
- method bz2: ReadError('not a bzip2 file')
- method xz: ReadError('not an lzma file')
- method tar: ReadError('empty file')"",""exception (crytic_compile.platform.exceptions.InvalidCompilation: Invalid solc compilation Warning: SPDX license identifier not provided in source file. Before publishing, consider adding a comment containing \""SPDX-License-Identifier: <SPDX-License>\"" to each source file. Use \""SPDX-License-Identifier: UNLICENSED\"" for non-open-source code. Please see https://spdx.org for more information.)"",exception (json.decoder.JSONDecodeError: Expecting value: line 1 column 1 (char 0))}"
contracts_output/contracts_output/gemini_contracts/gemini_contracts/1838.sol,1838.sol,slither-0.11.3,solidity,2025/09/14,20260225_2030,1772051521.2077806,3.068661689758301,1,{},{},{EXIT_CODE_1},"{""analysis unsuccessful, check output.json"",""error parsing results: file could not be opened successfully:
- method gz: ReadError('empty file')
- method bz2: ReadError('not a bzip2 file')
- method xz: ReadError('not an lzma file')
- method tar: ReadError('empty file')"",""exception (crytic_compile.platform.exceptions.InvalidCompilation: Invalid solc compilation Error: Function, variable, struct or modifier declaration expected.)"",exception (json.decoder.JSONDecodeError: Expecting value: line 1 column 1 (char 0))}"
contracts_output/contracts_output/gemini_contracts/gemini_contracts/1872.sol,1872.sol,slither-0.11.3,solidity,2025/09/14,20260225_2030,1772051536.5847738,2.946445941925049,1,{},{},{EXIT_CODE_1},"{""analysis unsuccessful, check output.json"",""error parsing results: file could not be opened successfully:
- method gz: ReadError('empty file')
- method bz2: ReadError('not a bzip2 file')
- method xz: ReadError('not an lzma file')
- method tar: ReadError('empty file')"",""exception (crytic_compile.platform.exceptions.InvalidCompilation: Invalid solc compilation Warning: SPDX license identifier not provided in source file. Before publishing, consider adding a comment containing \""SPDX-License-Identifier: <SPDX-License>\"" to each source file. Use \""SPDX-License-Identifier: UNLICENSED\"" for non-open-source code. Please see https://spdx.org for more information.)"",exception (json.decoder.JSONDecodeError: Expecting value: line 1 column 1 (char 0))}"
contracts_output/contracts_output/gemini_contracts/gemini_contracts/1877.sol,1877.sol,slither-0.11.3,solidity,2025/09/14,20260225_2030,1772051468.4603066,3.1807947158813477,1,{},{},{EXIT_CODE_1},"{""analysis unsuccessful, check output.json"",""error parsing results: file could not be opened successfully:
- method gz: ReadError('empty file')
- method bz2: ReadError('not a bzip2 file')
- method xz: ReadError('not an lzma file')
- method tar: ReadError('empty file')"",""exception (crytic_compile.platform.exceptions.InvalidCompilation: Invalid solc compilation Warning: SPDX license identifier not provided in source file. Before publishing, consider adding a comment containing \""SPDX-License-Identifier: <SPDX-License>\"" to each source file. Use \""SPDX-License-Identifier: UNLICENSED\"" for non-open-source code. Please see https://spdx.org for more information.)"",exception (json.decoder.JSONDecodeError: Expecting value: line 1 column 1 (char 0))}"
contracts_output/contracts_output/gemini_contracts/gemini_contracts/189.sol,189.sol,slither-0.11.3,solidity,2025/09/14,20260225_2030,1772051493.6528652,2.9629056453704834,1,{},{},{EXIT_CODE_1},"{""analysis unsuccessful, check output.json"",""error parsing results: file could not be opened successfully:
- method gz: ReadError('empty file')
- method bz2: ReadError('not a bzip2 file')
- method xz: ReadError('not an lzma file')
- method tar: ReadError('empty file')"",""exception (crytic_compile.platform.exceptions.InvalidCompilation: Invalid solc compilation Warning: SPDX license identifier not provided in source file. Before publishing, consider adding a comment containing \""SPDX-License-Identifier: <SPDX-License>\"" to each source file. Use \""SPDX-License-Identifier: UNLICENSED\"" for non-open-source code. Please see https://spdx.org for more information.)"",exception (json.decoder.JSONDecodeError: Expecting value: line 1 column 1 (char 0))}"
contracts_output/contracts_output/gemini_contracts/gemini_contracts/1905.sol,1905.sol,slither-0.11.3,solidity,2025/09/14,20260225_2030,1772051477.1696765,2.9594619274139404,1,{},{},{EXIT_CODE_1},"{""analysis unsuccessful, check output.json"",""error parsing results: file could not be opened successfully:
- method gz: ReadError('empty file')
- method bz2: ReadError('not a bzip2 file')
- method xz: ReadError('not an lzma file')
- method tar: ReadError('empty file')"",""exception (crytic_compile.platform.exceptions.InvalidCompilation: Invalid solc compilation Warning: SPDX license identifier not provided in source file. Before publishing, consider adding a comment containing \""SPDX-License-Identifier: <SPDX-License>\"" to each source file. Use \""SPDX-License-Identifier: UNLICENSED\"" for non-open-source code. Please see https://spdx.org for more information.)"",exception (json.decoder.JSONDecodeError: Expecting value: line 1 column 1 (char 0))}"
contracts_output/contracts_output/gemini_contracts/gemini_contracts/191.sol,191.sol,slither-0.11.3,solidity,2025/09/14,20260225_2030,1772051445.4562201,2.7285120487213135,1,{},{},{EXIT_CODE_1},"{""analysis unsuccessful, check output.json"",""error parsing results: file could not be opened successfully:
- method gz: ReadError('empty file')
- method bz2: ReadError('not a bzip2 file')
- method xz: ReadError('not an lzma file')
- method tar: ReadError('empty file')"",""exception (crytic_compile.platform.exceptions.InvalidCompilation: Invalid solc compilation Warning: SPDX license identifier not provided in source file. Before publishing, consider adding a comment containing \""SPDX-License-Identifier: <SPDX-License>\"" to each source file. Use \""SPDX-License-Identifier: UNLICENSED\"" for non-open-source code. Please see https://spdx.org for more information.)"",exception (json.decoder.JSONDecodeError: Expecting value: line 1 column 1 (char 0))}"
contracts_output/contracts_output/gemini_contracts/gemini_contracts/1924.sol,1924.sol,slither-0.11.3,solidity,2025/09/14,20260225_2030,1772051427.1648855,3.137230396270752,1,{},{},{EXIT_CODE_1},"{""analysis unsuccessful, check output.json"",""error parsing results: file could not be opened successfully:
- method gz: ReadError('empty file')
- method bz2: ReadError('not a bzip2 file')
- method xz: ReadError('not an lzma file')
- method tar: ReadError('empty file')"",""exception (crytic_compile.platform.exceptions.InvalidCompilation: Invalid solc compilation Warning: SPDX license identifier not provided in source file. Before publishing, consider adding a comment containing \""SPDX-License-Identifier: <SPDX-License>\"" to each source file. Use \""SPDX-License-Identifier: UNLICENSED\"" for non-open-source code. Please see https://spdx.org for more information.)"",exception (json.decoder.JSONDecodeError: Expecting value: line 1 column 1 (char 0))}"
contracts_output/contracts_output/gemini_contracts/gemini_contracts/1926.sol,1926.sol,slither-0.11.3,solidity,2025/09/14,20260225_2030,1772051491.4287314,2.992053270339966,1,{},{},{EXIT_CODE_1},"{""analysis unsuccessful, check output.json"",""error parsing results: file could not be opened successfully:
- method gz: ReadError('empty file')
- method bz2: ReadError('not a bzip2 file')
- method xz: ReadError('not an lzma file')
- method tar: ReadError('empty file')"",""exception (crytic_compile.platform.exceptions.InvalidCompilation: Invalid solc compilation Warning: SPDX license identifier not provided in source file. Before publishing, consider adding a comment containing \""SPDX-License-Identifier: <SPDX-License>\"" to each source file. Use \""SPDX-License-Identifier: UNLICENSED\"" for non-open-source code. Please see https://spdx.org for more information.)"",exception (json.decoder.JSONDecodeError: Expecting value: line 1 column 1 (char 0))}"
contracts_output/contracts_output/gemini_contracts/gemini_contracts/1932.sol,1932.sol,slither-0.11.3,solidity,2025/09/14,20260225_2030,1772051505.169313,3.2179508209228516,1,{},{},{EXIT_CODE_1},"{""analysis unsuccessful, check output.json"",""error parsing results: file could not be opened successfully:
- method gz: ReadError('empty file')
- method bz2: ReadError('not a bzip2 file')
- method xz: ReadError('not an lzma file')
- method tar: ReadError('empty file')"",""exception (crytic_compile.platform.exceptions.InvalidCompilation: Invalid solc compilation Warning: SPDX license identifier not provided in source file. Before publishing, consider adding a comment containing \""SPDX-License-Identifier: <SPDX-License>\"" to each source file. Use \""SPDX-License-Identifier: UNLICENSED\"" for non-open-source code. Please see https://spdx.org for more information.)"",exception (json.decoder.JSONDecodeError: Expecting value: line 1 column 1 (char 0))}"
contracts_output/contracts_output/gemini_contracts/gemini_contracts/1962.sol,1962.sol,slither-0.11.3,solidity,2025/09/14,20260225_2030,1772051431.1757634,2.554906129837036,1,{},{},{EXIT_CODE_1},"{""analysis unsuccessful, check output.json"",""error parsing results: file could not be opened successfully:
- method gz: ReadError('empty file')
- method bz2: ReadError('not a bzip2 file')
- method xz: ReadError('not an lzma file')
- method tar: ReadError('empty file')"",""exception (crytic_compile.platform.exceptions.InvalidCompilation: Invalid solc compilation Warning: SPDX license identifier not provided in source file. Before publishing, consider adding a comment containing \""SPDX-License-Identifier: <SPDX-License>\"" to each source file. Use \""SPDX-License-Identifier: UNLICENSED\"" for non-open-source code. Please see https://spdx.org for more information.)"",exception (json.decoder.JSONDecodeError: Expecting value: line 1 column 1 (char 0))}"
contracts_output/contracts_output/gemini_contracts/gemini_contracts/1979.sol,1979.sol,slither-0.11.3,solidity,2025/09/14,20260225_2030,1772051423.1407325,3.001448392868042,1,{},{},{EXIT_CODE_1},"{""analysis unsuccessful, check output.json"",""error parsing results: file could not be opened successfully:
- method gz: ReadError('empty file')
- method bz2: ReadError('not a bzip2 file')
- method xz: ReadError('not an lzma file')
- method tar: ReadError('empty file')"",""exception (crytic_compile.platform.exceptions.InvalidCompilation: Invalid solc compilation Warning: SPDX license identifier not provided in source file. Before publishing, consider adding a comment containing \""SPDX-License-Identifier: <SPDX-License>\"" to each source file. Use \""SPDX-License-Identifier: UNLICENSED\"" for non-open-source code. Please see https://spdx.org for more information.)"",exception (json.decoder.JSONDecodeError: Expecting value: line 1 column 1 (char 0))}"
contracts_output/contracts_output/gemini_contracts/gemini_contracts/1993.sol,1993.sol,slither-0.11.3,solidity,2025/09/14,20260225_2030,1772051578.8962264,3.0744967460632324,1,{},{},{EXIT_CODE_1},"{""analysis unsuccessful, check output.json"",""error parsing results: file could not be opened successfully:
- method gz: ReadError('empty file')
- method bz2: ReadError('not a bzip2 file')
- method xz: ReadError('not an lzma file')
- method tar: ReadError('empty file')"",""exception (crytic_compile.platform.exceptions.InvalidCompilation: Invalid solc compilation Warning: SPDX license identifier not provided in source file. Before publishing, consider adding a comment containing \""SPDX-License-Identifier: <SPDX-License>\"" to each source file. Use \""SPDX-License-Identifier: UNLICENSED\"" for non-open-source code. Please see https://spdx.org for more information.)"",exception (json.decoder.JSONDecodeError: Expecting value: line 1 column 1 (char 0))}"
contracts_output/contracts_output/gemini_contracts/gemini_contracts/2003.sol,2003.sol,slither-0.11.3,solidity,2025/09/14,20260225_2030,1772051469.6733525,2.8802895545959473,1,{},{},{EXIT_CODE_1},"{""analysis unsuccessful, check output.json"",""error parsing results: file could not be opened successfully:
- method gz: ReadError('empty file')
- method bz2: ReadError('not a bzip2 file')
- method xz: ReadError('not an lzma file')
- method tar: ReadError('empty file')"",""exception (crytic_compile.platform.exceptions.InvalidCompilation: Invalid solc compilation Warning: SPDX license identifier not provided in source file. Before publishing, consider adding a comment containing \""SPDX-License-Identifier: <SPDX-License>\"" to each source file. Use \""SPDX-License-Identifier: UNLICENSED\"" for non-open-source code. Please see https://spdx.org for more information.)"",exception (json.decoder.JSONDecodeError: Expecting value: line 1 column 1 (char 0))}"
contracts_output/contracts_output/gemini_contracts/gemini_contracts/2019.sol,2019.sol,slither-0.11.3,solidity,2025/09/14,20260225_2030,1772051524.655283,2.8193836212158203,1,{},{},{EXIT_CODE_1},"{""analysis unsuccessful, check output.json"",""error parsing results: file could not be opened successfully:
- method gz: ReadError('empty file')
- method bz2: ReadError('not a bzip2 file')
- method xz: ReadError('not an lzma file')
- method tar: ReadError('empty file')"",""exception (crytic_compile.platform.exceptions.InvalidCompilation: Invalid solc compilation Warning: SPDX license identifier not provided in source file. Before publishing, consider adding a comment containing \""SPDX-License-Identifier: <SPDX-License>\"" to each source file. Use \""SPDX-License-Identifier: UNLICENSED\"" for non-open-source code. Please see https://spdx.org for more information.)"",exception (json.decoder.JSONDecodeError: Expecting value: line 1 column 1 (char 0))}"
contracts_output/contracts_output/gemini_contracts/gemini_contracts/2044.sol,2044.sol,slither-0.11.3,solidity,2025/09/14,20260225_2030,1772051531.1622534,3.0174596309661865,1,{},{},{EXIT_CODE_1},"{""analysis unsuccessful, check output.json"",""error parsing results: file could not be opened successfully:
- method gz: ReadError('empty file')
- method bz2: ReadError('not a bzip2 file')
- method xz: ReadError('not an lzma file')
- method tar: ReadError('empty file')"",""exception (crytic_compile.platform.exceptions.InvalidCompilation: Invalid solc compilation Warning: SPDX license identifier not provided in source file. Before publishing, consider adding a comment containing \""SPDX-License-Identifier: <SPDX-License>\"" to each source file. Use \""SPDX-License-Identifier: UNLICENSED\"" for non-open-source code. Please see https://spdx.org for more information.)"",exception (json.decoder.JSONDecodeError: Expecting value: line 1 column 1 (char 0))}"
contracts_output/contracts_output/gemini_contracts/gemini_contracts/2053.sol,2053.sol,slither-0.11.3,solidity,2025/09/14,20260225_2030,1772051497.208958,3.064070224761963,1,{},{},{EXIT_CODE_1},"{""analysis unsuccessful, check output.json"",""error parsing results: file could not be opened successfully:
- method gz: ReadError('empty file')
- method bz2: ReadError('not a bzip2 file')
- method xz: ReadError('not an lzma file')
- method tar: ReadError('empty file')"",""exception (crytic_compile.platform.exceptions.InvalidCompilation: Invalid solc compilation Error: Function, variable, struct or modifier declaration expected.)"",exception (json.decoder.JSONDecodeError: Expecting value: line 1 column 1 (char 0))}"
contracts_output/contracts_output/gemini_contracts/gemini_contracts/2061.sol,2061.sol,slither-0.11.3,solidity,2025/09/14,20260225_2030,1772051547.1792922,2.8652889728546143,1,{},{},{EXIT_CODE_1},"{""analysis unsuccessful, check output.json"",""error parsing results: file could not be opened successfully:
- method gz: ReadError('empty file')
- method bz2: ReadError('not a bzip2 file')
- method xz: ReadError('not an lzma file')
- method tar: ReadError('empty file')"",""exception (crytic_compile.platform.exceptions.InvalidCompilation: Invalid solc compilation Warning: SPDX license identifier not provided in source file. Before publishing, consider adding a comment containing \""SPDX-License-Identifier: <SPDX-License>\"" to each source file. Use \""SPDX-License-Identifier: UNLICENSED\"" for non-open-source code. Please see https://spdx.org for more information.)"",exception (json.decoder.JSONDecodeError: Expecting value: line 1 column 1 (char 0))}"
contracts_output/contracts_output/gemini_contracts/gemini_contracts/2081.sol,2081.sol,slither-0.11.3,solidity,2025/09/14,20260225_2030,1772051505.7389233,3.067155599594116,1,{},{},{EXIT_CODE_1},"{""analysis unsuccessful, check output.json"",""error parsing results: file could not be opened successfully:
- method gz: ReadError('empty file')
- method bz2: ReadError('not a bzip2 file')
- method xz: ReadError('not an lzma file')
- method tar: ReadError('empty file')"",""exception (crytic_compile.platform.exceptions.InvalidCompilation: Invalid solc compilation Warning: SPDX license identifier not provided in source file. Before publishing, consider adding a comment containing \""SPDX-License-Identifier: <SPDX-License>\"" to each source file. Use \""SPDX-License-Identifier: UNLICENSED\"" for non-open-source code. Please see https://spdx.org for more information.)"",exception (json.decoder.JSONDecodeError: Expecting value: line 1 column 1 (char 0))}"
contracts_output/contracts_output/gemini_contracts/gemini_contracts/2092.sol,2092.sol,slither-0.11.3,solidity,2025/09/14,20260225_2030,1772051531.8029368,3.0220866203308105,1,{},{},{EXIT_CODE_1},"{""analysis unsuccessful, check output.json"",""error parsing results: file could not be opened successfully:
- method gz: ReadError('empty file')
- method bz2: ReadError('not a bzip2 file')
- method xz: ReadError('not an lzma file')
- method tar: ReadError('empty file')"",""exception (crytic_compile.platform.exceptions.InvalidCompilation: Invalid solc compilation Warning: SPDX license identifier not provided in source file. Before publishing, consider adding a comment containing \""SPDX-License-Identifier: <SPDX-License>\"" to each source file. Use \""SPDX-License-Identifier: UNLICENSED\"" for non-open-source code. Please see https://spdx.org for more information.)"",exception (json.decoder.JSONDecodeError: Expecting value: line 1 column 1 (char 0))}"
contracts_output/contracts_output/gemini_contracts/gemini_contracts/2093.sol,2093.sol,slither-0.11.3,solidity,2025/09/14,20260225_2030,1772051585.0667853,2.9451212882995605,1,{},{},{EXIT_CODE_1},"{""analysis unsuccessful, check output.json"",""error parsing results: file could not be opened successfully:
- method gz: ReadError('empty file')
- method bz2: ReadError('not a bzip2 file')
- method xz: ReadError('not an lzma file')
- method tar: ReadError('empty file')"",""exception (crytic_compile.platform.exceptions.InvalidCompilation: Invalid solc compilation Warning: SPDX license identifier not provided in source file. Before publishing, consider adding a comment containing \""SPDX-License-Identifier: <SPDX-License>\"" to each source file. Use \""SPDX-License-Identifier: UNLICENSED\"" for non-open-source code. Please see https://spdx.org for more information.)"",exception (json.decoder.JSONDecodeError: Expecting value: line 1 column 1 (char 0))}"
contracts_output/contracts_output/gemini_contracts/gemini_contracts/211.sol,211.sol,slither-0.11.3,solidity,2025/09/14,20260225_2030,1772051472.554751,3.0850470066070557,1,{},{},{EXIT_CODE_1},"{""analysis unsuccessful, check output.json"",""error parsing results: file could not be opened successfully:
- method gz: ReadError('empty file')
- method bz2: ReadError('not a bzip2 file')
- method xz: ReadError('not an lzma file')
- method tar: ReadError('empty file')"",""exception (crytic_compile.platform.exceptions.InvalidCompilation: Invalid solc compilation Warning: SPDX license identifier not provided in source file. Before publishing, consider adding a comment containing \""SPDX-License-Identifier: <SPDX-License>\"" to each source file. Use \""SPDX-License-Identifier: UNLICENSED\"" for non-open-source code. Please see https://spdx.org for more information.)"",exception (json.decoder.JSONDecodeError: Expecting value: line 1 column 1 (char 0))}"
contracts_output/contracts_output/gemini_contracts/gemini_contracts/2110.sol,2110.sol,slither-0.11.3,solidity,2025/09/14,20260225_2030,1772051415.2306197,2.287522792816162,1,{},{},{EXIT_CODE_1},"{""analysis unsuccessful, check output.json"",""error parsing results: file could not be opened successfully:
- method gz: ReadError('empty file')
- method bz2: ReadError('not a bzip2 file')
- method xz: ReadError('not an lzma file')
- method tar: ReadError('empty file')"",""exception (crytic_compile.platform.exceptions.InvalidCompilation: Invalid solc compilation Warning: SPDX license identifier not provided in source file. Before publishing, consider adding a comment containing \""SPDX-License-Identifier: <SPDX-License>\"" to each source file. Use \""SPDX-License-Identifier: UNLICENSED\"" for non-open-source code. Please see https://spdx.org for more information.)"",exception (json.decoder.JSONDecodeError: Expecting value: line 1 column 1 (char 0))}"
contracts_output/contracts_output/gemini_contracts/gemini_contracts/2112.sol,2112.sol,slither-0.11.3,solidity,2025/09/14,20260225_2030,1772051458.0699606,2.7636704444885254,1,{},{},{EXIT_CODE_1},"{""analysis unsuccessful, check output.json"",""error parsing results: file could not be opened successfully:
- method gz: ReadError('empty file')
- method bz2: ReadError('not a bzip2 file')
- method xz: ReadError('not an lzma file')
- method tar: ReadError('empty file')"",""exception (crytic_compile.platform.exceptions.InvalidCompilation: Invalid solc compilation Error: Function, variable, struct or modifier declaration expected.)"",exception (json.decoder.JSONDecodeError: Expecting value: line 1 column 1 (char 0))}"
contracts_output/contracts_output/gemini_contracts/gemini_contracts/2119.sol,2119.sol,slither-0.11.3,solidity,2025/09/14,20260225_2030,1772051518.5913606,3.245262384414673,1,{},{},{EXIT_CODE_1},"{""analysis unsuccessful, check output.json"",""error parsing results: file could not be opened successfully:
- method gz: ReadError('empty file')
- method bz2: ReadError('not a bzip2 file')
- method xz: ReadError('not an lzma file')
- method tar: ReadError('empty file')"",""exception (crytic_compile.platform.exceptions.InvalidCompilation: Invalid solc compilation Warning: SPDX license identifier not provided in source file. Before publishing, consider adding a comment containing \""SPDX-License-Identifier: <SPDX-License>\"" to each source file. Use \""SPDX-License-Identifier: UNLICENSED\"" for non-open-source code. Please see https://spdx.org for more information.)"",exception (json.decoder.JSONDecodeError: Expecting value: line 1 column 1 (char 0))}"
contracts_output/contracts_output/gemini_contracts/gemini_contracts/213.sol,213.sol,slither-0.11.3,solidity,2025/09/14,20260225_2030,1772051550.8398445,3.2439186573028564,1,{},{},{EXIT_CODE_1},"{""analysis unsuccessful, check output.json"",""error parsing results: file could not be opened successfully:
- method gz: ReadError('empty file')
- method bz2: ReadError('not a bzip2 file')
- method xz: ReadError('not an lzma file')
- method tar: ReadError('empty file')"",""exception (crytic_compile.platform.exceptions.InvalidCompilation: Invalid solc compilation Warning: SPDX license identifier not provided in source file. Before publishing, consider adding a comment containing \""SPDX-License-Identifier: <SPDX-License>\"" to each source file. Use \""SPDX-License-Identifier: UNLICENSED\"" for non-open-source code. Please see https://spdx.org for more information.)"",exception (json.decoder.JSONDecodeError: Expecting value: line 1 column 1 (char 0))}"
contracts_output/contracts_output/gemini_contracts/gemini_contracts/2141.sol,2141.sol,slither-0.11.3,solidity,2025/09/14,20260225_2030,1772051456.6421857,3.3596198558807373,1,{},{},{EXIT_CODE_1},"{""analysis unsuccessful, check output.json"",""error parsing results: file could not be opened successfully:
- method gz: ReadError('empty file')
- method bz2: ReadError('not a bzip2 file')
- method xz: ReadError('not an lzma file')
- method tar: ReadError('empty file')"",""exception (crytic_compile.platform.exceptions.InvalidCompilation: Invalid solc compilation Warning: SPDX license identifier not provided in source file. Before publishing, consider adding a comment containing \""SPDX-License-Identifier: <SPDX-License>\"" to each source file. Use \""SPDX-License-Identifier: UNLICENSED\"" for non-open-source code. Please see https://spdx.org for more information.)"",exception (json.decoder.JSONDecodeError: Expecting value: line 1 column 1 (char 0))}"
contracts_output/contracts_output/gemini_contracts/gemini_contracts/2199.sol,2199.sol,slither-0.11.3,solidity,2025/09/14,20260225_2030,1772051456.8616579,3.0959324836730957,1,{},{},{EXIT_CODE_1},"{""analysis unsuccessful, check output.json"",""error parsing results: file could not be opened successfully:
- method gz: ReadError('empty file')
- method bz2: ReadError('not a bzip2 file')
- method xz: ReadError('not an lzma file')
- method tar: ReadError('empty file')"",""exception (crytic_compile.platform.exceptions.InvalidCompilation: Invalid solc compilation Warning: SPDX license identifier not provided in source file. Before publishing, consider adding a comment containing \""SPDX-License-Identifier: <SPDX-License>\"" to each source file. Use \""SPDX-License-Identifier: UNLICENSED\"" for non-open-source code. Please see https://spdx.org for more information.)"",exception (json.decoder.JSONDecodeError: Expecting value: line 1 column 1 (char 0))}"
contracts_output/contracts_output/gemini_contracts/gemini_contracts/2205.sol,2205.sol,slither-0.11.3,solidity,2025/09/14,20260225_2030,1772051577.57226,2.95194149017334,1,{},{},{EXIT_CODE_1},"{""analysis unsuccessful, check output.json"",""error parsing results: file could not be opened successfully:
- method gz: ReadError('empty file')
- method bz2: ReadError('not a bzip2 file')
- method xz: ReadError('not an lzma file')
- method tar: ReadError('empty file')"",""exception (crytic_compile.platform.exceptions.InvalidCompilation: Invalid solc compilation Warning: SPDX license identifier not provided in source file. Before publishing, consider adding a comment containing \""SPDX-License-Identifier: <SPDX-License>\"" to each source file. Use \""SPDX-License-Identifier: UNLICENSED\"" for non-open-source code. Please see https://spdx.org for more information.)"",exception (json.decoder.JSONDecodeError: Expecting value: line 1 column 1 (char 0))}"
contracts_output/contracts_output/gemini_contracts/gemini_contracts/2209.sol,2209.sol,slither-0.11.3,solidity,2025/09/14,20260225_2030,1772051522.8956301,2.9138998985290527,1,{},{},{EXIT_CODE_1},"{""analysis unsuccessful, check output.json"",""error parsing results: file could not be opened successfully:
- method gz: ReadError('empty file')
- method bz2: ReadError('not a bzip2 file')
- method xz: ReadError('not an lzma file')
- method tar: ReadError('empty file')"",""exception (crytic_compile.platform.exceptions.InvalidCompilation: Invalid solc compilation Warning: SPDX license identifier not provided in source file. Before publishing, consider adding a comment containing \""SPDX-License-Identifier: <SPDX-License>\"" to each source file. Use \""SPDX-License-Identifier: UNLICENSED\"" for non-open-source code. Please see https://spdx.org for more information.)"",exception (json.decoder.JSONDecodeError: Expecting value: line 1 column 1 (char 0))}"
contracts_output/contracts_output/gemini_contracts/gemini_contracts/2215.sol,2215.sol,slither-0.11.3,solidity,2025/09/14,20260225_2030,1772051467.7496626,3.124509572982788,1,{},{},{EXIT_CODE_1},"{""analysis unsuccessful, check output.json"",""error parsing results: file could not be opened successfully:
- method gz: ReadError('empty file')
- method bz2: ReadError('not a bzip2 file')
- method xz: ReadError('not an lzma file')
- method tar: ReadError('empty file')"",""exception (crytic_compile.platform.exceptions.InvalidCompilation: Invalid solc compilation Warning: SPDX license identifier not provided in source file. Before publishing, consider adding a comment containing \""SPDX-License-Identifier: <SPDX-License>\"" to each source file. Use \""SPDX-License-Identifier: UNLICENSED\"" for non-open-source code. Please see https://spdx.org for more information.)"",exception (json.decoder.JSONDecodeError: Expecting value: line 1 column 1 (char 0))}"
contracts_output/contracts_output/gemini_contracts/gemini_contracts/2223.sol,2223.sol,slither-0.11.3,solidity,2025/09/14,20260225_2030,1772051585.411277,2.7376935482025146,1,{},{},{EXIT_CODE_1},"{""analysis unsuccessful, check output.json"",""error parsing results: file could not be opened successfully:
- method gz: ReadError('empty file')
- method bz2: ReadError('not a bzip2 file')
- method xz: ReadError('not an lzma file')
- method tar: ReadError('empty file')"",""exception (crytic_compile.platform.exceptions.InvalidCompilation: Invalid solc compilation Warning: SPDX license identifier not provided in source file. Before publishing, consider adding a comment containing \""SPDX-License-Identifier: <SPDX-License>\"" to each source file. Use \""SPDX-License-Identifier: UNLICENSED\"" for non-open-source code. Please see https://spdx.org for more information.)"",exception (json.decoder.JSONDecodeError: Expecting value: line 1 column 1 (char 0))}"
contracts_output/contracts_output/gemini_contracts/gemini_contracts/223.sol,223.sol,slither-0.11.3,solidity,2025/09/14,20260225_2030,1772051558.5670156,2.9981932640075684,1,{},{},{EXIT_CODE_1},"{""analysis unsuccessful, check output.json"",""error parsing results: file could not be opened successfully:
- method gz: ReadError('empty file')
- method bz2: ReadError('not a bzip2 file')
- method xz: ReadError('not an lzma file')
- method tar: ReadError('empty file')"",""exception (crytic_compile.platform.exceptions.InvalidCompilation: Invalid solc compilation Warning: SPDX license identifier not provided in source file. Before publishing, consider adding a comment containing \""SPDX-License-Identifier: <SPDX-License>\"" to each source file. Use \""SPDX-License-Identifier: UNLICENSED\"" for non-open-source code. Please see https://spdx.org for more information.)"",exception (json.decoder.JSONDecodeError: Expecting value: line 1 column 1 (char 0))}"
contracts_output/contracts_output/gemini_contracts/gemini_contracts/2236.sol,2236.sol,slither-0.11.3,solidity,2025/09/14,20260225_2030,1772051501.593121,3.187063455581665,1,{},{},{EXIT_CODE_1},"{""analysis unsuccessful, check output.json"",""error parsing results: file could not be opened successfully:
- method gz: ReadError('empty file')
- method bz2: ReadError('not a bzip2 file')
- method xz: ReadError('not an lzma file')
- method tar: ReadError('empty file')"",""exception (crytic_compile.platform.exceptions.InvalidCompilation: Invalid solc compilation Warning: SPDX license identifier not provided in source file. Before publishing, consider adding a comment containing \""SPDX-License-Identifier: <SPDX-License>\"" to each source file. Use \""SPDX-License-Identifier: UNLICENSED\"" for non-open-source code. Please see https://spdx.org for more information.)"",exception (json.decoder.JSONDecodeError: Expecting value: line 1 column 1 (char 0))}"
contracts_output/contracts_output/gemini_contracts/gemini_contracts/2241.sol,2241.sol,slither-0.11.3,solidity,2025/09/14,20260225_2030,1772051415.1459959,2.2475175857543945,1,{},{},{EXIT_CODE_1},"{""analysis unsuccessful, check output.json"",""error parsing results: file could not be opened successfully:
- method gz: ReadError('empty file')
- method bz2: ReadError('not a bzip2 file')
- method xz: ReadError('not an lzma file')
- method tar: ReadError('empty file')"",""exception (crytic_compile.platform.exceptions.InvalidCompilation: Invalid solc compilation Warning: SPDX license identifier not provided in source file. Before publishing, consider adding a comment containing \""SPDX-License-Identifier: <SPDX-License>\"" to each source file. Use \""SPDX-License-Identifier: UNLICENSED\"" for non-open-source code. Please see https://spdx.org for more information.)"",exception (json.decoder.JSONDecodeError: Expecting value: line 1 column 1 (char 0))}"
contracts_output/contracts_output/gemini_contracts/gemini_contracts/2268.sol,2268.sol,slither-0.11.3,solidity,2025/09/14,20260225_2030,1772051416.7933753,2.8398280143737793,1,{},{},{EXIT_CODE_1},"{""analysis unsuccessful, check output.json"",""error parsing results: file could not be opened successfully:
- method gz: ReadError('empty file')
- method bz2: ReadError('not a bzip2 file')
- method xz: ReadError('not an lzma file')
- method tar: ReadError('empty file')"",""exception (crytic_compile.platform.exceptions.InvalidCompilation: Invalid solc compilation Warning: SPDX license identifier not provided in source file. Before publishing, consider adding a comment containing \""SPDX-License-Identifier: <SPDX-License>\"" to each source file. Use \""SPDX-License-Identifier: UNLICENSED\"" for non-open-source code. Please see https://spdx.org for more information.)"",exception (json.decoder.JSONDecodeError: Expecting value: line 1 column 1 (char 0))}"
contracts_output/contracts_output/gemini_contracts/gemini_contracts/2271.sol,2271.sol,slither-0.11.3,solidity,2025/09/14,20260225_2030,1772051562.053716,3.1708693504333496,1,{},{},{EXIT_CODE_1},"{""analysis unsuccessful, check output.json"",""error parsing results: file could not be opened successfully:
- method gz: ReadError('empty file')
- method bz2: ReadError('not a bzip2 file')
- method xz: ReadError('not an lzma file')
- method tar: ReadError('empty file')"",""exception (crytic_compile.platform.exceptions.InvalidCompilation: Invalid solc compilation Warning: SPDX license identifier not provided in source file. Before publishing, consider adding a comment containing \""SPDX-License-Identifier: <SPDX-License>\"" to each source file. Use \""SPDX-License-Identifier: UNLICENSED\"" for non-open-source code. Please see https://spdx.org for more information.)"",exception (json.decoder.JSONDecodeError: Expecting value: line 1 column 1 (char 0))}"
contracts_output/contracts_output/gemini_contracts/gemini_contracts/2278.sol,2278.sol,slither-0.11.3,solidity,2025/09/14,20260225_2030,1772051538.578324,2.7621610164642334,1,{},{},{EXIT_CODE_1},"{""analysis unsuccessful, check output.json"",""error parsing results: file could not be opened successfully:
- method gz: ReadError('empty file')
- method bz2: ReadError('not a bzip2 file')
- method xz: ReadError('not an lzma file')
- method tar: ReadError('empty file')"",""exception (crytic_compile.platform.exceptions.InvalidCompilation: Invalid solc compilation Warning: SPDX license identifier not provided in source file. Before publishing, consider adding a comment containing \""SPDX-License-Identifier: <SPDX-License>\"" to each source file. Use \""SPDX-License-Identifier: UNLICENSED\"" for non-open-source code. Please see https://spdx.org for more information.)"",exception (json.decoder.JSONDecodeError: Expecting value: line 1 column 1 (char 0))}"
contracts_output/contracts_output/gemini_contracts/gemini_contracts/2295.sol,2295.sol,slither-0.11.3,solidity,2025/09/14,20260225_2030,1772051432.3510344,2.9501724243164062,1,{},{},{EXIT_CODE_1},"{""analysis unsuccessful, check output.json"",""error parsing results: file could not be opened successfully:
- method gz: ReadError('empty file')
- method bz2: ReadError('not a bzip2 file')
- method xz: ReadError('not an lzma file')
- method tar: ReadError('empty file')"",""exception (crytic_compile.platform.exceptions.InvalidCompilation: Invalid solc compilation Warning: SPDX license identifier not provided in source file. Before publishing, consider adding a comment containing \""SPDX-License-Identifier: <SPDX-License>\"" to each source file. Use \""SPDX-License-Identifier: UNLICENSED\"" for non-open-source code. Please see https://spdx.org for more information.)"",exception (json.decoder.JSONDecodeError: Expecting value: line 1 column 1 (char 0))}"
contracts_output/contracts_output/gemini_contracts/gemini_contracts/2308.sol,2308.sol,slither-0.11.3,solidity,2025/09/14,20260225_2030,1772051491.3065782,2.97739577293396,1,{},{},{EXIT_CODE_1},"{""analysis unsuccessful, check output.json"",""error parsing results: file could not be opened successfully:
- method gz: ReadError('empty file')
- method bz2: ReadError('not a bzip2 file')
- method xz: ReadError('not an lzma file')
- method tar: ReadError('empty file')"",""exception (crytic_compile.platform.exceptions.InvalidCompilation: Invalid solc compilation Warning: SPDX license identifier not provided in source file. Before publishing, consider adding a comment containing \""SPDX-License-Identifier: <SPDX-License>\"" to each source file. Use \""SPDX-License-Identifier: UNLICENSED\"" for non-open-source code. Please see https://spdx.org for more information.)"",exception (json.decoder.JSONDecodeError: Expecting value: line 1 column 1 (char 0))}"
contracts_output/contracts_output/gemini_contracts/gemini_contracts/2313.sol,2313.sol,slither-0.11.3,solidity,2025/09/14,20260225_2030,1772051483.127876,3.0600650310516357,1,{},{},{EXIT_CODE_1},"{""analysis unsuccessful, check output.json"",""error parsing results: file could not be opened successfully:
- method gz: ReadError('empty file')
- method bz2: ReadError('not a bzip2 file')
- method xz: ReadError('not an lzma file')
- method tar: ReadError('empty file')"",""exception (crytic_compile.platform.exceptions.InvalidCompilation: Invalid solc compilation Warning: SPDX license identifier not provided in source file. Before publishing, consider adding a comment containing \""SPDX-License-Identifier: <SPDX-License>\"" to each source file. Use \""SPDX-License-Identifier: UNLICENSED\"" for non-open-source code. Please see https://spdx.org for more information.)"",exception (json.decoder.JSONDecodeError: Expecting value: line 1 column 1 (char 0))}"
contracts_output/contracts_output/gemini_contracts/gemini_contracts/232.sol,232.sol,slither-0.11.3,solidity,2025/09/14,20260225_2030,1772051486.1896482,2.9531617164611816,1,{},{},{EXIT_CODE_1},"{""analysis unsuccessful, check output.json"",""error parsing results: file could not be opened successfully:
- method gz: ReadError('empty file')
- method bz2: ReadError('not a bzip2 file')
- method xz: ReadError('not an lzma file')
- method tar: ReadError('empty file')"",""exception (crytic_compile.platform.exceptions.InvalidCompilation: Invalid solc compilation Error: Function, variable, struct or modifier declaration expected.)"",exception (json.decoder.JSONDecodeError: Expecting value: line 1 column 1 (char 0))}"
contracts_output/contracts_output/gemini_contracts/gemini_contracts/2321.sol,2321.sol,slither-0.11.3,solidity,2025/09/14,20260225_2030,1772051425.4080477,2.6355364322662354,1,{},{},{EXIT_CODE_1},"{""analysis unsuccessful, check output.json"",""error parsing results: file could not be opened successfully:
- method gz: ReadError('empty file')
- method bz2: ReadError('not a bzip2 file')
- method xz: ReadError('not an lzma file')
- method tar: ReadError('empty file')"",""exception (crytic_compile.platform.exceptions.InvalidCompilation: Invalid solc compilation Warning: SPDX license identifier not provided in source file. Before publishing, consider adding a comment containing \""SPDX-License-Identifier: <SPDX-License>\"" to each source file. Use \""SPDX-License-Identifier: UNLICENSED\"" for non-open-source code. Please see https://spdx.org for more information.)"",exception (json.decoder.JSONDecodeError: Expecting value: line 1 column 1 (char 0))}"
contracts_output/contracts_output/gemini_contracts/gemini_contracts/2323.sol,2323.sol,slither-0.11.3,solidity,2025/09/14,20260225_2030,1772051547.0618525,2.791046619415283,1,{},{},{EXIT_CODE_1},"{""analysis unsuccessful, check output.json"",""error parsing results: file could not be opened successfully:
- method gz: ReadError('empty file')
- method bz2: ReadError('not a bzip2 file')
- method xz: ReadError('not an lzma file')
- method tar: ReadError('empty file')"",""exception (crytic_compile.platform.exceptions.InvalidCompilation: Invalid solc compilation Warning: SPDX license identifier not provided in source file. Before publishing, consider adding a comment containing \""SPDX-License-Identifier: <SPDX-License>\"" to each source file. Use \""SPDX-License-Identifier: UNLICENSED\"" for non-open-source code. Please see https://spdx.org for more information.)"",exception (json.decoder.JSONDecodeError: Expecting value: line 1 column 1 (char 0))}"
contracts_output/contracts_output/gemini_contracts/gemini_contracts/2354.sol,2354.sol,slither-0.11.3,solidity,2025/09/14,20260225_2030,1772051444.7051396,2.834082841873169,1,{},{},{EXIT_CODE_1},"{""analysis unsuccessful, check output.json"",""error parsing results: file could not be opened successfully:
- method gz: ReadError('empty file')
- method bz2: ReadError('not a bzip2 file')
- method xz: ReadError('not an lzma file')
- method tar: ReadError('empty file')"",""exception (crytic_compile.platform.exceptions.InvalidCompilation: Invalid solc compilation Warning: SPDX license identifier not provided in source file. Before publishing, consider adding a comment containing \""SPDX-License-Identifier: <SPDX-License>\"" to each source file. Use \""SPDX-License-Identifier: UNLICENSED\"" for non-open-source code. Please see https://spdx.org for more information.)"",exception (json.decoder.JSONDecodeError: Expecting value: line 1 column 1 (char 0))}"
contracts_output/contracts_output/gemini_contracts/gemini_contracts/2359.sol,2359.sol,slither-0.11.3,solidity,2025/09/14,20260225_2030,1772051461.684517,3.1245341300964355,1,{},{},{EXIT_CODE_1},"{""analysis unsuccessful, check output.json"",""error parsing results: file could not be opened successfully:
- method gz: ReadError('empty file')
- method bz2: ReadError('not a bzip2 file')
- method xz: ReadError('not an lzma file')
- method tar: ReadError('empty file')"",""exception (crytic_compile.platform.exceptions.InvalidCompilation: Invalid solc compilation Warning: SPDX license identifier not provided in source file. Before publishing, consider adding a comment containing \""SPDX-License-Identifier: <SPDX-License>\"" to each source file. Use \""SPDX-License-Identifier: UNLICENSED\"" for non-open-source code. Please see https://spdx.org for more information.)"",exception (json.decoder.JSONDecodeError: Expecting value: line 1 column 1 (char 0))}"
contracts_output/contracts_output/gemini_contracts/gemini_contracts/2373.sol,2373.sol,slither-0.11.3,solidity,2025/09/14,20260225_2030,1772051442.552992,2.9717252254486084,1,{},{},{EXIT_CODE_1},"{""analysis unsuccessful, check output.json"",""error parsing results: file could not be opened successfully:
- method gz: ReadError('empty file')
- method bz2: ReadError('not a bzip2 file')
- method xz: ReadError('not an lzma file')
- method tar: ReadError('empty file')"",""exception (crytic_compile.platform.exceptions.InvalidCompilation: Invalid solc compilation Error: Function, variable, struct or modifier declaration expected.)"",exception (json.decoder.JSONDecodeError: Expecting value: line 1 column 1 (char 0))}"
contracts_output/contracts_output/gemini_contracts/gemini_contracts/2380.sol,2380.sol,slither-0.11.3,solidity,2025/09/14,20260225_2030,1772051579.6330402,3.521754503250122,1,{},{},{EXIT_CODE_1},"{""analysis unsuccessful, check output.json"",""error parsing results: file could not be opened successfully:
- method gz: ReadError('empty file')
- method bz2: ReadError('not a bzip2 file')
- method xz: ReadError('not an lzma file')
- method tar: ReadError('empty file')"",""exception (crytic_compile.platform.exceptions.InvalidCompilation: Invalid solc compilation Warning: SPDX license identifier not provided in source file. Before publishing, consider adding a comment containing \""SPDX-License-Identifier: <SPDX-License>\"" to each source file. Use \""SPDX-License-Identifier: UNLICENSED\"" for non-open-source code. Please see https://spdx.org for more information.)"",exception (json.decoder.JSONDecodeError: Expecting value: line 1 column 1 (char 0))}"
contracts_output/contracts_output/gemini_contracts/gemini_contracts/239.sol,239.sol,slither-0.11.3,solidity,2025/09/14,20260225_2030,1772051468.8769977,3.2670624256134033,1,{},{},{EXIT_CODE_1},"{""analysis unsuccessful, check output.json"",""error parsing results: file could not be opened successfully:
- method gz: ReadError('empty file')
- method bz2: ReadError('not a bzip2 file')
- method xz: ReadError('not an lzma file')
- method tar: ReadError('empty file')"",""exception (crytic_compile.platform.exceptions.InvalidCompilation: Invalid solc compilation Warning: SPDX license identifier not provided in source file. Before publishing, consider adding a comment containing \""SPDX-License-Identifier: <SPDX-License>\"" to each source file. Use \""SPDX-License-Identifier: UNLICENSED\"" for non-open-source code. Please see https://spdx.org for more information.)"",exception (json.decoder.JSONDecodeError: Expecting value: line 1 column 1 (char 0))}"
contracts_output/contracts_output/gemini_contracts/gemini_contracts/2394.sol,2394.sol,slither-0.11.3,solidity,2025/09/14,20260225_2030,1772051443.9995193,3.061542510986328,1,{},{},{EXIT_CODE_1},"{""analysis unsuccessful, check output.json"",""error parsing results: file could not be opened successfully:
- method gz: ReadError('empty file')
- method bz2: ReadError('not a bzip2 file')
- method xz: ReadError('not an lzma file')
- method tar: ReadError('empty file')"",""exception (crytic_compile.platform.exceptions.InvalidCompilation: Invalid solc compilation Warning: SPDX license identifier not provided in source file. Before publishing, consider adding a comment containing \""SPDX-License-Identifier: <SPDX-License>\"" to each source file. Use \""SPDX-License-Identifier: UNLICENSED\"" for non-open-source code. Please see https://spdx.org for more information.)"",exception (json.decoder.JSONDecodeError: Expecting value: line 1 column 1 (char 0))}"
contracts_output/contracts_output/gemini_contracts/gemini_contracts/2396.sol,2396.sol,slither-0.11.3,solidity,2025/09/14,20260225_2030,1772051441.2363403,3.0667972564697266,1,{},{},{EXIT_CODE_1},"{""analysis unsuccessful, check output.json"",""error parsing results: file could not be opened successfully:
- method gz: ReadError('empty file')
- method bz2: ReadError('not a bzip2 file')
- method xz: ReadError('not an lzma file')
- method tar: ReadError('empty file')"",""exception (crytic_compile.platform.exceptions.InvalidCompilation: Invalid solc compilation Warning: SPDX license identifier not provided in source file. Before publishing, consider adding a comment containing \""SPDX-License-Identifier: <SPDX-License>\"" to each source file. Use \""SPDX-License-Identifier: UNLICENSED\"" for non-open-source code. Please see https://spdx.org for more information.)"",exception (json.decoder.JSONDecodeError: Expecting value: line 1 column 1 (char 0))}"
contracts_output/contracts_output/gemini_contracts/gemini_contracts/240.sol,240.sol,slither-0.11.3,solidity,2025/09/14,20260225_2030,1772051560.816479,3.0263280868530273,1,{},{},{EXIT_CODE_1},"{""analysis unsuccessful, check output.json"",""error parsing results: file could not be opened successfully:
- method gz: ReadError('empty file')
- method bz2: ReadError('not a bzip2 file')
- method xz: ReadError('not an lzma file')
- method tar: ReadError('empty file')"",""exception (crytic_compile.platform.exceptions.InvalidCompilation: Invalid solc compilation Warning: SPDX license identifier not provided in source file. Before publishing, consider adding a comment containing \""SPDX-License-Identifier: <SPDX-License>\"" to each source file. Use \""SPDX-License-Identifier: UNLICENSED\"" for non-open-source code. Please see https://spdx.org for more information.)"",exception (json.decoder.JSONDecodeError: Expecting value: line 1 column 1 (char 0))}"
contracts_output/contracts_output/gemini_contracts/gemini_contracts/2419.sol,2419.sol,slither-0.11.3,solidity,2025/09/14,20260225_2030,1772051521.4424858,3.3865082263946533,1,{},{},{EXIT_CODE_1},"{""analysis unsuccessful, check output.json"",""error parsing results: file could not be opened successfully:
- method gz: ReadError('empty file')
- method bz2: ReadError('not a bzip2 file')
- method xz: ReadError('not an lzma file')
- method tar: ReadError('empty file')"",""exception (crytic_compile.platform.exceptions.InvalidCompilation: Invalid solc compilation Warning: SPDX license identifier not provided in source file. Before publishing, consider adding a comment containing \""SPDX-License-Identifier: <SPDX-License>\"" to each source file. Use \""SPDX-License-Identifier: UNLICENSED\"" for non-open-source code. Please see https://spdx.org for more information.)"",exception (json.decoder.JSONDecodeError: Expecting value: line 1 column 1 (char 0))}"
contracts_output/contracts_output/gemini_contracts/gemini_contracts/242.sol,242.sol,slither-0.11.3,solidity,2025/09/14,20260225_2030,1772051474.2598944,3.0984997749328613,1,{},{},{EXIT_CODE_1},"{""analysis unsuccessful, check output.json"",""error parsing results: file could not be opened successfully:
- method gz: ReadError('empty file')
- method bz2: ReadError('not a bzip2 file')
- method xz: ReadError('not an lzma file')
- method tar: ReadError('empty file')"",""exception (crytic_compile.platform.exceptions.InvalidCompilation: Invalid solc compilation Warning: SPDX license identifier not provided in source file. Before publishing, consider adding a comment containing \""SPDX-License-Identifier: <SPDX-License>\"" to each source file. Use \""SPDX-License-Identifier: UNLICENSED\"" for non-open-source code. Please see https://spdx.org for more information.)"",exception (json.decoder.JSONDecodeError: Expecting value: line 1 column 1 (char 0))}"
contracts_output/contracts_output/gemini_contracts/gemini_contracts/2424.sol,2424.sol,slither-0.11.3,solidity,2025/09/14,20260225_2030,1772051566.266419,2.994112491607666,1,{},{},{EXIT_CODE_1},"{""analysis unsuccessful, check output.json"",""error parsing results: file could not be opened successfully:
- method gz: ReadError('empty file')
- method bz2: ReadError('not a bzip2 file')
- method xz: ReadError('not an lzma file')
- method tar: ReadError('empty file')"",""exception (crytic_compile.platform.exceptions.InvalidCompilation: Invalid solc compilation Warning: SPDX license identifier not provided in source file. Before publishing, consider adding a comment containing \""SPDX-License-Identifier: <SPDX-License>\"" to each source file. Use \""SPDX-License-Identifier: UNLICENSED\"" for non-open-source code. Please see https://spdx.org for more information.)"",exception (json.decoder.JSONDecodeError: Expecting value: line 1 column 1 (char 0))}"
contracts_output/contracts_output/gemini_contracts/gemini_contracts/243.sol,243.sol,slither-0.11.3,solidity,2025/09/14,20260225_2030,1772051548.2685559,3.1608567237854004,1,{},{},{EXIT_CODE_1},"{""analysis unsuccessful, check output.json"",""error parsing results: file could not be opened successfully:
- method gz: ReadError('empty file')
- method bz2: ReadError('not a bzip2 file')
- method xz: ReadError('not an lzma file')
- method tar: ReadError('empty file')"",""exception (crytic_compile.platform.exceptions.InvalidCompilation: Invalid solc compilation Warning: SPDX license identifier not provided in source file. Before publishing, consider adding a comment containing \""SPDX-License-Identifier: <SPDX-License>\"" to each source file. Use \""SPDX-License-Identifier: UNLICENSED\"" for non-open-source code. Please see https://spdx.org for more information.)"",exception (json.decoder.JSONDecodeError: Expecting value: line 1 column 1 (char 0))}"
contracts_output/contracts_output/gemini_contracts/gemini_contracts/2431.sol,2431.sol,slither-0.11.3,solidity,2025/09/14,20260225_2030,1772051502.3957465,3.0568604469299316,1,{},{},{EXIT_CODE_1},"{""analysis unsuccessful, check output.json"",""error parsing results: file could not be opened successfully:
- method gz: ReadError('empty file')
- method bz2: ReadError('not a bzip2 file')
- method xz: ReadError('not an lzma file')
- method tar: ReadError('empty file')"",""exception (crytic_compile.platform.exceptions.InvalidCompilation: Invalid solc compilation Warning: SPDX license identifier not provided in source file. Before publishing, consider adding a comment containing \""SPDX-License-Identifier: <SPDX-License>\"" to each source file. Use \""SPDX-License-Identifier: UNLICENSED\"" for non-open-source code. Please see https://spdx.org for more information.)"",exception (json.decoder.JSONDecodeError: Expecting value: line 1 column 1 (char 0))}"
contracts_output/contracts_output/gemini_contracts/gemini_contracts/2433.sol,2433.sol,slither-0.11.3,solidity,2025/09/14,20260225_2030,1772051522.9197116,3.139178991317749,1,{},{},{EXIT_CODE_1},"{""analysis unsuccessful, check output.json"",""error parsing results: file could not be opened successfully:
- method gz: ReadError('empty file')
- method bz2: ReadError('not a bzip2 file')
- method xz: ReadError('not an lzma file')
- method tar: ReadError('empty file')"",""exception (crytic_compile.platform.exceptions.InvalidCompilation: Invalid solc compilation Warning: SPDX license identifier not provided in source file. Before publishing, consider adding a comment containing \""SPDX-License-Identifier: <SPDX-License>\"" to each source file. Use \""SPDX-License-Identifier: UNLICENSED\"" for non-open-source code. Please see https://spdx.org for more information.)"",exception (json.decoder.JSONDecodeError: Expecting value: line 1 column 1 (char 0))}"
contracts_output/contracts_output/gemini_contracts/gemini_contracts/2436.sol,2436.sol,slither-0.11.3,solidity,2025/09/14,20260225_2030,1772051433.8804197,3.5021278858184814,1,{},{},{EXIT_CODE_1},"{""analysis unsuccessful, check output.json"",""error parsing results: file could not be opened successfully:
- method gz: ReadError('empty file')
- method bz2: ReadError('not a bzip2 file')
- method xz: ReadError('not an lzma file')
- method tar: ReadError('empty file')"",""exception (crytic_compile.platform.exceptions.InvalidCompilation: Invalid solc compilation Error: Function, variable, struct or modifier declaration expected.)"",exception (json.decoder.JSONDecodeError: Expecting value: line 1 column 1 (char 0))}"
contracts_output/contracts_output/gemini_contracts/gemini_contracts/2439.sol,2439.sol,slither-0.11.3,solidity,2025/09/14,20260225_2030,1772051531.6245968,2.9306020736694336,1,{},{},{EXIT_CODE_1},"{""analysis unsuccessful, check output.json"",""error parsing results: file could not be opened successfully:
- method gz: ReadError('empty file')
- method bz2: ReadError('not a bzip2 file')
- method xz: ReadError('not an lzma file')
- method tar: ReadError('empty file')"",""exception (crytic_compile.platform.exceptions.InvalidCompilation: Invalid solc compilation Warning: SPDX license identifier not provided in source file. Before publishing, consider adding a comment containing \""SPDX-License-Identifier: <SPDX-License>\"" to each source file. Use \""SPDX-License-Identifier: UNLICENSED\"" for non-open-source code. Please see https://spdx.org for more information.)"",exception (json.decoder.JSONDecodeError: Expecting value: line 1 column 1 (char 0))}"
contracts_output/contracts_output/gemini_contracts/gemini_contracts/2463.sol,2463.sol,slither-0.11.3,solidity,2025/09/14,20260225_2030,1772051544.241196,3.0228073596954346,1,{},{},{EXIT_CODE_1},"{""analysis unsuccessful, check output.json"",""error parsing results: file could not be opened successfully:
- method gz: ReadError('empty file')
- method bz2: ReadError('not a bzip2 file')
- method xz: ReadError('not an lzma file')
- method tar: ReadError('empty file')"",exception (crytic_compile.platform.exceptions.InvalidCompilation: Invalid solc compilation Error: Hexadecimal digit missing or invalid.),exception (json.decoder.JSONDecodeError: Expecting value: line 1 column 1 (char 0))}"
contracts_output/contracts_output/gemini_contracts/gemini_contracts/2468.sol,2468.sol,slither-0.11.3,solidity,2025/09/14,20260225_2030,1772051442.4150207,2.991955041885376,1,{},{},{EXIT_CODE_1},"{""analysis unsuccessful, check output.json"",""error parsing results: file could not be opened successfully:
- method gz: ReadError('empty file')
- method bz2: ReadError('not a bzip2 file')
- method xz: ReadError('not an lzma file')
- method tar: ReadError('empty file')"",""exception (crytic_compile.platform.exceptions.InvalidCompilation: Invalid solc compilation Warning: SPDX license identifier not provided in source file. Before publishing, consider adding a comment containing \""SPDX-License-Identifier: <SPDX-License>\"" to each source file. Use \""SPDX-License-Identifier: UNLICENSED\"" for non-open-source code. Please see https://spdx.org for more information.)"",exception (json.decoder.JSONDecodeError: Expecting value: line 1 column 1 (char 0))}"
contracts_output/contracts_output/gemini_contracts/gemini_contracts/2473.sol,2473.sol,slither-0.11.3,solidity,2025/09/14,20260225_2030,1772051575.9292653,2.875910520553589,1,{},{},{EXIT_CODE_1},"{""analysis unsuccessful, check output.json"",""error parsing results: file could not be opened successfully:
- method gz: ReadError('empty file')
- method bz2: ReadError('not a bzip2 file')
- method xz: ReadError('not an lzma file')
- method tar: ReadError('empty file')"",""exception (crytic_compile.platform.exceptions.InvalidCompilation: Invalid solc compilation Warning: SPDX license identifier not provided in source file. Before publishing, consider adding a comment containing \""SPDX-License-Identifier: <SPDX-License>\"" to each source file. Use \""SPDX-License-Identifier: UNLICENSED\"" for non-open-source code. Please see https://spdx.org for more information.)"",exception (json.decoder.JSONDecodeError: Expecting value: line 1 column 1 (char 0))}"
contracts_output/contracts_output/gemini_contracts/gemini_contracts/2476.sol,2476.sol,slither-0.11.3,solidity,2025/09/14,20260225_2030,1772051533.791422,2.8852922916412354,1,{},{},{EXIT_CODE_1},"{""analysis unsuccessful, check output.json"",""error parsing results: file could not be opened successfully:
- method gz: ReadError('empty file')
- method bz2: ReadError('not a bzip2 file')
- method xz: ReadError('not an lzma file')
- method tar: ReadError('empty file')"",""exception (crytic_compile.platform.exceptions.InvalidCompilation: Invalid solc compilation Warning: SPDX license identifier not provided in source file. Before publishing, consider adding a comment containing \""SPDX-License-Identifier: <SPDX-License>\"" to each source file. Use \""SPDX-License-Identifier: UNLICENSED\"" for non-open-source code. Please see https://spdx.org for more information.)"",exception (json.decoder.JSONDecodeError: Expecting value: line 1 column 1 (char 0))}"
contracts_output/contracts_output/gemini_contracts/gemini_contracts/2481.sol,2481.sol,slither-0.11.3,solidity,2025/09/14,20260225_2030,1772051525.5247245,3.2635903358459473,1,{},{},{EXIT_CODE_1},"{""analysis unsuccessful, check output.json"",""error parsing results: file could not be opened successfully:
- method gz: ReadError('empty file')
- method bz2: ReadError('not a bzip2 file')
- method xz: ReadError('not an lzma file')
- method tar: ReadError('empty file')"",""exception (crytic_compile.platform.exceptions.InvalidCompilation: Invalid solc compilation Warning: SPDX license identifier not provided in source file. Before publishing, consider adding a comment containing \""SPDX-License-Identifier: <SPDX-License>\"" to each source file. Use \""SPDX-License-Identifier: UNLICENSED\"" for non-open-source code. Please see https://spdx.org for more information.)"",exception (json.decoder.JSONDecodeError: Expecting value: line 1 column 1 (char 0))}"
contracts_output/contracts_output/gemini_contracts/gemini_contracts/2485.sol,2485.sol,slither-0.11.3,solidity,2025/09/14,20260225_2030,1772051516.6773279,3.135490894317627,1,{},{},{EXIT_CODE_1},"{""analysis unsuccessful, check output.json"",""error parsing results: file could not be opened successfully:
- method gz: ReadError('empty file')
- method bz2: ReadError('not a bzip2 file')
- method xz: ReadError('not an lzma file')
- method tar: ReadError('empty file')"",""exception (crytic_compile.platform.exceptions.InvalidCompilation: Invalid solc compilation Warning: SPDX license identifier not provided in source file. Before publishing, consider adding a comment containing \""SPDX-License-Identifier: <SPDX-License>\"" to each source file. Use \""SPDX-License-Identifier: UNLICENSED\"" for non-open-source code. Please see https://spdx.org for more information.)"",exception (json.decoder.JSONDecodeError: Expecting value: line 1 column 1 (char 0))}"
contracts_output/contracts_output/gemini_contracts/gemini_contracts/2491.sol,2491.sol,slither-0.11.3,solidity,2025/09/14,20260225_2030,1772051415.1564825,2.1488747596740723,1,{},{},{EXIT_CODE_1},"{""analysis unsuccessful, check output.json"",""error parsing results: file could not be opened successfully:
- method gz: ReadError('empty file')
- method bz2: ReadError('not a bzip2 file')
- method xz: ReadError('not an lzma file')
- method tar: ReadError('empty file')"",""exception (crytic_compile.platform.exceptions.InvalidCompilation: Invalid solc compilation Warning: SPDX license identifier not provided in source file. Before publishing, consider adding a comment containing \""SPDX-License-Identifier: <SPDX-License>\"" to each source file. Use \""SPDX-License-Identifier: UNLICENSED\"" for non-open-source code. Please see https://spdx.org for more information.)"",exception (json.decoder.JSONDecodeError: Expecting value: line 1 column 1 (char 0))}"
contracts_output/contracts_output/gemini_contracts/gemini_contracts/250.sol,250.sol,slither-0.11.3,solidity,2025/09/14,20260225_2030,1772051579.408097,3.5718789100646973,1,{},{},{EXIT_CODE_1},"{""analysis unsuccessful, check output.json"",""error parsing results: file could not be opened successfully:
- method gz: ReadError('empty file')
- method bz2: ReadError('not a bzip2 file')
- method xz: ReadError('not an lzma file')
- method tar: ReadError('empty file')"",""exception (crytic_compile.platform.exceptions.InvalidCompilation: Invalid solc compilation Warning: SPDX license identifier not provided in source file. Before publishing, consider adding a comment containing \""SPDX-License-Identifier: <SPDX-License>\"" to each source file. Use \""SPDX-License-Identifier: UNLICENSED\"" for non-open-source code. Please see https://spdx.org for more information.)"",exception (json.decoder.JSONDecodeError: Expecting value: line 1 column 1 (char 0))}"
contracts_output/contracts_output/gemini_contracts/gemini_contracts/2515.sol,2515.sol,slither-0.11.3,solidity,2025/09/14,20260225_2030,1772051479.8255146,2.637727975845337,1,{},{},{EXIT_CODE_1},"{""analysis unsuccessful, check output.json"",""error parsing results: file could not be opened successfully:
- method gz: ReadError('empty file')
- method bz2: ReadError('not a bzip2 file')
- method xz: ReadError('not an lzma file')
- method tar: ReadError('empty file')"",exception (crytic_compile.platform.exceptions.InvalidCompilation: Invalid solc compilation Error: Expected primary expression.),exception (json.decoder.JSONDecodeError: Expecting value: line 1 column 1 (char 0))}"
contracts_output/contracts_output/gemini_contracts/gemini_contracts/2521.sol,2521.sol,slither-0.11.3,solidity,2025/09/14,20260225_2030,1772051429.232763,2.788444757461548,1,{},{},{EXIT_CODE_1},"{""analysis unsuccessful, check output.json"",""error parsing results: file could not be opened successfully:
- method gz: ReadError('empty file')
- method bz2: ReadError('not a bzip2 file')
- method xz: ReadError('not an lzma file')
- method tar: ReadError('empty file')"",""exception (crytic_compile.platform.exceptions.InvalidCompilation: Invalid solc compilation Warning: SPDX license identifier not provided in source file. Before publishing, consider adding a comment containing \""SPDX-License-Identifier: <SPDX-License>\"" to each source file. Use \""SPDX-License-Identifier: UNLICENSED\"" for non-open-source code. Please see https://spdx.org for more information.)"",exception (json.decoder.JSONDecodeError: Expecting value: line 1 column 1 (char 0))}"
contracts_output/contracts_output/gemini_contracts/gemini_contracts/2524.sol,2524.sol,slither-0.11.3,solidity,2025/09/14,20260225_2030,1772051472.1449134,3.0909078121185303,1,{},{},{EXIT_CODE_1},"{""analysis unsuccessful, check output.json"",""error parsing results: file could not be opened successfully:
- method gz: ReadError('empty file')
- method bz2: ReadError('not a bzip2 file')
- method xz: ReadError('not an lzma file')
- method tar: ReadError('empty file')"",""exception (crytic_compile.platform.exceptions.InvalidCompilation: Invalid solc compilation Warning: SPDX license identifier not provided in source file. Before publishing, consider adding a comment containing \""SPDX-License-Identifier: <SPDX-License>\"" to each source file. Use \""SPDX-License-Identifier: UNLICENSED\"" for non-open-source code. Please see https://spdx.org for more information.)"",exception (json.decoder.JSONDecodeError: Expecting value: line 1 column 1 (char 0))}"
contracts_output/contracts_output/gemini_contracts/gemini_contracts/2532.sol,2532.sol,slither-0.11.3,solidity,2025/09/14,20260225_2030,1772051576.5853882,2.821809768676758,1,{},{},{EXIT_CODE_1},"{""analysis unsuccessful, check output.json"",""error parsing results: file could not be opened successfully:
- method gz: ReadError('empty file')
- method bz2: ReadError('not a bzip2 file')
- method xz: ReadError('not an lzma file')
- method tar: ReadError('empty file')"",""exception (crytic_compile.platform.exceptions.InvalidCompilation: Invalid solc compilation Warning: SPDX license identifier not provided in source file. Before publishing, consider adding a comment containing \""SPDX-License-Identifier: <SPDX-License>\"" to each source file. Use \""SPDX-License-Identifier: UNLICENSED\"" for non-open-source code. Please see https://spdx.org for more information.)"",exception (json.decoder.JSONDecodeError: Expecting value: line 1 column 1 (char 0))}"
contracts_output/contracts_output/gemini_contracts/gemini_contracts/2533.sol,2533.sol,slither-0.11.3,solidity,2025/09/14,20260225_2030,1772051554.2874496,2.5680012702941895,1,{},{},{EXIT_CODE_1},"{""analysis unsuccessful, check output.json"",""error parsing results: file could not be opened successfully:
- method gz: ReadError('empty file')
- method bz2: ReadError('not a bzip2 file')
- method xz: ReadError('not an lzma file')
- method tar: ReadError('empty file')"",""exception (crytic_compile.platform.exceptions.InvalidCompilation: Invalid solc compilation Warning: SPDX license identifier not provided in source file. Before publishing, consider adding a comment containing \""SPDX-License-Identifier: <SPDX-License>\"" to each source file. Use \""SPDX-License-Identifier: UNLICENSED\"" for non-open-source code. Please see https://spdx.org for more information.)"",exception (json.decoder.JSONDecodeError: Expecting value: line 1 column 1 (char 0))}"
contracts_output/contracts_output/gemini_contracts/gemini_contracts/2566.sol,2566.sol,slither-0.11.3,solidity,2025/09/14,20260225_2030,1772051544.8222046,2.9177262783050537,1,{},{},{EXIT_CODE_1},"{""analysis unsuccessful, check output.json"",""error parsing results: file could not be opened successfully:
- method gz: ReadError('empty file')
- method bz2: ReadError('not a bzip2 file')
- method xz: ReadError('not an lzma file')
- method tar: ReadError('empty file')"",""exception (crytic_compile.platform.exceptions.InvalidCompilation: Invalid solc compilation Warning: SPDX license identifier not provided in source file. Before publishing, consider adding a comment containing \""SPDX-License-Identifier: <SPDX-License>\"" to each source file. Use \""SPDX-License-Identifier: UNLICENSED\"" for non-open-source code. Please see https://spdx.org for more information.)"",exception (json.decoder.JSONDecodeError: Expecting value: line 1 column 1 (char 0))}"
contracts_output/contracts_output/gemini_contracts/gemini_contracts/2581.sol,2581.sol,slither-0.11.3,solidity,2025/09/14,20260225_2030,1772051439.6156232,2.9946155548095703,1,{},{},{EXIT_CODE_1},"{""analysis unsuccessful, check output.json"",""error parsing results: file could not be opened successfully:
- method gz: ReadError('empty file')
- method bz2: ReadError('not a bzip2 file')
- method xz: ReadError('not an lzma file')
- method tar: ReadError('empty file')"",""exception (crytic_compile.platform.exceptions.InvalidCompilation: Invalid solc compilation Warning: SPDX license identifier not provided in source file. Before publishing, consider adding a comment containing \""SPDX-License-Identifier: <SPDX-License>\"" to each source file. Use \""SPDX-License-Identifier: UNLICENSED\"" for non-open-source code. Please see https://spdx.org for more information.)"",exception (json.decoder.JSONDecodeError: Expecting value: line 1 column 1 (char 0))}"
contracts_output/contracts_output/gemini_contracts/gemini_contracts/2600.sol,2600.sol,slither-0.11.3,solidity,2025/09/14,20260225_2030,1772051528.6965475,3.060856342315674,1,{},{},{EXIT_CODE_1},"{""analysis unsuccessful, check output.json"",""error parsing results: file could not be opened successfully:
- method gz: ReadError('empty file')
- method bz2: ReadError('not a bzip2 file')
- method xz: ReadError('not an lzma file')
- method tar: ReadError('empty file')"",""exception (crytic_compile.platform.exceptions.InvalidCompilation: Invalid solc compilation Warning: SPDX license identifier not provided in source file. Before publishing, consider adding a comment containing \""SPDX-License-Identifier: <SPDX-License>\"" to each source file. Use \""SPDX-License-Identifier: UNLICENSED\"" for non-open-source code. Please see https://spdx.org for more information.)"",exception (json.decoder.JSONDecodeError: Expecting value: line 1 column 1 (char 0))}"
contracts_output/contracts_output/gemini_contracts/gemini_contracts/2602.sol,2602.sol,slither-0.11.3,solidity,2025/09/14,20260225_2030,1772051581.8660073,2.976508378982544,1,{},{},{EXIT_CODE_1},"{""analysis unsuccessful, check output.json"",""error parsing results: file could not be opened successfully:
- method gz: ReadError('empty file')
- method bz2: ReadError('not a bzip2 file')
- method xz: ReadError('not an lzma file')
- method tar: ReadError('empty file')"",""exception (crytic_compile.platform.exceptions.InvalidCompilation: Invalid solc compilation Warning: SPDX license identifier not provided in source file. Before publishing, consider adding a comment containing \""SPDX-License-Identifier: <SPDX-License>\"" to each source file. Use \""SPDX-License-Identifier: UNLICENSED\"" for non-open-source code. Please see https://spdx.org for more information.)"",exception (json.decoder.JSONDecodeError: Expecting value: line 1 column 1 (char 0))}"
contracts_output/contracts_output/gemini_contracts/gemini_contracts/2614.sol,2614.sol,slither-0.11.3,solidity,2025/09/14,20260225_2030,1772051444.3780475,3.018672227859497,1,{},{},{EXIT_CODE_1},"{""analysis unsuccessful, check output.json"",""error parsing results: file could not be opened successfully:
- method gz: ReadError('empty file')
- method bz2: ReadError('not a bzip2 file')
- method xz: ReadError('not an lzma file')
- method tar: ReadError('empty file')"",""exception (crytic_compile.platform.exceptions.InvalidCompilation: Invalid solc compilation Warning: SPDX license identifier not provided in source file. Before publishing, consider adding a comment containing \""SPDX-License-Identifier: <SPDX-License>\"" to each source file. Use \""SPDX-License-Identifier: UNLICENSED\"" for non-open-source code. Please see https://spdx.org for more information.)"",exception (json.decoder.JSONDecodeError: Expecting value: line 1 column 1 (char 0))}"
contracts_output/contracts_output/gemini_contracts/gemini_contracts/2617.sol,2617.sol,slither-0.11.3,solidity,2025/09/14,20260225_2030,1772051443.3025022,3.133471727371216,1,{},{},{EXIT_CODE_1},"{""analysis unsuccessful, check output.json"",""error parsing results: file could not be opened successfully:
- method gz: ReadError('empty file')
- method bz2: ReadError('not a bzip2 file')
- method xz: ReadError('not an lzma file')
- method tar: ReadError('empty file')"",""exception (crytic_compile.platform.exceptions.InvalidCompilation: Invalid solc compilation Warning: SPDX license identifier not provided in source file. Before publishing, consider adding a comment containing \""SPDX-License-Identifier: <SPDX-License>\"" to each source file. Use \""SPDX-License-Identifier: UNLICENSED\"" for non-open-source code. Please see https://spdx.org for more information.)"",exception (json.decoder.JSONDecodeError: Expecting value: line 1 column 1 (char 0))}"
contracts_output/contracts_output/gemini_contracts/gemini_contracts/2621.sol,2621.sol,slither-0.11.3,solidity,2025/09/14,20260225_2030,1772051416.7408273,2.8636534214019775,1,{},{},{EXIT_CODE_1},"{""analysis unsuccessful, check output.json"",""error parsing results: file could not be opened successfully:
- method gz: ReadError('empty file')
- method bz2: ReadError('not a bzip2 file')
- method xz: ReadError('not an lzma file')
- method tar: ReadError('empty file')"",""exception (crytic_compile.platform.exceptions.InvalidCompilation: Invalid solc compilation Warning: SPDX license identifier not provided in source file. Before publishing, consider adding a comment containing \""SPDX-License-Identifier: <SPDX-License>\"" to each source file. Use \""SPDX-License-Identifier: UNLICENSED\"" for non-open-source code. Please see https://spdx.org for more information.)"",exception (json.decoder.JSONDecodeError: Expecting value: line 1 column 1 (char 0))}"
contracts_output/contracts_output/gemini_contracts/gemini_contracts/2632.sol,2632.sol,slither-0.11.3,solidity,2025/09/14,20260225_2030,1772051568.3290136,2.9180257320404053,1,{},{},{EXIT_CODE_1},"{""analysis unsuccessful, check output.json"",""error parsing results: file could not be opened successfully:
- method gz: ReadError('empty file')
- method bz2: ReadError('not a bzip2 file')
- method xz: ReadError('not an lzma file')
- method tar: ReadError('empty file')"",""exception (crytic_compile.platform.exceptions.InvalidCompilation: Invalid solc compilation Warning: SPDX license identifier not provided in source file. Before publishing, consider adding a comment containing \""SPDX-License-Identifier: <SPDX-License>\"" to each source file. Use \""SPDX-License-Identifier: UNLICENSED\"" for non-open-source code. Please see https://spdx.org for more information.)"",exception (json.decoder.JSONDecodeError: Expecting value: line 1 column 1 (char 0))}"
contracts_output/contracts_output/gemini_contracts/gemini_contracts/2639.sol,2639.sol,slither-0.11.3,solidity,2025/09/14,20260225_2030,1772051447.879207,2.9258220195770264,1,{},{},{EXIT_CODE_1},"{""analysis unsuccessful, check output.json"",""error parsing results: file could not be opened successfully:
- method gz: ReadError('empty file')
- method bz2: ReadError('not a bzip2 file')
- method xz: ReadError('not an lzma file')
- method tar: ReadError('empty file')"",""exception (crytic_compile.platform.exceptions.InvalidCompilation: Invalid solc compilation Warning: SPDX license identifier not provided in source file. Before publishing, consider adding a comment containing \""SPDX-License-Identifier: <SPDX-License>\"" to each source file. Use \""SPDX-License-Identifier: UNLICENSED\"" for non-open-source code. Please see https://spdx.org for more information.)"",exception (json.decoder.JSONDecodeError: Expecting value: line 1 column 1 (char 0))}"
contracts_output/contracts_output/gemini_contracts/gemini_contracts/267.sol,267.sol,slither-0.11.3,solidity,2025/09/14,20260225_2030,1772051579.2897537,3.3260581493377686,1,{},{},{EXIT_CODE_1},"{""analysis unsuccessful, check output.json"",""error parsing results: file could not be opened successfully:
- method gz: ReadError('empty file')
- method bz2: ReadError('not a bzip2 file')
- method xz: ReadError('not an lzma file')
- method tar: ReadError('empty file')"",""exception (crytic_compile.platform.exceptions.InvalidCompilation: Invalid solc compilation Warning: SPDX license identifier not provided in source file. Before publishing, consider adding a comment containing \""SPDX-License-Identifier: <SPDX-License>\"" to each source file. Use \""SPDX-License-Identifier: UNLICENSED\"" for non-open-source code. Please see https://spdx.org for more information.)"",exception (json.decoder.JSONDecodeError: Expecting value: line 1 column 1 (char 0))}"
contracts_output/contracts_output/gemini_contracts/gemini_contracts/2680.sol,2680.sol,slither-0.11.3,solidity,2025/09/14,20260225_2030,1772051582.9034395,3.352844715118408,1,{},{},{EXIT_CODE_1},"{""analysis unsuccessful, check output.json"",""error parsing results: file could not be opened successfully:
- method gz: ReadError('empty file')
- method bz2: ReadError('not a bzip2 file')
- method xz: ReadError('not an lzma file')
- method tar: ReadError('empty file')"",""exception (crytic_compile.platform.exceptions.InvalidCompilation: Invalid solc compilation Error: Function, variable, struct or modifier declaration expected.)"",exception (json.decoder.JSONDecodeError: Expecting value: line 1 column 1 (char 0))}"
contracts_output/contracts_output/gemini_contracts/gemini_contracts/2712.sol,2712.sol,slither-0.11.3,solidity,2025/09/14,20260225_2030,1772051493.8667526,2.969102621078491,1,{},{},{EXIT_CODE_1},"{""analysis unsuccessful, check output.json"",""error parsing results: file could not be opened successfully:
- method gz: ReadError('empty file')
- method bz2: ReadError('not a bzip2 file')
- method xz: ReadError('not an lzma file')
- method tar: ReadError('empty file')"",""exception (crytic_compile.platform.exceptions.InvalidCompilation: Invalid solc compilation Warning: SPDX license identifier not provided in source file. Before publishing, consider adding a comment containing \""SPDX-License-Identifier: <SPDX-License>\"" to each source file. Use \""SPDX-License-Identifier: UNLICENSED\"" for non-open-source code. Please see https://spdx.org for more information.)"",exception (json.decoder.JSONDecodeError: Expecting value: line 1 column 1 (char 0))}"
contracts_output/contracts_output/gemini_contracts/gemini_contracts/2733.sol,2733.sol,slither-0.11.3,solidity,2025/09/14,20260225_2030,1772051550.4193792,3.6418139934539795,1,{},{},{EXIT_CODE_1},"{""analysis unsuccessful, check output.json"",""error parsing results: file could not be opened successfully:
- method gz: ReadError('empty file')
- method bz2: ReadError('not a bzip2 file')
- method xz: ReadError('not an lzma file')
- method tar: ReadError('empty file')"",""exception (crytic_compile.platform.exceptions.InvalidCompilation: Invalid solc compilation Warning: SPDX license identifier not provided in source file. Before publishing, consider adding a comment containing \""SPDX-License-Identifier: <SPDX-License>\"" to each source file. Use \""SPDX-License-Identifier: UNLICENSED\"" for non-open-source code. Please see https://spdx.org for more information.)"",exception (json.decoder.JSONDecodeError: Expecting value: line 1 column 1 (char 0))}"
contracts_output/contracts_output/gemini_contracts/gemini_contracts/2749.sol,2749.sol,slither-0.11.3,solidity,2025/09/14,20260225_2030,1772051468.062274,2.9615352153778076,1,{},{},{EXIT_CODE_1},"{""analysis unsuccessful, check output.json"",""error parsing results: file could not be opened successfully:
- method gz: ReadError('empty file')
- method bz2: ReadError('not a bzip2 file')
- method xz: ReadError('not an lzma file')
- method tar: ReadError('empty file')"",exception (crytic_compile.platform.exceptions.InvalidCompilation: Invalid solc compilation Error: Expected primary expression.),exception (json.decoder.JSONDecodeError: Expecting value: line 1 column 1 (char 0))}"
contracts_output/contracts_output/gemini_contracts/gemini_contracts/2752.sol,2752.sol,slither-0.11.3,solidity,2025/09/14,20260225_2030,1772051478.1040337,2.8292014598846436,1,{},{},{EXIT_CODE_1},"{""analysis unsuccessful, check output.json"",""error parsing results: file could not be opened successfully:
- method gz: ReadError('empty file')
- method bz2: ReadError('not a bzip2 file')
- method xz: ReadError('not an lzma file')
- method tar: ReadError('empty file')"",""exception (crytic_compile.platform.exceptions.InvalidCompilation: Invalid solc compilation Warning: SPDX license identifier not provided in source file. Before publishing, consider adding a comment containing \""SPDX-License-Identifier: <SPDX-License>\"" to each source file. Use \""SPDX-License-Identifier: UNLICENSED\"" for non-open-source code. Please see https://spdx.org for more information.)"",exception (json.decoder.JSONDecodeError: Expecting value: line 1 column 1 (char 0))}"
contracts_output/contracts_output/gemini_contracts/gemini_contracts/277.sol,277.sol,slither-0.11.3,solidity,2025/09/14,20260225_2030,1772051560.6094716,2.8884637355804443,1,{},{},{EXIT_CODE_1},"{""analysis unsuccessful, check output.json"",""error parsing results: file could not be opened successfully:
- method gz: ReadError('empty file')
- method bz2: ReadError('not a bzip2 file')
- method xz: ReadError('not an lzma file')
- method tar: ReadError('empty file')"",exception (crytic_compile.platform.exceptions.InvalidCompilation: Invalid solc compilation Error: Expected primary expression.),exception (json.decoder.JSONDecodeError: Expecting value: line 1 column 1 (char 0))}"
contracts_output/contracts_output/gemini_contracts/gemini_contracts/2777.sol,2777.sol,slither-0.11.3,solidity,2025/09/14,20260225_2030,1772051573.9533582,2.8068130016326904,1,{},{},{EXIT_CODE_1},"{""analysis unsuccessful, check output.json"",""error parsing results: file could not be opened successfully:
- method gz: ReadError('empty file')
- method bz2: ReadError('not a bzip2 file')
- method xz: ReadError('not an lzma file')
- method tar: ReadError('empty file')"",""exception (crytic_compile.platform.exceptions.InvalidCompilation: Invalid solc compilation Warning: SPDX license identifier not provided in source file. Before publishing, consider adding a comment containing \""SPDX-License-Identifier: <SPDX-License>\"" to each source file. Use \""SPDX-License-Identifier: UNLICENSED\"" for non-open-source code. Please see https://spdx.org for more information.)"",exception (json.decoder.JSONDecodeError: Expecting value: line 1 column 1 (char 0))}"
contracts_output/contracts_output/gemini_contracts/gemini_contracts/281.sol,281.sol,slither-0.11.3,solidity,2025/09/14,20260225_2030,1772051551.430884,3.0949745178222656,1,{},{},{EXIT_CODE_1},"{""analysis unsuccessful, check output.json"",""error parsing results: file could not be opened successfully:
- method gz: ReadError('empty file')
- method bz2: ReadError('not a bzip2 file')
- method xz: ReadError('not an lzma file')
- method tar: ReadError('empty file')"",""exception (crytic_compile.platform.exceptions.InvalidCompilation: Invalid solc compilation Warning: SPDX license identifier not provided in source file. Before publishing, consider adding a comment containing \""SPDX-License-Identifier: <SPDX-License>\"" to each source file. Use \""SPDX-License-Identifier: UNLICENSED\"" for non-open-source code. Please see https://spdx.org for more information.)"",exception (json.decoder.JSONDecodeError: Expecting value: line 1 column 1 (char 0))}"
contracts_output/contracts_output/gemini_contracts/gemini_contracts/2847.sol,2847.sol,slither-0.11.3,solidity,2025/09/14,20260225_2030,1772051429.105361,2.78900146484375,1,{},{},{EXIT_CODE_1},"{""analysis unsuccessful, check output.json"",""error parsing results: file could not be opened successfully:
- method gz: ReadError('empty file')
- method bz2: ReadError('not a bzip2 file')
- method xz: ReadError('not an lzma file')
- method tar: ReadError('empty file')"",""exception (crytic_compile.platform.exceptions.InvalidCompilation: Invalid solc compilation Warning: SPDX license identifier not provided in source file. Before publishing, consider adding a comment containing \""SPDX-License-Identifier: <SPDX-License>\"" to each source file. Use \""SPDX-License-Identifier: UNLICENSED\"" for non-open-source code. Please see https://spdx.org for more information.)"",exception (json.decoder.JSONDecodeError: Expecting value: line 1 column 1 (char 0))}"
contracts_output/contracts_output/gemini_contracts/gemini_contracts/2851.sol,2851.sol,slither-0.11.3,solidity,2025/09/14,20260225_2030,1772051550.6284592,3.088355302810669,1,{},{},{EXIT_CODE_1},"{""analysis unsuccessful, check output.json"",""error parsing results: file could not be opened successfully:
- method gz: ReadError('empty file')
- method bz2: ReadError('not a bzip2 file')
- method xz: ReadError('not an lzma file')
- method tar: ReadError('empty file')"",""exception (crytic_compile.platform.exceptions.InvalidCompilation: Invalid solc compilation Warning: SPDX license identifier not provided in source file. Before publishing, consider adding a comment containing \""SPDX-License-Identifier: <SPDX-License>\"" to each source file. Use \""SPDX-License-Identifier: UNLICENSED\"" for non-open-source code. Please see https://spdx.org for more information.)"",exception (json.decoder.JSONDecodeError: Expecting value: line 1 column 1 (char 0))}"
contracts_output/contracts_output/gemini_contracts/gemini_contracts/2869.sol,2869.sol,slither-0.11.3,solidity,2025/09/14,20260225_2030,1772051529.8380592,2.801995038986206,1,{},{},{EXIT_CODE_1},"{""analysis unsuccessful, check output.json"",""error parsing results: file could not be opened successfully:
- method gz: ReadError('empty file')
- method bz2: ReadError('not a bzip2 file')
- method xz: ReadError('not an lzma file')
- method tar: ReadError('empty file')"",""exception (crytic_compile.platform.exceptions.InvalidCompilation: Invalid solc compilation Warning: SPDX license identifier not provided in source file. Before publishing, consider adding a comment containing \""SPDX-License-Identifier: <SPDX-License>\"" to each source file. Use \""SPDX-License-Identifier: UNLICENSED\"" for non-open-source code. Please see https://spdx.org for more information.)"",exception (json.decoder.JSONDecodeError: Expecting value: line 1 column 1 (char 0))}"
contracts_output/contracts_output/gemini_contracts/gemini_contracts/2892.sol,2892.sol,slither-0.11.3,solidity,2025/09/14,20260225_2030,1772051498.345881,2.973550796508789,1,{},{},{EXIT_CODE_1},"{""analysis unsuccessful, check output.json"",""error parsing results: file could not be opened successfully:
- method gz: ReadError('empty file')
- method bz2: ReadError('not a bzip2 file')
- method xz: ReadError('not an lzma file')
- method tar: ReadError('empty file')"",""exception (crytic_compile.platform.exceptions.InvalidCompilation: Invalid solc compilation Warning: SPDX license identifier not provided in source file. Before publishing, consider adding a comment containing \""SPDX-License-Identifier: <SPDX-License>\"" to each source file. Use \""SPDX-License-Identifier: UNLICENSED\"" for non-open-source code. Please see https://spdx.org for more information.)"",exception (json.decoder.JSONDecodeError: Expecting value: line 1 column 1 (char 0))}"
contracts_output/contracts_output/gemini_contracts/gemini_contracts/2907.sol,2907.sol,slither-0.11.3,solidity,2025/09/14,20260225_2030,1772051545.793506,3.0448572635650635,1,{},{},{EXIT_CODE_1},"{""analysis unsuccessful, check output.json"",""error parsing results: file could not be opened successfully:
- method gz: ReadError('empty file')
- method bz2: ReadError('not a bzip2 file')
- method xz: ReadError('not an lzma file')
- method tar: ReadError('empty file')"",""exception (crytic_compile.platform.exceptions.InvalidCompilation: Invalid solc compilation Warning: SPDX license identifier not provided in source file. Before publishing, consider adding a comment containing \""SPDX-License-Identifier: <SPDX-License>\"" to each source file. Use \""SPDX-License-Identifier: UNLICENSED\"" for non-open-source code. Please see https://spdx.org for more information.)"",exception (json.decoder.JSONDecodeError: Expecting value: line 1 column 1 (char 0))}"
contracts_output/contracts_output/gemini_contracts/gemini_contracts/2948.sol,2948.sol,slither-0.11.3,solidity,2025/09/14,20260225_2030,1772051497.3544858,2.942218065261841,1,{},{},{EXIT_CODE_1},"{""analysis unsuccessful, check output.json"",""error parsing results: file could not be opened successfully:
- method gz: ReadError('empty file')
- method bz2: ReadError('not a bzip2 file')
- method xz: ReadError('not an lzma file')
- method tar: ReadError('empty file')"",""exception (crytic_compile.platform.exceptions.InvalidCompilation: Invalid solc compilation Warning: SPDX license identifier not provided in source file. Before publishing, consider adding a comment containing \""SPDX-License-Identifier: <SPDX-License>\"" to each source file. Use \""SPDX-License-Identifier: UNLICENSED\"" for non-open-source code. Please see https://spdx.org for more information.)"",exception (json.decoder.JSONDecodeError: Expecting value: line 1 column 1 (char 0))}"
contracts_output/contracts_output/gemini_contracts/gemini_contracts/2971.sol,2971.sol,slither-0.11.3,solidity,2025/09/14,20260225_2030,1772051503.0362635,2.9702980518341064,1,{},{},{EXIT_CODE_1},"{""analysis unsuccessful, check output.json"",""error parsing results: file could not be opened successfully:
- method gz: ReadError('empty file')
- method bz2: ReadError('not a bzip2 file')
- method xz: ReadError('not an lzma file')
- method tar: ReadError('empty file')"",""exception (crytic_compile.platform.exceptions.InvalidCompilation: Invalid solc compilation Warning: SPDX license identifier not provided in source file. Before publishing, consider adding a comment containing \""SPDX-License-Identifier: <SPDX-License>\"" to each source file. Use \""SPDX-License-Identifier: UNLICENSED\"" for non-open-source code. Please see https://spdx.org for more information.)"",exception (json.decoder.JSONDecodeError: Expecting value: line 1 column 1 (char 0))}"
contracts_output/contracts_output/gemini_contracts/gemini_contracts/2976.sol,2976.sol,slither-0.11.3,solidity,2025/09/14,20260225_2030,1772051493.7507954,2.911670684814453,1,{},{},{EXIT_CODE_1},"{""analysis unsuccessful, check output.json"",""error parsing results: file could not be opened successfully:
- method gz: ReadError('empty file')
- method bz2: ReadError('not a bzip2 file')
- method xz: ReadError('not an lzma file')
- method tar: ReadError('empty file')"",""exception (crytic_compile.platform.exceptions.InvalidCompilation: Invalid solc compilation Warning: SPDX license identifier not provided in source file. Before publishing, consider adding a comment containing \""SPDX-License-Identifier: <SPDX-License>\"" to each source file. Use \""SPDX-License-Identifier: UNLICENSED\"" for non-open-source code. Please see https://spdx.org for more information.)"",exception (json.decoder.JSONDecodeError: Expecting value: line 1 column 1 (char 0))}"
contracts_output/contracts_output/gemini_contracts/gemini_contracts/2989.sol,2989.sol,slither-0.11.3,solidity,2025/09/14,20260225_2030,1772051464.1563702,3.017315626144409,1,{},{},{EXIT_CODE_1},"{""analysis unsuccessful, check output.json"",""error parsing results: file could not be opened successfully:
- method gz: ReadError('empty file')
- method bz2: ReadError('not a bzip2 file')
- method xz: ReadError('not an lzma file')
- method tar: ReadError('empty file')"",""exception (crytic_compile.platform.exceptions.InvalidCompilation: Invalid solc compilation Warning: SPDX license identifier not provided in source file. Before publishing, consider adding a comment containing \""SPDX-License-Identifier: <SPDX-License>\"" to each source file. Use \""SPDX-License-Identifier: UNLICENSED\"" for non-open-source code. Please see https://spdx.org for more information.)"",exception (json.decoder.JSONDecodeError: Expecting value: line 1 column 1 (char 0))}"
contracts_output/contracts_output/gemini_contracts/gemini_contracts/30.sol,30.sol,slither-0.11.3,solidity,2025/09/14,20260225_2030,1772051551.9664154,2.826540946960449,1,{},{},{EXIT_CODE_1},"{""analysis unsuccessful, check output.json"",""error parsing results: file could not be opened successfully:
- method gz: ReadError('empty file')
- method bz2: ReadError('not a bzip2 file')
- method xz: ReadError('not an lzma file')
- method tar: ReadError('empty file')"",""exception (crytic_compile.platform.exceptions.InvalidCompilation: Invalid solc compilation Warning: SPDX license identifier not provided in source file. Before publishing, consider adding a comment containing \""SPDX-License-Identifier: <SPDX-License>\"" to each source file. Use \""SPDX-License-Identifier: UNLICENSED\"" for non-open-source code. Please see https://spdx.org for more information.)"",exception (json.decoder.JSONDecodeError: Expecting value: line 1 column 1 (char 0))}"
contracts_output/contracts_output/gemini_contracts/gemini_contracts/3024.sol,3024.sol,slither-0.11.3,solidity,2025/09/14,20260225_2030,1772051477.302691,2.9937961101531982,1,{},{},{EXIT_CODE_1},"{""analysis unsuccessful, check output.json"",""error parsing results: file could not be opened successfully:
- method gz: ReadError('empty file')
- method bz2: ReadError('not a bzip2 file')
- method xz: ReadError('not an lzma file')
- method tar: ReadError('empty file')"",""exception (crytic_compile.platform.exceptions.InvalidCompilation: Invalid solc compilation Warning: SPDX license identifier not provided in source file. Before publishing, consider adding a comment containing \""SPDX-License-Identifier: <SPDX-License>\"" to each source file. Use \""SPDX-License-Identifier: UNLICENSED\"" for non-open-source code. Please see https://spdx.org for more information.)"",exception (json.decoder.JSONDecodeError: Expecting value: line 1 column 1 (char 0))}"
contracts_output/contracts_output/gemini_contracts/gemini_contracts/3040.sol,3040.sol,slither-0.11.3,solidity,2025/09/14,20260225_2030,1772051474.6813152,3.0237088203430176,1,{},{},{EXIT_CODE_1},"{""analysis unsuccessful, check output.json"",""error parsing results: file could not be opened successfully:
- method gz: ReadError('empty file')
- method bz2: ReadError('not a bzip2 file')
- method xz: ReadError('not an lzma file')
- method tar: ReadError('empty file')"",""exception (crytic_compile.platform.exceptions.InvalidCompilation: Invalid solc compilation Warning: SPDX license identifier not provided in source file. Before publishing, consider adding a comment containing \""SPDX-License-Identifier: <SPDX-License>\"" to each source file. Use \""SPDX-License-Identifier: UNLICENSED\"" for non-open-source code. Please see https://spdx.org for more information.)"",exception (json.decoder.JSONDecodeError: Expecting value: line 1 column 1 (char 0))}"
contracts_output/contracts_output/gemini_contracts/gemini_contracts/306.sol,306.sol,slither-0.11.3,solidity,2025/09/14,20260225_2030,1772051490.8407352,3.189277172088623,1,{},{},{EXIT_CODE_1},"{""analysis unsuccessful, check output.json"",""error parsing results: file could not be opened successfully:
- method gz: ReadError('empty file')
- method bz2: ReadError('not a bzip2 file')
- method xz: ReadError('not an lzma file')
- method tar: ReadError('empty file')"",""exception (crytic_compile.platform.exceptions.InvalidCompilation: Invalid solc compilation Warning: SPDX license identifier not provided in source file. Before publishing, consider adding a comment containing \""SPDX-License-Identifier: <SPDX-License>\"" to each source file. Use \""SPDX-License-Identifier: UNLICENSED\"" for non-open-source code. Please see https://spdx.org for more information.)"",exception (json.decoder.JSONDecodeError: Expecting value: line 1 column 1 (char 0))}"
contracts_output/contracts_output/gemini_contracts/gemini_contracts/3060.sol,3060.sol,slither-0.11.3,solidity,2025/09/14,20260225_2030,1772051532.107713,2.9953370094299316,1,{},{},{EXIT_CODE_1},"{""analysis unsuccessful, check output.json"",""error parsing results: file could not be opened successfully:
- method gz: ReadError('empty file')
- method bz2: ReadError('not a bzip2 file')
- method xz: ReadError('not an lzma file')
- method tar: ReadError('empty file')"",""exception (crytic_compile.platform.exceptions.InvalidCompilation: Invalid solc compilation Error: Function, variable, struct or modifier declaration expected.)"",exception (json.decoder.JSONDecodeError: Expecting value: line 1 column 1 (char 0))}"
contracts_output/contracts_output/gemini_contracts/gemini_contracts/3064.sol,3064.sol,slither-0.11.3,solidity,2025/09/14,20260225_2030,1772051497.8331006,2.7704548835754395,1,{},{},{EXIT_CODE_1},"{""analysis unsuccessful, check output.json"",""error parsing results: file could not be opened successfully:
- method gz: ReadError('empty file')
- method bz2: ReadError('not a bzip2 file')
- method xz: ReadError('not an lzma file')
- method tar: ReadError('empty file')"",""exception (crytic_compile.platform.exceptions.InvalidCompilation: Invalid solc compilation Warning: SPDX license identifier not provided in source file. Before publishing, consider adding a comment containing \""SPDX-License-Identifier: <SPDX-License>\"" to each source file. Use \""SPDX-License-Identifier: UNLICENSED\"" for non-open-source code. Please see https://spdx.org for more information.)"",exception (json.decoder.JSONDecodeError: Expecting value: line 1 column 1 (char 0))}"
contracts_output/contracts_output/gemini_contracts/gemini_contracts/3096.sol,3096.sol,slither-0.11.3,solidity,2025/09/14,20260225_2030,1772051509.8155212,2.779203414916992,1,{},{},{EXIT_CODE_1},"{""analysis unsuccessful, check output.json"",""error parsing results: file could not be opened successfully:
- method gz: ReadError('empty file')
- method bz2: ReadError('not a bzip2 file')
- method xz: ReadError('not an lzma file')
- method tar: ReadError('empty file')"",""exception (crytic_compile.platform.exceptions.InvalidCompilation: Invalid solc compilation Error: Function, variable, struct or modifier declaration expected.)"",exception (json.decoder.JSONDecodeError: Expecting value: line 1 column 1 (char 0))}"
contracts_output/contracts_output/gemini_contracts/gemini_contracts/3103.sol,3103.sol,slither-0.11.3,solidity,2025/09/14,20260225_2030,1772051576.2946823,2.9275214672088623,1,{},{},{EXIT_CODE_1},"{""analysis unsuccessful, check output.json"",""error parsing results: file could not be opened successfully:
- method gz: ReadError('empty file')
- method bz2: ReadError('not a bzip2 file')
- method xz: ReadError('not an lzma file')
- method tar: ReadError('empty file')"",""exception (crytic_compile.platform.exceptions.InvalidCompilation: Invalid solc compilation Warning: SPDX license identifier not provided in source file. Before publishing, consider adding a comment containing \""SPDX-License-Identifier: <SPDX-License>\"" to each source file. Use \""SPDX-License-Identifier: UNLICENSED\"" for non-open-source code. Please see https://spdx.org for more information.)"",exception (json.decoder.JSONDecodeError: Expecting value: line 1 column 1 (char 0))}"
contracts_output/contracts_output/gemini_contracts/gemini_contracts/312.sol,312.sol,slither-0.11.3,solidity,2025/09/14,20260225_2030,1772051524.8496015,2.953221559524536,1,{},{},{EXIT_CODE_1},"{""analysis unsuccessful, check output.json"",""error parsing results: file could not be opened successfully:
- method gz: ReadError('empty file')
- method bz2: ReadError('not a bzip2 file')
- method xz: ReadError('not an lzma file')
- method tar: ReadError('empty file')"",""exception (crytic_compile.platform.exceptions.InvalidCompilation: Invalid solc compilation Warning: SPDX license identifier not provided in source file. Before publishing, consider adding a comment containing \""SPDX-License-Identifier: <SPDX-License>\"" to each source file. Use \""SPDX-License-Identifier: UNLICENSED\"" for non-open-source code. Please see https://spdx.org for more information.)"",exception (json.decoder.JSONDecodeError: Expecting value: line 1 column 1 (char 0))}"
contracts_output/contracts_output/gemini_contracts/gemini_contracts/3142.sol,3142.sol,slither-0.11.3,solidity,2025/09/14,20260225_2030,1772051447.6595297,2.886789321899414,1,{},{},{EXIT_CODE_1},"{""analysis unsuccessful, check output.json"",""error parsing results: file could not be opened successfully:
- method gz: ReadError('empty file')
- method bz2: ReadError('not a bzip2 file')
- method xz: ReadError('not an lzma file')
- method tar: ReadError('empty file')"",""exception (crytic_compile.platform.exceptions.InvalidCompilation: Invalid solc compilation Warning: SPDX license identifier not provided in source file. Before publishing, consider adding a comment containing \""SPDX-License-Identifier: <SPDX-License>\"" to each source file. Use \""SPDX-License-Identifier: UNLICENSED\"" for non-open-source code. Please see https://spdx.org for more information.)"",exception (json.decoder.JSONDecodeError: Expecting value: line 1 column 1 (char 0))}"
contracts_output/contracts_output/gemini_contracts/gemini_contracts/3148.sol,3148.sol,slither-0.11.3,solidity,2025/09/14,20260225_2030,1772051534.566724,2.915316104888916,1,{},{},{EXIT_CODE_1},"{""analysis unsuccessful, check output.json"",""error parsing results: file could not be opened successfully:
- method gz: ReadError('empty file')
- method bz2: ReadError('not a bzip2 file')
- method xz: ReadError('not an lzma file')
- method tar: ReadError('empty file')"",""exception (crytic_compile.platform.exceptions.InvalidCompilation: Invalid solc compilation Warning: SPDX license identifier not provided in source file. Before publishing, consider adding a comment containing \""SPDX-License-Identifier: <SPDX-License>\"" to each source file. Use \""SPDX-License-Identifier: UNLICENSED\"" for non-open-source code. Please see https://spdx.org for more information.)"",exception (json.decoder.JSONDecodeError: Expecting value: line 1 column 1 (char 0))}"
contracts_output/contracts_output/gemini_contracts/gemini_contracts/316.sol,316.sol,slither-0.11.3,solidity,2025/09/14,20260225_2030,1772051580.5635514,2.9300711154937744,1,{},{},{EXIT_CODE_1},"{""analysis unsuccessful, check output.json"",""error parsing results: file could not be opened successfully:
- method gz: ReadError('empty file')
- method bz2: ReadError('not a bzip2 file')
- method xz: ReadError('not an lzma file')
- method tar: ReadError('empty file')"",""exception (crytic_compile.platform.exceptions.InvalidCompilation: Invalid solc compilation Warning: SPDX license identifier not provided in source file. Before publishing, consider adding a comment containing \""SPDX-License-Identifier: <SPDX-License>\"" to each source file. Use \""SPDX-License-Identifier: UNLICENSED\"" for non-open-source code. Please see https://spdx.org for more information.)"",exception (json.decoder.JSONDecodeError: Expecting value: line 1 column 1 (char 0))}"
contracts_output/contracts_output/gemini_contracts/gemini_contracts/3161.sol,3161.sol,slither-0.11.3,solidity,2025/09/14,20260225_2030,1772051467.1750758,3.001248836517334,1,{},{},{EXIT_CODE_1},"{""analysis unsuccessful, check output.json"",""error parsing results: file could not be opened successfully:
- method gz: ReadError('empty file')
- method bz2: ReadError('not a bzip2 file')
- method xz: ReadError('not an lzma file')
- method tar: ReadError('empty file')"",""exception (crytic_compile.platform.exceptions.InvalidCompilation: Invalid solc compilation Warning: SPDX license identifier not provided in source file. Before publishing, consider adding a comment containing \""SPDX-License-Identifier: <SPDX-License>\"" to each source file. Use \""SPDX-License-Identifier: UNLICENSED\"" for non-open-source code. Please see https://spdx.org for more information.)"",exception (json.decoder.JSONDecodeError: Expecting value: line 1 column 1 (char 0))}"
contracts_output/contracts_output/gemini_contracts/gemini_contracts/3163.sol,3163.sol,slither-0.11.3,solidity,2025/09/14,20260225_2030,1772051547.26518,2.673253059387207,1,{},{},{EXIT_CODE_1},"{""analysis unsuccessful, check output.json"",""error parsing results: file could not be opened successfully:
- method gz: ReadError('empty file')
- method bz2: ReadError('not a bzip2 file')
- method xz: ReadError('not an lzma file')
- method tar: ReadError('empty file')"",""exception (crytic_compile.platform.exceptions.InvalidCompilation: Invalid solc compilation Warning: SPDX license identifier not provided in source file. Before publishing, consider adding a comment containing \""SPDX-License-Identifier: <SPDX-License>\"" to each source file. Use \""SPDX-License-Identifier: UNLICENSED\"" for non-open-source code. Please see https://spdx.org for more information.)"",exception (json.decoder.JSONDecodeError: Expecting value: line 1 column 1 (char 0))}"
contracts_output/contracts_output/gemini_contracts/gemini_contracts/3170.sol,3170.sol,slither-0.11.3,solidity,2025/09/14,20260225_2030,1772051486.7319021,2.8328962326049805,1,{},{},{EXIT_CODE_1},"{""analysis unsuccessful, check output.json"",""error parsing results: file could not be opened successfully:
- method gz: ReadError('empty file')
- method bz2: ReadError('not a bzip2 file')
- method xz: ReadError('not an lzma file')
- method tar: ReadError('empty file')"",""exception (crytic_compile.platform.exceptions.InvalidCompilation: Invalid solc compilation Warning: SPDX license identifier not provided in source file. Before publishing, consider adding a comment containing \""SPDX-License-Identifier: <SPDX-License>\"" to each source file. Use \""SPDX-License-Identifier: UNLICENSED\"" for non-open-source code. Please see https://spdx.org for more information.)"",exception (json.decoder.JSONDecodeError: Expecting value: line 1 column 1 (char 0))}"
contracts_output/contracts_output/gemini_contracts/gemini_contracts/3181.sol,3181.sol,slither-0.11.3,solidity,2025/09/14,20260225_2030,1772051529.031292,2.850710153579712,1,{},{},{EXIT_CODE_1},"{""analysis unsuccessful, check output.json"",""error parsing results: file could not be opened successfully:
- method gz: ReadError('empty file')
- method bz2: ReadError('not a bzip2 file')
- method xz: ReadError('not an lzma file')
- method tar: ReadError('empty file')"",""exception (crytic_compile.platform.exceptions.InvalidCompilation: Invalid solc compilation Warning: SPDX license identifier not provided in source file. Before publishing, consider adding a comment containing \""SPDX-License-Identifier: <SPDX-License>\"" to each source file. Use \""SPDX-License-Identifier: UNLICENSED\"" for non-open-source code. Please see https://spdx.org for more information.)"",exception (json.decoder.JSONDecodeError: Expecting value: line 1 column 1 (char 0))}"
contracts_output/contracts_output/gemini_contracts/gemini_contracts/3185.sol,3185.sol,slither-0.11.3,solidity,2025/09/14,20260225_2030,1772051450.0079436,2.8906331062316895,1,{},{},{EXIT_CODE_1},"{""analysis unsuccessful, check output.json"",""error parsing results: file could not be opened successfully:
- method gz: ReadError('empty file')
- method bz2: ReadError('not a bzip2 file')
- method xz: ReadError('not an lzma file')
- method tar: ReadError('empty file')"",""exception (crytic_compile.platform.exceptions.InvalidCompilation: Invalid solc compilation Warning: SPDX license identifier not provided in source file. Before publishing, consider adding a comment containing \""SPDX-License-Identifier: <SPDX-License>\"" to each source file. Use \""SPDX-License-Identifier: UNLICENSED\"" for non-open-source code. Please see https://spdx.org for more information.)"",exception (json.decoder.JSONDecodeError: Expecting value: line 1 column 1 (char 0))}"
contracts_output/contracts_output/gemini_contracts/gemini_contracts/3195.sol,3195.sol,slither-0.11.3,solidity,2025/09/14,20260225_2030,1772051438.6953878,3.1934831142425537,1,{},{},{EXIT_CODE_1},"{""analysis unsuccessful, check output.json"",""error parsing results: file could not be opened successfully:
- method gz: ReadError('empty file')
- method bz2: ReadError('not a bzip2 file')
- method xz: ReadError('not an lzma file')
- method tar: ReadError('empty file')"",""exception (crytic_compile.platform.exceptions.InvalidCompilation: Invalid solc compilation Warning: SPDX license identifier not provided in source file. Before publishing, consider adding a comment containing \""SPDX-License-Identifier: <SPDX-License>\"" to each source file. Use \""SPDX-License-Identifier: UNLICENSED\"" for non-open-source code. Please see https://spdx.org for more information.)"",exception (json.decoder.JSONDecodeError: Expecting value: line 1 column 1 (char 0))}"
contracts_output/contracts_output/gemini_contracts/gemini_contracts/32.sol,32.sol,slither-0.11.3,solidity,2025/09/14,20260225_2030,1772051481.0322015,3.4279229640960693,1,{},{},{EXIT_CODE_1},"{""analysis unsuccessful, check output.json"",""error parsing results: file could not be opened successfully:
- method gz: ReadError('empty file')
- method bz2: ReadError('not a bzip2 file')
- method xz: ReadError('not an lzma file')
- method tar: ReadError('empty file')"",""exception (crytic_compile.platform.exceptions.InvalidCompilation: Invalid solc compilation Warning: SPDX license identifier not provided in source file. Before publishing, consider adding a comment containing \""SPDX-License-Identifier: <SPDX-License>\"" to each source file. Use \""SPDX-License-Identifier: UNLICENSED\"" for non-open-source code. Please see https://spdx.org for more information.)"",exception (json.decoder.JSONDecodeError: Expecting value: line 1 column 1 (char 0))}"
contracts_output/contracts_output/gemini_contracts/gemini_contracts/3202.sol,3202.sol,slither-0.11.3,solidity,2025/09/14,20260225_2030,1772051477.3964214,3.212531089782715,1,{},{},{EXIT_CODE_1},"{""analysis unsuccessful, check output.json"",""error parsing results: file could not be opened successfully:
- method gz: ReadError('empty file')
- method bz2: ReadError('not a bzip2 file')
- method xz: ReadError('not an lzma file')
- method tar: ReadError('empty file')"",""exception (crytic_compile.platform.exceptions.InvalidCompilation: Invalid solc compilation Warning: SPDX license identifier not provided in source file. Before publishing, consider adding a comment containing \""SPDX-License-Identifier: <SPDX-License>\"" to each source file. Use \""SPDX-License-Identifier: UNLICENSED\"" for non-open-source code. Please see https://spdx.org for more information.)"",exception (json.decoder.JSONDecodeError: Expecting value: line 1 column 1 (char 0))}"
contracts_output/contracts_output/gemini_contracts/gemini_contracts/3204.sol,3204.sol,slither-0.11.3,solidity,2025/09/14,20260225_2030,1772051448.0004482,3.0547540187835693,1,{},{},{EXIT_CODE_1},"{""analysis unsuccessful, check output.json"",""error parsing results: file could not be opened successfully:
- method gz: ReadError('empty file')
- method bz2: ReadError('not a bzip2 file')
- method xz: ReadError('not an lzma file')
- method tar: ReadError('empty file')"",""exception (crytic_compile.platform.exceptions.InvalidCompilation: Invalid solc compilation Warning: SPDX license identifier not provided in source file. Before publishing, consider adding a comment containing \""SPDX-License-Identifier: <SPDX-License>\"" to each source file. Use \""SPDX-License-Identifier: UNLICENSED\"" for non-open-source code. Please see https://spdx.org for more information.)"",exception (json.decoder.JSONDecodeError: Expecting value: line 1 column 1 (char 0))}"
contracts_output/contracts_output/gemini_contracts/gemini_contracts/321.sol,321.sol,slither-0.11.3,solidity,2025/09/14,20260225_2030,1772051451.7812696,2.9980499744415283,1,{},{},{EXIT_CODE_1},"{""analysis unsuccessful, check output.json"",""error parsing results: file could not be opened successfully:
- method gz: ReadError('empty file')
- method bz2: ReadError('not a bzip2 file')
- method xz: ReadError('not an lzma file')
- method tar: ReadError('empty file')"",""exception (crytic_compile.platform.exceptions.InvalidCompilation: Invalid solc compilation Warning: SPDX license identifier not provided in source file. Before publishing, consider adding a comment containing \""SPDX-License-Identifier: <SPDX-License>\"" to each source file. Use \""SPDX-License-Identifier: UNLICENSED\"" for non-open-source code. Please see https://spdx.org for more information.)"",exception (json.decoder.JSONDecodeError: Expecting value: line 1 column 1 (char 0))}"
contracts_output/contracts_output/gemini_contracts/gemini_contracts/3235.sol,3235.sol,slither-0.11.3,solidity,2025/09/14,20260225_2030,1772051511.9818118,2.9466629028320312,1,{},{},{EXIT_CODE_1},"{""analysis unsuccessful, check output.json"",""error parsing results: file could not be opened successfully:
- method gz: ReadError('empty file')
- method bz2: ReadError('not a bzip2 file')
- method xz: ReadError('not an lzma file')
- method tar: ReadError('empty file')"",""exception (crytic_compile.platform.exceptions.InvalidCompilation: Invalid solc compilation Error: Function, variable, struct or modifier declaration expected.)"",exception (json.decoder.JSONDecodeError: Expecting value: line 1 column 1 (char 0))}"
contracts_output/contracts_output/gemini_contracts/gemini_contracts/3265.sol,3265.sol,slither-0.11.3,solidity,2025/09/14,20260225_2030,1772051551.0272505,3.2870450019836426,1,{},{},{EXIT_CODE_1},"{""analysis unsuccessful, check output.json"",""error parsing results: file could not be opened successfully:
- method gz: ReadError('empty file')
- method bz2: ReadError('not a bzip2 file')
- method xz: ReadError('not an lzma file')
- method tar: ReadError('empty file')"",""exception (crytic_compile.platform.exceptions.InvalidCompilation: Invalid solc compilation Warning: SPDX license identifier not provided in source file. Before publishing, consider adding a comment containing \""SPDX-License-Identifier: <SPDX-License>\"" to each source file. Use \""SPDX-License-Identifier: UNLICENSED\"" for non-open-source code. Please see https://spdx.org for more information.)"",exception (json.decoder.JSONDecodeError: Expecting value: line 1 column 1 (char 0))}"
contracts_output/contracts_output/gemini_contracts/gemini_contracts/3277.sol,3277.sol,slither-0.11.3,solidity,2025/09/14,20260225_2030,1772051427.126339,3.08219051361084,1,{},{},{EXIT_CODE_1},"{""analysis unsuccessful, check output.json"",""error parsing results: file could not be opened successfully:
- method gz: ReadError('empty file')
- method bz2: ReadError('not a bzip2 file')
- method xz: ReadError('not an lzma file')
- method tar: ReadError('empty file')"",""exception (crytic_compile.platform.exceptions.InvalidCompilation: Invalid solc compilation Warning: SPDX license identifier not provided in source file. Before publishing, consider adding a comment containing \""SPDX-License-Identifier: <SPDX-License>\"" to each source file. Use \""SPDX-License-Identifier: UNLICENSED\"" for non-open-source code. Please see https://spdx.org for more information.)"",exception (json.decoder.JSONDecodeError: Expecting value: line 1 column 1 (char 0))}"
contracts_output/contracts_output/gemini_contracts/gemini_contracts/3285.sol,3285.sol,slither-0.11.3,solidity,2025/09/14,20260225_2030,1772051421.7600663,3.4160406589508057,1,{},{},{EXIT_CODE_1},"{""analysis unsuccessful, check output.json"",""error parsing results: file could not be opened successfully:
- method gz: ReadError('empty file')
- method bz2: ReadError('not a bzip2 file')
- method xz: ReadError('not an lzma file')
- method tar: ReadError('empty file')"",""exception (crytic_compile.platform.exceptions.InvalidCompilation: Invalid solc compilation Warning: SPDX license identifier not provided in source file. Before publishing, consider adding a comment containing \""SPDX-License-Identifier: <SPDX-License>\"" to each source file. Use \""SPDX-License-Identifier: UNLICENSED\"" for non-open-source code. Please see https://spdx.org for more information.)"",exception (json.decoder.JSONDecodeError: Expecting value: line 1 column 1 (char 0))}"
contracts_output/contracts_output/gemini_contracts/gemini_contracts/3288.sol,3288.sol,slither-0.11.3,solidity,2025/09/14,20260225_2030,1772051433.060099,3.194826126098633,1,{},{},{EXIT_CODE_1},"{""analysis unsuccessful, check output.json"",""error parsing results: file could not be opened successfully:
- method gz: ReadError('empty file')
- method bz2: ReadError('not a bzip2 file')
- method xz: ReadError('not an lzma file')
- method tar: ReadError('empty file')"",""exception (crytic_compile.platform.exceptions.InvalidCompilation: Invalid solc compilation Error: Function, variable, struct or modifier declaration expected.)"",exception (json.decoder.JSONDecodeError: Expecting value: line 1 column 1 (char 0))}"
contracts_output/contracts_output/gemini_contracts/gemini_contracts/3297.sol,3297.sol,slither-0.11.3,solidity,2025/09/14,20260225_2030,1772051513.6505826,2.846700429916382,1,{},{},{EXIT_CODE_1},"{""analysis unsuccessful, check output.json"",""error parsing results: file could not be opened successfully:
- method gz: ReadError('empty file')
- method bz2: ReadError('not a bzip2 file')
- method xz: ReadError('not an lzma file')
- method tar: ReadError('empty file')"",""exception (crytic_compile.platform.exceptions.InvalidCompilation: Invalid solc compilation Warning: SPDX license identifier not provided in source file. Before publishing, consider adding a comment containing \""SPDX-License-Identifier: <SPDX-License>\"" to each source file. Use \""SPDX-License-Identifier: UNLICENSED\"" for non-open-source code. Please see https://spdx.org for more information.)"",exception (json.decoder.JSONDecodeError: Expecting value: line 1 column 1 (char 0))}"
contracts_output/contracts_output/gemini_contracts/gemini_contracts/3314.sol,3314.sol,slither-0.11.3,solidity,2025/09/14,20260225_2030,1772051545.024204,3.077770709991455,1,{},{},{EXIT_CODE_1},"{""analysis unsuccessful, check output.json"",""error parsing results: file could not be opened successfully:
- method gz: ReadError('empty file')
- method bz2: ReadError('not a bzip2 file')
- method xz: ReadError('not an lzma file')
- method tar: ReadError('empty file')"",""exception (crytic_compile.platform.exceptions.InvalidCompilation: Invalid solc compilation Warning: SPDX license identifier not provided in source file. Before publishing, consider adding a comment containing \""SPDX-License-Identifier: <SPDX-License>\"" to each source file. Use \""SPDX-License-Identifier: UNLICENSED\"" for non-open-source code. Please see https://spdx.org for more information.)"",exception (json.decoder.JSONDecodeError: Expecting value: line 1 column 1 (char 0))}"
contracts_output/contracts_output/gemini_contracts/gemini_contracts/3318.sol,3318.sol,slither-0.11.3,solidity,2025/09/14,20260225_2030,1772051520.42231,3.1693572998046875,1,{},{},{EXIT_CODE_1},"{""analysis unsuccessful, check output.json"",""error parsing results: file could not be opened successfully:
- method gz: ReadError('empty file')
- method bz2: ReadError('not a bzip2 file')
- method xz: ReadError('not an lzma file')
- method tar: ReadError('empty file')"",""exception (crytic_compile.platform.exceptions.InvalidCompilation: Invalid solc compilation Warning: SPDX license identifier not provided in source file. Before publishing, consider adding a comment containing \""SPDX-License-Identifier: <SPDX-License>\"" to each source file. Use \""SPDX-License-Identifier: UNLICENSED\"" for non-open-source code. Please see https://spdx.org for more information.)"",exception (json.decoder.JSONDecodeError: Expecting value: line 1 column 1 (char 0))}"
contracts_output/contracts_output/gemini_contracts/gemini_contracts/3322.sol,3322.sol,slither-0.11.3,solidity,2025/09/14,20260225_2030,1772051549.6879175,2.8162009716033936,1,{},{},{EXIT_CODE_1},"{""analysis unsuccessful, check output.json"",""error parsing results: file could not be opened successfully:
- method gz: ReadError('empty file')
- method bz2: ReadError('not a bzip2 file')
- method xz: ReadError('not an lzma file')
- method tar: ReadError('empty file')"",""exception (crytic_compile.platform.exceptions.InvalidCompilation: Invalid solc compilation Warning: SPDX license identifier not provided in source file. Before publishing, consider adding a comment containing \""SPDX-License-Identifier: <SPDX-License>\"" to each source file. Use \""SPDX-License-Identifier: UNLICENSED\"" for non-open-source code. Please see https://spdx.org for more information.)"",exception (json.decoder.JSONDecodeError: Expecting value: line 1 column 1 (char 0))}"
contracts_output/contracts_output/gemini_contracts/gemini_contracts/3332.sol,3332.sol,slither-0.11.3,solidity,2025/09/14,20260225_2030,1772051470.0584095,3.190793752670288,1,{},{},{EXIT_CODE_1},"{""analysis unsuccessful, check output.json"",""error parsing results: file could not be opened successfully:
- method gz: ReadError('empty file')
- method bz2: ReadError('not a bzip2 file')
- method xz: ReadError('not an lzma file')
- method tar: ReadError('empty file')"",""exception (crytic_compile.platform.exceptions.InvalidCompilation: Invalid solc compilation Warning: SPDX license identifier not provided in source file. Before publishing, consider adding a comment containing \""SPDX-License-Identifier: <SPDX-License>\"" to each source file. Use \""SPDX-License-Identifier: UNLICENSED\"" for non-open-source code. Please see https://spdx.org for more information.)"",exception (json.decoder.JSONDecodeError: Expecting value: line 1 column 1 (char 0))}"
contracts_output/contracts_output/gemini_contracts/gemini_contracts/3338.sol,3338.sol,slither-0.11.3,solidity,2025/09/14,20260225_2030,1772051479.9489162,2.9050419330596924,1,{},{},{EXIT_CODE_1},"{""analysis unsuccessful, check output.json"",""error parsing results: file could not be opened successfully:
- method gz: ReadError('empty file')
- method bz2: ReadError('not a bzip2 file')
- method xz: ReadError('not an lzma file')
- method tar: ReadError('empty file')"",""exception (crytic_compile.platform.exceptions.InvalidCompilation: Invalid solc compilation Warning: SPDX license identifier not provided in source file. Before publishing, consider adding a comment containing \""SPDX-License-Identifier: <SPDX-License>\"" to each source file. Use \""SPDX-License-Identifier: UNLICENSED\"" for non-open-source code. Please see https://spdx.org for more information.)"",exception (json.decoder.JSONDecodeError: Expecting value: line 1 column 1 (char 0))}"
contracts_output/contracts_output/gemini_contracts/gemini_contracts/3343.sol,3343.sol,slither-0.11.3,solidity,2025/09/14,20260225_2030,1772051506.7295303,3.0100157260894775,1,{},{},{EXIT_CODE_1},"{""analysis unsuccessful, check output.json"",""error parsing results: file could not be opened successfully:
- method gz: ReadError('empty file')
- method bz2: ReadError('not a bzip2 file')
- method xz: ReadError('not an lzma file')
- method tar: ReadError('empty file')"",""exception (crytic_compile.platform.exceptions.InvalidCompilation: Invalid solc compilation Warning: SPDX license identifier not provided in source file. Before publishing, consider adding a comment containing \""SPDX-License-Identifier: <SPDX-License>\"" to each source file. Use \""SPDX-License-Identifier: UNLICENSED\"" for non-open-source code. Please see https://spdx.org for more information.)"",exception (json.decoder.JSONDecodeError: Expecting value: line 1 column 1 (char 0))}"
contracts_output/contracts_output/gemini_contracts/gemini_contracts/3368.sol,3368.sol,slither-0.11.3,solidity,2025/09/14,20260225_2030,1772051462.9085267,2.7564358711242676,1,{},{},{EXIT_CODE_1},"{""analysis unsuccessful, check output.json"",""error parsing results: file could not be opened successfully:
- method gz: ReadError('empty file')
- method bz2: ReadError('not a bzip2 file')
- method xz: ReadError('not an lzma file')
- method tar: ReadError('empty file')"",""exception (crytic_compile.platform.exceptions.InvalidCompilation: Invalid solc compilation Warning: SPDX license identifier not provided in source file. Before publishing, consider adding a comment containing \""SPDX-License-Identifier: <SPDX-License>\"" to each source file. Use \""SPDX-License-Identifier: UNLICENSED\"" for non-open-source code. Please see https://spdx.org for more information.)"",exception (json.decoder.JSONDecodeError: Expecting value: line 1 column 1 (char 0))}"
contracts_output/contracts_output/gemini_contracts/gemini_contracts/3377.sol,3377.sol,slither-0.11.3,solidity,2025/09/14,20260225_2030,1772051531.8832126,3.014671564102173,1,{},{},{EXIT_CODE_1},"{""analysis unsuccessful, check output.json"",""error parsing results: file could not be opened successfully:
- method gz: ReadError('empty file')
- method bz2: ReadError('not a bzip2 file')
- method xz: ReadError('not an lzma file')
- method tar: ReadError('empty file')"",""exception (crytic_compile.platform.exceptions.InvalidCompilation: Invalid solc compilation Warning: SPDX license identifier not provided in source file. Before publishing, consider adding a comment containing \""SPDX-License-Identifier: <SPDX-License>\"" to each source file. Use \""SPDX-License-Identifier: UNLICENSED\"" for non-open-source code. Please see https://spdx.org for more information.)"",exception (json.decoder.JSONDecodeError: Expecting value: line 1 column 1 (char 0))}"
contracts_output/contracts_output/gemini_contracts/gemini_contracts/3380.sol,3380.sol,slither-0.11.3,solidity,2025/09/14,20260225_2030,1772051415.2049015,3.8487460613250732,1,{},{},{EXIT_CODE_1},"{""analysis unsuccessful, check output.json"",""error parsing results: file could not be opened successfully:
- method gz: ReadError('empty file')
- method bz2: ReadError('not a bzip2 file')
- method xz: ReadError('not an lzma file')
- method tar: ReadError('empty file')"",exception (crytic_compile.platform.exceptions.InvalidCompilation: Invalid solc compilation Error: Expected primary expression.),exception (json.decoder.JSONDecodeError: Expecting value: line 1 column 1 (char 0))}"
contracts_output/contracts_output/gemini_contracts/gemini_contracts/339.sol,339.sol,slither-0.11.3,solidity,2025/09/14,20260225_2030,1772051501.226031,2.857208251953125,1,{},{},{EXIT_CODE_1},"{""analysis unsuccessful, check output.json"",""error parsing results: file could not be opened successfully:
- method gz: ReadError('empty file')
- method bz2: ReadError('not a bzip2 file')
- method xz: ReadError('not an lzma file')
- method tar: ReadError('empty file')"",""exception (crytic_compile.platform.exceptions.InvalidCompilation: Invalid solc compilation Warning: SPDX license identifier not provided in source file. Before publishing, consider adding a comment containing \""SPDX-License-Identifier: <SPDX-License>\"" to each source file. Use \""SPDX-License-Identifier: UNLICENSED\"" for non-open-source code. Please see https://spdx.org for more information.)"",exception (json.decoder.JSONDecodeError: Expecting value: line 1 column 1 (char 0))}"
contracts_output/contracts_output/gemini_contracts/gemini_contracts/3416.sol,3416.sol,slither-0.11.3,solidity,2025/09/14,20260225_2030,1772051461.4522917,3.036712884902954,1,{},{},{EXIT_CODE_1},"{""analysis unsuccessful, check output.json"",""error parsing results: file could not be opened successfully:
- method gz: ReadError('empty file')
- method bz2: ReadError('not a bzip2 file')
- method xz: ReadError('not an lzma file')
- method tar: ReadError('empty file')"",exception (crytic_compile.platform.exceptions.InvalidCompilation: Invalid solc compilation Error: Expected identifier but got 'address'),exception (json.decoder.JSONDecodeError: Expecting value: line 1 column 1 (char 0))}"
contracts_output/contracts_output/gemini_contracts/gemini_contracts/3424.sol,3424.sol,slither-0.11.3,solidity,2025/09/14,20260225_2030,1772051428.246833,3.0391385555267334,1,{},{},{EXIT_CODE_1},"{""analysis unsuccessful, check output.json"",""error parsing results: file could not be opened successfully:
- method gz: ReadError('empty file')
- method bz2: ReadError('not a bzip2 file')
- method xz: ReadError('not an lzma file')
- method tar: ReadError('empty file')"",""exception (crytic_compile.platform.exceptions.InvalidCompilation: Invalid solc compilation Warning: SPDX license identifier not provided in source file. Before publishing, consider adding a comment containing \""SPDX-License-Identifier: <SPDX-License>\"" to each source file. Use \""SPDX-License-Identifier: UNLICENSED\"" for non-open-source code. Please see https://spdx.org for more information.)"",exception (json.decoder.JSONDecodeError: Expecting value: line 1 column 1 (char 0))}"
contracts_output/contracts_output/gemini_contracts/gemini_contracts/3433.sol,3433.sol,slither-0.11.3,solidity,2025/09/14,20260225_2030,1772051459.9287732,3.108017683029175,1,{},{},{EXIT_CODE_1},"{""analysis unsuccessful, check output.json"",""error parsing results: file could not be opened successfully:
- method gz: ReadError('empty file')
- method bz2: ReadError('not a bzip2 file')
- method xz: ReadError('not an lzma file')
- method tar: ReadError('empty file')"",""exception (crytic_compile.platform.exceptions.InvalidCompilation: Invalid solc compilation Warning: SPDX license identifier not provided in source file. Before publishing, consider adding a comment containing \""SPDX-License-Identifier: <SPDX-License>\"" to each source file. Use \""SPDX-License-Identifier: UNLICENSED\"" for non-open-source code. Please see https://spdx.org for more information.)"",exception (json.decoder.JSONDecodeError: Expecting value: line 1 column 1 (char 0))}"
contracts_output/contracts_output/gemini_contracts/gemini_contracts/3447.sol,3447.sol,slither-0.11.3,solidity,2025/09/14,20260225_2030,1772051540.3846426,3.0155959129333496,1,{},{},{EXIT_CODE_1},"{""analysis unsuccessful, check output.json"",""error parsing results: file could not be opened successfully:
- method gz: ReadError('empty file')
- method bz2: ReadError('not a bzip2 file')
- method xz: ReadError('not an lzma file')
- method tar: ReadError('empty file')"",""exception (crytic_compile.platform.exceptions.InvalidCompilation: Invalid solc compilation Warning: SPDX license identifier not provided in source file. Before publishing, consider adding a comment containing \""SPDX-License-Identifier: <SPDX-License>\"" to each source file. Use \""SPDX-License-Identifier: UNLICENSED\"" for non-open-source code. Please see https://spdx.org for more information.)"",exception (json.decoder.JSONDecodeError: Expecting value: line 1 column 1 (char 0))}"
contracts_output/contracts_output/gemini_contracts/gemini_contracts/3452.sol,3452.sol,slither-0.11.3,solidity,2025/09/14,20260225_2030,1772051566.5752304,3.1547493934631348,1,{},{},{EXIT_CODE_1},"{""analysis unsuccessful, check output.json"",""error parsing results: file could not be opened successfully:
- method gz: ReadError('empty file')
- method bz2: ReadError('not a bzip2 file')
- method xz: ReadError('not an lzma file')
- method tar: ReadError('empty file')"",exception (crytic_compile.platform.exceptions.InvalidCompilation: Invalid solc compilation Error: Expected '(' but got 'function'),exception (json.decoder.JSONDecodeError: Expecting value: line 1 column 1 (char 0))}"
contracts_output/contracts_output/gemini_contracts/gemini_contracts/3458.sol,3458.sol,slither-0.11.3,solidity,2025/09/14,20260225_2030,1772051423.791646,3.139449119567871,1,{},{},{EXIT_CODE_1},"{""analysis unsuccessful, check output.json"",""error parsing results: file could not be opened successfully:
- method gz: ReadError('empty file')
- method bz2: ReadError('not a bzip2 file')
- method xz: ReadError('not an lzma file')
- method tar: ReadError('empty file')"",""exception (crytic_compile.platform.exceptions.InvalidCompilation: Invalid solc compilation Warning: This function is named \""fallback\"" but is not the fallback function of the contract. If you intend this to be a fallback function, use \""fallback(...) { ... }\"" without the \""function\"" keyword to define it.)"",exception (json.decoder.JSONDecodeError: Expecting value: line 1 column 1 (char 0))}"
contracts_output/contracts_output/gemini_contracts/gemini_contracts/3464.sol,3464.sol,slither-0.11.3,solidity,2025/09/14,20260225_2030,1772051444.411054,2.8647890090942383,1,{},{},{EXIT_CODE_1},"{""analysis unsuccessful, check output.json"",""error parsing results: file could not be opened successfully:
- method gz: ReadError('empty file')
- method bz2: ReadError('not a bzip2 file')
- method xz: ReadError('not an lzma file')
- method tar: ReadError('empty file')"",""exception (crytic_compile.platform.exceptions.InvalidCompilation: Invalid solc compilation Warning: SPDX license identifier not provided in source file. Before publishing, consider adding a comment containing \""SPDX-License-Identifier: <SPDX-License>\"" to each source file. Use \""SPDX-License-Identifier: UNLICENSED\"" for non-open-source code. Please see https://spdx.org for more information.)"",exception (json.decoder.JSONDecodeError: Expecting value: line 1 column 1 (char 0))}"
contracts_output/contracts_output/gemini_contracts/gemini_contracts/3476.sol,3476.sol,slither-0.11.3,solidity,2025/09/14,20260225_2030,1772051541.8134072,3.1644628047943115,1,{},{},{EXIT_CODE_1},"{""analysis unsuccessful, check output.json"",""error parsing results: file could not be opened successfully:
- method gz: ReadError('empty file')
- method bz2: ReadError('not a bzip2 file')
- method xz: ReadError('not an lzma file')
- method tar: ReadError('empty file')"",""exception (crytic_compile.platform.exceptions.InvalidCompilation: Invalid solc compilation Warning: SPDX license identifier not provided in source file. Before publishing, consider adding a comment containing \""SPDX-License-Identifier: <SPDX-License>\"" to each source file. Use \""SPDX-License-Identifier: UNLICENSED\"" for non-open-source code. Please see https://spdx.org for more information.)"",exception (json.decoder.JSONDecodeError: Expecting value: line 1 column 1 (char 0))}"
contracts_output/contracts_output/gemini_contracts/gemini_contracts/3477.sol,3477.sol,slither-0.11.3,solidity,2025/09/14,20260225_2030,1772051512.450454,2.9093453884124756,1,{},{},{EXIT_CODE_1},"{""analysis unsuccessful, check output.json"",""error parsing results: file could not be opened successfully:
- method gz: ReadError('empty file')
- method bz2: ReadError('not a bzip2 file')
- method xz: ReadError('not an lzma file')
- method tar: ReadError('empty file')"",""exception (crytic_compile.platform.exceptions.InvalidCompilation: Invalid solc compilation Warning: SPDX license identifier not provided in source file. Before publishing, consider adding a comment containing \""SPDX-License-Identifier: <SPDX-License>\"" to each source file. Use \""SPDX-License-Identifier: UNLICENSED\"" for non-open-source code. Please see https://spdx.org for more information.)"",exception (json.decoder.JSONDecodeError: Expecting value: line 1 column 1 (char 0))}"
contracts_output/contracts_output/gemini_contracts/gemini_contracts/3500.sol,3500.sol,slither-0.11.3,solidity,2025/09/14,20260225_2030,1772051473.5251164,3.1112191677093506,1,{},{},{EXIT_CODE_1},"{""analysis unsuccessful, check output.json"",""error parsing results: file could not be opened successfully:
- method gz: ReadError('empty file')
- method bz2: ReadError('not a bzip2 file')
- method xz: ReadError('not an lzma file')
- method tar: ReadError('empty file')"",""exception (crytic_compile.platform.exceptions.InvalidCompilation: Invalid solc compilation Warning: SPDX license identifier not provided in source file. Before publishing, consider adding a comment containing \""SPDX-License-Identifier: <SPDX-License>\"" to each source file. Use \""SPDX-License-Identifier: UNLICENSED\"" for non-open-source code. Please see https://spdx.org for more information.)"",exception (json.decoder.JSONDecodeError: Expecting value: line 1 column 1 (char 0))}"
contracts_output/contracts_output/gemini_contracts/gemini_contracts/3520.sol,3520.sol,slither-0.11.3,solidity,2025/09/14,20260225_2030,1772051559.7222197,3.1102347373962402,1,{},{},{EXIT_CODE_1},"{""analysis unsuccessful, check output.json"",""error parsing results: file could not be opened successfully:
- method gz: ReadError('empty file')
- method bz2: ReadError('not a bzip2 file')
- method xz: ReadError('not an lzma file')
- method tar: ReadError('empty file')"",""exception (crytic_compile.platform.exceptions.InvalidCompilation: Invalid solc compilation Warning: SPDX license identifier not provided in source file. Before publishing, consider adding a comment containing \""SPDX-License-Identifier: <SPDX-License>\"" to each source file. Use \""SPDX-License-Identifier: UNLICENSED\"" for non-open-source code. Please see https://spdx.org for more information.)"",exception (json.decoder.JSONDecodeError: Expecting value: line 1 column 1 (char 0))}"
contracts_output/contracts_output/gemini_contracts/gemini_contracts/3570.sol,3570.sol,slither-0.11.3,solidity,2025/09/14,20260225_2030,1772051415.118452,2.3198788166046143,1,{},{},{EXIT_CODE_1},"{""analysis unsuccessful, check output.json"",""error parsing results: file could not be opened successfully:
- method gz: ReadError('empty file')
- method bz2: ReadError('not a bzip2 file')
- method xz: ReadError('not an lzma file')
- method tar: ReadError('empty file')"",""exception (crytic_compile.platform.exceptions.InvalidCompilation: Invalid solc compilation Warning: SPDX license identifier not provided in source file. Before publishing, consider adding a comment containing \""SPDX-License-Identifier: <SPDX-License>\"" to each source file. Use \""SPDX-License-Identifier: UNLICENSED\"" for non-open-source code. Please see https://spdx.org for more information.)"",exception (json.decoder.JSONDecodeError: Expecting value: line 1 column 1 (char 0))}"
contracts_output/contracts_output/gemini_contracts/gemini_contracts/3576.sol,3576.sol,slither-0.11.3,solidity,2025/09/14,20260225_2030,1772051443.2530744,3.0652997493743896,1,{},{},{EXIT_CODE_1},"{""analysis unsuccessful, check output.json"",""error parsing results: file could not be opened successfully:
- method gz: ReadError('empty file')
- method bz2: ReadError('not a bzip2 file')
- method xz: ReadError('not an lzma file')
- method tar: ReadError('empty file')"",""exception (crytic_compile.platform.exceptions.InvalidCompilation: Invalid solc compilation Warning: SPDX license identifier not provided in source file. Before publishing, consider adding a comment containing \""SPDX-License-Identifier: <SPDX-License>\"" to each source file. Use \""SPDX-License-Identifier: UNLICENSED\"" for non-open-source code. Please see https://spdx.org for more information.)"",exception (json.decoder.JSONDecodeError: Expecting value: line 1 column 1 (char 0))}"
contracts_output/contracts_output/gemini_contracts/gemini_contracts/3580.sol,3580.sol,slither-0.11.3,solidity,2025/09/14,20260225_2030,1772051493.933873,2.9401707649230957,1,{},{},{EXIT_CODE_1},"{""analysis unsuccessful, check output.json"",""error parsing results: file could not be opened successfully:
- method gz: ReadError('empty file')
- method bz2: ReadError('not a bzip2 file')
- method xz: ReadError('not an lzma file')
- method tar: ReadError('empty file')"",""exception (crytic_compile.platform.exceptions.InvalidCompilation: Invalid solc compilation Warning: SPDX license identifier not provided in source file. Before publishing, consider adding a comment containing \""SPDX-License-Identifier: <SPDX-License>\"" to each source file. Use \""SPDX-License-Identifier: UNLICENSED\"" for non-open-source code. Please see https://spdx.org for more information.)"",exception (json.decoder.JSONDecodeError: Expecting value: line 1 column 1 (char 0))}"
contracts_output/contracts_output/gemini_contracts/gemini_contracts/36.sol,36.sol,slither-0.11.3,solidity,2025/09/14,20260225_2030,1772051437.3841445,2.815613269805908,1,{},{},{EXIT_CODE_1},"{""analysis unsuccessful, check output.json"",""error parsing results: file could not be opened successfully:
- method gz: ReadError('empty file')
- method bz2: ReadError('not a bzip2 file')
- method xz: ReadError('not an lzma file')
- method tar: ReadError('empty file')"",""exception (crytic_compile.platform.exceptions.InvalidCompilation: Invalid solc compilation Warning: SPDX license identifier not provided in source file. Before publishing, consider adding a comment containing \""SPDX-License-Identifier: <SPDX-License>\"" to each source file. Use \""SPDX-License-Identifier: UNLICENSED\"" for non-open-source code. Please see https://spdx.org for more information.)"",exception (json.decoder.JSONDecodeError: Expecting value: line 1 column 1 (char 0))}"
contracts_output/contracts_output/gemini_contracts/gemini_contracts/3604.sol,3604.sol,slither-0.11.3,solidity,2025/09/14,20260225_2030,1772051470.1818242,3.342376232147217,1,{},{},{EXIT_CODE_1},"{""analysis unsuccessful, check output.json"",""error parsing results: file could not be opened successfully:
- method gz: ReadError('empty file')
- method bz2: ReadError('not a bzip2 file')
- method xz: ReadError('not an lzma file')
- method tar: ReadError('empty file')"",exception (crytic_compile.platform.exceptions.InvalidCompilation: Invalid solc compilation Error: Expected primary expression.),exception (json.decoder.JSONDecodeError: Expecting value: line 1 column 1 (char 0))}"
contracts_output/contracts_output/gemini_contracts/gemini_contracts/3619.sol,3619.sol,slither-0.11.3,solidity,2025/09/14,20260225_2030,1772051489.5658255,3.3051884174346924,1,{},{},{EXIT_CODE_1},"{""analysis unsuccessful, check output.json"",""error parsing results: file could not be opened successfully:
- method gz: ReadError('empty file')
- method bz2: ReadError('not a bzip2 file')
- method xz: ReadError('not an lzma file')
- method tar: ReadError('empty file')"",""exception (crytic_compile.platform.exceptions.InvalidCompilation: Invalid solc compilation Warning: SPDX license identifier not provided in source file. Before publishing, consider adding a comment containing \""SPDX-License-Identifier: <SPDX-License>\"" to each source file. Use \""SPDX-License-Identifier: UNLICENSED\"" for non-open-source code. Please see https://spdx.org for more information.)"",exception (json.decoder.JSONDecodeError: Expecting value: line 1 column 1 (char 0))}"
contracts_output/contracts_output/gemini_contracts/gemini_contracts/3633.sol,3633.sol,slither-0.11.3,solidity,2025/09/14,20260225_2030,1772051466.7585685,3.057447910308838,1,{},{},{EXIT_CODE_1},"{""analysis unsuccessful, check output.json"",""error parsing results: file could not be opened successfully:
- method gz: ReadError('empty file')
- method bz2: ReadError('not a bzip2 file')
- method xz: ReadError('not an lzma file')
- method tar: ReadError('empty file')"",""exception (crytic_compile.platform.exceptions.InvalidCompilation: Invalid solc compilation Warning: SPDX license identifier not provided in source file. Before publishing, consider adding a comment containing \""SPDX-License-Identifier: <SPDX-License>\"" to each source file. Use \""SPDX-License-Identifier: UNLICENSED\"" for non-open-source code. Please see https://spdx.org for more information.)"",exception (json.decoder.JSONDecodeError: Expecting value: line 1 column 1 (char 0))}"
contracts_output/contracts_output/gemini_contracts/gemini_contracts/3644.sol,3644.sol,slither-0.11.3,solidity,2025/09/14,20260225_2030,1772051571.504641,3.0381410121917725,1,{},{},{EXIT_CODE_1},"{""analysis unsuccessful, check output.json"",""error parsing results: file could not be opened successfully:
- method gz: ReadError('empty file')
- method bz2: ReadError('not a bzip2 file')
- method xz: ReadError('not an lzma file')
- method tar: ReadError('empty file')"",""exception (crytic_compile.platform.exceptions.InvalidCompilation: Invalid solc compilation Error: Function, variable, struct or modifier declaration expected.)"",exception (json.decoder.JSONDecodeError: Expecting value: line 1 column 1 (char 0))}"
contracts_output/contracts_output/gemini_contracts/gemini_contracts/3650.sol,3650.sol,slither-0.11.3,solidity,2025/09/14,20260225_2030,1772051574.5943284,3.2639448642730713,1,{},{},{EXIT_CODE_1},"{""analysis unsuccessful, check output.json"",""error parsing results: file could not be opened successfully:
- method gz: ReadError('empty file')
- method bz2: ReadError('not a bzip2 file')
- method xz: ReadError('not an lzma file')
- method tar: ReadError('empty file')"",""exception (crytic_compile.platform.exceptions.InvalidCompilation: Invalid solc compilation Warning: SPDX license identifier not provided in source file. Before publishing, consider adding a comment containing \""SPDX-License-Identifier: <SPDX-License>\"" to each source file. Use \""SPDX-License-Identifier: UNLICENSED\"" for non-open-source code. Please see https://spdx.org for more information.)"",exception (json.decoder.JSONDecodeError: Expecting value: line 1 column 1 (char 0))}"
contracts_output/contracts_output/gemini_contracts/gemini_contracts/3662.sol,3662.sol,slither-0.11.3,solidity,2025/09/14,20260225_2030,1772051555.325553,3.2673885822296143,1,{},{},{EXIT_CODE_1},"{""analysis unsuccessful, check output.json"",""error parsing results: file could not be opened successfully:
- method gz: ReadError('empty file')
- method bz2: ReadError('not a bzip2 file')
- method xz: ReadError('not an lzma file')
- method tar: ReadError('empty file')"",""exception (crytic_compile.platform.exceptions.InvalidCompilation: Invalid solc compilation Warning: SPDX license identifier not provided in source file. Before publishing, consider adding a comment containing \""SPDX-License-Identifier: <SPDX-License>\"" to each source file. Use \""SPDX-License-Identifier: UNLICENSED\"" for non-open-source code. Please see https://spdx.org for more information.)"",exception (json.decoder.JSONDecodeError: Expecting value: line 1 column 1 (char 0))}"
contracts_output/contracts_output/gemini_contracts/gemini_contracts/3698.sol,3698.sol,slither-0.11.3,solidity,2025/09/14,20260225_2030,1772051482.9583883,2.9691288471221924,1,{},{},{EXIT_CODE_1},"{""analysis unsuccessful, check output.json"",""error parsing results: file could not be opened successfully:
- method gz: ReadError('empty file')
- method bz2: ReadError('not a bzip2 file')
- method xz: ReadError('not an lzma file')
- method tar: ReadError('empty file')"",""exception (crytic_compile.platform.exceptions.InvalidCompilation: Invalid solc compilation Error: Function, variable, struct or modifier declaration expected.)"",exception (json.decoder.JSONDecodeError: Expecting value: line 1 column 1 (char 0))}"
contracts_output/contracts_output/gemini_contracts/gemini_contracts/3704.sol,3704.sol,slither-0.11.3,solidity,2025/09/14,20260225_2030,1772051523.5796993,3.013120651245117,1,{},{},{EXIT_CODE_1},"{""analysis unsuccessful, check output.json"",""error parsing results: file could not be opened successfully:
- method gz: ReadError('empty file')
- method bz2: ReadError('not a bzip2 file')
- method xz: ReadError('not an lzma file')
- method tar: ReadError('empty file')"",""exception (crytic_compile.platform.exceptions.InvalidCompilation: Invalid solc compilation Warning: SPDX license identifier not provided in source file. Before publishing, consider adding a comment containing \""SPDX-License-Identifier: <SPDX-License>\"" to each source file. Use \""SPDX-License-Identifier: UNLICENSED\"" for non-open-source code. Please see https://spdx.org for more information.)"",exception (json.decoder.JSONDecodeError: Expecting value: line 1 column 1 (char 0))}"
contracts_output/contracts_output/gemini_contracts/gemini_contracts/3719.sol,3719.sol,slither-0.11.3,solidity,2025/09/14,20260225_2030,1772051428.560618,2.939098834991455,1,{},{},{EXIT_CODE_1},"{""analysis unsuccessful, check output.json"",""error parsing results: file could not be opened successfully:
- method gz: ReadError('empty file')
- method bz2: ReadError('not a bzip2 file')
- method xz: ReadError('not an lzma file')
- method tar: ReadError('empty file')"",""exception (crytic_compile.platform.exceptions.InvalidCompilation: Invalid solc compilation Warning: SPDX license identifier not provided in source file. Before publishing, consider adding a comment containing \""SPDX-License-Identifier: <SPDX-License>\"" to each source file. Use \""SPDX-License-Identifier: UNLICENSED\"" for non-open-source code. Please see https://spdx.org for more information.)"",exception (json.decoder.JSONDecodeError: Expecting value: line 1 column 1 (char 0))}"
contracts_output/contracts_output/gemini_contracts/gemini_contracts/3727.sol,3727.sol,slither-0.11.3,solidity,2025/09/14,20260225_2030,1772051471.6418576,3.017441511154175,1,{},{},{EXIT_CODE_1},"{""analysis unsuccessful, check output.json"",""error parsing results: file could not be opened successfully:
- method gz: ReadError('empty file')
- method bz2: ReadError('not a bzip2 file')
- method xz: ReadError('not an lzma file')
- method tar: ReadError('empty file')"",""exception (crytic_compile.platform.exceptions.InvalidCompilation: Invalid solc compilation Warning: SPDX license identifier not provided in source file. Before publishing, consider adding a comment containing \""SPDX-License-Identifier: <SPDX-License>\"" to each source file. Use \""SPDX-License-Identifier: UNLICENSED\"" for non-open-source code. Please see https://spdx.org for more information.)"",exception (json.decoder.JSONDecodeError: Expecting value: line 1 column 1 (char 0))}"
contracts_output/contracts_output/gemini_contracts/gemini_contracts/3728.sol,3728.sol,slither-0.11.3,solidity,2025/09/14,20260225_2030,1772051504.8194814,2.7804133892059326,1,{},{},{EXIT_CODE_1},"{""analysis unsuccessful, check output.json"",""error parsing results: file could not be opened successfully:
- method gz: ReadError('empty file')
- method bz2: ReadError('not a bzip2 file')
- method xz: ReadError('not an lzma file')
- method tar: ReadError('empty file')"",""exception (crytic_compile.platform.exceptions.InvalidCompilation: Invalid solc compilation Warning: SPDX license identifier not provided in source file. Before publishing, consider adding a comment containing \""SPDX-License-Identifier: <SPDX-License>\"" to each source file. Use \""SPDX-License-Identifier: UNLICENSED\"" for non-open-source code. Please see https://spdx.org for more information.)"",exception (json.decoder.JSONDecodeError: Expecting value: line 1 column 1 (char 0))}"
contracts_output/contracts_output/gemini_contracts/gemini_contracts/3748.sol,3748.sol,slither-0.11.3,solidity,2025/09/14,20260225_2030,1772051558.0258305,3.143918514251709,1,{},{},{EXIT_CODE_1},"{""analysis unsuccessful, check output.json"",""error parsing results: file could not be opened successfully:
- method gz: ReadError('empty file')
- method bz2: ReadError('not a bzip2 file')
- method xz: ReadError('not an lzma file')
- method tar: ReadError('empty file')"",""exception (crytic_compile.platform.exceptions.InvalidCompilation: Invalid solc compilation Error: Expected ',' but got ';')"",exception (json.decoder.JSONDecodeError: Expecting value: line 1 column 1 (char 0))}"
contracts_output/contracts_output/gemini_contracts/gemini_contracts/3756.sol,3756.sol,slither-0.11.3,solidity,2025/09/14,20260225_2030,1772051541.9293072,3.0939223766326904,1,{},{},{EXIT_CODE_1},"{""analysis unsuccessful, check output.json"",""error parsing results: file could not be opened successfully:
- method gz: ReadError('empty file')
- method bz2: ReadError('not a bzip2 file')
- method xz: ReadError('not an lzma file')
- method tar: ReadError('empty file')"",""exception (crytic_compile.platform.exceptions.InvalidCompilation: Invalid solc compilation Warning: SPDX license identifier not provided in source file. Before publishing, consider adding a comment containing \""SPDX-License-Identifier: <SPDX-License>\"" to each source file. Use \""SPDX-License-Identifier: UNLICENSED\"" for non-open-source code. Please see https://spdx.org for more information.)"",exception (json.decoder.JSONDecodeError: Expecting value: line 1 column 1 (char 0))}"
contracts_output/contracts_output/gemini_contracts/gemini_contracts/3776.sol,3776.sol,slither-0.11.3,solidity,2025/09/14,20260225_2030,1772051451.7073128,2.9181694984436035,1,{},{},{EXIT_CODE_1},"{""analysis unsuccessful, check output.json"",""error parsing results: file could not be opened successfully:
- method gz: ReadError('empty file')
- method bz2: ReadError('not a bzip2 file')
- method xz: ReadError('not an lzma file')
- method tar: ReadError('empty file')"",""exception (crytic_compile.platform.exceptions.InvalidCompilation: Invalid solc compilation Warning: SPDX license identifier not provided in source file. Before publishing, consider adding a comment containing \""SPDX-License-Identifier: <SPDX-License>\"" to each source file. Use \""SPDX-License-Identifier: UNLICENSED\"" for non-open-source code. Please see https://spdx.org for more information.)"",exception (json.decoder.JSONDecodeError: Expecting value: line 1 column 1 (char 0))}"
contracts_output/contracts_output/gemini_contracts/gemini_contracts/3785.sol,3785.sol,slither-0.11.3,solidity,2025/09/14,20260225_2030,1772051418.072096,2.8867669105529785,1,{},{},{EXIT_CODE_1},"{""analysis unsuccessful, check output.json"",""error parsing results: file could not be opened successfully:
- method gz: ReadError('empty file')
- method bz2: ReadError('not a bzip2 file')
- method xz: ReadError('not an lzma file')
- method tar: ReadError('empty file')"",""exception (crytic_compile.platform.exceptions.InvalidCompilation: Invalid solc compilation Warning: SPDX license identifier not provided in source file. Before publishing, consider adding a comment containing \""SPDX-License-Identifier: <SPDX-License>\"" to each source file. Use \""SPDX-License-Identifier: UNLICENSED\"" for non-open-source code. Please see https://spdx.org for more information.)"",exception (json.decoder.JSONDecodeError: Expecting value: line 1 column 1 (char 0))}"
contracts_output/contracts_output/gemini_contracts/gemini_contracts/3793.sol,3793.sol,slither-0.11.3,solidity,2025/09/14,20260225_2030,1772051541.9036503,3.1227357387542725,1,{},{},{EXIT_CODE_1},"{""analysis unsuccessful, check output.json"",""error parsing results: file could not be opened successfully:
- method gz: ReadError('empty file')
- method bz2: ReadError('not a bzip2 file')
- method xz: ReadError('not an lzma file')
- method tar: ReadError('empty file')"",""exception (crytic_compile.platform.exceptions.InvalidCompilation: Invalid solc compilation Warning: SPDX license identifier not provided in source file. Before publishing, consider adding a comment containing \""SPDX-License-Identifier: <SPDX-License>\"" to each source file. Use \""SPDX-License-Identifier: UNLICENSED\"" for non-open-source code. Please see https://spdx.org for more information.)"",exception (json.decoder.JSONDecodeError: Expecting value: line 1 column 1 (char 0))}"
contracts_output/contracts_output/gemini_contracts/gemini_contracts/381.sol,381.sol,slither-0.11.3,solidity,2025/09/14,20260225_2030,1772051476.5311553,2.8706326484680176,1,{},{},{EXIT_CODE_1},"{""analysis unsuccessful, check output.json"",""error parsing results: file could not be opened successfully:
- method gz: ReadError('empty file')
- method bz2: ReadError('not a bzip2 file')
- method xz: ReadError('not an lzma file')
- method tar: ReadError('empty file')"",""exception (crytic_compile.platform.exceptions.InvalidCompilation: Invalid solc compilation Warning: SPDX license identifier not provided in source file. Before publishing, consider adding a comment containing \""SPDX-License-Identifier: <SPDX-License>\"" to each source file. Use \""SPDX-License-Identifier: UNLICENSED\"" for non-open-source code. Please see https://spdx.org for more information.)"",exception (json.decoder.JSONDecodeError: Expecting value: line 1 column 1 (char 0))}"
contracts_output/contracts_output/gemini_contracts/gemini_contracts/382.sol,382.sol,slither-0.11.3,solidity,2025/09/14,20260225_2030,1772051535.504578,3.0652291774749756,1,{},{},{EXIT_CODE_1},"{""analysis unsuccessful, check output.json"",""error parsing results: file could not be opened successfully:
- method gz: ReadError('empty file')
- method bz2: ReadError('not a bzip2 file')
- method xz: ReadError('not an lzma file')
- method tar: ReadError('empty file')"",""exception (crytic_compile.platform.exceptions.InvalidCompilation: Invalid solc compilation Warning: SPDX license identifier not provided in source file. Before publishing, consider adding a comment containing \""SPDX-License-Identifier: <SPDX-License>\"" to each source file. Use \""SPDX-License-Identifier: UNLICENSED\"" for non-open-source code. Please see https://spdx.org for more information.)"",exception (json.decoder.JSONDecodeError: Expecting value: line 1 column 1 (char 0))}"
contracts_output/contracts_output/gemini_contracts/gemini_contracts/3857.sol,3857.sol,slither-0.11.3,solidity,2025/09/14,20260225_2030,1772051423.954874,3.128870964050293,1,{},{},{EXIT_CODE_1},"{""analysis unsuccessful, check output.json"",""error parsing results: file could not be opened successfully:
- method gz: ReadError('empty file')
- method bz2: ReadError('not a bzip2 file')
- method xz: ReadError('not an lzma file')
- method tar: ReadError('empty file')"",""exception (crytic_compile.platform.exceptions.InvalidCompilation: Invalid solc compilation Warning: SPDX license identifier not provided in source file. Before publishing, consider adding a comment containing \""SPDX-License-Identifier: <SPDX-License>\"" to each source file. Use \""SPDX-License-Identifier: UNLICENSED\"" for non-open-source code. Please see https://spdx.org for more information.)"",exception (json.decoder.JSONDecodeError: Expecting value: line 1 column 1 (char 0))}"
contracts_output/contracts_output/gemini_contracts/gemini_contracts/3863.sol,3863.sol,slither-0.11.3,solidity,2025/09/14,20260225_2030,1772051557.1319878,3.116809844970703,1,{},{},{EXIT_CODE_1},"{""analysis unsuccessful, check output.json"",""error parsing results: file could not be opened successfully:
- method gz: ReadError('empty file')
- method bz2: ReadError('not a bzip2 file')
- method xz: ReadError('not an lzma file')
- method tar: ReadError('empty file')"",""exception (crytic_compile.platform.exceptions.InvalidCompilation: Invalid solc compilation Error: Function, variable, struct or modifier declaration expected.)"",exception (json.decoder.JSONDecodeError: Expecting value: line 1 column 1 (char 0))}"
contracts_output/contracts_output/gemini_contracts/gemini_contracts/3881.sol,3881.sol,slither-0.11.3,solidity,2025/09/14,20260225_2030,1772051509.2045255,3.1908113956451416,1,{},{},{EXIT_CODE_1},"{""analysis unsuccessful, check output.json"",""error parsing results: file could not be opened successfully:
- method gz: ReadError('empty file')
- method bz2: ReadError('not a bzip2 file')
- method xz: ReadError('not an lzma file')
- method tar: ReadError('empty file')"",""exception (crytic_compile.platform.exceptions.InvalidCompilation: Invalid solc compilation Warning: SPDX license identifier not provided in source file. Before publishing, consider adding a comment containing \""SPDX-License-Identifier: <SPDX-License>\"" to each source file. Use \""SPDX-License-Identifier: UNLICENSED\"" for non-open-source code. Please see https://spdx.org for more information.)"",exception (json.decoder.JSONDecodeError: Expecting value: line 1 column 1 (char 0))}"
contracts_output/contracts_output/gemini_contracts/gemini_contracts/3890.sol,3890.sol,slither-0.11.3,solidity,2025/09/14,20260225_2030,1772051461.049521,3.102970838546753,1,{},{},{EXIT_CODE_1},"{""analysis unsuccessful, check output.json"",""error parsing results: file could not be opened successfully:
- method gz: ReadError('empty file')
- method bz2: ReadError('not a bzip2 file')
- method xz: ReadError('not an lzma file')
- method tar: ReadError('empty file')"",""exception (crytic_compile.platform.exceptions.InvalidCompilation: Invalid solc compilation Warning: SPDX license identifier not provided in source file. Before publishing, consider adding a comment containing \""SPDX-License-Identifier: <SPDX-License>\"" to each source file. Use \""SPDX-License-Identifier: UNLICENSED\"" for non-open-source code. Please see https://spdx.org for more information.)"",exception (json.decoder.JSONDecodeError: Expecting value: line 1 column 1 (char 0))}"
contracts_output/contracts_output/gemini_contracts/gemini_contracts/3893.sol,3893.sol,slither-0.11.3,solidity,2025/09/14,20260225_2030,1772051469.2959435,2.8640999794006348,1,{},{},{EXIT_CODE_1},"{""analysis unsuccessful, check output.json"",""error parsing results: file could not be opened successfully:
- method gz: ReadError('empty file')
- method bz2: ReadError('not a bzip2 file')
- method xz: ReadError('not an lzma file')
- method tar: ReadError('empty file')"",""exception (crytic_compile.platform.exceptions.InvalidCompilation: Invalid solc compilation Warning: SPDX license identifier not provided in source file. Before publishing, consider adding a comment containing \""SPDX-License-Identifier: <SPDX-License>\"" to each source file. Use \""SPDX-License-Identifier: UNLICENSED\"" for non-open-source code. Please see https://spdx.org for more information.)"",exception (json.decoder.JSONDecodeError: Expecting value: line 1 column 1 (char 0))}"
contracts_output/contracts_output/gemini_contracts/gemini_contracts/3896.sol,3896.sol,slither-0.11.3,solidity,2025/09/14,20260225_2030,1772051439.6479146,3.0393166542053223,1,{},{},{EXIT_CODE_1},"{""analysis unsuccessful, check output.json"",""error parsing results: file could not be opened successfully:
- method gz: ReadError('empty file')
- method bz2: ReadError('not a bzip2 file')
- method xz: ReadError('not an lzma file')
- method tar: ReadError('empty file')"",""exception (crytic_compile.platform.exceptions.InvalidCompilation: Invalid solc compilation Warning: SPDX license identifier not provided in source file. Before publishing, consider adding a comment containing \""SPDX-License-Identifier: <SPDX-License>\"" to each source file. Use \""SPDX-License-Identifier: UNLICENSED\"" for non-open-source code. Please see https://spdx.org for more information.)"",exception (json.decoder.JSONDecodeError: Expecting value: line 1 column 1 (char 0))}"
contracts_output/contracts_output/gemini_contracts/gemini_contracts/39.sol,39.sol,slither-0.11.3,solidity,2025/09/14,20260225_2030,1772051544.197158,2.834526538848877,1,{},{},{EXIT_CODE_1},"{""analysis unsuccessful, check output.json"",""error parsing results: file could not be opened successfully:
- method gz: ReadError('empty file')
- method bz2: ReadError('not a bzip2 file')
- method xz: ReadError('not an lzma file')
- method tar: ReadError('empty file')"",""exception (crytic_compile.platform.exceptions.InvalidCompilation: Invalid solc compilation Warning: SPDX license identifier not provided in source file. Before publishing, consider adding a comment containing \""SPDX-License-Identifier: <SPDX-License>\"" to each source file. Use \""SPDX-License-Identifier: UNLICENSED\"" for non-open-source code. Please see https://spdx.org for more information.)"",exception (json.decoder.JSONDecodeError: Expecting value: line 1 column 1 (char 0))}"
contracts_output/contracts_output/gemini_contracts/gemini_contracts/3939.sol,3939.sol,slither-0.11.3,solidity,2025/09/14,20260225_2030,1772051541.757916,3.035093069076538,1,{},{},{EXIT_CODE_1},"{""analysis unsuccessful, check output.json"",""error parsing results: file could not be opened successfully:
- method gz: ReadError('empty file')
- method bz2: ReadError('not a bzip2 file')
- method xz: ReadError('not an lzma file')
- method tar: ReadError('empty file')"",""exception (crytic_compile.platform.exceptions.InvalidCompilation: Invalid solc compilation Warning: SPDX license identifier not provided in source file. Before publishing, consider adding a comment containing \""SPDX-License-Identifier: <SPDX-License>\"" to each source file. Use \""SPDX-License-Identifier: UNLICENSED\"" for non-open-source code. Please see https://spdx.org for more information.)"",exception (json.decoder.JSONDecodeError: Expecting value: line 1 column 1 (char 0))}"
contracts_output/contracts_output/gemini_contracts/gemini_contracts/3988.sol,3988.sol,slither-0.11.3,solidity,2025/09/14,20260225_2030,1772051528.494451,2.8871216773986816,1,{},{},{EXIT_CODE_1},"{""analysis unsuccessful, check output.json"",""error parsing results: file could not be opened successfully:
- method gz: ReadError('empty file')
- method bz2: ReadError('not a bzip2 file')
- method xz: ReadError('not an lzma file')
- method tar: ReadError('empty file')"",""exception (crytic_compile.platform.exceptions.InvalidCompilation: Invalid solc compilation Warning: SPDX license identifier not provided in source file. Before publishing, consider adding a comment containing \""SPDX-License-Identifier: <SPDX-License>\"" to each source file. Use \""SPDX-License-Identifier: UNLICENSED\"" for non-open-source code. Please see https://spdx.org for more information.)"",exception (json.decoder.JSONDecodeError: Expecting value: line 1 column 1 (char 0))}"
contracts_output/contracts_output/gemini_contracts/gemini_contracts/3990.sol,3990.sol,slither-0.11.3,solidity,2025/09/14,20260225_2030,1772051438.2467628,3.204756736755371,1,{},{},{EXIT_CODE_1},"{""analysis unsuccessful, check output.json"",""error parsing results: file could not be opened successfully:
- method gz: ReadError('empty file')
- method bz2: ReadError('not a bzip2 file')
- method xz: ReadError('not an lzma file')
- method tar: ReadError('empty file')"",""exception (crytic_compile.platform.exceptions.InvalidCompilation: Invalid solc compilation Warning: SPDX license identifier not provided in source file. Before publishing, consider adding a comment containing \""SPDX-License-Identifier: <SPDX-License>\"" to each source file. Use \""SPDX-License-Identifier: UNLICENSED\"" for non-open-source code. Please see https://spdx.org for more information.)"",exception (json.decoder.JSONDecodeError: Expecting value: line 1 column 1 (char 0))}"
contracts_output/contracts_output/gemini_contracts/gemini_contracts/4001.sol,4001.sol,slither-0.11.3,solidity,2025/09/14,20260225_2030,1772051491.2708359,2.987515449523926,1,{},{},{EXIT_CODE_1},"{""analysis unsuccessful, check output.json"",""error parsing results: file could not be opened successfully:
- method gz: ReadError('empty file')
- method bz2: ReadError('not a bzip2 file')
- method xz: ReadError('not an lzma file')
- method tar: ReadError('empty file')"",""exception (crytic_compile.platform.exceptions.InvalidCompilation: Invalid solc compilation Warning: SPDX license identifier not provided in source file. Before publishing, consider adding a comment containing \""SPDX-License-Identifier: <SPDX-License>\"" to each source file. Use \""SPDX-License-Identifier: UNLICENSED\"" for non-open-source code. Please see https://spdx.org for more information.)"",exception (json.decoder.JSONDecodeError: Expecting value: line 1 column 1 (char 0))}"
contracts_output/contracts_output/gemini_contracts/gemini_contracts/4005.sol,4005.sol,slither-0.11.3,solidity,2025/09/14,20260225_2030,1772051560.914498,3.0347726345062256,1,{},{},{EXIT_CODE_1},"{""analysis unsuccessful, check output.json"",""error parsing results: file could not be opened successfully:
- method gz: ReadError('empty file')
- method bz2: ReadError('not a bzip2 file')
- method xz: ReadError('not an lzma file')
- method tar: ReadError('empty file')"",""exception (crytic_compile.platform.exceptions.InvalidCompilation: Invalid solc compilation Error: Function, variable, struct or modifier declaration expected.)"",exception (json.decoder.JSONDecodeError: Expecting value: line 1 column 1 (char 0))}"
contracts_output/contracts_output/gemini_contracts/gemini_contracts/402.sol,402.sol,slither-0.11.3,solidity,2025/09/14,20260225_2030,1772051532.5810633,3.222139358520508,1,{},{},{EXIT_CODE_1},"{""analysis unsuccessful, check output.json"",""error parsing results: file could not be opened successfully:
- method gz: ReadError('empty file')
- method bz2: ReadError('not a bzip2 file')
- method xz: ReadError('not an lzma file')
- method tar: ReadError('empty file')"",""exception (crytic_compile.platform.exceptions.InvalidCompilation: Invalid solc compilation Warning: SPDX license identifier not provided in source file. Before publishing, consider adding a comment containing \""SPDX-License-Identifier: <SPDX-License>\"" to each source file. Use \""SPDX-License-Identifier: UNLICENSED\"" for non-open-source code. Please see https://spdx.org for more information.)"",exception (json.decoder.JSONDecodeError: Expecting value: line 1 column 1 (char 0))}"
contracts_output/contracts_output/gemini_contracts/gemini_contracts/4025.sol,4025.sol,slither-0.11.3,solidity,2025/09/14,20260225_2030,1772051552.2660315,3.0587151050567627,1,{},{},{EXIT_CODE_1},"{""analysis unsuccessful, check output.json"",""error parsing results: file could not be opened successfully:
- method gz: ReadError('empty file')
- method bz2: ReadError('not a bzip2 file')
- method xz: ReadError('not an lzma file')
- method tar: ReadError('empty file')"",""exception (crytic_compile.platform.exceptions.InvalidCompilation: Invalid solc compilation Warning: SPDX license identifier not provided in source file. Before publishing, consider adding a comment containing \""SPDX-License-Identifier: <SPDX-License>\"" to each source file. Use \""SPDX-License-Identifier: UNLICENSED\"" for non-open-source code. Please see https://spdx.org for more information.)"",exception (json.decoder.JSONDecodeError: Expecting value: line 1 column 1 (char 0))}"
contracts_output/contracts_output/gemini_contracts/gemini_contracts/4047.sol,4047.sol,slither-0.11.3,solidity,2025/09/14,20260225_2030,1772051495.400741,3.087247133255005,1,{},{},{EXIT_CODE_1},"{""analysis unsuccessful, check output.json"",""error parsing results: file could not be opened successfully:
- method gz: ReadError('empty file')
- method bz2: ReadError('not a bzip2 file')
- method xz: ReadError('not an lzma file')
- method tar: ReadError('empty file')"",""exception (crytic_compile.platform.exceptions.InvalidCompilation: Invalid solc compilation Warning: SPDX license identifier not provided in source file. Before publishing, consider adding a comment containing \""SPDX-License-Identifier: <SPDX-License>\"" to each source file. Use \""SPDX-License-Identifier: UNLICENSED\"" for non-open-source code. Please see https://spdx.org for more information.)"",exception (json.decoder.JSONDecodeError: Expecting value: line 1 column 1 (char 0))}"
contracts_output/contracts_output/gemini_contracts/gemini_contracts/4051.sol,4051.sol,slither-0.11.3,solidity,2025/09/14,20260225_2030,1772051534.451119,2.721397876739502,1,{},{},{EXIT_CODE_1},"{""analysis unsuccessful, check output.json"",""error parsing results: file could not be opened successfully:
- method gz: ReadError('empty file')
- method bz2: ReadError('not a bzip2 file')
- method xz: ReadError('not an lzma file')
- method tar: ReadError('empty file')"",""exception (crytic_compile.platform.exceptions.InvalidCompilation: Invalid solc compilation Warning: SPDX license identifier not provided in source file. Before publishing, consider adding a comment containing \""SPDX-License-Identifier: <SPDX-License>\"" to each source file. Use \""SPDX-License-Identifier: UNLICENSED\"" for non-open-source code. Please see https://spdx.org for more information.)"",exception (json.decoder.JSONDecodeError: Expecting value: line 1 column 1 (char 0))}"
contracts_output/contracts_output/gemini_contracts/gemini_contracts/4079.sol,4079.sol,slither-0.11.3,solidity,2025/09/14,20260225_2030,1772051543.0361488,3.340238571166992,1,{},{},{EXIT_CODE_1},"{""analysis unsuccessful, check output.json"",""error parsing results: file could not be opened successfully:
- method gz: ReadError('empty file')
- method bz2: ReadError('not a bzip2 file')
- method xz: ReadError('not an lzma file')
- method tar: ReadError('empty file')"",""exception (crytic_compile.platform.exceptions.InvalidCompilation: Invalid solc compilation Warning: SPDX license identifier not provided in source file. Before publishing, consider adding a comment containing \""SPDX-License-Identifier: <SPDX-License>\"" to each source file. Use \""SPDX-License-Identifier: UNLICENSED\"" for non-open-source code. Please see https://spdx.org for more information.)"",exception (json.decoder.JSONDecodeError: Expecting value: line 1 column 1 (char 0))}"
contracts_output/contracts_output/gemini_contracts/gemini_contracts/4083.sol,4083.sol,slither-0.11.3,solidity,2025/09/14,20260225_2030,1772051434.3156283,2.849543333053589,1,{},{},{EXIT_CODE_1},"{""analysis unsuccessful, check output.json"",""error parsing results: file could not be opened successfully:
- method gz: ReadError('empty file')
- method bz2: ReadError('not a bzip2 file')
- method xz: ReadError('not an lzma file')
- method tar: ReadError('empty file')"",""exception (crytic_compile.platform.exceptions.InvalidCompilation: Invalid solc compilation Warning: SPDX license identifier not provided in source file. Before publishing, consider adding a comment containing \""SPDX-License-Identifier: <SPDX-License>\"" to each source file. Use \""SPDX-License-Identifier: UNLICENSED\"" for non-open-source code. Please see https://spdx.org for more information.)"",exception (json.decoder.JSONDecodeError: Expecting value: line 1 column 1 (char 0))}"
contracts_output/contracts_output/gemini_contracts/gemini_contracts/4086.sol,4086.sol,slither-0.11.3,solidity,2025/09/14,20260225_2030,1772051569.7329772,3.133901357650757,1,{},{},{EXIT_CODE_1},"{""analysis unsuccessful, check output.json"",""error parsing results: file could not be opened successfully:
- method gz: ReadError('empty file')
- method bz2: ReadError('not a bzip2 file')
- method xz: ReadError('not an lzma file')
- method tar: ReadError('empty file')"",""exception (crytic_compile.platform.exceptions.InvalidCompilation: Invalid solc compilation Warning: SPDX license identifier not provided in source file. Before publishing, consider adding a comment containing \""SPDX-License-Identifier: <SPDX-License>\"" to each source file. Use \""SPDX-License-Identifier: UNLICENSED\"" for non-open-source code. Please see https://spdx.org for more information.)"",exception (json.decoder.JSONDecodeError: Expecting value: line 1 column 1 (char 0))}"
contracts_output/contracts_output/gemini_contracts/gemini_contracts/4148.sol,4148.sol,slither-0.11.3,solidity,2025/09/14,20260225_2030,1772051449.511174,3.0691542625427246,1,{},{},{EXIT_CODE_1},"{""analysis unsuccessful, check output.json"",""error parsing results: file could not be opened successfully:
- method gz: ReadError('empty file')
- method bz2: ReadError('not a bzip2 file')
- method xz: ReadError('not an lzma file')
- method tar: ReadError('empty file')"",""exception (crytic_compile.platform.exceptions.InvalidCompilation: Invalid solc compilation Warning: SPDX license identifier not provided in source file. Before publishing, consider adding a comment containing \""SPDX-License-Identifier: <SPDX-License>\"" to each source file. Use \""SPDX-License-Identifier: UNLICENSED\"" for non-open-source code. Please see https://spdx.org for more information.)"",exception (json.decoder.JSONDecodeError: Expecting value: line 1 column 1 (char 0))}"
contracts_output/contracts_output/gemini_contracts/gemini_contracts/4173.sol,4173.sol,slither-0.11.3,solidity,2025/09/14,20260225_2030,1772051572.867995,2.9151611328125,1,{},{},{EXIT_CODE_1},"{""analysis unsuccessful, check output.json"",""error parsing results: file could not be opened successfully:
- method gz: ReadError('empty file')
- method bz2: ReadError('not a bzip2 file')
- method xz: ReadError('not an lzma file')
- method tar: ReadError('empty file')"",""exception (crytic_compile.platform.exceptions.InvalidCompilation: Invalid solc compilation Warning: SPDX license identifier not provided in source file. Before publishing, consider adding a comment containing \""SPDX-License-Identifier: <SPDX-License>\"" to each source file. Use \""SPDX-License-Identifier: UNLICENSED\"" for non-open-source code. Please see https://spdx.org for more information.)"",exception (json.decoder.JSONDecodeError: Expecting value: line 1 column 1 (char 0))}"
contracts_output/contracts_output/gemini_contracts/gemini_contracts/4185.sol,4185.sol,slither-0.11.3,solidity,2025/09/14,20260225_2030,1772051449.7162912,3.0485236644744873,1,{},{},{EXIT_CODE_1},"{""analysis unsuccessful, check output.json"",""error parsing results: file could not be opened successfully:
- method gz: ReadError('empty file')
- method bz2: ReadError('not a bzip2 file')
- method xz: ReadError('not an lzma file')
- method tar: ReadError('empty file')"",""exception (crytic_compile.platform.exceptions.InvalidCompilation: Invalid solc compilation Warning: SPDX license identifier not provided in source file. Before publishing, consider adding a comment containing \""SPDX-License-Identifier: <SPDX-License>\"" to each source file. Use \""SPDX-License-Identifier: UNLICENSED\"" for non-open-source code. Please see https://spdx.org for more information.)"",exception (json.decoder.JSONDecodeError: Expecting value: line 1 column 1 (char 0))}"
contracts_output/contracts_output/gemini_contracts/gemini_contracts/4219.sol,4219.sol,slither-0.11.3,solidity,2025/09/14,20260225_2030,1772051460.844827,2.8908579349517822,1,{},{},{EXIT_CODE_1},"{""analysis unsuccessful, check output.json"",""error parsing results: file could not be opened successfully:
- method gz: ReadError('empty file')
- method bz2: ReadError('not a bzip2 file')
- method xz: ReadError('not an lzma file')
- method tar: ReadError('empty file')"",""exception (crytic_compile.platform.exceptions.InvalidCompilation: Invalid solc compilation Warning: SPDX license identifier not provided in source file. Before publishing, consider adding a comment containing \""SPDX-License-Identifier: <SPDX-License>\"" to each source file. Use \""SPDX-License-Identifier: UNLICENSED\"" for non-open-source code. Please see https://spdx.org for more information.)"",exception (json.decoder.JSONDecodeError: Expecting value: line 1 column 1 (char 0))}"
contracts_output/contracts_output/gemini_contracts/gemini_contracts/4258.sol,4258.sol,slither-0.11.3,solidity,2025/09/14,20260225_2030,1772051510.8470094,3.024547815322876,1,{},{},{EXIT_CODE_1},"{""analysis unsuccessful, check output.json"",""error parsing results: file could not be opened successfully:
- method gz: ReadError('empty file')
- method bz2: ReadError('not a bzip2 file')
- method xz: ReadError('not an lzma file')
- method tar: ReadError('empty file')"",""exception (crytic_compile.platform.exceptions.InvalidCompilation: Invalid solc compilation Warning: SPDX license identifier not provided in source file. Before publishing, consider adding a comment containing \""SPDX-License-Identifier: <SPDX-License>\"" to each source file. Use \""SPDX-License-Identifier: UNLICENSED\"" for non-open-source code. Please see https://spdx.org for more information.)"",exception (json.decoder.JSONDecodeError: Expecting value: line 1 column 1 (char 0))}"
contracts_output/contracts_output/gemini_contracts/gemini_contracts/4267.sol,4267.sol,slither-0.11.3,solidity,2025/09/14,20260225_2030,1772051494.044433,3.3089263439178467,1,{},{},{EXIT_CODE_1},"{""analysis unsuccessful, check output.json"",""error parsing results: file could not be opened successfully:
- method gz: ReadError('empty file')
- method bz2: ReadError('not a bzip2 file')
- method xz: ReadError('not an lzma file')
- method tar: ReadError('empty file')"",""exception (crytic_compile.platform.exceptions.InvalidCompilation: Invalid solc compilation Warning: SPDX license identifier not provided in source file. Before publishing, consider adding a comment containing \""SPDX-License-Identifier: <SPDX-License>\"" to each source file. Use \""SPDX-License-Identifier: UNLICENSED\"" for non-open-source code. Please see https://spdx.org for more information.)"",exception (json.decoder.JSONDecodeError: Expecting value: line 1 column 1 (char 0))}"
contracts_output/contracts_output/gemini_contracts/gemini_contracts/4301.sol,4301.sol,slither-0.11.3,solidity,2025/09/14,20260225_2030,1772051537.173821,2.931328296661377,1,{},{},{EXIT_CODE_1},"{""analysis unsuccessful, check output.json"",""error parsing results: file could not be opened successfully:
- method gz: ReadError('empty file')
- method bz2: ReadError('not a bzip2 file')
- method xz: ReadError('not an lzma file')
- method tar: ReadError('empty file')"",""exception (crytic_compile.platform.exceptions.InvalidCompilation: Invalid solc compilation Warning: SPDX license identifier not provided in source file. Before publishing, consider adding a comment containing \""SPDX-License-Identifier: <SPDX-License>\"" to each source file. Use \""SPDX-License-Identifier: UNLICENSED\"" for non-open-source code. Please see https://spdx.org for more information.)"",exception (json.decoder.JSONDecodeError: Expecting value: line 1 column 1 (char 0))}"
contracts_output/contracts_output/gemini_contracts/gemini_contracts/4311.sol,4311.sol,slither-0.11.3,solidity,2025/09/14,20260225_2030,1772051558.0502336,3.168445587158203,1,{},{},{EXIT_CODE_1},"{""analysis unsuccessful, check output.json"",""error parsing results: file could not be opened successfully:
- method gz: ReadError('empty file')
- method bz2: ReadError('not a bzip2 file')
- method xz: ReadError('not an lzma file')
- method tar: ReadError('empty file')"",""exception (crytic_compile.platform.exceptions.InvalidCompilation: Invalid solc compilation Warning: SPDX license identifier not provided in source file. Before publishing, consider adding a comment containing \""SPDX-License-Identifier: <SPDX-License>\"" to each source file. Use \""SPDX-License-Identifier: UNLICENSED\"" for non-open-source code. Please see https://spdx.org for more information.)"",exception (json.decoder.JSONDecodeError: Expecting value: line 1 column 1 (char 0))}"
contracts_output/contracts_output/gemini_contracts/gemini_contracts/4342.sol,4342.sol,slither-0.11.3,solidity,2025/09/14,20260225_2030,1772051436.2581387,3.388659954071045,1,{},{},{EXIT_CODE_1},"{""analysis unsuccessful, check output.json"",""error parsing results: file could not be opened successfully:
- method gz: ReadError('empty file')
- method bz2: ReadError('not a bzip2 file')
- method xz: ReadError('not an lzma file')
- method tar: ReadError('empty file')"",""exception (crytic_compile.platform.exceptions.InvalidCompilation: Invalid solc compilation Warning: SPDX license identifier not provided in source file. Before publishing, consider adding a comment containing \""SPDX-License-Identifier: <SPDX-License>\"" to each source file. Use \""SPDX-License-Identifier: UNLICENSED\"" for non-open-source code. Please see https://spdx.org for more information.)"",exception (json.decoder.JSONDecodeError: Expecting value: line 1 column 1 (char 0))}"
contracts_output/contracts_output/gemini_contracts/gemini_contracts/4344.sol,4344.sol,slither-0.11.3,solidity,2025/09/14,20260225_2030,1772051417.1818564,3.0146901607513428,1,{},{},{EXIT_CODE_1},"{""analysis unsuccessful, check output.json"",""error parsing results: file could not be opened successfully:
- method gz: ReadError('empty file')
- method bz2: ReadError('not a bzip2 file')
- method xz: ReadError('not an lzma file')
- method tar: ReadError('empty file')"",""exception (crytic_compile.platform.exceptions.InvalidCompilation: Invalid solc compilation Warning: SPDX license identifier not provided in source file. Before publishing, consider adding a comment containing \""SPDX-License-Identifier: <SPDX-License>\"" to each source file. Use \""SPDX-License-Identifier: UNLICENSED\"" for non-open-source code. Please see https://spdx.org for more information.)"",exception (json.decoder.JSONDecodeError: Expecting value: line 1 column 1 (char 0))}"
contracts_output/contracts_output/gemini_contracts/gemini_contracts/4397.sol,4397.sol,slither-0.11.3,solidity,2025/09/14,20260225_2030,1772051418.0116656,2.762911319732666,1,{},{},{EXIT_CODE_1},"{""analysis unsuccessful, check output.json"",""error parsing results: file could not be opened successfully:
- method gz: ReadError('empty file')
- method bz2: ReadError('not a bzip2 file')
- method xz: ReadError('not an lzma file')
- method tar: ReadError('empty file')"",""exception (crytic_compile.platform.exceptions.InvalidCompilation: Invalid solc compilation Warning: SPDX license identifier not provided in source file. Before publishing, consider adding a comment containing \""SPDX-License-Identifier: <SPDX-License>\"" to each source file. Use \""SPDX-License-Identifier: UNLICENSED\"" for non-open-source code. Please see https://spdx.org for more information.)"",exception (json.decoder.JSONDecodeError: Expecting value: line 1 column 1 (char 0))}"
contracts_output/contracts_output/gemini_contracts/gemini_contracts/4411.sol,4411.sol,slither-0.11.3,solidity,2025/09/14,20260225_2030,1772051555.988224,2.7992141246795654,1,{},{},{EXIT_CODE_1},"{""analysis unsuccessful, check output.json"",""error parsing results: file could not be opened successfully:
- method gz: ReadError('empty file')
- method bz2: ReadError('not a bzip2 file')
- method xz: ReadError('not an lzma file')
- method tar: ReadError('empty file')"",""exception (crytic_compile.platform.exceptions.InvalidCompilation: Invalid solc compilation Warning: SPDX license identifier not provided in source file. Before publishing, consider adding a comment containing \""SPDX-License-Identifier: <SPDX-License>\"" to each source file. Use \""SPDX-License-Identifier: UNLICENSED\"" for non-open-source code. Please see https://spdx.org for more information.)"",exception (json.decoder.JSONDecodeError: Expecting value: line 1 column 1 (char 0))}"
contracts_output/contracts_output/gemini_contracts/gemini_contracts/4418.sol,4418.sol,slither-0.11.3,solidity,2025/09/14,20260225_2030,1772051426.5539167,2.9303438663482666,1,{},{},{EXIT_CODE_1},"{""analysis unsuccessful, check output.json"",""error parsing results: file could not be opened successfully:
- method gz: ReadError('empty file')
- method bz2: ReadError('not a bzip2 file')
- method xz: ReadError('not an lzma file')
- method tar: ReadError('empty file')"",""exception (crytic_compile.platform.exceptions.InvalidCompilation: Invalid solc compilation Warning: SPDX license identifier not provided in source file. Before publishing, consider adding a comment containing \""SPDX-License-Identifier: <SPDX-License>\"" to each source file. Use \""SPDX-License-Identifier: UNLICENSED\"" for non-open-source code. Please see https://spdx.org for more information.)"",exception (json.decoder.JSONDecodeError: Expecting value: line 1 column 1 (char 0))}"
contracts_output/contracts_output/gemini_contracts/gemini_contracts/442.sol,442.sol,slither-0.11.3,solidity,2025/09/14,20260225_2030,1772051480.3424206,2.7488346099853516,1,{},{},{EXIT_CODE_1},"{""analysis unsuccessful, check output.json"",""error parsing results: file could not be opened successfully:
- method gz: ReadError('empty file')
- method bz2: ReadError('not a bzip2 file')
- method xz: ReadError('not an lzma file')
- method tar: ReadError('empty file')"",""exception (crytic_compile.platform.exceptions.InvalidCompilation: Invalid solc compilation Warning: SPDX license identifier not provided in source file. Before publishing, consider adding a comment containing \""SPDX-License-Identifier: <SPDX-License>\"" to each source file. Use \""SPDX-License-Identifier: UNLICENSED\"" for non-open-source code. Please see https://spdx.org for more information.)"",exception (json.decoder.JSONDecodeError: Expecting value: line 1 column 1 (char 0))}"
contracts_output/contracts_output/gemini_contracts/gemini_contracts/4437.sol,4437.sol,slither-0.11.3,solidity,2025/09/14,20260225_2030,1772051578.0713925,2.9833786487579346,1,{},{},{EXIT_CODE_1},"{""analysis unsuccessful, check output.json"",""error parsing results: file could not be opened successfully:
- method gz: ReadError('empty file')
- method bz2: ReadError('not a bzip2 file')
- method xz: ReadError('not an lzma file')
- method tar: ReadError('empty file')"",""exception (crytic_compile.platform.exceptions.InvalidCompilation: Invalid solc compilation Warning: SPDX license identifier not provided in source file. Before publishing, consider adding a comment containing \""SPDX-License-Identifier: <SPDX-License>\"" to each source file. Use \""SPDX-License-Identifier: UNLICENSED\"" for non-open-source code. Please see https://spdx.org for more information.)"",exception (json.decoder.JSONDecodeError: Expecting value: line 1 column 1 (char 0))}"
contracts_output/contracts_output/gemini_contracts/gemini_contracts/4464.sol,4464.sol,slither-0.11.3,solidity,2025/09/14,20260225_2030,1772051558.5272713,2.8412532806396484,1,{},{},{EXIT_CODE_1},"{""analysis unsuccessful, check output.json"",""error parsing results: file could not be opened successfully:
- method gz: ReadError('empty file')
- method bz2: ReadError('not a bzip2 file')
- method xz: ReadError('not an lzma file')
- method tar: ReadError('empty file')"",""exception (crytic_compile.platform.exceptions.InvalidCompilation: Invalid solc compilation Warning: SPDX license identifier not provided in source file. Before publishing, consider adding a comment containing \""SPDX-License-Identifier: <SPDX-License>\"" to each source file. Use \""SPDX-License-Identifier: UNLICENSED\"" for non-open-source code. Please see https://spdx.org for more information.)"",exception (json.decoder.JSONDecodeError: Expecting value: line 1 column 1 (char 0))}"
contracts_output/contracts_output/gemini_contracts/gemini_contracts/4481.sol,4481.sol,slither-0.11.3,solidity,2025/09/14,20260225_2030,1772051578.254172,3.0161380767822266,1,{},{},{EXIT_CODE_1},"{""analysis unsuccessful, check output.json"",""error parsing results: file could not be opened successfully:
- method gz: ReadError('empty file')
- method bz2: ReadError('not a bzip2 file')
- method xz: ReadError('not an lzma file')
- method tar: ReadError('empty file')"",""exception (crytic_compile.platform.exceptions.InvalidCompilation: Invalid solc compilation Warning: SPDX license identifier not provided in source file. Before publishing, consider adding a comment containing \""SPDX-License-Identifier: <SPDX-License>\"" to each source file. Use \""SPDX-License-Identifier: UNLICENSED\"" for non-open-source code. Please see https://spdx.org for more information.)"",exception (json.decoder.JSONDecodeError: Expecting value: line 1 column 1 (char 0))}"
contracts_output/contracts_output/gemini_contracts/gemini_contracts/4491.sol,4491.sol,slither-0.11.3,solidity,2025/09/14,20260225_2030,1772051581.9715638,2.7678303718566895,1,{},{},{EXIT_CODE_1},"{""analysis unsuccessful, check output.json"",""error parsing results: file could not be opened successfully:
- method gz: ReadError('empty file')
- method bz2: ReadError('not a bzip2 file')
- method xz: ReadError('not an lzma file')
- method tar: ReadError('empty file')"",""exception (crytic_compile.platform.exceptions.InvalidCompilation: Invalid solc compilation Error: Function, variable, struct or modifier declaration expected.)"",exception (json.decoder.JSONDecodeError: Expecting value: line 1 column 1 (char 0))}"
contracts_output/contracts_output/gemini_contracts/gemini_contracts/4496.sol,4496.sol,slither-0.11.3,solidity,2025/09/14,20260225_2030,1772051538.4613752,3.0707342624664307,1,{},{},{EXIT_CODE_1},"{""analysis unsuccessful, check output.json"",""error parsing results: file could not be opened successfully:
- method gz: ReadError('empty file')
- method bz2: ReadError('not a bzip2 file')
- method xz: ReadError('not an lzma file')
- method tar: ReadError('empty file')"",""exception (crytic_compile.platform.exceptions.InvalidCompilation: Invalid solc compilation Warning: SPDX license identifier not provided in source file. Before publishing, consider adding a comment containing \""SPDX-License-Identifier: <SPDX-License>\"" to each source file. Use \""SPDX-License-Identifier: UNLICENSED\"" for non-open-source code. Please see https://spdx.org for more information.)"",exception (json.decoder.JSONDecodeError: Expecting value: line 1 column 1 (char 0))}"
contracts_output/contracts_output/gemini_contracts/gemini_contracts/4517.sol,4517.sol,slither-0.11.3,solidity,2025/09/14,20260225_2030,1772051437.8473086,2.6881814002990723,1,{},{},{EXIT_CODE_1},"{""analysis unsuccessful, check output.json"",""error parsing results: file could not be opened successfully:
- method gz: ReadError('empty file')
- method bz2: ReadError('not a bzip2 file')
- method xz: ReadError('not an lzma file')
- method tar: ReadError('empty file')"",exception (crytic_compile.platform.exceptions.InvalidCompilation: Invalid solc compilation Error: Unexpected trailing comma in parameter list.),exception (json.decoder.JSONDecodeError: Expecting value: line 1 column 1 (char 0))}"
contracts_output/contracts_output/gemini_contracts/gemini_contracts/4527.sol,4527.sol,slither-0.11.3,solidity,2025/09/14,20260225_2030,1772051560.9821923,3.048347234725952,1,{},{},{EXIT_CODE_1},"{""analysis unsuccessful, check output.json"",""error parsing results: file could not be opened successfully:
- method gz: ReadError('empty file')
- method bz2: ReadError('not a bzip2 file')
- method xz: ReadError('not an lzma file')
- method tar: ReadError('empty file')"",""exception (crytic_compile.platform.exceptions.InvalidCompilation: Invalid solc compilation Error: Function, variable, struct or modifier declaration expected.)"",exception (json.decoder.JSONDecodeError: Expecting value: line 1 column 1 (char 0))}"
contracts_output/contracts_output/gemini_contracts/gemini_contracts/4553.sol,4553.sol,slither-0.11.3,solidity,2025/09/14,20260225_2030,1772051524.2676091,3.1757302284240723,1,{},{},{EXIT_CODE_1},"{""analysis unsuccessful, check output.json"",""error parsing results: file could not be opened successfully:
- method gz: ReadError('empty file')
- method bz2: ReadError('not a bzip2 file')
- method xz: ReadError('not an lzma file')
- method tar: ReadError('empty file')"",""exception (crytic_compile.platform.exceptions.InvalidCompilation: Invalid solc compilation Warning: SPDX license identifier not provided in source file. Before publishing, consider adding a comment containing \""SPDX-License-Identifier: <SPDX-License>\"" to each source file. Use \""SPDX-License-Identifier: UNLICENSED\"" for non-open-source code. Please see https://spdx.org for more information.)"",exception (json.decoder.JSONDecodeError: Expecting value: line 1 column 1 (char 0))}"
contracts_output/contracts_output/gemini_contracts/gemini_contracts/4560.sol,4560.sol,slither-0.11.3,solidity,2025/09/14,20260225_2030,1772051449.4715736,2.998443126678467,1,{},{},{EXIT_CODE_1},"{""analysis unsuccessful, check output.json"",""error parsing results: file could not be opened successfully:
- method gz: ReadError('empty file')
- method bz2: ReadError('not a bzip2 file')
- method xz: ReadError('not an lzma file')
- method tar: ReadError('empty file')"",""exception (crytic_compile.platform.exceptions.InvalidCompilation: Invalid solc compilation Warning: SPDX license identifier not provided in source file. Before publishing, consider adding a comment containing \""SPDX-License-Identifier: <SPDX-License>\"" to each source file. Use \""SPDX-License-Identifier: UNLICENSED\"" for non-open-source code. Please see https://spdx.org for more information.)"",exception (json.decoder.JSONDecodeError: Expecting value: line 1 column 1 (char 0))}"
contracts_output/contracts_output/gemini_contracts/gemini_contracts/4562.sol,4562.sol,slither-0.11.3,solidity,2025/09/14,20260225_2030,1772051531.707076,2.925157308578491,1,{},{},{EXIT_CODE_1},"{""analysis unsuccessful, check output.json"",""error parsing results: file could not be opened successfully:
- method gz: ReadError('empty file')
- method bz2: ReadError('not a bzip2 file')
- method xz: ReadError('not an lzma file')
- method tar: ReadError('empty file')"",""exception (crytic_compile.platform.exceptions.InvalidCompilation: Invalid solc compilation Warning: SPDX license identifier not provided in source file. Before publishing, consider adding a comment containing \""SPDX-License-Identifier: <SPDX-License>\"" to each source file. Use \""SPDX-License-Identifier: UNLICENSED\"" for non-open-source code. Please see https://spdx.org for more information.)"",exception (json.decoder.JSONDecodeError: Expecting value: line 1 column 1 (char 0))}"
contracts_output/contracts_output/gemini_contracts/gemini_contracts/4567.sol,4567.sol,slither-0.11.3,solidity,2025/09/14,20260225_2030,1772051534.9445255,2.7295145988464355,1,{},{},{EXIT_CODE_1},"{""analysis unsuccessful, check output.json"",""error parsing results: file could not be opened successfully:
- method gz: ReadError('empty file')
- method bz2: ReadError('not a bzip2 file')
- method xz: ReadError('not an lzma file')
- method tar: ReadError('empty file')"",""exception (crytic_compile.platform.exceptions.InvalidCompilation: Invalid solc compilation Warning: SPDX license identifier not provided in source file. Before publishing, consider adding a comment containing \""SPDX-License-Identifier: <SPDX-License>\"" to each source file. Use \""SPDX-License-Identifier: UNLICENSED\"" for non-open-source code. Please see https://spdx.org for more information.)"",exception (json.decoder.JSONDecodeError: Expecting value: line 1 column 1 (char 0))}"
contracts_output/contracts_output/gemini_contracts/gemini_contracts/4568.sol,4568.sol,slither-0.11.3,solidity,2025/09/14,20260225_2030,1772051514.896457,3.2344486713409424,1,{},{},{EXIT_CODE_1},"{""analysis unsuccessful, check output.json"",""error parsing results: file could not be opened successfully:
- method gz: ReadError('empty file')
- method bz2: ReadError('not a bzip2 file')
- method xz: ReadError('not an lzma file')
- method tar: ReadError('empty file')"",""exception (crytic_compile.platform.exceptions.InvalidCompilation: Invalid solc compilation Warning: SPDX license identifier not provided in source file. Before publishing, consider adding a comment containing \""SPDX-License-Identifier: <SPDX-License>\"" to each source file. Use \""SPDX-License-Identifier: UNLICENSED\"" for non-open-source code. Please see https://spdx.org for more information.)"",exception (json.decoder.JSONDecodeError: Expecting value: line 1 column 1 (char 0))}"
contracts_output/contracts_output/gemini_contracts/gemini_contracts/4569.sol,4569.sol,slither-0.11.3,solidity,2025/09/14,20260225_2030,1772051487.1571133,2.835754632949829,1,{},{},{EXIT_CODE_1},"{""analysis unsuccessful, check output.json"",""error parsing results: file could not be opened successfully:
- method gz: ReadError('empty file')
- method bz2: ReadError('not a bzip2 file')
- method xz: ReadError('not an lzma file')
- method tar: ReadError('empty file')"",""exception (crytic_compile.platform.exceptions.InvalidCompilation: Invalid solc compilation Warning: SPDX license identifier not provided in source file. Before publishing, consider adding a comment containing \""SPDX-License-Identifier: <SPDX-License>\"" to each source file. Use \""SPDX-License-Identifier: UNLICENSED\"" for non-open-source code. Please see https://spdx.org for more information.)"",exception (json.decoder.JSONDecodeError: Expecting value: line 1 column 1 (char 0))}"
contracts_output/contracts_output/gemini_contracts/gemini_contracts/4577.sol,4577.sol,slither-0.11.3,solidity,2025/09/14,20260225_2030,1772051562.55016,2.9864604473114014,1,{},{},{EXIT_CODE_1},"{""analysis unsuccessful, check output.json"",""error parsing results: file could not be opened successfully:
- method gz: ReadError('empty file')
- method bz2: ReadError('not a bzip2 file')
- method xz: ReadError('not an lzma file')
- method tar: ReadError('empty file')"",""exception (crytic_compile.platform.exceptions.InvalidCompilation: Invalid solc compilation Warning: SPDX license identifier not provided in source file. Before publishing, consider adding a comment containing \""SPDX-License-Identifier: <SPDX-License>\"" to each source file. Use \""SPDX-License-Identifier: UNLICENSED\"" for non-open-source code. Please see https://spdx.org for more information.)"",exception (json.decoder.JSONDecodeError: Expecting value: line 1 column 1 (char 0))}"
contracts_output/contracts_output/gemini_contracts/gemini_contracts/4581.sol,4581.sol,slither-0.11.3,solidity,2025/09/14,20260225_2030,1772051428.3659213,3.0439813137054443,1,{},{},{EXIT_CODE_1},"{""analysis unsuccessful, check output.json"",""error parsing results: file could not be opened successfully:
- method gz: ReadError('empty file')
- method bz2: ReadError('not a bzip2 file')
- method xz: ReadError('not an lzma file')
- method tar: ReadError('empty file')"",""exception (crytic_compile.platform.exceptions.InvalidCompilation: Invalid solc compilation Warning: SPDX license identifier not provided in source file. Before publishing, consider adding a comment containing \""SPDX-License-Identifier: <SPDX-License>\"" to each source file. Use \""SPDX-License-Identifier: UNLICENSED\"" for non-open-source code. Please see https://spdx.org for more information.)"",exception (json.decoder.JSONDecodeError: Expecting value: line 1 column 1 (char 0))}"
contracts_output/contracts_output/gemini_contracts/gemini_contracts/4592.sol,4592.sol,slither-0.11.3,solidity,2025/09/14,20260225_2030,1772051439.069064,3.0301826000213623,1,{},{},{EXIT_CODE_1},"{""analysis unsuccessful, check output.json"",""error parsing results: file could not be opened successfully:
- method gz: ReadError('empty file')
- method bz2: ReadError('not a bzip2 file')
- method xz: ReadError('not an lzma file')
- method tar: ReadError('empty file')"",""exception (crytic_compile.platform.exceptions.InvalidCompilation: Invalid solc compilation Error: Function, variable, struct or modifier declaration expected.)"",exception (json.decoder.JSONDecodeError: Expecting value: line 1 column 1 (char 0))}"
contracts_output/contracts_output/gemini_contracts/gemini_contracts/4597.sol,4597.sol,slither-0.11.3,solidity,2025/09/14,20260225_2030,1772051563.2744265,2.9904825687408447,1,{},{},{EXIT_CODE_1},"{""analysis unsuccessful, check output.json"",""error parsing results: file could not be opened successfully:
- method gz: ReadError('empty file')
- method bz2: ReadError('not a bzip2 file')
- method xz: ReadError('not an lzma file')
- method tar: ReadError('empty file')"",""exception (crytic_compile.platform.exceptions.InvalidCompilation: Invalid solc compilation Warning: SPDX license identifier not provided in source file. Before publishing, consider adding a comment containing \""SPDX-License-Identifier: <SPDX-License>\"" to each source file. Use \""SPDX-License-Identifier: UNLICENSED\"" for non-open-source code. Please see https://spdx.org for more information.)"",exception (json.decoder.JSONDecodeError: Expecting value: line 1 column 1 (char 0))}"
contracts_output/contracts_output/gemini_contracts/gemini_contracts/4609.sol,4609.sol,slither-0.11.3,solidity,2025/09/14,20260225_2030,1772051492.1262965,3.1403846740722656,1,{},{},{EXIT_CODE_1},"{""analysis unsuccessful, check output.json"",""error parsing results: file could not be opened successfully:
- method gz: ReadError('empty file')
- method bz2: ReadError('not a bzip2 file')
- method xz: ReadError('not an lzma file')
- method tar: ReadError('empty file')"",""exception (crytic_compile.platform.exceptions.InvalidCompilation: Invalid solc compilation Warning: SPDX license identifier not provided in source file. Before publishing, consider adding a comment containing \""SPDX-License-Identifier: <SPDX-License>\"" to each source file. Use \""SPDX-License-Identifier: UNLICENSED\"" for non-open-source code. Please see https://spdx.org for more information.)"",exception (json.decoder.JSONDecodeError: Expecting value: line 1 column 1 (char 0))}"
contracts_output/contracts_output/gemini_contracts/gemini_contracts/461.sol,461.sol,slither-0.11.3,solidity,2025/09/14,20260225_2030,1772051568.4381666,3.039900302886963,1,{},{},{EXIT_CODE_1},"{""analysis unsuccessful, check output.json"",""error parsing results: file could not be opened successfully:
- method gz: ReadError('empty file')
- method bz2: ReadError('not a bzip2 file')
- method xz: ReadError('not an lzma file')
- method tar: ReadError('empty file')"",""exception (crytic_compile.platform.exceptions.InvalidCompilation: Invalid solc compilation Warning: SPDX license identifier not provided in source file. Before publishing, consider adding a comment containing \""SPDX-License-Identifier: <SPDX-License>\"" to each source file. Use \""SPDX-License-Identifier: UNLICENSED\"" for non-open-source code. Please see https://spdx.org for more information.)"",exception (json.decoder.JSONDecodeError: Expecting value: line 1 column 1 (char 0))}"
contracts_output/contracts_output/gemini_contracts/gemini_contracts/4614.sol,4614.sol,slither-0.11.3,solidity,2025/09/14,20260225_2030,1772051452.2148929,2.747504949569702,1,{},{},{EXIT_CODE_1},"{""analysis unsuccessful, check output.json"",""error parsing results: file could not be opened successfully:
- method gz: ReadError('empty file')
- method bz2: ReadError('not a bzip2 file')
- method xz: ReadError('not an lzma file')
- method tar: ReadError('empty file')"",""exception (crytic_compile.platform.exceptions.InvalidCompilation: Invalid solc compilation Warning: SPDX license identifier not provided in source file. Before publishing, consider adding a comment containing \""SPDX-License-Identifier: <SPDX-License>\"" to each source file. Use \""SPDX-License-Identifier: UNLICENSED\"" for non-open-source code. Please see https://spdx.org for more information.)"",exception (json.decoder.JSONDecodeError: Expecting value: line 1 column 1 (char 0))}"
contracts_output/contracts_output/gemini_contracts/gemini_contracts/4646.sol,4646.sol,slither-0.11.3,solidity,2025/09/14,20260225_2030,1772051559.238229,3.3108181953430176,1,{},{},{EXIT_CODE_1},"{""analysis unsuccessful, check output.json"",""error parsing results: file could not be opened successfully:
- method gz: ReadError('empty file')
- method bz2: ReadError('not a bzip2 file')
- method xz: ReadError('not an lzma file')
- method tar: ReadError('empty file')"",""exception (crytic_compile.platform.exceptions.InvalidCompilation: Invalid solc compilation Warning: SPDX license identifier not provided in source file. Before publishing, consider adding a comment containing \""SPDX-License-Identifier: <SPDX-License>\"" to each source file. Use \""SPDX-License-Identifier: UNLICENSED\"" for non-open-source code. Please see https://spdx.org for more information.)"",exception (json.decoder.JSONDecodeError: Expecting value: line 1 column 1 (char 0))}"
contracts_output/contracts_output/gemini_contracts/gemini_contracts/465.sol,465.sol,slither-0.11.3,solidity,2025/09/14,20260225_2030,1772051415.257888,3.018418788909912,1,{},{},{EXIT_CODE_1},"{""analysis unsuccessful, check output.json"",""error parsing results: file could not be opened successfully:
- method gz: ReadError('empty file')
- method bz2: ReadError('not a bzip2 file')
- method xz: ReadError('not an lzma file')
- method tar: ReadError('empty file')"",""exception (crytic_compile.platform.exceptions.InvalidCompilation: Invalid solc compilation Warning: SPDX license identifier not provided in source file. Before publishing, consider adding a comment containing \""SPDX-License-Identifier: <SPDX-License>\"" to each source file. Use \""SPDX-License-Identifier: UNLICENSED\"" for non-open-source code. Please see https://spdx.org for more information.)"",exception (json.decoder.JSONDecodeError: Expecting value: line 1 column 1 (char 0))}"
contracts_output/contracts_output/gemini_contracts/gemini_contracts/4661.sol,4661.sol,slither-0.11.3,solidity,2025/09/14,20260225_2030,1772051556.5462277,3.077946186065674,1,{},{},{EXIT_CODE_1},"{""analysis unsuccessful, check output.json"",""error parsing results: file could not be opened successfully:
- method gz: ReadError('empty file')
- method bz2: ReadError('not a bzip2 file')
- method xz: ReadError('not an lzma file')
- method tar: ReadError('empty file')"",""exception (crytic_compile.platform.exceptions.InvalidCompilation: Invalid solc compilation Error: Function, variable, struct or modifier declaration expected.)"",exception (json.decoder.JSONDecodeError: Expecting value: line 1 column 1 (char 0))}"
contracts_output/contracts_output/gemini_contracts/gemini_contracts/4669.sol,4669.sol,slither-0.11.3,solidity,2025/09/14,20260225_2030,1772051532.1748965,3.398730754852295,1,{},{},{EXIT_CODE_1},"{""analysis unsuccessful, check output.json"",""error parsing results: file could not be opened successfully:
- method gz: ReadError('empty file')
- method bz2: ReadError('not a bzip2 file')
- method xz: ReadError('not an lzma file')
- method tar: ReadError('empty file')"",""exception (crytic_compile.platform.exceptions.InvalidCompilation: Invalid solc compilation Warning: SPDX license identifier not provided in source file. Before publishing, consider adding a comment containing \""SPDX-License-Identifier: <SPDX-License>\"" to each source file. Use \""SPDX-License-Identifier: UNLICENSED\"" for non-open-source code. Please see https://spdx.org for more information.)"",exception (json.decoder.JSONDecodeError: Expecting value: line 1 column 1 (char 0))}"
contracts_output/contracts_output/gemini_contracts/gemini_contracts/467.sol,467.sol,slither-0.11.3,solidity,2025/09/14,20260225_2030,1772051513.064593,2.9380760192871094,1,{},{},{EXIT_CODE_1},"{""analysis unsuccessful, check output.json"",""error parsing results: file could not be opened successfully:
- method gz: ReadError('empty file')
- method bz2: ReadError('not a bzip2 file')
- method xz: ReadError('not an lzma file')
- method tar: ReadError('empty file')"",""exception (crytic_compile.platform.exceptions.InvalidCompilation: Invalid solc compilation Warning: SPDX license identifier not provided in source file. Before publishing, consider adding a comment containing \""SPDX-License-Identifier: <SPDX-License>\"" to each source file. Use \""SPDX-License-Identifier: UNLICENSED\"" for non-open-source code. Please see https://spdx.org for more information.)"",exception (json.decoder.JSONDecodeError: Expecting value: line 1 column 1 (char 0))}"
contracts_output/contracts_output/gemini_contracts/gemini_contracts/4675.sol,4675.sol,slither-0.11.3,solidity,2025/09/14,20260225_2030,1772051430.5516045,2.903992176055908,1,{},{},{EXIT_CODE_1},"{""analysis unsuccessful, check output.json"",""error parsing results: file could not be opened successfully:
- method gz: ReadError('empty file')
- method bz2: ReadError('not a bzip2 file')
- method xz: ReadError('not an lzma file')
- method tar: ReadError('empty file')"",""exception (crytic_compile.platform.exceptions.InvalidCompilation: Invalid solc compilation Warning: SPDX license identifier not provided in source file. Before publishing, consider adding a comment containing \""SPDX-License-Identifier: <SPDX-License>\"" to each source file. Use \""SPDX-License-Identifier: UNLICENSED\"" for non-open-source code. Please see https://spdx.org for more information.)"",exception (json.decoder.JSONDecodeError: Expecting value: line 1 column 1 (char 0))}"
contracts_output/contracts_output/gemini_contracts/gemini_contracts/4681.sol,4681.sol,slither-0.11.3,solidity,2025/09/14,20260225_2030,1772051567.0327017,2.885683059692383,1,{},{},{EXIT_CODE_1},"{""analysis unsuccessful, check output.json"",""error parsing results: file could not be opened successfully:
- method gz: ReadError('empty file')
- method bz2: ReadError('not a bzip2 file')
- method xz: ReadError('not an lzma file')
- method tar: ReadError('empty file')"",""exception (crytic_compile.platform.exceptions.InvalidCompilation: Invalid solc compilation Warning: SPDX license identifier not provided in source file. Before publishing, consider adding a comment containing \""SPDX-License-Identifier: <SPDX-License>\"" to each source file. Use \""SPDX-License-Identifier: UNLICENSED\"" for non-open-source code. Please see https://spdx.org for more information.)"",exception (json.decoder.JSONDecodeError: Expecting value: line 1 column 1 (char 0))}"
contracts_output/contracts_output/gemini_contracts/gemini_contracts/4695.sol,4695.sol,slither-0.11.3,solidity,2025/09/14,20260225_2030,1772051445.4805586,2.813809394836426,1,{},{},{EXIT_CODE_1},"{""analysis unsuccessful, check output.json"",""error parsing results: file could not be opened successfully:
- method gz: ReadError('empty file')
- method bz2: ReadError('not a bzip2 file')
- method xz: ReadError('not an lzma file')
- method tar: ReadError('empty file')"",""exception (crytic_compile.platform.exceptions.InvalidCompilation: Invalid solc compilation Error: Function, variable, struct or modifier declaration expected.)"",exception (json.decoder.JSONDecodeError: Expecting value: line 1 column 1 (char 0))}"
contracts_output/contracts_output/gemini_contracts/gemini_contracts/4726.sol,4726.sol,slither-0.11.3,solidity,2025/09/14,20260225_2030,1772051577.5872686,2.9745876789093018,1,{},{},{EXIT_CODE_1},"{""analysis unsuccessful, check output.json"",""error parsing results: file could not be opened successfully:
- method gz: ReadError('empty file')
- method bz2: ReadError('not a bzip2 file')
- method xz: ReadError('not an lzma file')
- method tar: ReadError('empty file')"",""exception (crytic_compile.platform.exceptions.InvalidCompilation: Invalid solc compilation Warning: SPDX license identifier not provided in source file. Before publishing, consider adding a comment containing \""SPDX-License-Identifier: <SPDX-License>\"" to each source file. Use \""SPDX-License-Identifier: UNLICENSED\"" for non-open-source code. Please see https://spdx.org for more information.)"",exception (json.decoder.JSONDecodeError: Expecting value: line 1 column 1 (char 0))}"
contracts_output/contracts_output/gemini_contracts/gemini_contracts/4727.sol,4727.sol,slither-0.11.3,solidity,2025/09/14,20260225_2030,1772051576.006239,3.042224884033203,1,{},{},{EXIT_CODE_1},"{""analysis unsuccessful, check output.json"",""error parsing results: file could not be opened successfully:
- method gz: ReadError('empty file')
- method bz2: ReadError('not a bzip2 file')
- method xz: ReadError('not an lzma file')
- method tar: ReadError('empty file')"",exception (crytic_compile.platform.exceptions.InvalidCompilation: Invalid solc compilation Error: Expected ';' but got 'public'),exception (json.decoder.JSONDecodeError: Expecting value: line 1 column 1 (char 0))}"
contracts_output/contracts_output/gemini_contracts/gemini_contracts/474.sol,474.sol,slither-0.11.3,solidity,2025/09/14,20260225_2030,1772051524.6304786,3.201080322265625,1,{},{},{EXIT_CODE_1},"{""analysis unsuccessful, check output.json"",""error parsing results: file could not be opened successfully:
- method gz: ReadError('empty file')
- method bz2: ReadError('not a bzip2 file')
- method xz: ReadError('not an lzma file')
- method tar: ReadError('empty file')"",""exception (crytic_compile.platform.exceptions.InvalidCompilation: Invalid solc compilation Warning: SPDX license identifier not provided in source file. Before publishing, consider adding a comment containing \""SPDX-License-Identifier: <SPDX-License>\"" to each source file. Use \""SPDX-License-Identifier: UNLICENSED\"" for non-open-source code. Please see https://spdx.org for more information.)"",exception (json.decoder.JSONDecodeError: Expecting value: line 1 column 1 (char 0))}"
contracts_output/contracts_output/gemini_contracts/gemini_contracts/4746.sol,4746.sol,slither-0.11.3,solidity,2025/09/14,20260225_2030,1772051501.3393345,3.0111403465270996,1,{},{},{EXIT_CODE_1},"{""analysis unsuccessful, check output.json"",""error parsing results: file could not be opened successfully:
- method gz: ReadError('empty file')
- method bz2: ReadError('not a bzip2 file')
- method xz: ReadError('not an lzma file')
- method tar: ReadError('empty file')"",""exception (crytic_compile.platform.exceptions.InvalidCompilation: Invalid solc compilation Warning: SPDX license identifier not provided in source file. Before publishing, consider adding a comment containing \""SPDX-License-Identifier: <SPDX-License>\"" to each source file. Use \""SPDX-License-Identifier: UNLICENSED\"" for non-open-source code. Please see https://spdx.org for more information.)"",exception (json.decoder.JSONDecodeError: Expecting value: line 1 column 1 (char 0))}"
contracts_output/contracts_output/gemini_contracts/gemini_contracts/475.sol,475.sol,slither-0.11.3,solidity,2025/09/14,20260225_2030,1772051521.8377001,3.115138530731201,1,{},{},{EXIT_CODE_1},"{""analysis unsuccessful, check output.json"",""error parsing results: file could not be opened successfully:
- method gz: ReadError('empty file')
- method bz2: ReadError('not a bzip2 file')
- method xz: ReadError('not an lzma file')
- method tar: ReadError('empty file')"",""exception (crytic_compile.platform.exceptions.InvalidCompilation: Invalid solc compilation Warning: SPDX license identifier not provided in source file. Before publishing, consider adding a comment containing \""SPDX-License-Identifier: <SPDX-License>\"" to each source file. Use \""SPDX-License-Identifier: UNLICENSED\"" for non-open-source code. Please see https://spdx.org for more information.)"",exception (json.decoder.JSONDecodeError: Expecting value: line 1 column 1 (char 0))}"
contracts_output/contracts_output/gemini_contracts/gemini_contracts/476.sol,476.sol,slither-0.11.3,solidity,2025/09/14,20260225_2030,1772051557.500419,3.172727584838867,1,{},{},{EXIT_CODE_1},"{""analysis unsuccessful, check output.json"",""error parsing results: file could not be opened successfully:
- method gz: ReadError('empty file')
- method bz2: ReadError('not a bzip2 file')
- method xz: ReadError('not an lzma file')
- method tar: ReadError('empty file')"",""exception (crytic_compile.platform.exceptions.InvalidCompilation: Invalid solc compilation Warning: SPDX license identifier not provided in source file. Before publishing, consider adding a comment containing \""SPDX-License-Identifier: <SPDX-License>\"" to each source file. Use \""SPDX-License-Identifier: UNLICENSED\"" for non-open-source code. Please see https://spdx.org for more information.)"",exception (json.decoder.JSONDecodeError: Expecting value: line 1 column 1 (char 0))}"
contracts_output/contracts_output/gemini_contracts/gemini_contracts/4761.sol,4761.sol,slither-0.11.3,solidity,2025/09/14,20260225_2030,1772051571.247941,2.68758487701416,1,{},{},{EXIT_CODE_1},"{""analysis unsuccessful, check output.json"",""error parsing results: file could not be opened successfully:
- method gz: ReadError('empty file')
- method bz2: ReadError('not a bzip2 file')
- method xz: ReadError('not an lzma file')
- method tar: ReadError('empty file')"",""exception (crytic_compile.platform.exceptions.InvalidCompilation: Invalid solc compilation Warning: SPDX license identifier not provided in source file. Before publishing, consider adding a comment containing \""SPDX-License-Identifier: <SPDX-License>\"" to each source file. Use \""SPDX-License-Identifier: UNLICENSED\"" for non-open-source code. Please see https://spdx.org for more information.)"",exception (json.decoder.JSONDecodeError: Expecting value: line 1 column 1 (char 0))}"
contracts_output/contracts_output/gemini_contracts/gemini_contracts/4775.sol,4775.sol,slither-0.11.3,solidity,2025/09/14,20260225_2030,1772051455.4529545,3.175489664077759,1,{},{},{EXIT_CODE_1},"{""analysis unsuccessful, check output.json"",""error parsing results: file could not be opened successfully:
- method gz: ReadError('empty file')
- method bz2: ReadError('not a bzip2 file')
- method xz: ReadError('not an lzma file')
- method tar: ReadError('empty file')"",""exception (crytic_compile.platform.exceptions.InvalidCompilation: Invalid solc compilation Warning: SPDX license identifier not provided in source file. Before publishing, consider adding a comment containing \""SPDX-License-Identifier: <SPDX-License>\"" to each source file. Use \""SPDX-License-Identifier: UNLICENSED\"" for non-open-source code. Please see https://spdx.org for more information.)"",exception (json.decoder.JSONDecodeError: Expecting value: line 1 column 1 (char 0))}"
contracts_output/contracts_output/gemini_contracts/gemini_contracts/4790.sol,4790.sol,slither-0.11.3,solidity,2025/09/14,20260225_2030,1772051578.4156232,3.110304117202759,1,{},{},{EXIT_CODE_1},"{""analysis unsuccessful, check output.json"",""error parsing results: file could not be opened successfully:
- method gz: ReadError('empty file')
- method bz2: ReadError('not a bzip2 file')
- method xz: ReadError('not an lzma file')
- method tar: ReadError('empty file')"",""exception (crytic_compile.platform.exceptions.InvalidCompilation: Invalid solc compilation Warning: SPDX license identifier not provided in source file. Before publishing, consider adding a comment containing \""SPDX-License-Identifier: <SPDX-License>\"" to each source file. Use \""SPDX-License-Identifier: UNLICENSED\"" for non-open-source code. Please see https://spdx.org for more information.)"",exception (json.decoder.JSONDecodeError: Expecting value: line 1 column 1 (char 0))}"
contracts_output/contracts_output/gemini_contracts/gemini_contracts/4803.sol,4803.sol,slither-0.11.3,solidity,2025/09/14,20260225_2030,1772051461.6850104,3.0291924476623535,1,{},{},{EXIT_CODE_1},"{""analysis unsuccessful, check output.json"",""error parsing results: file could not be opened successfully:
- method gz: ReadError('empty file')
- method bz2: ReadError('not a bzip2 file')
- method xz: ReadError('not an lzma file')
- method tar: ReadError('empty file')"",""exception (crytic_compile.platform.exceptions.InvalidCompilation: Invalid solc compilation Warning: SPDX license identifier not provided in source file. Before publishing, consider adding a comment containing \""SPDX-License-Identifier: <SPDX-License>\"" to each source file. Use \""SPDX-License-Identifier: UNLICENSED\"" for non-open-source code. Please see https://spdx.org for more information.)"",exception (json.decoder.JSONDecodeError: Expecting value: line 1 column 1 (char 0))}"
contracts_output/contracts_output/gemini_contracts/gemini_contracts/4806.sol,4806.sol,slither-0.11.3,solidity,2025/09/14,20260225_2030,1772051574.5436006,3.007234811782837,1,{},{},{EXIT_CODE_1},"{""analysis unsuccessful, check output.json"",""error parsing results: file could not be opened successfully:
- method gz: ReadError('empty file')
- method bz2: ReadError('not a bzip2 file')
- method xz: ReadError('not an lzma file')
- method tar: ReadError('empty file')"",""exception (crytic_compile.platform.exceptions.InvalidCompilation: Invalid solc compilation Warning: SPDX license identifier not provided in source file. Before publishing, consider adding a comment containing \""SPDX-License-Identifier: <SPDX-License>\"" to each source file. Use \""SPDX-License-Identifier: UNLICENSED\"" for non-open-source code. Please see https://spdx.org for more information.)"",exception (json.decoder.JSONDecodeError: Expecting value: line 1 column 1 (char 0))}"
contracts_output/contracts_output/gemini_contracts/gemini_contracts/4823.sol,4823.sol,slither-0.11.3,solidity,2025/09/14,20260225_2030,1772051560.7183025,3.0409531593322754,1,{},{},{EXIT_CODE_1},"{""analysis unsuccessful, check output.json"",""error parsing results: file could not be opened successfully:
- method gz: ReadError('empty file')
- method bz2: ReadError('not a bzip2 file')
- method xz: ReadError('not an lzma file')
- method tar: ReadError('empty file')"",""exception (crytic_compile.platform.exceptions.InvalidCompilation: Invalid solc compilation Warning: SPDX license identifier not provided in source file. Before publishing, consider adding a comment containing \""SPDX-License-Identifier: <SPDX-License>\"" to each source file. Use \""SPDX-License-Identifier: UNLICENSED\"" for non-open-source code. Please see https://spdx.org for more information.)"",exception (json.decoder.JSONDecodeError: Expecting value: line 1 column 1 (char 0))}"
contracts_output/contracts_output/gemini_contracts/gemini_contracts/4839.sol,4839.sol,slither-0.11.3,solidity,2025/09/14,20260225_2030,1772051583.495156,3.1132309436798096,1,{},{},{EXIT_CODE_1},"{""analysis unsuccessful, check output.json"",""error parsing results: file could not be opened successfully:
- method gz: ReadError('empty file')
- method bz2: ReadError('not a bzip2 file')
- method xz: ReadError('not an lzma file')
- method tar: ReadError('empty file')"",""exception (crytic_compile.platform.exceptions.InvalidCompilation: Invalid solc compilation Warning: SPDX license identifier not provided in source file. Before publishing, consider adding a comment containing \""SPDX-License-Identifier: <SPDX-License>\"" to each source file. Use \""SPDX-License-Identifier: UNLICENSED\"" for non-open-source code. Please see https://spdx.org for more information.)"",exception (json.decoder.JSONDecodeError: Expecting value: line 1 column 1 (char 0))}"
contracts_output/contracts_output/gemini_contracts/gemini_contracts/4847.sol,4847.sol,slither-0.11.3,solidity,2025/09/14,20260225_2030,1772051488.8498495,2.650373697280884,1,{},{},{EXIT_CODE_1},"{""analysis unsuccessful, check output.json"",""error parsing results: file could not be opened successfully:
- method gz: ReadError('empty file')
- method bz2: ReadError('not a bzip2 file')
- method xz: ReadError('not an lzma file')
- method tar: ReadError('empty file')"",""exception (crytic_compile.platform.exceptions.InvalidCompilation: Invalid solc compilation Warning: SPDX license identifier not provided in source file. Before publishing, consider adding a comment containing \""SPDX-License-Identifier: <SPDX-License>\"" to each source file. Use \""SPDX-License-Identifier: UNLICENSED\"" for non-open-source code. Please see https://spdx.org for more information.)"",exception (json.decoder.JSONDecodeError: Expecting value: line 1 column 1 (char 0))}"
contracts_output/contracts_output/gemini_contracts/gemini_contracts/4852.sol,4852.sol,slither-0.11.3,solidity,2025/09/14,20260225_2030,1772051560.80134,2.8942043781280518,1,{},{},{EXIT_CODE_1},"{""analysis unsuccessful, check output.json"",""error parsing results: file could not be opened successfully:
- method gz: ReadError('empty file')
- method bz2: ReadError('not a bzip2 file')
- method xz: ReadError('not an lzma file')
- method tar: ReadError('empty file')"",""exception (crytic_compile.platform.exceptions.InvalidCompilation: Invalid solc compilation Warning: SPDX license identifier not provided in source file. Before publishing, consider adding a comment containing \""SPDX-License-Identifier: <SPDX-License>\"" to each source file. Use \""SPDX-License-Identifier: UNLICENSED\"" for non-open-source code. Please see https://spdx.org for more information.)"",exception (json.decoder.JSONDecodeError: Expecting value: line 1 column 1 (char 0))}"
contracts_output/contracts_output/gemini_contracts/gemini_contracts/4854.sol,4854.sol,slither-0.11.3,solidity,2025/09/14,20260225_2030,1772051492.872635,2.9953582286834717,1,{},{},{EXIT_CODE_1},"{""analysis unsuccessful, check output.json"",""error parsing results: file could not be opened successfully:
- method gz: ReadError('empty file')
- method bz2: ReadError('not a bzip2 file')
- method xz: ReadError('not an lzma file')
- method tar: ReadError('empty file')"",""exception (crytic_compile.platform.exceptions.InvalidCompilation: Invalid solc compilation Warning: SPDX license identifier not provided in source file. Before publishing, consider adding a comment containing \""SPDX-License-Identifier: <SPDX-License>\"" to each source file. Use \""SPDX-License-Identifier: UNLICENSED\"" for non-open-source code. Please see https://spdx.org for more information.)"",exception (json.decoder.JSONDecodeError: Expecting value: line 1 column 1 (char 0))}"
contracts_output/contracts_output/gemini_contracts/gemini_contracts/4864.sol,4864.sol,slither-0.11.3,solidity,2025/09/14,20260225_2030,1772051513.821118,3.217891216278076,1,{},{},{EXIT_CODE_1},"{""analysis unsuccessful, check output.json"",""error parsing results: file could not be opened successfully:
- method gz: ReadError('empty file')
- method bz2: ReadError('not a bzip2 file')
- method xz: ReadError('not an lzma file')
- method tar: ReadError('empty file')"",""exception (crytic_compile.platform.exceptions.InvalidCompilation: Invalid solc compilation Error: Function, variable, struct or modifier declaration expected.)"",exception (json.decoder.JSONDecodeError: Expecting value: line 1 column 1 (char 0))}"
contracts_output/contracts_output/gemini_contracts/gemini_contracts/4877.sol,4877.sol,slither-0.11.3,solidity,2025/09/14,20260225_2030,1772051473.917701,3.0583620071411133,1,{},{},{EXIT_CODE_1},"{""analysis unsuccessful, check output.json"",""error parsing results: file could not be opened successfully:
- method gz: ReadError('empty file')
- method bz2: ReadError('not a bzip2 file')
- method xz: ReadError('not an lzma file')
- method tar: ReadError('empty file')"",""exception (crytic_compile.platform.exceptions.InvalidCompilation: Invalid solc compilation Warning: SPDX license identifier not provided in source file. Before publishing, consider adding a comment containing \""SPDX-License-Identifier: <SPDX-License>\"" to each source file. Use \""SPDX-License-Identifier: UNLICENSED\"" for non-open-source code. Please see https://spdx.org for more information.)"",exception (json.decoder.JSONDecodeError: Expecting value: line 1 column 1 (char 0))}"
contracts_output/contracts_output/gemini_contracts/gemini_contracts/4896.sol,4896.sol,slither-0.11.3,solidity,2025/09/14,20260225_2030,1772051508.487684,3.135939598083496,1,{},{},{EXIT_CODE_1},"{""analysis unsuccessful, check output.json"",""error parsing results: file could not be opened successfully:
- method gz: ReadError('empty file')
- method bz2: ReadError('not a bzip2 file')
- method xz: ReadError('not an lzma file')
- method tar: ReadError('empty file')"",""exception (crytic_compile.platform.exceptions.InvalidCompilation: Invalid solc compilation Warning: SPDX license identifier not provided in source file. Before publishing, consider adding a comment containing \""SPDX-License-Identifier: <SPDX-License>\"" to each source file. Use \""SPDX-License-Identifier: UNLICENSED\"" for non-open-source code. Please see https://spdx.org for more information.)"",exception (json.decoder.JSONDecodeError: Expecting value: line 1 column 1 (char 0))}"
contracts_output/contracts_output/gemini_contracts/gemini_contracts/4898.sol,4898.sol,slither-0.11.3,solidity,2025/09/14,20260225_2030,1772051491.501081,3.275482177734375,1,{},{},{EXIT_CODE_1},"{""analysis unsuccessful, check output.json"",""error parsing results: file could not be opened successfully:
- method gz: ReadError('empty file')
- method bz2: ReadError('not a bzip2 file')
- method xz: ReadError('not an lzma file')
- method tar: ReadError('empty file')"",""exception (crytic_compile.platform.exceptions.InvalidCompilation: Invalid solc compilation Warning: SPDX license identifier not provided in source file. Before publishing, consider adding a comment containing \""SPDX-License-Identifier: <SPDX-License>\"" to each source file. Use \""SPDX-License-Identifier: UNLICENSED\"" for non-open-source code. Please see https://spdx.org for more information.)"",exception (json.decoder.JSONDecodeError: Expecting value: line 1 column 1 (char 0))}"
contracts_output/contracts_output/gemini_contracts/gemini_contracts/4912.sol,4912.sol,slither-0.11.3,solidity,2025/09/14,20260225_2030,1772051521.2986598,3.0245349407196045,1,{},{},{EXIT_CODE_1},"{""analysis unsuccessful, check output.json"",""error parsing results: file could not be opened successfully:
- method gz: ReadError('empty file')
- method bz2: ReadError('not a bzip2 file')
- method xz: ReadError('not an lzma file')
- method tar: ReadError('empty file')"",""exception (crytic_compile.platform.exceptions.InvalidCompilation: Invalid solc compilation Warning: SPDX license identifier not provided in source file. Before publishing, consider adding a comment containing \""SPDX-License-Identifier: <SPDX-License>\"" to each source file. Use \""SPDX-License-Identifier: UNLICENSED\"" for non-open-source code. Please see https://spdx.org for more information.)"",exception (json.decoder.JSONDecodeError: Expecting value: line 1 column 1 (char 0))}"
contracts_output/contracts_output/gemini_contracts/gemini_contracts/4928.sol,4928.sol,slither-0.11.3,solidity,2025/09/14,20260225_2030,1772051477.1547844,2.889902353286743,1,{},{},{EXIT_CODE_1},"{""analysis unsuccessful, check output.json"",""error parsing results: file could not be opened successfully:
- method gz: ReadError('empty file')
- method bz2: ReadError('not a bzip2 file')
- method xz: ReadError('not an lzma file')
- method tar: ReadError('empty file')"",""exception (crytic_compile.platform.exceptions.InvalidCompilation: Invalid solc compilation Warning: SPDX license identifier not provided in source file. Before publishing, consider adding a comment containing \""SPDX-License-Identifier: <SPDX-License>\"" to each source file. Use \""SPDX-License-Identifier: UNLICENSED\"" for non-open-source code. Please see https://spdx.org for more information.)"",exception (json.decoder.JSONDecodeError: Expecting value: line 1 column 1 (char 0))}"
contracts_output/contracts_output/gemini_contracts/gemini_contracts/4942.sol,4942.sol,slither-0.11.3,solidity,2025/09/14,20260225_2030,1772051501.3203764,2.945185422897339,1,{},{},{EXIT_CODE_1},"{""analysis unsuccessful, check output.json"",""error parsing results: file could not be opened successfully:
- method gz: ReadError('empty file')
- method bz2: ReadError('not a bzip2 file')
- method xz: ReadError('not an lzma file')
- method tar: ReadError('empty file')"",""exception (crytic_compile.platform.exceptions.InvalidCompilation: Invalid solc compilation Warning: SPDX license identifier not provided in source file. Before publishing, consider adding a comment containing \""SPDX-License-Identifier: <SPDX-License>\"" to each source file. Use \""SPDX-License-Identifier: UNLICENSED\"" for non-open-source code. Please see https://spdx.org for more information.)"",exception (json.decoder.JSONDecodeError: Expecting value: line 1 column 1 (char 0))}"
contracts_output/contracts_output/gemini_contracts/gemini_contracts/497.sol,497.sol,slither-0.11.3,solidity,2025/09/14,20260225_2030,1772051585.6339827,2.553971767425537,1,{},{},{EXIT_CODE_1},"{""analysis unsuccessful, check output.json"",""error parsing results: file could not be opened successfully:
- method gz: ReadError('empty file')
- method bz2: ReadError('not a bzip2 file')
- method xz: ReadError('not an lzma file')
- method tar: ReadError('empty file')"",""exception (crytic_compile.platform.exceptions.InvalidCompilation: Invalid solc compilation Warning: SPDX license identifier not provided in source file. Before publishing, consider adding a comment containing \""SPDX-License-Identifier: <SPDX-License>\"" to each source file. Use \""SPDX-License-Identifier: UNLICENSED\"" for non-open-source code. Please see https://spdx.org for more information.)"",exception (json.decoder.JSONDecodeError: Expecting value: line 1 column 1 (char 0))}"
contracts_output/contracts_output/gemini_contracts/gemini_contracts/4986.sol,4986.sol,slither-0.11.3,solidity,2025/09/14,20260225_2030,1772051500.2739756,2.7603859901428223,1,{},{},{EXIT_CODE_1},"{""analysis unsuccessful, check output.json"",""error parsing results: file could not be opened successfully:
- method gz: ReadError('empty file')
- method bz2: ReadError('not a bzip2 file')
- method xz: ReadError('not an lzma file')
- method tar: ReadError('empty file')"",""exception (crytic_compile.platform.exceptions.InvalidCompilation: Invalid solc compilation Warning: SPDX license identifier not provided in source file. Before publishing, consider adding a comment containing \""SPDX-License-Identifier: <SPDX-License>\"" to each source file. Use \""SPDX-License-Identifier: UNLICENSED\"" for non-open-source code. Please see https://spdx.org for more information.)"",exception (json.decoder.JSONDecodeError: Expecting value: line 1 column 1 (char 0))}"
contracts_output/contracts_output/gemini_contracts/gemini_contracts/4993.sol,4993.sol,slither-0.11.3,solidity,2025/09/14,20260225_2030,1772051463.1996076,3.055325746536255,1,{},{},{EXIT_CODE_1},"{""analysis unsuccessful, check output.json"",""error parsing results: file could not be opened successfully:
- method gz: ReadError('empty file')
- method bz2: ReadError('not a bzip2 file')
- method xz: ReadError('not an lzma file')
- method tar: ReadError('empty file')"",""exception (crytic_compile.platform.exceptions.InvalidCompilation: Invalid solc compilation Warning: SPDX license identifier not provided in source file. Before publishing, consider adding a comment containing \""SPDX-License-Identifier: <SPDX-License>\"" to each source file. Use \""SPDX-License-Identifier: UNLICENSED\"" for non-open-source code. Please see https://spdx.org for more information.)"",exception (json.decoder.JSONDecodeError: Expecting value: line 1 column 1 (char 0))}"
contracts_output/contracts_output/gemini_contracts/gemini_contracts/5005.sol,5005.sol,slither-0.11.3,solidity,2025/09/14,20260225_2030,1772051419.4473567,2.9181370735168457,1,{},{},{EXIT_CODE_1},"{""analysis unsuccessful, check output.json"",""error parsing results: file could not be opened successfully:
- method gz: ReadError('empty file')
- method bz2: ReadError('not a bzip2 file')
- method xz: ReadError('not an lzma file')
- method tar: ReadError('empty file')"",exception (crytic_compile.platform.exceptions.InvalidCompilation: Invalid solc compilation Error: Expected ';' but got 'public'),exception (json.decoder.JSONDecodeError: Expecting value: line 1 column 1 (char 0))}"
contracts_output/contracts_output/gemini_contracts/gemini_contracts/5007.sol,5007.sol,slither-0.11.3,solidity,2025/09/14,20260225_2030,1772051576.8629882,3.013685464859009,1,{},{},{EXIT_CODE_1},"{""analysis unsuccessful, check output.json"",""error parsing results: file could not be opened successfully:
- method gz: ReadError('empty file')
- method bz2: ReadError('not a bzip2 file')
- method xz: ReadError('not an lzma file')
- method tar: ReadError('empty file')"",""exception (crytic_compile.platform.exceptions.InvalidCompilation: Invalid solc compilation Warning: SPDX license identifier not provided in source file. Before publishing, consider adding a comment containing \""SPDX-License-Identifier: <SPDX-License>\"" to each source file. Use \""SPDX-License-Identifier: UNLICENSED\"" for non-open-source code. Please see https://spdx.org for more information.)"",exception (json.decoder.JSONDecodeError: Expecting value: line 1 column 1 (char 0))}"
contracts_output/contracts_output/gemini_contracts/gemini_contracts/5030.sol,5030.sol,slither-0.11.3,solidity,2025/09/14,20260225_2030,1772051575.0632737,3.1892244815826416,1,{},{},{EXIT_CODE_1},"{""analysis unsuccessful, check output.json"",""error parsing results: file could not be opened successfully:
- method gz: ReadError('empty file')
- method bz2: ReadError('not a bzip2 file')
- method xz: ReadError('not an lzma file')
- method tar: ReadError('empty file')"",""exception (crytic_compile.platform.exceptions.InvalidCompilation: Invalid solc compilation Warning: SPDX license identifier not provided in source file. Before publishing, consider adding a comment containing \""SPDX-License-Identifier: <SPDX-License>\"" to each source file. Use \""SPDX-License-Identifier: UNLICENSED\"" for non-open-source code. Please see https://spdx.org for more information.)"",exception (json.decoder.JSONDecodeError: Expecting value: line 1 column 1 (char 0))}"
contracts_output/contracts_output/gemini_contracts/gemini_contracts/5033.sol,5033.sol,slither-0.11.3,solidity,2025/09/14,20260225_2030,1772051548.8393397,3.2306203842163086,1,{},{},{EXIT_CODE_1},"{""analysis unsuccessful, check output.json"",""error parsing results: file could not be opened successfully:
- method gz: ReadError('empty file')
- method bz2: ReadError('not a bzip2 file')
- method xz: ReadError('not an lzma file')
- method tar: ReadError('empty file')"",""exception (crytic_compile.platform.exceptions.InvalidCompilation: Invalid solc compilation Warning: SPDX license identifier not provided in source file. Before publishing, consider adding a comment containing \""SPDX-License-Identifier: <SPDX-License>\"" to each source file. Use \""SPDX-License-Identifier: UNLICENSED\"" for non-open-source code. Please see https://spdx.org for more information.)"",exception (json.decoder.JSONDecodeError: Expecting value: line 1 column 1 (char 0))}"
contracts_output/contracts_output/gemini_contracts/gemini_contracts/5043.sol,5043.sol,slither-0.11.3,solidity,2025/09/14,20260225_2030,1772051481.867335,2.8124098777770996,1,{},{},{EXIT_CODE_1},"{""analysis unsuccessful, check output.json"",""error parsing results: file could not be opened successfully:
- method gz: ReadError('empty file')
- method bz2: ReadError('not a bzip2 file')
- method xz: ReadError('not an lzma file')
- method tar: ReadError('empty file')"",""exception (crytic_compile.platform.exceptions.InvalidCompilation: Invalid solc compilation Warning: SPDX license identifier not provided in source file. Before publishing, consider adding a comment containing \""SPDX-License-Identifier: <SPDX-License>\"" to each source file. Use \""SPDX-License-Identifier: UNLICENSED\"" for non-open-source code. Please see https://spdx.org for more information.)"",exception (json.decoder.JSONDecodeError: Expecting value: line 1 column 1 (char 0))}"
contracts_output/contracts_output/gemini_contracts/gemini_contracts/5070.sol,5070.sol,slither-0.11.3,solidity,2025/09/14,20260225_2030,1772051437.95641,3.026646375656128,1,{},{},{EXIT_CODE_1},"{""analysis unsuccessful, check output.json"",""error parsing results: file could not be opened successfully:
- method gz: ReadError('empty file')
- method bz2: ReadError('not a bzip2 file')
- method xz: ReadError('not an lzma file')
- method tar: ReadError('empty file')"",""exception (crytic_compile.platform.exceptions.InvalidCompilation: Invalid solc compilation Warning: SPDX license identifier not provided in source file. Before publishing, consider adding a comment containing \""SPDX-License-Identifier: <SPDX-License>\"" to each source file. Use \""SPDX-License-Identifier: UNLICENSED\"" for non-open-source code. Please see https://spdx.org for more information.)"",exception (json.decoder.JSONDecodeError: Expecting value: line 1 column 1 (char 0))}"
contracts_output/contracts_output/gemini_contracts/gemini_contracts/5074.sol,5074.sol,slither-0.11.3,solidity,2025/09/14,20260225_2030,1772051520.1216874,2.9176149368286133,1,{},{},{EXIT_CODE_1},"{""analysis unsuccessful, check output.json"",""error parsing results: file could not be opened successfully:
- method gz: ReadError('empty file')
- method bz2: ReadError('not a bzip2 file')
- method xz: ReadError('not an lzma file')
- method tar: ReadError('empty file')"",""exception (crytic_compile.platform.exceptions.InvalidCompilation: Invalid solc compilation Warning: SPDX license identifier not provided in source file. Before publishing, consider adding a comment containing \""SPDX-License-Identifier: <SPDX-License>\"" to each source file. Use \""SPDX-License-Identifier: UNLICENSED\"" for non-open-source code. Please see https://spdx.org for more information.)"",exception (json.decoder.JSONDecodeError: Expecting value: line 1 column 1 (char 0))}"
contracts_output/contracts_output/gemini_contracts/gemini_contracts/5098.sol,5098.sol,slither-0.11.3,solidity,2025/09/14,20260225_2030,1772051561.0294209,2.968738317489624,1,{},{},{EXIT_CODE_1},"{""analysis unsuccessful, check output.json"",""error parsing results: file could not be opened successfully:
- method gz: ReadError('empty file')
- method bz2: ReadError('not a bzip2 file')
- method xz: ReadError('not an lzma file')
- method tar: ReadError('empty file')"",""exception (crytic_compile.platform.exceptions.InvalidCompilation: Invalid solc compilation Warning: SPDX license identifier not provided in source file. Before publishing, consider adding a comment containing \""SPDX-License-Identifier: <SPDX-License>\"" to each source file. Use \""SPDX-License-Identifier: UNLICENSED\"" for non-open-source code. Please see https://spdx.org for more information.)"",exception (json.decoder.JSONDecodeError: Expecting value: line 1 column 1 (char 0))}"
contracts_output/contracts_output/gemini_contracts/gemini_contracts/5099.sol,5099.sol,slither-0.11.3,solidity,2025/09/14,20260225_2030,1772051571.6569552,3.236518144607544,1,{},{},{EXIT_CODE_1},"{""analysis unsuccessful, check output.json"",""error parsing results: file could not be opened successfully:
- method gz: ReadError('empty file')
- method bz2: ReadError('not a bzip2 file')
- method xz: ReadError('not an lzma file')
- method tar: ReadError('empty file')"",exception (crytic_compile.platform.exceptions.InvalidCompilation: Invalid solc compilation Error: Expected ';' but got 'public'),exception (json.decoder.JSONDecodeError: Expecting value: line 1 column 1 (char 0))}"
contracts_output/contracts_output/gemini_contracts/gemini_contracts/5101.sol,5101.sol,slither-0.11.3,solidity,2025/09/14,20260225_2030,1772051557.6475084,3.333871364593506,1,{},{},{EXIT_CODE_1},"{""analysis unsuccessful, check output.json"",""error parsing results: file could not be opened successfully:
- method gz: ReadError('empty file')
- method bz2: ReadError('not a bzip2 file')
- method xz: ReadError('not an lzma file')
- method tar: ReadError('empty file')"",exception (crytic_compile.platform.exceptions.InvalidCompilation: Invalid solc compilation Error: Expected identifier but got '.'),exception (json.decoder.JSONDecodeError: Expecting value: line 1 column 1 (char 0))}"
contracts_output/contracts_output/gemini_contracts/gemini_contracts/5131.sol,5131.sol,slither-0.11.3,solidity,2025/09/14,20260225_2030,1772051563.6963093,2.932527780532837,1,{},{},{EXIT_CODE_1},"{""analysis unsuccessful, check output.json"",""error parsing results: file could not be opened successfully:
- method gz: ReadError('empty file')
- method bz2: ReadError('not a bzip2 file')
- method xz: ReadError('not an lzma file')
- method tar: ReadError('empty file')"",""exception (crytic_compile.platform.exceptions.InvalidCompilation: Invalid solc compilation Warning: SPDX license identifier not provided in source file. Before publishing, consider adding a comment containing \""SPDX-License-Identifier: <SPDX-License>\"" to each source file. Use \""SPDX-License-Identifier: UNLICENSED\"" for non-open-source code. Please see https://spdx.org for more information.)"",exception (json.decoder.JSONDecodeError: Expecting value: line 1 column 1 (char 0))}"
contracts_output/contracts_output/gemini_contracts/gemini_contracts/5169.sol,5169.sol,slither-0.11.3,solidity,2025/09/14,20260225_2030,1772051576.4704468,2.87438702583313,1,{},{},{EXIT_CODE_1},"{""analysis unsuccessful, check output.json"",""error parsing results: file could not be opened successfully:
- method gz: ReadError('empty file')
- method bz2: ReadError('not a bzip2 file')
- method xz: ReadError('not an lzma file')
- method tar: ReadError('empty file')"",""exception (crytic_compile.platform.exceptions.InvalidCompilation: Invalid solc compilation Warning: SPDX license identifier not provided in source file. Before publishing, consider adding a comment containing \""SPDX-License-Identifier: <SPDX-License>\"" to each source file. Use \""SPDX-License-Identifier: UNLICENSED\"" for non-open-source code. Please see https://spdx.org for more information.)"",exception (json.decoder.JSONDecodeError: Expecting value: line 1 column 1 (char 0))}"
contracts_output/contracts_output/gemini_contracts/gemini_contracts/517.sol,517.sol,slither-0.11.3,solidity,2025/09/14,20260225_2030,1772051566.629782,3.2292490005493164,1,{},{},{EXIT_CODE_1},"{""analysis unsuccessful, check output.json"",""error parsing results: file could not be opened successfully:
- method gz: ReadError('empty file')
- method bz2: ReadError('not a bzip2 file')
- method xz: ReadError('not an lzma file')
- method tar: ReadError('empty file')"",""exception (crytic_compile.platform.exceptions.InvalidCompilation: Invalid solc compilation Warning: SPDX license identifier not provided in source file. Before publishing, consider adding a comment containing \""SPDX-License-Identifier: <SPDX-License>\"" to each source file. Use \""SPDX-License-Identifier: UNLICENSED\"" for non-open-source code. Please see https://spdx.org for more information.)"",exception (json.decoder.JSONDecodeError: Expecting value: line 1 column 1 (char 0))}"
contracts_output/contracts_output/gemini_contracts/gemini_contracts/5173.sol,5173.sol,slither-0.11.3,solidity,2025/09/14,20260225_2030,1772051554.1625345,2.441918134689331,1,{},{},{EXIT_CODE_1},"{""analysis unsuccessful, check output.json"",""error parsing results: file could not be opened successfully:
- method gz: ReadError('empty file')
- method bz2: ReadError('not a bzip2 file')
- method xz: ReadError('not an lzma file')
- method tar: ReadError('empty file')"",""exception (crytic_compile.platform.exceptions.InvalidCompilation: Invalid solc compilation Warning: SPDX license identifier not provided in source file. Before publishing, consider adding a comment containing \""SPDX-License-Identifier: <SPDX-License>\"" to each source file. Use \""SPDX-License-Identifier: UNLICENSED\"" for non-open-source code. Please see https://spdx.org for more information.)"",exception (json.decoder.JSONDecodeError: Expecting value: line 1 column 1 (char 0))}"
contracts_output/contracts_output/gemini_contracts/gemini_contracts/5181.sol,5181.sol,slither-0.11.3,solidity,2025/09/14,20260225_2030,1772051475.6408498,2.7769668102264404,1,{},{},{EXIT_CODE_1},"{""analysis unsuccessful, check output.json"",""error parsing results: file could not be opened successfully:
- method gz: ReadError('empty file')
- method bz2: ReadError('not a bzip2 file')
- method xz: ReadError('not an lzma file')
- method tar: ReadError('empty file')"",""exception (crytic_compile.platform.exceptions.InvalidCompilation: Invalid solc compilation Warning: SPDX license identifier not provided in source file. Before publishing, consider adding a comment containing \""SPDX-License-Identifier: <SPDX-License>\"" to each source file. Use \""SPDX-License-Identifier: UNLICENSED\"" for non-open-source code. Please see https://spdx.org for more information.)"",exception (json.decoder.JSONDecodeError: Expecting value: line 1 column 1 (char 0))}"
contracts_output/contracts_output/gemini_contracts/gemini_contracts/5188.sol,5188.sol,slither-0.11.3,solidity,2025/09/14,20260225_2030,1772051503.6437852,3.0841879844665527,1,{},{},{EXIT_CODE_1},"{""analysis unsuccessful, check output.json"",""error parsing results: file could not be opened successfully:
- method gz: ReadError('empty file')
- method bz2: ReadError('not a bzip2 file')
- method xz: ReadError('not an lzma file')
- method tar: ReadError('empty file')"",""exception (crytic_compile.platform.exceptions.InvalidCompilation: Invalid solc compilation Warning: SPDX license identifier not provided in source file. Before publishing, consider adding a comment containing \""SPDX-License-Identifier: <SPDX-License>\"" to each source file. Use \""SPDX-License-Identifier: UNLICENSED\"" for non-open-source code. Please see https://spdx.org for more information.)"",exception (json.decoder.JSONDecodeError: Expecting value: line 1 column 1 (char 0))}"
contracts_output/contracts_output/gemini_contracts/gemini_contracts/52.sol,52.sol,slither-0.11.3,solidity,2025/09/14,20260225_2030,1772051567.2229,2.924513578414917,1,{},{},{EXIT_CODE_1},"{""analysis unsuccessful, check output.json"",""error parsing results: file could not be opened successfully:
- method gz: ReadError('empty file')
- method bz2: ReadError('not a bzip2 file')
- method xz: ReadError('not an lzma file')
- method tar: ReadError('empty file')"",""exception (crytic_compile.platform.exceptions.InvalidCompilation: Invalid solc compilation Error: Function, variable, struct or modifier declaration expected.)"",exception (json.decoder.JSONDecodeError: Expecting value: line 1 column 1 (char 0))}"
contracts_output/contracts_output/gemini_contracts/gemini_contracts/5200.sol,5200.sol,slither-0.11.3,solidity,2025/09/14,20260225_2030,1772051546.1223493,3.102263927459717,1,{},{},{EXIT_CODE_1},"{""analysis unsuccessful, check output.json"",""error parsing results: file could not be opened successfully:
- method gz: ReadError('empty file')
- method bz2: ReadError('not a bzip2 file')
- method xz: ReadError('not an lzma file')
- method tar: ReadError('empty file')"",""exception (crytic_compile.platform.exceptions.InvalidCompilation: Invalid solc compilation Warning: SPDX license identifier not provided in source file. Before publishing, consider adding a comment containing \""SPDX-License-Identifier: <SPDX-License>\"" to each source file. Use \""SPDX-License-Identifier: UNLICENSED\"" for non-open-source code. Please see https://spdx.org for more information.)"",exception (json.decoder.JSONDecodeError: Expecting value: line 1 column 1 (char 0))}"
contracts_output/contracts_output/gemini_contracts/gemini_contracts/521.sol,521.sol,slither-0.11.3,solidity,2025/09/14,20260225_2030,1772051510.3642516,3.00396990776062,1,{},{},{EXIT_CODE_1},"{""analysis unsuccessful, check output.json"",""error parsing results: file could not be opened successfully:
- method gz: ReadError('empty file')
- method bz2: ReadError('not a bzip2 file')
- method xz: ReadError('not an lzma file')
- method tar: ReadError('empty file')"",""exception (crytic_compile.platform.exceptions.InvalidCompilation: Invalid solc compilation Warning: SPDX license identifier not provided in source file. Before publishing, consider adding a comment containing \""SPDX-License-Identifier: <SPDX-License>\"" to each source file. Use \""SPDX-License-Identifier: UNLICENSED\"" for non-open-source code. Please see https://spdx.org for more information.)"",exception (json.decoder.JSONDecodeError: Expecting value: line 1 column 1 (char 0))}"
contracts_output/contracts_output/gemini_contracts/gemini_contracts/5228.sol,5228.sol,slither-0.11.3,solidity,2025/09/14,20260225_2030,1772051417.3084116,3.116727352142334,1,{},{},{EXIT_CODE_1},"{""analysis unsuccessful, check output.json"",""error parsing results: file could not be opened successfully:
- method gz: ReadError('empty file')
- method bz2: ReadError('not a bzip2 file')
- method xz: ReadError('not an lzma file')
- method tar: ReadError('empty file')"",""exception (crytic_compile.platform.exceptions.InvalidCompilation: Invalid solc compilation Warning: SPDX license identifier not provided in source file. Before publishing, consider adding a comment containing \""SPDX-License-Identifier: <SPDX-License>\"" to each source file. Use \""SPDX-License-Identifier: UNLICENSED\"" for non-open-source code. Please see https://spdx.org for more information.)"",exception (json.decoder.JSONDecodeError: Expecting value: line 1 column 1 (char 0))}"
contracts_output/contracts_output/gemini_contracts/gemini_contracts/5253.sol,5253.sol,slither-0.11.3,solidity,2025/09/14,20260225_2030,1772051465.2364776,3.1323063373565674,1,{},{},{EXIT_CODE_1},"{""analysis unsuccessful, check output.json"",""error parsing results: file could not be opened successfully:
- method gz: ReadError('empty file')
- method bz2: ReadError('not a bzip2 file')
- method xz: ReadError('not an lzma file')
- method tar: ReadError('empty file')"",""exception (crytic_compile.platform.exceptions.InvalidCompilation: Invalid solc compilation Warning: SPDX license identifier not provided in source file. Before publishing, consider adding a comment containing \""SPDX-License-Identifier: <SPDX-License>\"" to each source file. Use \""SPDX-License-Identifier: UNLICENSED\"" for non-open-source code. Please see https://spdx.org for more information.)"",exception (json.decoder.JSONDecodeError: Expecting value: line 1 column 1 (char 0))}"
contracts_output/contracts_output/gemini_contracts/gemini_contracts/527.sol,527.sol,slither-0.11.3,solidity,2025/09/14,20260225_2030,1772051571.47904,2.881422758102417,1,{},{},{EXIT_CODE_1},"{""analysis unsuccessful, check output.json"",""error parsing results: file could not be opened successfully:
- method gz: ReadError('empty file')
- method bz2: ReadError('not a bzip2 file')
- method xz: ReadError('not an lzma file')
- method tar: ReadError('empty file')"",""exception (crytic_compile.platform.exceptions.InvalidCompilation: Invalid solc compilation Warning: SPDX license identifier not provided in source file. Before publishing, consider adding a comment containing \""SPDX-License-Identifier: <SPDX-License>\"" to each source file. Use \""SPDX-License-Identifier: UNLICENSED\"" for non-open-source code. Please see https://spdx.org for more information.)"",exception (json.decoder.JSONDecodeError: Expecting value: line 1 column 1 (char 0))}"
contracts_output/contracts_output/gemini_contracts/gemini_contracts/5294.sol,5294.sol,slither-0.11.3,solidity,2025/09/14,20260225_2030,1772051504.267265,3.0799598693847656,1,{},{},{EXIT_CODE_1},"{""analysis unsuccessful, check output.json"",""error parsing results: file could not be opened successfully:
- method gz: ReadError('empty file')
- method bz2: ReadError('not a bzip2 file')
- method xz: ReadError('not an lzma file')
- method tar: ReadError('empty file')"",""exception (crytic_compile.platform.exceptions.InvalidCompilation: Invalid solc compilation Warning: SPDX license identifier not provided in source file. Before publishing, consider adding a comment containing \""SPDX-License-Identifier: <SPDX-License>\"" to each source file. Use \""SPDX-License-Identifier: UNLICENSED\"" for non-open-source code. Please see https://spdx.org for more information.)"",exception (json.decoder.JSONDecodeError: Expecting value: line 1 column 1 (char 0))}"
contracts_output/contracts_output/gemini_contracts/gemini_contracts/5296.sol,5296.sol,slither-0.11.3,solidity,2025/09/14,20260225_2030,1772051543.724236,2.917299747467041,1,{},{},{EXIT_CODE_1},"{""analysis unsuccessful, check output.json"",""error parsing results: file could not be opened successfully:
- method gz: ReadError('empty file')
- method bz2: ReadError('not a bzip2 file')
- method xz: ReadError('not an lzma file')
- method tar: ReadError('empty file')"",""exception (crytic_compile.platform.exceptions.InvalidCompilation: Invalid solc compilation Error: Expected ',' but got '}')"",exception (json.decoder.JSONDecodeError: Expecting value: line 1 column 1 (char 0))}"
contracts_output/contracts_output/gemini_contracts/gemini_contracts/5300.sol,5300.sol,slither-0.11.3,solidity,2025/09/14,20260225_2030,1772051431.9824119,3.0682554244995117,1,{},{},{EXIT_CODE_1},"{""analysis unsuccessful, check output.json"",""error parsing results: file could not be opened successfully:
- method gz: ReadError('empty file')
- method bz2: ReadError('not a bzip2 file')
- method xz: ReadError('not an lzma file')
- method tar: ReadError('empty file')"",""exception (crytic_compile.platform.exceptions.InvalidCompilation: Invalid solc compilation Error: Function, variable, struct or modifier declaration expected.)"",exception (json.decoder.JSONDecodeError: Expecting value: line 1 column 1 (char 0))}"
contracts_output/contracts_output/gemini_contracts/gemini_contracts/5313.sol,5313.sol,slither-0.11.3,solidity,2025/09/14,20260225_2030,1772051552.0091214,3.383467435836792,1,{},{},{EXIT_CODE_1},"{""analysis unsuccessful, check output.json"",""error parsing results: file could not be opened successfully:
- method gz: ReadError('empty file')
- method bz2: ReadError('not a bzip2 file')
- method xz: ReadError('not an lzma file')
- method tar: ReadError('empty file')"",""exception (crytic_compile.platform.exceptions.InvalidCompilation: Invalid solc compilation Warning: SPDX license identifier not provided in source file. Before publishing, consider adding a comment containing \""SPDX-License-Identifier: <SPDX-License>\"" to each source file. Use \""SPDX-License-Identifier: UNLICENSED\"" for non-open-source code. Please see https://spdx.org for more information.)"",exception (json.decoder.JSONDecodeError: Expecting value: line 1 column 1 (char 0))}"
contracts_output/contracts_output/gemini_contracts/gemini_contracts/5314.sol,5314.sol,slither-0.11.3,solidity,2025/09/14,20260225_2030,1772051565.0966218,2.660327672958374,1,{},{},{EXIT_CODE_1},"{""analysis unsuccessful, check output.json"",""error parsing results: file could not be opened successfully:
- method gz: ReadError('empty file')
- method bz2: ReadError('not a bzip2 file')
- method xz: ReadError('not an lzma file')
- method tar: ReadError('empty file')"",""exception (crytic_compile.platform.exceptions.InvalidCompilation: Invalid solc compilation Warning: SPDX license identifier not provided in source file. Before publishing, consider adding a comment containing \""SPDX-License-Identifier: <SPDX-License>\"" to each source file. Use \""SPDX-License-Identifier: UNLICENSED\"" for non-open-source code. Please see https://spdx.org for more information.)"",exception (json.decoder.JSONDecodeError: Expecting value: line 1 column 1 (char 0))}"
contracts_output/contracts_output/gemini_contracts/gemini_contracts/5346.sol,5346.sol,slither-0.11.3,solidity,2025/09/14,20260225_2030,1772051489.9621708,2.793086528778076,1,{},{},{EXIT_CODE_1},"{""analysis unsuccessful, check output.json"",""error parsing results: file could not be opened successfully:
- method gz: ReadError('empty file')
- method bz2: ReadError('not a bzip2 file')
- method xz: ReadError('not an lzma file')
- method tar: ReadError('empty file')"",""exception (crytic_compile.platform.exceptions.InvalidCompilation: Invalid solc compilation Warning: SPDX license identifier not provided in source file. Before publishing, consider adding a comment containing \""SPDX-License-Identifier: <SPDX-License>\"" to each source file. Use \""SPDX-License-Identifier: UNLICENSED\"" for non-open-source code. Please see https://spdx.org for more information.)"",exception (json.decoder.JSONDecodeError: Expecting value: line 1 column 1 (char 0))}"
contracts_output/contracts_output/gemini_contracts/gemini_contracts/5392.sol,5392.sol,slither-0.11.3,solidity,2025/09/14,20260225_2030,1772051570.6085293,2.969965934753418,1,{},{},{EXIT_CODE_1},"{""analysis unsuccessful, check output.json"",""error parsing results: file could not be opened successfully:
- method gz: ReadError('empty file')
- method bz2: ReadError('not a bzip2 file')
- method xz: ReadError('not an lzma file')
- method tar: ReadError('empty file')"",""exception (crytic_compile.platform.exceptions.InvalidCompilation: Invalid solc compilation Warning: SPDX license identifier not provided in source file. Before publishing, consider adding a comment containing \""SPDX-License-Identifier: <SPDX-License>\"" to each source file. Use \""SPDX-License-Identifier: UNLICENSED\"" for non-open-source code. Please see https://spdx.org for more information.)"",exception (json.decoder.JSONDecodeError: Expecting value: line 1 column 1 (char 0))}"
contracts_output/contracts_output/gemini_contracts/gemini_contracts/5397.sol,5397.sol,slither-0.11.3,solidity,2025/09/14,20260225_2030,1772051488.1962063,2.9822325706481934,1,{},{},{EXIT_CODE_1},"{""analysis unsuccessful, check output.json"",""error parsing results: file could not be opened successfully:
- method gz: ReadError('empty file')
- method bz2: ReadError('not a bzip2 file')
- method xz: ReadError('not an lzma file')
- method tar: ReadError('empty file')"",""exception (crytic_compile.platform.exceptions.InvalidCompilation: Invalid solc compilation Error: Function, variable, struct or modifier declaration expected.)"",exception (json.decoder.JSONDecodeError: Expecting value: line 1 column 1 (char 0))}"
contracts_output/contracts_output/gemini_contracts/gemini_contracts/5406.sol,5406.sol,slither-0.11.3,solidity,2025/09/14,20260225_2030,1772051522.3029454,3.1244943141937256,1,{},{},{EXIT_CODE_1},"{""analysis unsuccessful, check output.json"",""error parsing results: file could not be opened successfully:
- method gz: ReadError('empty file')
- method bz2: ReadError('not a bzip2 file')
- method xz: ReadError('not an lzma file')
- method tar: ReadError('empty file')"",""exception (crytic_compile.platform.exceptions.InvalidCompilation: Invalid solc compilation Warning: SPDX license identifier not provided in source file. Before publishing, consider adding a comment containing \""SPDX-License-Identifier: <SPDX-License>\"" to each source file. Use \""SPDX-License-Identifier: UNLICENSED\"" for non-open-source code. Please see https://spdx.org for more information.)"",exception (json.decoder.JSONDecodeError: Expecting value: line 1 column 1 (char 0))}"
contracts_output/contracts_output/gemini_contracts/gemini_contracts/5414.sol,5414.sol,slither-0.11.3,solidity,2025/09/14,20260225_2030,1772051509.3519886,3.1019182205200195,1,{},{},{EXIT_CODE_1},"{""analysis unsuccessful, check output.json"",""error parsing results: file could not be opened successfully:
- method gz: ReadError('empty file')
- method bz2: ReadError('not a bzip2 file')
- method xz: ReadError('not an lzma file')
- method tar: ReadError('empty file')"",""exception (crytic_compile.platform.exceptions.InvalidCompilation: Invalid solc compilation Error: Function, variable, struct or modifier declaration expected.)"",exception (json.decoder.JSONDecodeError: Expecting value: line 1 column 1 (char 0))}"
contracts_output/contracts_output/gemini_contracts/gemini_contracts/5432.sol,5432.sol,slither-0.11.3,solidity,2025/09/14,20260225_2030,1772051551.1183696,3.3051071166992188,1,{},{},{EXIT_CODE_1},"{""analysis unsuccessful, check output.json"",""error parsing results: file could not be opened successfully:
- method gz: ReadError('empty file')
- method bz2: ReadError('not a bzip2 file')
- method xz: ReadError('not an lzma file')
- method tar: ReadError('empty file')"",""exception (crytic_compile.platform.exceptions.InvalidCompilation: Invalid solc compilation Warning: SPDX license identifier not provided in source file. Before publishing, consider adding a comment containing \""SPDX-License-Identifier: <SPDX-License>\"" to each source file. Use \""SPDX-License-Identifier: UNLICENSED\"" for non-open-source code. Please see https://spdx.org for more information.)"",exception (json.decoder.JSONDecodeError: Expecting value: line 1 column 1 (char 0))}"
contracts_output/contracts_output/gemini_contracts/gemini_contracts/5444.sol,5444.sol,slither-0.11.3,solidity,2025/09/14,20260225_2030,1772051558.7366145,2.884342908859253,1,{},{},{EXIT_CODE_1},"{""analysis unsuccessful, check output.json"",""error parsing results: file could not be opened successfully:
- method gz: ReadError('empty file')
- method bz2: ReadError('not a bzip2 file')
- method xz: ReadError('not an lzma file')
- method tar: ReadError('empty file')"",""exception (crytic_compile.platform.exceptions.InvalidCompilation: Invalid solc compilation Warning: SPDX license identifier not provided in source file. Before publishing, consider adding a comment containing \""SPDX-License-Identifier: <SPDX-License>\"" to each source file. Use \""SPDX-License-Identifier: UNLICENSED\"" for non-open-source code. Please see https://spdx.org for more information.)"",exception (json.decoder.JSONDecodeError: Expecting value: line 1 column 1 (char 0))}"
contracts_output/contracts_output/gemini_contracts/gemini_contracts/5459.sol,5459.sol,slither-0.11.3,solidity,2025/09/14,20260225_2030,1772051492.2566726,3.13997220993042,1,{},{},{EXIT_CODE_1},"{""analysis unsuccessful, check output.json"",""error parsing results: file could not be opened successfully:
- method gz: ReadError('empty file')
- method bz2: ReadError('not a bzip2 file')
- method xz: ReadError('not an lzma file')
- method tar: ReadError('empty file')"",""exception (crytic_compile.platform.exceptions.InvalidCompilation: Invalid solc compilation Warning: SPDX license identifier not provided in source file. Before publishing, consider adding a comment containing \""SPDX-License-Identifier: <SPDX-License>\"" to each source file. Use \""SPDX-License-Identifier: UNLICENSED\"" for non-open-source code. Please see https://spdx.org for more information.)"",exception (json.decoder.JSONDecodeError: Expecting value: line 1 column 1 (char 0))}"
contracts_output/contracts_output/gemini_contracts/gemini_contracts/5466.sol,5466.sol,slither-0.11.3,solidity,2025/09/14,20260225_2030,1772051490.3149016,3.026841402053833,1,{},{},{EXIT_CODE_1},"{""analysis unsuccessful, check output.json"",""error parsing results: file could not be opened successfully:
- method gz: ReadError('empty file')
- method bz2: ReadError('not a bzip2 file')
- method xz: ReadError('not an lzma file')
- method tar: ReadError('empty file')"",""exception (crytic_compile.platform.exceptions.InvalidCompilation: Invalid solc compilation Warning: SPDX license identifier not provided in source file. Before publishing, consider adding a comment containing \""SPDX-License-Identifier: <SPDX-License>\"" to each source file. Use \""SPDX-License-Identifier: UNLICENSED\"" for non-open-source code. Please see https://spdx.org for more information.)"",exception (json.decoder.JSONDecodeError: Expecting value: line 1 column 1 (char 0))}"
contracts_output/contracts_output/gemini_contracts/gemini_contracts/5478.sol,5478.sol,slither-0.11.3,solidity,2025/09/14,20260225_2030,1772051463.7384725,3.0190913677215576,1,{},{},{EXIT_CODE_1},"{""analysis unsuccessful, check output.json"",""error parsing results: file could not be opened successfully:
- method gz: ReadError('empty file')
- method bz2: ReadError('not a bzip2 file')
- method xz: ReadError('not an lzma file')
- method tar: ReadError('empty file')"",""exception (crytic_compile.platform.exceptions.InvalidCompilation: Invalid solc compilation Warning: SPDX license identifier not provided in source file. Before publishing, consider adding a comment containing \""SPDX-License-Identifier: <SPDX-License>\"" to each source file. Use \""SPDX-License-Identifier: UNLICENSED\"" for non-open-source code. Please see https://spdx.org for more information.)"",exception (json.decoder.JSONDecodeError: Expecting value: line 1 column 1 (char 0))}"
contracts_output/contracts_output/gemini_contracts/gemini_contracts/5480.sol,5480.sol,slither-0.11.3,solidity,2025/09/14,20260225_2030,1772051495.9846115,2.952409505844116,1,{},{},{EXIT_CODE_1},"{""analysis unsuccessful, check output.json"",""error parsing results: file could not be opened successfully:
- method gz: ReadError('empty file')
- method bz2: ReadError('not a bzip2 file')
- method xz: ReadError('not an lzma file')
- method tar: ReadError('empty file')"",""exception (crytic_compile.platform.exceptions.InvalidCompilation: Invalid solc compilation Warning: SPDX license identifier not provided in source file. Before publishing, consider adding a comment containing \""SPDX-License-Identifier: <SPDX-License>\"" to each source file. Use \""SPDX-License-Identifier: UNLICENSED\"" for non-open-source code. Please see https://spdx.org for more information.)"",exception (json.decoder.JSONDecodeError: Expecting value: line 1 column 1 (char 0))}"
contracts_output/contracts_output/gemini_contracts/gemini_contracts/5481.sol,5481.sol,slither-0.11.3,solidity,2025/09/14,20260225_2030,1772051550.158513,2.9468095302581787,1,{},{},{EXIT_CODE_1},"{""analysis unsuccessful, check output.json"",""error parsing results: file could not be opened successfully:
- method gz: ReadError('empty file')
- method bz2: ReadError('not a bzip2 file')
- method xz: ReadError('not an lzma file')
- method tar: ReadError('empty file')"",""exception (crytic_compile.platform.exceptions.InvalidCompilation: Invalid solc compilation Error: Function, variable, struct or modifier declaration expected.)"",exception (json.decoder.JSONDecodeError: Expecting value: line 1 column 1 (char 0))}"
contracts_output/contracts_output/gemini_contracts/gemini_contracts/5497.sol,5497.sol,slither-0.11.3,solidity,2025/09/14,20260225_2030,1772051458.062654,3.0496535301208496,1,{},{},{EXIT_CODE_1},"{""analysis unsuccessful, check output.json"",""error parsing results: file could not be opened successfully:
- method gz: ReadError('empty file')
- method bz2: ReadError('not a bzip2 file')
- method xz: ReadError('not an lzma file')
- method tar: ReadError('empty file')"",""exception (crytic_compile.platform.exceptions.InvalidCompilation: Invalid solc compilation Warning: SPDX license identifier not provided in source file. Before publishing, consider adding a comment containing \""SPDX-License-Identifier: <SPDX-License>\"" to each source file. Use \""SPDX-License-Identifier: UNLICENSED\"" for non-open-source code. Please see https://spdx.org for more information.)"",exception (json.decoder.JSONDecodeError: Expecting value: line 1 column 1 (char 0))}"
contracts_output/contracts_output/gemini_contracts/gemini_contracts/5500.sol,5500.sol,slither-0.11.3,solidity,2025/09/14,20260225_2030,1772051534.2592673,2.8578476905822754,1,{},{},{EXIT_CODE_1},"{""analysis unsuccessful, check output.json"",""error parsing results: file could not be opened successfully:
- method gz: ReadError('empty file')
- method bz2: ReadError('not a bzip2 file')
- method xz: ReadError('not an lzma file')
- method tar: ReadError('empty file')"",""exception (crytic_compile.platform.exceptions.InvalidCompilation: Invalid solc compilation Warning: SPDX license identifier not provided in source file. Before publishing, consider adding a comment containing \""SPDX-License-Identifier: <SPDX-License>\"" to each source file. Use \""SPDX-License-Identifier: UNLICENSED\"" for non-open-source code. Please see https://spdx.org for more information.)"",exception (json.decoder.JSONDecodeError: Expecting value: line 1 column 1 (char 0))}"
contracts_output/contracts_output/gemini_contracts/gemini_contracts/5527.sol,5527.sol,slither-0.11.3,solidity,2025/09/14,20260225_2030,1772051559.851544,3.1057755947113037,1,{},{},{EXIT_CODE_1},"{""analysis unsuccessful, check output.json"",""error parsing results: file could not be opened successfully:
- method gz: ReadError('empty file')
- method bz2: ReadError('not a bzip2 file')
- method xz: ReadError('not an lzma file')
- method tar: ReadError('empty file')"",""exception (crytic_compile.platform.exceptions.InvalidCompilation: Invalid solc compilation Warning: SPDX license identifier not provided in source file. Before publishing, consider adding a comment containing \""SPDX-License-Identifier: <SPDX-License>\"" to each source file. Use \""SPDX-License-Identifier: UNLICENSED\"" for non-open-source code. Please see https://spdx.org for more information.)"",exception (json.decoder.JSONDecodeError: Expecting value: line 1 column 1 (char 0))}"
contracts_output/contracts_output/gemini_contracts/gemini_contracts/5531.sol,5531.sol,slither-0.11.3,solidity,2025/09/14,20260225_2030,1772051438.072309,3.1630043983459473,1,{},{},{EXIT_CODE_1},"{""analysis unsuccessful, check output.json"",""error parsing results: file could not be opened successfully:
- method gz: ReadError('empty file')
- method bz2: ReadError('not a bzip2 file')
- method xz: ReadError('not an lzma file')
- method tar: ReadError('empty file')"",""exception (crytic_compile.platform.exceptions.InvalidCompilation: Invalid solc compilation Warning: SPDX license identifier not provided in source file. Before publishing, consider adding a comment containing \""SPDX-License-Identifier: <SPDX-License>\"" to each source file. Use \""SPDX-License-Identifier: UNLICENSED\"" for non-open-source code. Please see https://spdx.org for more information.)"",exception (json.decoder.JSONDecodeError: Expecting value: line 1 column 1 (char 0))}"
contracts_output/contracts_output/gemini_contracts/gemini_contracts/5534.sol,5534.sol,slither-0.11.3,solidity,2025/09/14,20260225_2030,1772051496.6653056,3.1506152153015137,1,{},{},{EXIT_CODE_1},"{""analysis unsuccessful, check output.json"",""error parsing results: file could not be opened successfully:
- method gz: ReadError('empty file')
- method bz2: ReadError('not a bzip2 file')
- method xz: ReadError('not an lzma file')
- method tar: ReadError('empty file')"",""exception (crytic_compile.platform.exceptions.InvalidCompilation: Invalid solc compilation Warning: SPDX license identifier not provided in source file. Before publishing, consider adding a comment containing \""SPDX-License-Identifier: <SPDX-License>\"" to each source file. Use \""SPDX-License-Identifier: UNLICENSED\"" for non-open-source code. Please see https://spdx.org for more information.)"",exception (json.decoder.JSONDecodeError: Expecting value: line 1 column 1 (char 0))}"
contracts_output/contracts_output/gemini_contracts/gemini_contracts/5542.sol,5542.sol,slither-0.11.3,solidity,2025/09/14,20260225_2030,1772051482.7011778,2.7454593181610107,1,{},{},{EXIT_CODE_1},"{""analysis unsuccessful, check output.json"",""error parsing results: file could not be opened successfully:
- method gz: ReadError('empty file')
- method bz2: ReadError('not a bzip2 file')
- method xz: ReadError('not an lzma file')
- method tar: ReadError('empty file')"",""exception (crytic_compile.platform.exceptions.InvalidCompilation: Invalid solc compilation Warning: SPDX license identifier not provided in source file. Before publishing, consider adding a comment containing \""SPDX-License-Identifier: <SPDX-License>\"" to each source file. Use \""SPDX-License-Identifier: UNLICENSED\"" for non-open-source code. Please see https://spdx.org for more information.)"",exception (json.decoder.JSONDecodeError: Expecting value: line 1 column 1 (char 0))}"
contracts_output/contracts_output/gemini_contracts/gemini_contracts/5584.sol,5584.sol,slither-0.11.3,solidity,2025/09/14,20260225_2030,1772051447.0648322,2.8753271102905273,1,{},{},{EXIT_CODE_1},"{""analysis unsuccessful, check output.json"",""error parsing results: file could not be opened successfully:
- method gz: ReadError('empty file')
- method bz2: ReadError('not a bzip2 file')
- method xz: ReadError('not an lzma file')
- method tar: ReadError('empty file')"",""exception (crytic_compile.platform.exceptions.InvalidCompilation: Invalid solc compilation Warning: SPDX license identifier not provided in source file. Before publishing, consider adding a comment containing \""SPDX-License-Identifier: <SPDX-License>\"" to each source file. Use \""SPDX-License-Identifier: UNLICENSED\"" for non-open-source code. Please see https://spdx.org for more information.)"",exception (json.decoder.JSONDecodeError: Expecting value: line 1 column 1 (char 0))}"
contracts_output/contracts_output/gemini_contracts/gemini_contracts/5602.sol,5602.sol,slither-0.11.3,solidity,2025/09/14,20260225_2030,1772051517.040195,3.046022415161133,1,{},{},{EXIT_CODE_1},"{""analysis unsuccessful, check output.json"",""error parsing results: file could not be opened successfully:
- method gz: ReadError('empty file')
- method bz2: ReadError('not a bzip2 file')
- method xz: ReadError('not an lzma file')
- method tar: ReadError('empty file')"",""exception (crytic_compile.platform.exceptions.InvalidCompilation: Invalid solc compilation Warning: SPDX license identifier not provided in source file. Before publishing, consider adding a comment containing \""SPDX-License-Identifier: <SPDX-License>\"" to each source file. Use \""SPDX-License-Identifier: UNLICENSED\"" for non-open-source code. Please see https://spdx.org for more information.)"",exception (json.decoder.JSONDecodeError: Expecting value: line 1 column 1 (char 0))}"
contracts_output/contracts_output/gemini_contracts/gemini_contracts/5609.sol,5609.sol,slither-0.11.3,solidity,2025/09/14,20260225_2030,1772051466.3639655,2.9833884239196777,1,{},{},{EXIT_CODE_1},"{""analysis unsuccessful, check output.json"",""error parsing results: file could not be opened successfully:
- method gz: ReadError('empty file')
- method bz2: ReadError('not a bzip2 file')
- method xz: ReadError('not an lzma file')
- method tar: ReadError('empty file')"",""exception (crytic_compile.platform.exceptions.InvalidCompilation: Invalid solc compilation Warning: SPDX license identifier not provided in source file. Before publishing, consider adding a comment containing \""SPDX-License-Identifier: <SPDX-License>\"" to each source file. Use \""SPDX-License-Identifier: UNLICENSED\"" for non-open-source code. Please see https://spdx.org for more information.)"",exception (json.decoder.JSONDecodeError: Expecting value: line 1 column 1 (char 0))}"
contracts_output/contracts_output/gemini_contracts/gemini_contracts/5627.sol,5627.sol,slither-0.11.3,solidity,2025/09/14,20260225_2030,1772051522.7784019,2.9571735858917236,1,{},{},{EXIT_CODE_1},"{""analysis unsuccessful, check output.json"",""error parsing results: file could not be opened successfully:
- method gz: ReadError('empty file')
- method bz2: ReadError('not a bzip2 file')
- method xz: ReadError('not an lzma file')
- method tar: ReadError('empty file')"",""exception (crytic_compile.platform.exceptions.InvalidCompilation: Invalid solc compilation Warning: SPDX license identifier not provided in source file. Before publishing, consider adding a comment containing \""SPDX-License-Identifier: <SPDX-License>\"" to each source file. Use \""SPDX-License-Identifier: UNLICENSED\"" for non-open-source code. Please see https://spdx.org for more information.)"",exception (json.decoder.JSONDecodeError: Expecting value: line 1 column 1 (char 0))}"
contracts_output/contracts_output/gemini_contracts/gemini_contracts/5639.sol,5639.sol,slither-0.11.3,solidity,2025/09/14,20260225_2030,1772051541.6060307,2.9481022357940674,1,{},{},{EXIT_CODE_1},"{""analysis unsuccessful, check output.json"",""error parsing results: file could not be opened successfully:
- method gz: ReadError('empty file')
- method bz2: ReadError('not a bzip2 file')
- method xz: ReadError('not an lzma file')
- method tar: ReadError('empty file')"",""exception (crytic_compile.platform.exceptions.InvalidCompilation: Invalid solc compilation Warning: SPDX license identifier not provided in source file. Before publishing, consider adding a comment containing \""SPDX-License-Identifier: <SPDX-License>\"" to each source file. Use \""SPDX-License-Identifier: UNLICENSED\"" for non-open-source code. Please see https://spdx.org for more information.)"",exception (json.decoder.JSONDecodeError: Expecting value: line 1 column 1 (char 0))}"
contracts_output/contracts_output/gemini_contracts/gemini_contracts/5641.sol,5641.sol,slither-0.11.3,solidity,2025/09/14,20260225_2030,1772051540.8608134,2.9229676723480225,1,{},{},{EXIT_CODE_1},"{""analysis unsuccessful, check output.json"",""error parsing results: file could not be opened successfully:
- method gz: ReadError('empty file')
- method bz2: ReadError('not a bzip2 file')
- method xz: ReadError('not an lzma file')
- method tar: ReadError('empty file')"",""exception (crytic_compile.platform.exceptions.InvalidCompilation: Invalid solc compilation Warning: SPDX license identifier not provided in source file. Before publishing, consider adding a comment containing \""SPDX-License-Identifier: <SPDX-License>\"" to each source file. Use \""SPDX-License-Identifier: UNLICENSED\"" for non-open-source code. Please see https://spdx.org for more information.)"",exception (json.decoder.JSONDecodeError: Expecting value: line 1 column 1 (char 0))}"
contracts_output/contracts_output/gemini_contracts/gemini_contracts/5648.sol,5648.sol,slither-0.11.3,solidity,2025/09/14,20260225_2030,1772051502.5063524,3.094752073287964,1,{},{},{EXIT_CODE_1},"{""analysis unsuccessful, check output.json"",""error parsing results: file could not be opened successfully:
- method gz: ReadError('empty file')
- method bz2: ReadError('not a bzip2 file')
- method xz: ReadError('not an lzma file')
- method tar: ReadError('empty file')"",""exception (crytic_compile.platform.exceptions.InvalidCompilation: Invalid solc compilation Warning: SPDX license identifier not provided in source file. Before publishing, consider adding a comment containing \""SPDX-License-Identifier: <SPDX-License>\"" to each source file. Use \""SPDX-License-Identifier: UNLICENSED\"" for non-open-source code. Please see https://spdx.org for more information.)"",exception (json.decoder.JSONDecodeError: Expecting value: line 1 column 1 (char 0))}"
contracts_output/contracts_output/gemini_contracts/gemini_contracts/565.sol,565.sol,slither-0.11.3,solidity,2025/09/14,20260225_2030,1772051576.403797,2.885258436203003,1,{},{},{EXIT_CODE_1},"{""analysis unsuccessful, check output.json"",""error parsing results: file could not be opened successfully:
- method gz: ReadError('empty file')
- method bz2: ReadError('not a bzip2 file')
- method xz: ReadError('not an lzma file')
- method tar: ReadError('empty file')"",""exception (crytic_compile.platform.exceptions.InvalidCompilation: Invalid solc compilation Warning: SPDX license identifier not provided in source file. Before publishing, consider adding a comment containing \""SPDX-License-Identifier: <SPDX-License>\"" to each source file. Use \""SPDX-License-Identifier: UNLICENSED\"" for non-open-source code. Please see https://spdx.org for more information.)"",exception (json.decoder.JSONDecodeError: Expecting value: line 1 column 1 (char 0))}"
contracts_output/contracts_output/gemini_contracts/gemini_contracts/5667.sol,5667.sol,slither-0.11.3,solidity,2025/09/14,20260225_2030,1772051457.9193292,2.532254695892334,1,{},{},{EXIT_CODE_1},"{""analysis unsuccessful, check output.json"",""error parsing results: file could not be opened successfully:
- method gz: ReadError('empty file')
- method bz2: ReadError('not a bzip2 file')
- method xz: ReadError('not an lzma file')
- method tar: ReadError('empty file')"",""exception (crytic_compile.platform.exceptions.InvalidCompilation: Invalid solc compilation Warning: SPDX license identifier not provided in source file. Before publishing, consider adding a comment containing \""SPDX-License-Identifier: <SPDX-License>\"" to each source file. Use \""SPDX-License-Identifier: UNLICENSED\"" for non-open-source code. Please see https://spdx.org for more information.)"",exception (json.decoder.JSONDecodeError: Expecting value: line 1 column 1 (char 0))}"
contracts_output/contracts_output/gemini_contracts/gemini_contracts/5679.sol,5679.sol,slither-0.11.3,solidity,2025/09/14,20260225_2030,1772051446.5230596,2.947460174560547,1,{},{},{EXIT_CODE_1},"{""analysis unsuccessful, check output.json"",""error parsing results: file could not be opened successfully:
- method gz: ReadError('empty file')
- method bz2: ReadError('not a bzip2 file')
- method xz: ReadError('not an lzma file')
- method tar: ReadError('empty file')"",""exception (crytic_compile.platform.exceptions.InvalidCompilation: Invalid solc compilation Warning: SPDX license identifier not provided in source file. Before publishing, consider adding a comment containing \""SPDX-License-Identifier: <SPDX-License>\"" to each source file. Use \""SPDX-License-Identifier: UNLICENSED\"" for non-open-source code. Please see https://spdx.org for more information.)"",exception (json.decoder.JSONDecodeError: Expecting value: line 1 column 1 (char 0))}"
contracts_output/contracts_output/gemini_contracts/gemini_contracts/5691.sol,5691.sol,slither-0.11.3,solidity,2025/09/14,20260225_2030,1772051469.4613676,2.8716864585876465,1,{},{},{EXIT_CODE_1},"{""analysis unsuccessful, check output.json"",""error parsing results: file could not be opened successfully:
- method gz: ReadError('empty file')
- method bz2: ReadError('not a bzip2 file')
- method xz: ReadError('not an lzma file')
- method tar: ReadError('empty file')"",""exception (crytic_compile.platform.exceptions.InvalidCompilation: Invalid solc compilation Error: Function, variable, struct or modifier declaration expected.)"",exception (json.decoder.JSONDecodeError: Expecting value: line 1 column 1 (char 0))}"
contracts_output/contracts_output/gemini_contracts/gemini_contracts/5701.sol,5701.sol,slither-0.11.3,solidity,2025/09/14,20260225_2030,1772051473.7952292,3.0704474449157715,1,{},{},{EXIT_CODE_1},"{""analysis unsuccessful, check output.json"",""error parsing results: file could not be opened successfully:
- method gz: ReadError('empty file')
- method bz2: ReadError('not a bzip2 file')
- method xz: ReadError('not an lzma file')
- method tar: ReadError('empty file')"",""exception (crytic_compile.platform.exceptions.InvalidCompilation: Invalid solc compilation Warning: SPDX license identifier not provided in source file. Before publishing, consider adding a comment containing \""SPDX-License-Identifier: <SPDX-License>\"" to each source file. Use \""SPDX-License-Identifier: UNLICENSED\"" for non-open-source code. Please see https://spdx.org for more information.)"",exception (json.decoder.JSONDecodeError: Expecting value: line 1 column 1 (char 0))}"
contracts_output/contracts_output/gemini_contracts/gemini_contracts/5707.sol,5707.sol,slither-0.11.3,solidity,2025/09/14,20260225_2030,1772051501.411822,3.139889717102051,1,{},{},{EXIT_CODE_1},"{""analysis unsuccessful, check output.json"",""error parsing results: file could not be opened successfully:
- method gz: ReadError('empty file')
- method bz2: ReadError('not a bzip2 file')
- method xz: ReadError('not an lzma file')
- method tar: ReadError('empty file')"",""exception (crytic_compile.platform.exceptions.InvalidCompilation: Invalid solc compilation Warning: SPDX license identifier not provided in source file. Before publishing, consider adding a comment containing \""SPDX-License-Identifier: <SPDX-License>\"" to each source file. Use \""SPDX-License-Identifier: UNLICENSED\"" for non-open-source code. Please see https://spdx.org for more information.)"",exception (json.decoder.JSONDecodeError: Expecting value: line 1 column 1 (char 0))}"
contracts_output/contracts_output/gemini_contracts/gemini_contracts/5732.sol,5732.sol,slither-0.11.3,solidity,2025/09/14,20260225_2030,1772051476.7869494,3.0158703327178955,1,{},{},{EXIT_CODE_1},"{""analysis unsuccessful, check output.json"",""error parsing results: file could not be opened successfully:
- method gz: ReadError('empty file')
- method bz2: ReadError('not a bzip2 file')
- method xz: ReadError('not an lzma file')
- method tar: ReadError('empty file')"",""exception (crytic_compile.platform.exceptions.InvalidCompilation: Invalid solc compilation Warning: SPDX license identifier not provided in source file. Before publishing, consider adding a comment containing \""SPDX-License-Identifier: <SPDX-License>\"" to each source file. Use \""SPDX-License-Identifier: UNLICENSED\"" for non-open-source code. Please see https://spdx.org for more information.)"",exception (json.decoder.JSONDecodeError: Expecting value: line 1 column 1 (char 0))}"
contracts_output/contracts_output/gemini_contracts/gemini_contracts/5733.sol,5733.sol,slither-0.11.3,solidity,2025/09/14,20260225_2030,1772051476.5896838,2.9323322772979736,1,{},{},{EXIT_CODE_1},"{""analysis unsuccessful, check output.json"",""error parsing results: file could not be opened successfully:
- method gz: ReadError('empty file')
- method bz2: ReadError('not a bzip2 file')
- method xz: ReadError('not an lzma file')
- method tar: ReadError('empty file')"",""exception (crytic_compile.platform.exceptions.InvalidCompilation: Invalid solc compilation Warning: SPDX license identifier not provided in source file. Before publishing, consider adding a comment containing \""SPDX-License-Identifier: <SPDX-License>\"" to each source file. Use \""SPDX-License-Identifier: UNLICENSED\"" for non-open-source code. Please see https://spdx.org for more information.)"",exception (json.decoder.JSONDecodeError: Expecting value: line 1 column 1 (char 0))}"
contracts_output/contracts_output/gemini_contracts/gemini_contracts/5740.sol,5740.sol,slither-0.11.3,solidity,2025/09/14,20260225_2030,1772051441.8901374,2.9169414043426514,1,{},{},{EXIT_CODE_1},"{""analysis unsuccessful, check output.json"",""error parsing results: file could not be opened successfully:
- method gz: ReadError('empty file')
- method bz2: ReadError('not a bzip2 file')
- method xz: ReadError('not an lzma file')
- method tar: ReadError('empty file')"",""exception (crytic_compile.platform.exceptions.InvalidCompilation: Invalid solc compilation Warning: SPDX license identifier not provided in source file. Before publishing, consider adding a comment containing \""SPDX-License-Identifier: <SPDX-License>\"" to each source file. Use \""SPDX-License-Identifier: UNLICENSED\"" for non-open-source code. Please see https://spdx.org for more information.)"",exception (json.decoder.JSONDecodeError: Expecting value: line 1 column 1 (char 0))}"
contracts_output/contracts_output/gemini_contracts/gemini_contracts/5759.sol,5759.sol,slither-0.11.3,solidity,2025/09/14,20260225_2030,1772051428.9919846,2.989691972732544,1,{},{},{EXIT_CODE_1},"{""analysis unsuccessful, check output.json"",""error parsing results: file could not be opened successfully:
- method gz: ReadError('empty file')
- method bz2: ReadError('not a bzip2 file')
- method xz: ReadError('not an lzma file')
- method tar: ReadError('empty file')"",""exception (crytic_compile.platform.exceptions.InvalidCompilation: Invalid solc compilation Warning: SPDX license identifier not provided in source file. Before publishing, consider adding a comment containing \""SPDX-License-Identifier: <SPDX-License>\"" to each source file. Use \""SPDX-License-Identifier: UNLICENSED\"" for non-open-source code. Please see https://spdx.org for more information.)"",exception (json.decoder.JSONDecodeError: Expecting value: line 1 column 1 (char 0))}"
contracts_output/contracts_output/gemini_contracts/gemini_contracts/5765.sol,5765.sol,slither-0.11.3,solidity,2025/09/14,20260225_2030,1772051495.8710046,2.944037437438965,1,{},{},{EXIT_CODE_1},"{""analysis unsuccessful, check output.json"",""error parsing results: file could not be opened successfully:
- method gz: ReadError('empty file')
- method bz2: ReadError('not a bzip2 file')
- method xz: ReadError('not an lzma file')
- method tar: ReadError('empty file')"",""exception (crytic_compile.platform.exceptions.InvalidCompilation: Invalid solc compilation Warning: SPDX license identifier not provided in source file. Before publishing, consider adding a comment containing \""SPDX-License-Identifier: <SPDX-License>\"" to each source file. Use \""SPDX-License-Identifier: UNLICENSED\"" for non-open-source code. Please see https://spdx.org for more information.)"",exception (json.decoder.JSONDecodeError: Expecting value: line 1 column 1 (char 0))}"
contracts_output/contracts_output/gemini_contracts/gemini_contracts/5767.sol,5767.sol,slither-0.11.3,solidity,2025/09/14,20260225_2030,1772051452.6836348,2.9370157718658447,1,{},{},{EXIT_CODE_1},"{""analysis unsuccessful, check output.json"",""error parsing results: file could not be opened successfully:
- method gz: ReadError('empty file')
- method bz2: ReadError('not a bzip2 file')
- method xz: ReadError('not an lzma file')
- method tar: ReadError('empty file')"",""exception (crytic_compile.platform.exceptions.InvalidCompilation: Invalid solc compilation Error: Function, variable, struct or modifier declaration expected.)"",exception (json.decoder.JSONDecodeError: Expecting value: line 1 column 1 (char 0))}"
contracts_output/contracts_output/gemini_contracts/gemini_contracts/5781.sol,5781.sol,slither-0.11.3,solidity,2025/09/14,20260225_2030,1772051446.0280085,3.1030664443969727,1,{},{},{EXIT_CODE_1},"{""analysis unsuccessful, check output.json"",""error parsing results: file could not be opened successfully:
- method gz: ReadError('empty file')
- method bz2: ReadError('not a bzip2 file')
- method xz: ReadError('not an lzma file')
- method tar: ReadError('empty file')"",""exception (crytic_compile.platform.exceptions.InvalidCompilation: Invalid solc compilation Warning: SPDX license identifier not provided in source file. Before publishing, consider adding a comment containing \""SPDX-License-Identifier: <SPDX-License>\"" to each source file. Use \""SPDX-License-Identifier: UNLICENSED\"" for non-open-source code. Please see https://spdx.org for more information.)"",exception (json.decoder.JSONDecodeError: Expecting value: line 1 column 1 (char 0))}"
contracts_output/contracts_output/gemini_contracts/gemini_contracts/5791.sol,5791.sol,slither-0.11.3,solidity,2025/09/14,20260225_2030,1772051582.1230874,2.964405059814453,1,{},{},{EXIT_CODE_1},"{""analysis unsuccessful, check output.json"",""error parsing results: file could not be opened successfully:
- method gz: ReadError('empty file')
- method bz2: ReadError('not a bzip2 file')
- method xz: ReadError('not an lzma file')
- method tar: ReadError('empty file')"",""exception (crytic_compile.platform.exceptions.InvalidCompilation: Invalid solc compilation Warning: SPDX license identifier not provided in source file. Before publishing, consider adding a comment containing \""SPDX-License-Identifier: <SPDX-License>\"" to each source file. Use \""SPDX-License-Identifier: UNLICENSED\"" for non-open-source code. Please see https://spdx.org for more information.)"",exception (json.decoder.JSONDecodeError: Expecting value: line 1 column 1 (char 0))}"
contracts_output/contracts_output/gemini_contracts/gemini_contracts/5799.sol,5799.sol,slither-0.11.3,solidity,2025/09/14,20260225_2030,1772051431.72659,2.975059986114502,1,{},{},{EXIT_CODE_1},"{""analysis unsuccessful, check output.json"",""error parsing results: file could not be opened successfully:
- method gz: ReadError('empty file')
- method bz2: ReadError('not a bzip2 file')
- method xz: ReadError('not an lzma file')
- method tar: ReadError('empty file')"",""exception (crytic_compile.platform.exceptions.InvalidCompilation: Invalid solc compilation Warning: SPDX license identifier not provided in source file. Before publishing, consider adding a comment containing \""SPDX-License-Identifier: <SPDX-License>\"" to each source file. Use \""SPDX-License-Identifier: UNLICENSED\"" for non-open-source code. Please see https://spdx.org for more information.)"",exception (json.decoder.JSONDecodeError: Expecting value: line 1 column 1 (char 0))}"
contracts_output/contracts_output/gemini_contracts/gemini_contracts/5800.sol,5800.sol,slither-0.11.3,solidity,2025/09/14,20260225_2030,1772051537.118201,2.8048946857452393,1,{},{},{EXIT_CODE_1},"{""analysis unsuccessful, check output.json"",""error parsing results: file could not be opened successfully:
- method gz: ReadError('empty file')
- method bz2: ReadError('not a bzip2 file')
- method xz: ReadError('not an lzma file')
- method tar: ReadError('empty file')"",""exception (crytic_compile.platform.exceptions.InvalidCompilation: Invalid solc compilation Warning: SPDX license identifier not provided in source file. Before publishing, consider adding a comment containing \""SPDX-License-Identifier: <SPDX-License>\"" to each source file. Use \""SPDX-License-Identifier: UNLICENSED\"" for non-open-source code. Please see https://spdx.org for more information.)"",exception (json.decoder.JSONDecodeError: Expecting value: line 1 column 1 (char 0))}"
contracts_output/contracts_output/gemini_contracts/gemini_contracts/5804.sol,5804.sol,slither-0.11.3,solidity,2025/09/14,20260225_2030,1772051568.3879278,2.896606922149658,1,{},{},{EXIT_CODE_1},"{""analysis unsuccessful, check output.json"",""error parsing results: file could not be opened successfully:
- method gz: ReadError('empty file')
- method bz2: ReadError('not a bzip2 file')
- method xz: ReadError('not an lzma file')
- method tar: ReadError('empty file')"",""exception (crytic_compile.platform.exceptions.InvalidCompilation: Invalid solc compilation Warning: SPDX license identifier not provided in source file. Before publishing, consider adding a comment containing \""SPDX-License-Identifier: <SPDX-License>\"" to each source file. Use \""SPDX-License-Identifier: UNLICENSED\"" for non-open-source code. Please see https://spdx.org for more information.)"",exception (json.decoder.JSONDecodeError: Expecting value: line 1 column 1 (char 0))}"
contracts_output/contracts_output/gemini_contracts/gemini_contracts/5822.sol,5822.sol,slither-0.11.3,solidity,2025/09/14,20260225_2030,1772051571.8986557,3.163905382156372,1,{},{},{EXIT_CODE_1},"{""analysis unsuccessful, check output.json"",""error parsing results: file could not be opened successfully:
- method gz: ReadError('empty file')
- method bz2: ReadError('not a bzip2 file')
- method xz: ReadError('not an lzma file')
- method tar: ReadError('empty file')"",""exception (crytic_compile.platform.exceptions.InvalidCompilation: Invalid solc compilation Error: Function, variable, struct or modifier declaration expected.)"",exception (json.decoder.JSONDecodeError: Expecting value: line 1 column 1 (char 0))}"
contracts_output/contracts_output/gemini_contracts/gemini_contracts/5836.sol,5836.sol,slither-0.11.3,solidity,2025/09/14,20260225_2030,1772051438.0185797,3.091917037963867,1,{},{},{EXIT_CODE_1},"{""analysis unsuccessful, check output.json"",""error parsing results: file could not be opened successfully:
- method gz: ReadError('empty file')
- method bz2: ReadError('not a bzip2 file')
- method xz: ReadError('not an lzma file')
- method tar: ReadError('empty file')"",""exception (crytic_compile.platform.exceptions.InvalidCompilation: Invalid solc compilation Warning: SPDX license identifier not provided in source file. Before publishing, consider adding a comment containing \""SPDX-License-Identifier: <SPDX-License>\"" to each source file. Use \""SPDX-License-Identifier: UNLICENSED\"" for non-open-source code. Please see https://spdx.org for more information.)"",exception (json.decoder.JSONDecodeError: Expecting value: line 1 column 1 (char 0))}"
contracts_output/contracts_output/gemini_contracts/gemini_contracts/5894.sol,5894.sol,slither-0.11.3,solidity,2025/09/14,20260225_2030,1772051445.9406836,3.2658889293670654,1,{},{},{EXIT_CODE_1},"{""analysis unsuccessful, check output.json"",""error parsing results: file could not be opened successfully:
- method gz: ReadError('empty file')
- method bz2: ReadError('not a bzip2 file')
- method xz: ReadError('not an lzma file')
- method tar: ReadError('empty file')"",""exception (crytic_compile.platform.exceptions.InvalidCompilation: Invalid solc compilation Warning: SPDX license identifier not provided in source file. Before publishing, consider adding a comment containing \""SPDX-License-Identifier: <SPDX-License>\"" to each source file. Use \""SPDX-License-Identifier: UNLICENSED\"" for non-open-source code. Please see https://spdx.org for more information.)"",exception (json.decoder.JSONDecodeError: Expecting value: line 1 column 1 (char 0))}"
contracts_output/contracts_output/gemini_contracts/gemini_contracts/5915.sol,5915.sol,slither-0.11.3,solidity,2025/09/14,20260225_2030,1772051430.802899,2.8294785022735596,1,{},{},{EXIT_CODE_1},"{""analysis unsuccessful, check output.json"",""error parsing results: file could not be opened successfully:
- method gz: ReadError('empty file')
- method bz2: ReadError('not a bzip2 file')
- method xz: ReadError('not an lzma file')
- method tar: ReadError('empty file')"",exception (crytic_compile.platform.exceptions.InvalidCompilation: Invalid solc compilation Error: Expected ';' but got 'private'),exception (json.decoder.JSONDecodeError: Expecting value: line 1 column 1 (char 0))}"
contracts_output/contracts_output/gemini_contracts/gemini_contracts/5919.sol,5919.sol,slither-0.11.3,solidity,2025/09/14,20260225_2030,1772051421.4708328,2.8028416633605957,1,{},{},{EXIT_CODE_1},"{""analysis unsuccessful, check output.json"",""error parsing results: file could not be opened successfully:
- method gz: ReadError('empty file')
- method bz2: ReadError('not a bzip2 file')
- method xz: ReadError('not an lzma file')
- method tar: ReadError('empty file')"",""exception (crytic_compile.platform.exceptions.InvalidCompilation: Invalid solc compilation Warning: SPDX license identifier not provided in source file. Before publishing, consider adding a comment containing \""SPDX-License-Identifier: <SPDX-License>\"" to each source file. Use \""SPDX-License-Identifier: UNLICENSED\"" for non-open-source code. Please see https://spdx.org for more information.)"",exception (json.decoder.JSONDecodeError: Expecting value: line 1 column 1 (char 0))}"
contracts_output/contracts_output/gemini_contracts/gemini_contracts/5921.sol,5921.sol,slither-0.11.3,solidity,2025/09/14,20260225_2030,1772051562.3054216,3.060380458831787,1,{},{},{EXIT_CODE_1},"{""analysis unsuccessful, check output.json"",""error parsing results: file could not be opened successfully:
- method gz: ReadError('empty file')
- method bz2: ReadError('not a bzip2 file')
- method xz: ReadError('not an lzma file')
- method tar: ReadError('empty file')"",""exception (crytic_compile.platform.exceptions.InvalidCompilation: Invalid solc compilation Warning: SPDX license identifier not provided in source file. Before publishing, consider adding a comment containing \""SPDX-License-Identifier: <SPDX-License>\"" to each source file. Use \""SPDX-License-Identifier: UNLICENSED\"" for non-open-source code. Please see https://spdx.org for more information.)"",exception (json.decoder.JSONDecodeError: Expecting value: line 1 column 1 (char 0))}"
contracts_output/contracts_output/gemini_contracts/gemini_contracts/5927.sol,5927.sol,slither-0.11.3,solidity,2025/09/14,20260225_2030,1772051453.3640234,2.987910747528076,1,{},{},{EXIT_CODE_1},"{""analysis unsuccessful, check output.json"",""error parsing results: file could not be opened successfully:
- method gz: ReadError('empty file')
- method bz2: ReadError('not a bzip2 file')
- method xz: ReadError('not an lzma file')
- method tar: ReadError('empty file')"",""exception (crytic_compile.platform.exceptions.InvalidCompilation: Invalid solc compilation Warning: SPDX license identifier not provided in source file. Before publishing, consider adding a comment containing \""SPDX-License-Identifier: <SPDX-License>\"" to each source file. Use \""SPDX-License-Identifier: UNLICENSED\"" for non-open-source code. Please see https://spdx.org for more information.)"",exception (json.decoder.JSONDecodeError: Expecting value: line 1 column 1 (char 0))}"
contracts_output/contracts_output/gemini_contracts/gemini_contracts/5928.sol,5928.sol,slither-0.11.3,solidity,2025/09/14,20260225_2030,1772051490.4014769,3.250736713409424,1,{},{},{EXIT_CODE_1},"{""analysis unsuccessful, check output.json"",""error parsing results: file could not be opened successfully:
- method gz: ReadError('empty file')
- method bz2: ReadError('not a bzip2 file')
- method xz: ReadError('not an lzma file')
- method tar: ReadError('empty file')"",""exception (crytic_compile.platform.exceptions.InvalidCompilation: Invalid solc compilation Warning: SPDX license identifier not provided in source file. Before publishing, consider adding a comment containing \""SPDX-License-Identifier: <SPDX-License>\"" to each source file. Use \""SPDX-License-Identifier: UNLICENSED\"" for non-open-source code. Please see https://spdx.org for more information.)"",exception (json.decoder.JSONDecodeError: Expecting value: line 1 column 1 (char 0))}"
contracts_output/contracts_output/gemini_contracts/gemini_contracts/5946.sol,5946.sol,slither-0.11.3,solidity,2025/09/14,20260225_2030,1772051487.1986258,2.5905847549438477,1,{},{},{EXIT_CODE_1},"{""analysis unsuccessful, check output.json"",""error parsing results: file could not be opened successfully:
- method gz: ReadError('empty file')
- method bz2: ReadError('not a bzip2 file')
- method xz: ReadError('not an lzma file')
- method tar: ReadError('empty file')"",""exception (crytic_compile.platform.exceptions.InvalidCompilation: Invalid solc compilation Warning: SPDX license identifier not provided in source file. Before publishing, consider adding a comment containing \""SPDX-License-Identifier: <SPDX-License>\"" to each source file. Use \""SPDX-License-Identifier: UNLICENSED\"" for non-open-source code. Please see https://spdx.org for more information.)"",exception (json.decoder.JSONDecodeError: Expecting value: line 1 column 1 (char 0))}"
contracts_output/contracts_output/gemini_contracts/gemini_contracts/5952.sol,5952.sol,slither-0.11.3,solidity,2025/09/14,20260225_2030,1772051486.6240747,2.8190762996673584,1,{},{},{EXIT_CODE_1},"{""analysis unsuccessful, check output.json"",""error parsing results: file could not be opened successfully:
- method gz: ReadError('empty file')
- method bz2: ReadError('not a bzip2 file')
- method xz: ReadError('not an lzma file')
- method tar: ReadError('empty file')"",""exception (crytic_compile.platform.exceptions.InvalidCompilation: Invalid solc compilation Warning: SPDX license identifier not provided in source file. Before publishing, consider adding a comment containing \""SPDX-License-Identifier: <SPDX-License>\"" to each source file. Use \""SPDX-License-Identifier: UNLICENSED\"" for non-open-source code. Please see https://spdx.org for more information.)"",exception (json.decoder.JSONDecodeError: Expecting value: line 1 column 1 (char 0))}"
contracts_output/contracts_output/gemini_contracts/gemini_contracts/5953.sol,5953.sol,slither-0.11.3,solidity,2025/09/14,20260225_2030,1772051527.9745684,2.838386297225952,1,{},{},{EXIT_CODE_1},"{""analysis unsuccessful, check output.json"",""error parsing results: file could not be opened successfully:
- method gz: ReadError('empty file')
- method bz2: ReadError('not a bzip2 file')
- method xz: ReadError('not an lzma file')
- method tar: ReadError('empty file')"",""exception (crytic_compile.platform.exceptions.InvalidCompilation: Invalid solc compilation Warning: SPDX license identifier not provided in source file. Before publishing, consider adding a comment containing \""SPDX-License-Identifier: <SPDX-License>\"" to each source file. Use \""SPDX-License-Identifier: UNLICENSED\"" for non-open-source code. Please see https://spdx.org for more information.)"",exception (json.decoder.JSONDecodeError: Expecting value: line 1 column 1 (char 0))}"
contracts_output/contracts_output/gemini_contracts/gemini_contracts/598.sol,598.sol,slither-0.11.3,solidity,2025/09/14,20260225_2030,1772051508.9982169,3.044351100921631,1,{},{},{EXIT_CODE_1},"{""analysis unsuccessful, check output.json"",""error parsing results: file could not be opened successfully:
- method gz: ReadError('empty file')
- method bz2: ReadError('not a bzip2 file')
- method xz: ReadError('not an lzma file')
- method tar: ReadError('empty file')"",""exception (crytic_compile.platform.exceptions.InvalidCompilation: Invalid solc compilation Warning: SPDX license identifier not provided in source file. Before publishing, consider adding a comment containing \""SPDX-License-Identifier: <SPDX-License>\"" to each source file. Use \""SPDX-License-Identifier: UNLICENSED\"" for non-open-source code. Please see https://spdx.org for more information.)"",exception (json.decoder.JSONDecodeError: Expecting value: line 1 column 1 (char 0))}"
contracts_output/contracts_output/gemini_contracts/gemini_contracts/5993.sol,5993.sol,slither-0.11.3,solidity,2025/09/14,20260225_2030,1772051432.4988382,3.2274136543273926,1,{},{},{EXIT_CODE_1},"{""analysis unsuccessful, check output.json"",""error parsing results: file could not be opened successfully:
- method gz: ReadError('empty file')
- method bz2: ReadError('not a bzip2 file')
- method xz: ReadError('not an lzma file')
- method tar: ReadError('empty file')"",exception (crytic_compile.platform.exceptions.InvalidCompilation: Invalid solc compilation Error: Expected primary expression.),exception (json.decoder.JSONDecodeError: Expecting value: line 1 column 1 (char 0))}"
contracts_output/contracts_output/gemini_contracts/gemini_contracts/6003.sol,6003.sol,slither-0.11.3,solidity,2025/09/14,20260225_2030,1772051474.2156985,2.9103710651397705,1,{},{},{EXIT_CODE_1},"{""analysis unsuccessful, check output.json"",""error parsing results: file could not be opened successfully:
- method gz: ReadError('empty file')
- method bz2: ReadError('not a bzip2 file')
- method xz: ReadError('not an lzma file')
- method tar: ReadError('empty file')"",""exception (crytic_compile.platform.exceptions.InvalidCompilation: Invalid solc compilation Warning: SPDX license identifier not provided in source file. Before publishing, consider adding a comment containing \""SPDX-License-Identifier: <SPDX-License>\"" to each source file. Use \""SPDX-License-Identifier: UNLICENSED\"" for non-open-source code. Please see https://spdx.org for more information.)"",exception (json.decoder.JSONDecodeError: Expecting value: line 1 column 1 (char 0))}"
contracts_output/contracts_output/gemini_contracts/gemini_contracts/6025.sol,6025.sol,slither-0.11.3,solidity,2025/09/14,20260225_2030,1772051418.5565472,3.009474754333496,1,{},{},{EXIT_CODE_1},"{""analysis unsuccessful, check output.json"",""error parsing results: file could not be opened successfully:
- method gz: ReadError('empty file')
- method bz2: ReadError('not a bzip2 file')
- method xz: ReadError('not an lzma file')
- method tar: ReadError('empty file')"",""exception (crytic_compile.platform.exceptions.InvalidCompilation: Invalid solc compilation Warning: SPDX license identifier not provided in source file. Before publishing, consider adding a comment containing \""SPDX-License-Identifier: <SPDX-License>\"" to each source file. Use \""SPDX-License-Identifier: UNLICENSED\"" for non-open-source code. Please see https://spdx.org for more information.)"",exception (json.decoder.JSONDecodeError: Expecting value: line 1 column 1 (char 0))}"
contracts_output/contracts_output/gemini_contracts/gemini_contracts/6042.sol,6042.sol,slither-0.11.3,solidity,2025/09/14,20260225_2030,1772051527.3452406,3.009108066558838,1,{},{},{EXIT_CODE_1},"{""analysis unsuccessful, check output.json"",""error parsing results: file could not be opened successfully:
- method gz: ReadError('empty file')
- method bz2: ReadError('not a bzip2 file')
- method xz: ReadError('not an lzma file')
- method tar: ReadError('empty file')"",""exception (crytic_compile.platform.exceptions.InvalidCompilation: Invalid solc compilation Warning: SPDX license identifier not provided in source file. Before publishing, consider adding a comment containing \""SPDX-License-Identifier: <SPDX-License>\"" to each source file. Use \""SPDX-License-Identifier: UNLICENSED\"" for non-open-source code. Please see https://spdx.org for more information.)"",exception (json.decoder.JSONDecodeError: Expecting value: line 1 column 1 (char 0))}"
contracts_output/contracts_output/gemini_contracts/gemini_contracts/6047.sol,6047.sol,slither-0.11.3,solidity,2025/09/14,20260225_2030,1772051433.2622645,2.886168956756592,1,{},{},{EXIT_CODE_1},"{""analysis unsuccessful, check output.json"",""error parsing results: file could not be opened successfully:
- method gz: ReadError('empty file')
- method bz2: ReadError('not a bzip2 file')
- method xz: ReadError('not an lzma file')
- method tar: ReadError('empty file')"",""exception (crytic_compile.platform.exceptions.InvalidCompilation: Invalid solc compilation Warning: SPDX license identifier not provided in source file. Before publishing, consider adding a comment containing \""SPDX-License-Identifier: <SPDX-License>\"" to each source file. Use \""SPDX-License-Identifier: UNLICENSED\"" for non-open-source code. Please see https://spdx.org for more information.)"",exception (json.decoder.JSONDecodeError: Expecting value: line 1 column 1 (char 0))}"
contracts_output/contracts_output/gemini_contracts/gemini_contracts/6054.sol,6054.sol,slither-0.11.3,solidity,2025/09/14,20260225_2030,1772051542.0496337,3.2438793182373047,1,{},{},{EXIT_CODE_1},"{""analysis unsuccessful, check output.json"",""error parsing results: file could not be opened successfully:
- method gz: ReadError('empty file')
- method bz2: ReadError('not a bzip2 file')
- method xz: ReadError('not an lzma file')
- method tar: ReadError('empty file')"",""exception (crytic_compile.platform.exceptions.InvalidCompilation: Invalid solc compilation Error: Function, variable, struct or modifier declaration expected.)"",exception (json.decoder.JSONDecodeError: Expecting value: line 1 column 1 (char 0))}"
contracts_output/contracts_output/gemini_contracts/gemini_contracts/6060.sol,6060.sol,slither-0.11.3,solidity,2025/09/14,20260225_2030,1772051450.049463,2.9479401111602783,1,{},{},{EXIT_CODE_1},"{""analysis unsuccessful, check output.json"",""error parsing results: file could not be opened successfully:
- method gz: ReadError('empty file')
- method bz2: ReadError('not a bzip2 file')
- method xz: ReadError('not an lzma file')
- method tar: ReadError('empty file')"",""exception (crytic_compile.platform.exceptions.InvalidCompilation: Invalid solc compilation Warning: SPDX license identifier not provided in source file. Before publishing, consider adding a comment containing \""SPDX-License-Identifier: <SPDX-License>\"" to each source file. Use \""SPDX-License-Identifier: UNLICENSED\"" for non-open-source code. Please see https://spdx.org for more information.)"",exception (json.decoder.JSONDecodeError: Expecting value: line 1 column 1 (char 0))}"
contracts_output/contracts_output/gemini_contracts/gemini_contracts/6063.sol,6063.sol,slither-0.11.3,solidity,2025/09/14,20260225_2030,1772051450.8071992,2.8815460205078125,1,{},{},{EXIT_CODE_1},"{""analysis unsuccessful, check output.json"",""error parsing results: file could not be opened successfully:
- method gz: ReadError('empty file')
- method bz2: ReadError('not a bzip2 file')
- method xz: ReadError('not an lzma file')
- method tar: ReadError('empty file')"",""exception (crytic_compile.platform.exceptions.InvalidCompilation: Invalid solc compilation Warning: SPDX license identifier not provided in source file. Before publishing, consider adding a comment containing \""SPDX-License-Identifier: <SPDX-License>\"" to each source file. Use \""SPDX-License-Identifier: UNLICENSED\"" for non-open-source code. Please see https://spdx.org for more information.)"",exception (json.decoder.JSONDecodeError: Expecting value: line 1 column 1 (char 0))}"
contracts_output/contracts_output/gemini_contracts/gemini_contracts/609.sol,609.sol,slither-0.11.3,solidity,2025/09/14,20260225_2030,1772051544.7937107,2.73459529876709,1,{},{},{EXIT_CODE_1},"{""analysis unsuccessful, check output.json"",""error parsing results: file could not be opened successfully:
- method gz: ReadError('empty file')
- method bz2: ReadError('not a bzip2 file')
- method xz: ReadError('not an lzma file')
- method tar: ReadError('empty file')"",""exception (crytic_compile.platform.exceptions.InvalidCompilation: Invalid solc compilation Warning: SPDX license identifier not provided in source file. Before publishing, consider adding a comment containing \""SPDX-License-Identifier: <SPDX-License>\"" to each source file. Use \""SPDX-License-Identifier: UNLICENSED\"" for non-open-source code. Please see https://spdx.org for more information.)"",exception (json.decoder.JSONDecodeError: Expecting value: line 1 column 1 (char 0))}"
contracts_output/contracts_output/gemini_contracts/gemini_contracts/6100.sol,6100.sol,slither-0.11.3,solidity,2025/09/14,20260225_2030,1772051429.3798566,2.8835391998291016,1,{},{},{EXIT_CODE_1},"{""analysis unsuccessful, check output.json"",""error parsing results: file could not be opened successfully:
- method gz: ReadError('empty file')
- method bz2: ReadError('not a bzip2 file')
- method xz: ReadError('not an lzma file')
- method tar: ReadError('empty file')"",""exception (crytic_compile.platform.exceptions.InvalidCompilation: Invalid solc compilation Error: Function, variable, struct or modifier declaration expected.)"",exception (json.decoder.JSONDecodeError: Expecting value: line 1 column 1 (char 0))}"
contracts_output/contracts_output/gemini_contracts/gemini_contracts/6110.sol,6110.sol,slither-0.11.3,solidity,2025/09/14,20260225_2030,1772051516.6535065,2.987996816635132,1,{},{},{EXIT_CODE_1},"{""analysis unsuccessful, check output.json"",""error parsing results: file could not be opened successfully:
- method gz: ReadError('empty file')
- method bz2: ReadError('not a bzip2 file')
- method xz: ReadError('not an lzma file')
- method tar: ReadError('empty file')"",""exception (crytic_compile.platform.exceptions.InvalidCompilation: Invalid solc compilation Warning: SPDX license identifier not provided in source file. Before publishing, consider adding a comment containing \""SPDX-License-Identifier: <SPDX-License>\"" to each source file. Use \""SPDX-License-Identifier: UNLICENSED\"" for non-open-source code. Please see https://spdx.org for more information.)"",exception (json.decoder.JSONDecodeError: Expecting value: line 1 column 1 (char 0))}"
contracts_output/contracts_output/gemini_contracts/gemini_contracts/6123.sol,6123.sol,slither-0.11.3,solidity,2025/09/14,20260225_2030,1772051512.328348,2.8139913082122803,1,{},{},{EXIT_CODE_1},"{""analysis unsuccessful, check output.json"",""error parsing results: file could not be opened successfully:
- method gz: ReadError('empty file')
- method bz2: ReadError('not a bzip2 file')
- method xz: ReadError('not an lzma file')
- method tar: ReadError('empty file')"",""exception (crytic_compile.platform.exceptions.InvalidCompilation: Invalid solc compilation Warning: SPDX license identifier not provided in source file. Before publishing, consider adding a comment containing \""SPDX-License-Identifier: <SPDX-License>\"" to each source file. Use \""SPDX-License-Identifier: UNLICENSED\"" for non-open-source code. Please see https://spdx.org for more information.)"",exception (json.decoder.JSONDecodeError: Expecting value: line 1 column 1 (char 0))}"
contracts_output/contracts_output/gemini_contracts/gemini_contracts/6152.sol,6152.sol,slither-0.11.3,solidity,2025/09/14,20260225_2030,1772051489.254555,2.474578619003296,1,{},{},{EXIT_CODE_1},"{""analysis unsuccessful, check output.json"",""error parsing results: file could not be opened successfully:
- method gz: ReadError('empty file')
- method bz2: ReadError('not a bzip2 file')
- method xz: ReadError('not an lzma file')
- method tar: ReadError('empty file')"",""exception (crytic_compile.platform.exceptions.InvalidCompilation: Invalid solc compilation Warning: SPDX license identifier not provided in source file. Before publishing, consider adding a comment containing \""SPDX-License-Identifier: <SPDX-License>\"" to each source file. Use \""SPDX-License-Identifier: UNLICENSED\"" for non-open-source code. Please see https://spdx.org for more information.)"",exception (json.decoder.JSONDecodeError: Expecting value: line 1 column 1 (char 0))}"
contracts_output/contracts_output/gemini_contracts/gemini_contracts/6178.sol,6178.sol,slither-0.11.3,solidity,2025/09/14,20260225_2030,1772051415.1752002,3.6728336811065674,1,{},{},{EXIT_CODE_1},"{""analysis unsuccessful, check output.json"",""error parsing results: file could not be opened successfully:
- method gz: ReadError('empty file')
- method bz2: ReadError('not a bzip2 file')
- method xz: ReadError('not an lzma file')
- method tar: ReadError('empty file')"",""exception (crytic_compile.platform.exceptions.InvalidCompilation: Invalid solc compilation Warning: SPDX license identifier not provided in source file. Before publishing, consider adding a comment containing \""SPDX-License-Identifier: <SPDX-License>\"" to each source file. Use \""SPDX-License-Identifier: UNLICENSED\"" for non-open-source code. Please see https://spdx.org for more information.)"",exception (json.decoder.JSONDecodeError: Expecting value: line 1 column 1 (char 0))}"
contracts_output/contracts_output/gemini_contracts/gemini_contracts/6206.sol,6206.sol,slither-0.11.3,solidity,2025/09/14,20260225_2030,1772051471.0251446,3.097604274749756,1,{},{},{EXIT_CODE_1},"{""analysis unsuccessful, check output.json"",""error parsing results: file could not be opened successfully:
- method gz: ReadError('empty file')
- method bz2: ReadError('not a bzip2 file')
- method xz: ReadError('not an lzma file')
- method tar: ReadError('empty file')"",""exception (crytic_compile.platform.exceptions.InvalidCompilation: Invalid solc compilation Warning: SPDX license identifier not provided in source file. Before publishing, consider adding a comment containing \""SPDX-License-Identifier: <SPDX-License>\"" to each source file. Use \""SPDX-License-Identifier: UNLICENSED\"" for non-open-source code. Please see https://spdx.org for more information.)"",exception (json.decoder.JSONDecodeError: Expecting value: line 1 column 1 (char 0))}"
contracts_output/contracts_output/gemini_contracts/gemini_contracts/6236.sol,6236.sol,slither-0.11.3,solidity,2025/09/14,20260225_2030,1772051493.1630042,3.0349762439727783,1,{},{},{EXIT_CODE_1},"{""analysis unsuccessful, check output.json"",""error parsing results: file could not be opened successfully:
- method gz: ReadError('empty file')
- method bz2: ReadError('not a bzip2 file')
- method xz: ReadError('not an lzma file')
- method tar: ReadError('empty file')"",""exception (crytic_compile.platform.exceptions.InvalidCompilation: Invalid solc compilation Warning: SPDX license identifier not provided in source file. Before publishing, consider adding a comment containing \""SPDX-License-Identifier: <SPDX-License>\"" to each source file. Use \""SPDX-License-Identifier: UNLICENSED\"" for non-open-source code. Please see https://spdx.org for more information.)"",exception (json.decoder.JSONDecodeError: Expecting value: line 1 column 1 (char 0))}"
contracts_output/contracts_output/gemini_contracts/gemini_contracts/6249.sol,6249.sol,slither-0.11.3,solidity,2025/09/14,20260225_2030,1772051514.9293056,3.2669520378112793,1,{},{},{EXIT_CODE_1},"{""analysis unsuccessful, check output.json"",""error parsing results: file could not be opened successfully:
- method gz: ReadError('empty file')
- method bz2: ReadError('not a bzip2 file')
- method xz: ReadError('not an lzma file')
- method tar: ReadError('empty file')"",""exception (crytic_compile.platform.exceptions.InvalidCompilation: Invalid solc compilation Warning: SPDX license identifier not provided in source file. Before publishing, consider adding a comment containing \""SPDX-License-Identifier: <SPDX-License>\"" to each source file. Use \""SPDX-License-Identifier: UNLICENSED\"" for non-open-source code. Please see https://spdx.org for more information.)"",exception (json.decoder.JSONDecodeError: Expecting value: line 1 column 1 (char 0))}"
contracts_output/contracts_output/gemini_contracts/gemini_contracts/6260.sol,6260.sol,slither-0.11.3,solidity,2025/09/14,20260225_2030,1772051437.6910655,2.8033201694488525,1,{},{},{EXIT_CODE_1},"{""analysis unsuccessful, check output.json"",""error parsing results: file could not be opened successfully:
- method gz: ReadError('empty file')
- method bz2: ReadError('not a bzip2 file')
- method xz: ReadError('not an lzma file')
- method tar: ReadError('empty file')"",""exception (crytic_compile.platform.exceptions.InvalidCompilation: Invalid solc compilation Warning: SPDX license identifier not provided in source file. Before publishing, consider adding a comment containing \""SPDX-License-Identifier: <SPDX-License>\"" to each source file. Use \""SPDX-License-Identifier: UNLICENSED\"" for non-open-source code. Please see https://spdx.org for more information.)"",exception (json.decoder.JSONDecodeError: Expecting value: line 1 column 1 (char 0))}"
contracts_output/contracts_output/gemini_contracts/gemini_contracts/6276.sol,6276.sol,slither-0.11.3,solidity,2025/09/14,20260225_2030,1772051435.8996136,3.1686482429504395,1,{},{},{EXIT_CODE_1},"{""analysis unsuccessful, check output.json"",""error parsing results: file could not be opened successfully:
- method gz: ReadError('empty file')
- method bz2: ReadError('not a bzip2 file')
- method xz: ReadError('not an lzma file')
- method tar: ReadError('empty file')"",""exception (crytic_compile.platform.exceptions.InvalidCompilation: Invalid solc compilation Warning: SPDX license identifier not provided in source file. Before publishing, consider adding a comment containing \""SPDX-License-Identifier: <SPDX-License>\"" to each source file. Use \""SPDX-License-Identifier: UNLICENSED\"" for non-open-source code. Please see https://spdx.org for more information.)"",exception (json.decoder.JSONDecodeError: Expecting value: line 1 column 1 (char 0))}"
contracts_output/contracts_output/gemini_contracts/gemini_contracts/629.sol,629.sol,slither-0.11.3,solidity,2025/09/14,20260225_2030,1772051490.797452,3.0295937061309814,1,{},{},{EXIT_CODE_1},"{""analysis unsuccessful, check output.json"",""error parsing results: file could not be opened successfully:
- method gz: ReadError('empty file')
- method bz2: ReadError('not a bzip2 file')
- method xz: ReadError('not an lzma file')
- method tar: ReadError('empty file')"",""exception (crytic_compile.platform.exceptions.InvalidCompilation: Invalid solc compilation Error: Expected ',' but got identifier)"",exception (json.decoder.JSONDecodeError: Expecting value: line 1 column 1 (char 0))}"
contracts_output/contracts_output/gemini_contracts/gemini_contracts/6310.sol,6310.sol,slither-0.11.3,solidity,2025/09/14,20260225_2030,1772051582.3168483,3.4686119556427,1,{},{},{EXIT_CODE_1},"{""analysis unsuccessful, check output.json"",""error parsing results: file could not be opened successfully:
- method gz: ReadError('empty file')
- method bz2: ReadError('not a bzip2 file')
- method xz: ReadError('not an lzma file')
- method tar: ReadError('empty file')"",""exception (crytic_compile.platform.exceptions.InvalidCompilation: Invalid solc compilation Warning: SPDX license identifier not provided in source file. Before publishing, consider adding a comment containing \""SPDX-License-Identifier: <SPDX-License>\"" to each source file. Use \""SPDX-License-Identifier: UNLICENSED\"" for non-open-source code. Please see https://spdx.org for more information.)"",exception (json.decoder.JSONDecodeError: Expecting value: line 1 column 1 (char 0))}"
contracts_output/contracts_output/gemini_contracts/gemini_contracts/6311.sol,6311.sol,slither-0.11.3,solidity,2025/09/14,20260225_2030,1772051502.769247,2.975635290145874,1,{},{},{EXIT_CODE_1},"{""analysis unsuccessful, check output.json"",""error parsing results: file could not be opened successfully:
- method gz: ReadError('empty file')
- method bz2: ReadError('not a bzip2 file')
- method xz: ReadError('not an lzma file')
- method tar: ReadError('empty file')"",""exception (crytic_compile.platform.exceptions.InvalidCompilation: Invalid solc compilation Warning: SPDX license identifier not provided in source file. Before publishing, consider adding a comment containing \""SPDX-License-Identifier: <SPDX-License>\"" to each source file. Use \""SPDX-License-Identifier: UNLICENSED\"" for non-open-source code. Please see https://spdx.org for more information.)"",exception (json.decoder.JSONDecodeError: Expecting value: line 1 column 1 (char 0))}"
contracts_output/contracts_output/gemini_contracts/gemini_contracts/6317.sol,6317.sol,slither-0.11.3,solidity,2025/09/14,20260225_2030,1772051580.3864565,2.944709539413452,1,{},{},{EXIT_CODE_1},"{""analysis unsuccessful, check output.json"",""error parsing results: file could not be opened successfully:
- method gz: ReadError('empty file')
- method bz2: ReadError('not a bzip2 file')
- method xz: ReadError('not an lzma file')
- method tar: ReadError('empty file')"",""exception (crytic_compile.platform.exceptions.InvalidCompilation: Invalid solc compilation Warning: SPDX license identifier not provided in source file. Before publishing, consider adding a comment containing \""SPDX-License-Identifier: <SPDX-License>\"" to each source file. Use \""SPDX-License-Identifier: UNLICENSED\"" for non-open-source code. Please see https://spdx.org for more information.)"",exception (json.decoder.JSONDecodeError: Expecting value: line 1 column 1 (char 0))}"
contracts_output/contracts_output/gemini_contracts/gemini_contracts/6318.sol,6318.sol,slither-0.11.3,solidity,2025/09/14,20260225_2030,1772051537.483563,2.772742748260498,1,{},{},{EXIT_CODE_1},"{""analysis unsuccessful, check output.json"",""error parsing results: file could not be opened successfully:
- method gz: ReadError('empty file')
- method bz2: ReadError('not a bzip2 file')
- method xz: ReadError('not an lzma file')
- method tar: ReadError('empty file')"",""exception (crytic_compile.platform.exceptions.InvalidCompilation: Invalid solc compilation Warning: SPDX license identifier not provided in source file. Before publishing, consider adding a comment containing \""SPDX-License-Identifier: <SPDX-License>\"" to each source file. Use \""SPDX-License-Identifier: UNLICENSED\"" for non-open-source code. Please see https://spdx.org for more information.)"",exception (json.decoder.JSONDecodeError: Expecting value: line 1 column 1 (char 0))}"
contracts_output/contracts_output/gemini_contracts/gemini_contracts/6330.sol,6330.sol,slither-0.11.3,solidity,2025/09/14,20260225_2030,1772051536.9213629,3.011758327484131,1,{},{},{EXIT_CODE_1},"{""analysis unsuccessful, check output.json"",""error parsing results: file could not be opened successfully:
- method gz: ReadError('empty file')
- method bz2: ReadError('not a bzip2 file')
- method xz: ReadError('not an lzma file')
- method tar: ReadError('empty file')"",""exception (crytic_compile.platform.exceptions.InvalidCompilation: Invalid solc compilation Warning: SPDX license identifier not provided in source file. Before publishing, consider adding a comment containing \""SPDX-License-Identifier: <SPDX-License>\"" to each source file. Use \""SPDX-License-Identifier: UNLICENSED\"" for non-open-source code. Please see https://spdx.org for more information.)"",exception (json.decoder.JSONDecodeError: Expecting value: line 1 column 1 (char 0))}"
contracts_output/contracts_output/gemini_contracts/gemini_contracts/6348.sol,6348.sol,slither-0.11.3,solidity,2025/09/14,20260225_2030,1772051526.6367548,3.0228915214538574,1,{},{},{EXIT_CODE_1},"{""analysis unsuccessful, check output.json"",""error parsing results: file could not be opened successfully:
- method gz: ReadError('empty file')
- method bz2: ReadError('not a bzip2 file')
- method xz: ReadError('not an lzma file')
- method tar: ReadError('empty file')"",""exception (crytic_compile.platform.exceptions.InvalidCompilation: Invalid solc compilation Warning: SPDX license identifier not provided in source file. Before publishing, consider adding a comment containing \""SPDX-License-Identifier: <SPDX-License>\"" to each source file. Use \""SPDX-License-Identifier: UNLICENSED\"" for non-open-source code. Please see https://spdx.org for more information.)"",exception (json.decoder.JSONDecodeError: Expecting value: line 1 column 1 (char 0))}"
contracts_output/contracts_output/gemini_contracts/gemini_contracts/6370.sol,6370.sol,slither-0.11.3,solidity,2025/09/14,20260225_2030,1772051420.5642262,3.148160219192505,1,{},{},{EXIT_CODE_1},"{""analysis unsuccessful, check output.json"",""error parsing results: file could not be opened successfully:
- method gz: ReadError('empty file')
- method bz2: ReadError('not a bzip2 file')
- method xz: ReadError('not an lzma file')
- method tar: ReadError('empty file')"",""exception (crytic_compile.platform.exceptions.InvalidCompilation: Invalid solc compilation Warning: SPDX license identifier not provided in source file. Before publishing, consider adding a comment containing \""SPDX-License-Identifier: <SPDX-License>\"" to each source file. Use \""SPDX-License-Identifier: UNLICENSED\"" for non-open-source code. Please see https://spdx.org for more information.)"",exception (json.decoder.JSONDecodeError: Expecting value: line 1 column 1 (char 0))}"
contracts_output/contracts_output/gemini_contracts/gemini_contracts/6381.sol,6381.sol,slither-0.11.3,solidity,2025/09/14,20260225_2030,1772051465.0378,3.3253962993621826,1,{},{},{EXIT_CODE_1},"{""analysis unsuccessful, check output.json"",""error parsing results: file could not be opened successfully:
- method gz: ReadError('empty file')
- method bz2: ReadError('not a bzip2 file')
- method xz: ReadError('not an lzma file')
- method tar: ReadError('empty file')"",exception (crytic_compile.platform.exceptions.InvalidCompilation: Invalid solc compilation Error: Expected ';' but got 'public'),exception (json.decoder.JSONDecodeError: Expecting value: line 1 column 1 (char 0))}"
contracts_output/contracts_output/gemini_contracts/gemini_contracts/6383.sol,6383.sol,slither-0.11.3,solidity,2025/09/14,20260225_2030,1772051464.8622537,2.813685894012451,1,{},{},{EXIT_CODE_1},"{""analysis unsuccessful, check output.json"",""error parsing results: file could not be opened successfully:
- method gz: ReadError('empty file')
- method bz2: ReadError('not a bzip2 file')
- method xz: ReadError('not an lzma file')
- method tar: ReadError('empty file')"",""exception (crytic_compile.platform.exceptions.InvalidCompilation: Invalid solc compilation Warning: SPDX license identifier not provided in source file. Before publishing, consider adding a comment containing \""SPDX-License-Identifier: <SPDX-License>\"" to each source file. Use \""SPDX-License-Identifier: UNLICENSED\"" for non-open-source code. Please see https://spdx.org for more information.)"",exception (json.decoder.JSONDecodeError: Expecting value: line 1 column 1 (char 0))}"
contracts_output/contracts_output/gemini_contracts/gemini_contracts/6386.sol,6386.sol,slither-0.11.3,solidity,2025/09/14,20260225_2030,1772051501.4580324,2.995504856109619,1,{},{},{EXIT_CODE_1},"{""analysis unsuccessful, check output.json"",""error parsing results: file could not be opened successfully:
- method gz: ReadError('empty file')
- method bz2: ReadError('not a bzip2 file')
- method xz: ReadError('not an lzma file')
- method tar: ReadError('empty file')"",""exception (crytic_compile.platform.exceptions.InvalidCompilation: Invalid solc compilation Warning: SPDX license identifier not provided in source file. Before publishing, consider adding a comment containing \""SPDX-License-Identifier: <SPDX-License>\"" to each source file. Use \""SPDX-License-Identifier: UNLICENSED\"" for non-open-source code. Please see https://spdx.org for more information.)"",exception (json.decoder.JSONDecodeError: Expecting value: line 1 column 1 (char 0))}"
contracts_output/contracts_output/gemini_contracts/gemini_contracts/6399.sol,6399.sol,slither-0.11.3,solidity,2025/09/14,20260225_2030,1772051567.9487462,3.1015779972076416,1,{},{},{EXIT_CODE_1},"{""analysis unsuccessful, check output.json"",""error parsing results: file could not be opened successfully:
- method gz: ReadError('empty file')
- method bz2: ReadError('not a bzip2 file')
- method xz: ReadError('not an lzma file')
- method tar: ReadError('empty file')"",""exception (crytic_compile.platform.exceptions.InvalidCompilation: Invalid solc compilation Warning: SPDX license identifier not provided in source file. Before publishing, consider adding a comment containing \""SPDX-License-Identifier: <SPDX-License>\"" to each source file. Use \""SPDX-License-Identifier: UNLICENSED\"" for non-open-source code. Please see https://spdx.org for more information.)"",exception (json.decoder.JSONDecodeError: Expecting value: line 1 column 1 (char 0))}"
contracts_output/contracts_output/gemini_contracts/gemini_contracts/6404.sol,6404.sol,slither-0.11.3,solidity,2025/09/14,20260225_2030,1772051522.0406308,3.005244493484497,1,{},{},{EXIT_CODE_1},"{""analysis unsuccessful, check output.json"",""error parsing results: file could not be opened successfully:
- method gz: ReadError('empty file')
- method bz2: ReadError('not a bzip2 file')
- method xz: ReadError('not an lzma file')
- method tar: ReadError('empty file')"",""exception (crytic_compile.platform.exceptions.InvalidCompilation: Invalid solc compilation Warning: SPDX license identifier not provided in source file. Before publishing, consider adding a comment containing \""SPDX-License-Identifier: <SPDX-License>\"" to each source file. Use \""SPDX-License-Identifier: UNLICENSED\"" for non-open-source code. Please see https://spdx.org for more information.)"",exception (json.decoder.JSONDecodeError: Expecting value: line 1 column 1 (char 0))}"
contracts_output/contracts_output/gemini_contracts/gemini_contracts/6408.sol,6408.sol,slither-0.11.3,solidity,2025/09/14,20260225_2030,1772051525.428148,3.267209768295288,1,{},{},{EXIT_CODE_1},"{""analysis unsuccessful, check output.json"",""error parsing results: file could not be opened successfully:
- method gz: ReadError('empty file')
- method bz2: ReadError('not a bzip2 file')
- method xz: ReadError('not an lzma file')
- method tar: ReadError('empty file')"",""exception (crytic_compile.platform.exceptions.InvalidCompilation: Invalid solc compilation Warning: SPDX license identifier not provided in source file. Before publishing, consider adding a comment containing \""SPDX-License-Identifier: <SPDX-License>\"" to each source file. Use \""SPDX-License-Identifier: UNLICENSED\"" for non-open-source code. Please see https://spdx.org for more information.)"",exception (json.decoder.JSONDecodeError: Expecting value: line 1 column 1 (char 0))}"
contracts_output/contracts_output/gemini_contracts/gemini_contracts/6427.sol,6427.sol,slither-0.11.3,solidity,2025/09/14,20260225_2030,1772051435.0515785,2.9036061763763428,1,{},{},{EXIT_CODE_1},"{""analysis unsuccessful, check output.json"",""error parsing results: file could not be opened successfully:
- method gz: ReadError('empty file')
- method bz2: ReadError('not a bzip2 file')
- method xz: ReadError('not an lzma file')
- method tar: ReadError('empty file')"",""exception (crytic_compile.platform.exceptions.InvalidCompilation: Invalid solc compilation Warning: SPDX license identifier not provided in source file. Before publishing, consider adding a comment containing \""SPDX-License-Identifier: <SPDX-License>\"" to each source file. Use \""SPDX-License-Identifier: UNLICENSED\"" for non-open-source code. Please see https://spdx.org for more information.)"",exception (json.decoder.JSONDecodeError: Expecting value: line 1 column 1 (char 0))}"
contracts_output/contracts_output/gemini_contracts/gemini_contracts/6429.sol,6429.sol,slither-0.11.3,solidity,2025/09/14,20260225_2030,1772051429.4883628,2.9677248001098633,1,{},{},{EXIT_CODE_1},"{""analysis unsuccessful, check output.json"",""error parsing results: file could not be opened successfully:
- method gz: ReadError('empty file')
- method bz2: ReadError('not a bzip2 file')
- method xz: ReadError('not an lzma file')
- method tar: ReadError('empty file')"",""exception (crytic_compile.platform.exceptions.InvalidCompilation: Invalid solc compilation Warning: SPDX license identifier not provided in source file. Before publishing, consider adding a comment containing \""SPDX-License-Identifier: <SPDX-License>\"" to each source file. Use \""SPDX-License-Identifier: UNLICENSED\"" for non-open-source code. Please see https://spdx.org for more information.)"",exception (json.decoder.JSONDecodeError: Expecting value: line 1 column 1 (char 0))}"
contracts_output/contracts_output/gemini_contracts/gemini_contracts/6434.sol,6434.sol,slither-0.11.3,solidity,2025/09/14,20260225_2030,1772051425.114611,2.801546812057495,1,{},{},{EXIT_CODE_1},"{""analysis unsuccessful, check output.json"",""error parsing results: file could not be opened successfully:
- method gz: ReadError('empty file')
- method bz2: ReadError('not a bzip2 file')
- method xz: ReadError('not an lzma file')
- method tar: ReadError('empty file')"",""exception (crytic_compile.platform.exceptions.InvalidCompilation: Invalid solc compilation Warning: SPDX license identifier not provided in source file. Before publishing, consider adding a comment containing \""SPDX-License-Identifier: <SPDX-License>\"" to each source file. Use \""SPDX-License-Identifier: UNLICENSED\"" for non-open-source code. Please see https://spdx.org for more information.)"",exception (json.decoder.JSONDecodeError: Expecting value: line 1 column 1 (char 0))}"
contracts_output/contracts_output/gemini_contracts/gemini_contracts/6458.sol,6458.sol,slither-0.11.3,solidity,2025/09/14,20260225_2030,1772051523.9614797,3.009992837905884,1,{},{},{EXIT_CODE_1},"{""analysis unsuccessful, check output.json"",""error parsing results: file could not be opened successfully:
- method gz: ReadError('empty file')
- method bz2: ReadError('not a bzip2 file')
- method xz: ReadError('not an lzma file')
- method tar: ReadError('empty file')"",""exception (crytic_compile.platform.exceptions.InvalidCompilation: Invalid solc compilation Warning: SPDX license identifier not provided in source file. Before publishing, consider adding a comment containing \""SPDX-License-Identifier: <SPDX-License>\"" to each source file. Use \""SPDX-License-Identifier: UNLICENSED\"" for non-open-source code. Please see https://spdx.org for more information.)"",exception (json.decoder.JSONDecodeError: Expecting value: line 1 column 1 (char 0))}"
contracts_output/contracts_output/gemini_contracts/gemini_contracts/6503.sol,6503.sol,slither-0.11.3,solidity,2025/09/14,20260225_2030,1772051499.88672,2.9376609325408936,1,{},{},{EXIT_CODE_1},"{""analysis unsuccessful, check output.json"",""error parsing results: file could not be opened successfully:
- method gz: ReadError('empty file')
- method bz2: ReadError('not a bzip2 file')
- method xz: ReadError('not an lzma file')
- method tar: ReadError('empty file')"",""exception (crytic_compile.platform.exceptions.InvalidCompilation: Invalid solc compilation Warning: SPDX license identifier not provided in source file. Before publishing, consider adding a comment containing \""SPDX-License-Identifier: <SPDX-License>\"" to each source file. Use \""SPDX-License-Identifier: UNLICENSED\"" for non-open-source code. Please see https://spdx.org for more information.)"",exception (json.decoder.JSONDecodeError: Expecting value: line 1 column 1 (char 0))}"
contracts_output/contracts_output/gemini_contracts/gemini_contracts/6513.sol,6513.sol,slither-0.11.3,solidity,2025/09/14,20260225_2030,1772051471.959745,3.0032169818878174,1,{},{},{EXIT_CODE_1},"{""analysis unsuccessful, check output.json"",""error parsing results: file could not be opened successfully:
- method gz: ReadError('empty file')
- method bz2: ReadError('not a bzip2 file')
- method xz: ReadError('not an lzma file')
- method tar: ReadError('empty file')"",""exception (crytic_compile.platform.exceptions.InvalidCompilation: Invalid solc compilation Warning: SPDX license identifier not provided in source file. Before publishing, consider adding a comment containing \""SPDX-License-Identifier: <SPDX-License>\"" to each source file. Use \""SPDX-License-Identifier: UNLICENSED\"" for non-open-source code. Please see https://spdx.org for more information.)"",exception (json.decoder.JSONDecodeError: Expecting value: line 1 column 1 (char 0))}"
contracts_output/contracts_output/gemini_contracts/gemini_contracts/6515.sol,6515.sol,slither-0.11.3,solidity,2025/09/14,20260225_2030,1772051424.4286537,2.964221239089966,1,{},{},{EXIT_CODE_1},"{""analysis unsuccessful, check output.json"",""error parsing results: file could not be opened successfully:
- method gz: ReadError('empty file')
- method bz2: ReadError('not a bzip2 file')
- method xz: ReadError('not an lzma file')
- method tar: ReadError('empty file')"",""exception (crytic_compile.platform.exceptions.InvalidCompilation: Invalid solc compilation Warning: SPDX license identifier not provided in source file. Before publishing, consider adding a comment containing \""SPDX-License-Identifier: <SPDX-License>\"" to each source file. Use \""SPDX-License-Identifier: UNLICENSED\"" for non-open-source code. Please see https://spdx.org for more information.)"",exception (json.decoder.JSONDecodeError: Expecting value: line 1 column 1 (char 0))}"
contracts_output/contracts_output/gemini_contracts/gemini_contracts/6517.sol,6517.sol,slither-0.11.3,solidity,2025/09/14,20260225_2030,1772051458.4593656,3.224377155303955,1,{},{},{EXIT_CODE_1},"{""analysis unsuccessful, check output.json"",""error parsing results: file could not be opened successfully:
- method gz: ReadError('empty file')
- method bz2: ReadError('not a bzip2 file')
- method xz: ReadError('not an lzma file')
- method tar: ReadError('empty file')"",""exception (crytic_compile.platform.exceptions.InvalidCompilation: Invalid solc compilation Warning: SPDX license identifier not provided in source file. Before publishing, consider adding a comment containing \""SPDX-License-Identifier: <SPDX-License>\"" to each source file. Use \""SPDX-License-Identifier: UNLICENSED\"" for non-open-source code. Please see https://spdx.org for more information.)"",exception (json.decoder.JSONDecodeError: Expecting value: line 1 column 1 (char 0))}"
contracts_output/contracts_output/gemini_contracts/gemini_contracts/6519.sol,6519.sol,slither-0.11.3,solidity,2025/09/14,20260225_2030,1772051497.4201968,2.987370014190674,1,{},{},{EXIT_CODE_1},"{""analysis unsuccessful, check output.json"",""error parsing results: file could not be opened successfully:
- method gz: ReadError('empty file')
- method bz2: ReadError('not a bzip2 file')
- method xz: ReadError('not an lzma file')
- method tar: ReadError('empty file')"",""exception (crytic_compile.platform.exceptions.InvalidCompilation: Invalid solc compilation Warning: SPDX license identifier not provided in source file. Before publishing, consider adding a comment containing \""SPDX-License-Identifier: <SPDX-License>\"" to each source file. Use \""SPDX-License-Identifier: UNLICENSED\"" for non-open-source code. Please see https://spdx.org for more information.)"",exception (json.decoder.JSONDecodeError: Expecting value: line 1 column 1 (char 0))}"
contracts_output/contracts_output/gemini_contracts/gemini_contracts/6528.sol,6528.sol,slither-0.11.3,solidity,2025/09/14,20260225_2030,1772051424.685705,2.845033884048462,1,{},{},{EXIT_CODE_1},"{""analysis unsuccessful, check output.json"",""error parsing results: file could not be opened successfully:
- method gz: ReadError('empty file')
- method bz2: ReadError('not a bzip2 file')
- method xz: ReadError('not an lzma file')
- method tar: ReadError('empty file')"",""exception (crytic_compile.platform.exceptions.InvalidCompilation: Invalid solc compilation Warning: SPDX license identifier not provided in source file. Before publishing, consider adding a comment containing \""SPDX-License-Identifier: <SPDX-License>\"" to each source file. Use \""SPDX-License-Identifier: UNLICENSED\"" for non-open-source code. Please see https://spdx.org for more information.)"",exception (json.decoder.JSONDecodeError: Expecting value: line 1 column 1 (char 0))}"
contracts_output/contracts_output/gemini_contracts/gemini_contracts/6552.sol,6552.sol,slither-0.11.3,solidity,2025/09/14,20260225_2030,1772051585.9014115,2.783071279525757,1,{},{},{EXIT_CODE_1},"{""analysis unsuccessful, check output.json"",""error parsing results: file could not be opened successfully:
- method gz: ReadError('empty file')
- method bz2: ReadError('not a bzip2 file')
- method xz: ReadError('not an lzma file')
- method tar: ReadError('empty file')"",""exception (crytic_compile.platform.exceptions.InvalidCompilation: Invalid solc compilation Warning: SPDX license identifier not provided in source file. Before publishing, consider adding a comment containing \""SPDX-License-Identifier: <SPDX-License>\"" to each source file. Use \""SPDX-License-Identifier: UNLICENSED\"" for non-open-source code. Please see https://spdx.org for more information.)"",exception (json.decoder.JSONDecodeError: Expecting value: line 1 column 1 (char 0))}"
contracts_output/contracts_output/gemini_contracts/gemini_contracts/6562.sol,6562.sol,slither-0.11.3,solidity,2025/09/14,20260225_2030,1772051500.9477217,2.849209785461426,1,{},{},{EXIT_CODE_1},"{""analysis unsuccessful, check output.json"",""error parsing results: file could not be opened successfully:
- method gz: ReadError('empty file')
- method bz2: ReadError('not a bzip2 file')
- method xz: ReadError('not an lzma file')
- method tar: ReadError('empty file')"",""exception (crytic_compile.platform.exceptions.InvalidCompilation: Invalid solc compilation Warning: SPDX license identifier not provided in source file. Before publishing, consider adding a comment containing \""SPDX-License-Identifier: <SPDX-License>\"" to each source file. Use \""SPDX-License-Identifier: UNLICENSED\"" for non-open-source code. Please see https://spdx.org for more information.)"",exception (json.decoder.JSONDecodeError: Expecting value: line 1 column 1 (char 0))}"
contracts_output/contracts_output/gemini_contracts/gemini_contracts/6593.sol,6593.sol,slither-0.11.3,solidity,2025/09/14,20260225_2030,1772051440.200632,3.087050676345825,1,{},{},{EXIT_CODE_1},"{""analysis unsuccessful, check output.json"",""error parsing results: file could not be opened successfully:
- method gz: ReadError('empty file')
- method bz2: ReadError('not a bzip2 file')
- method xz: ReadError('not an lzma file')
- method tar: ReadError('empty file')"",""exception (crytic_compile.platform.exceptions.InvalidCompilation: Invalid solc compilation Warning: SPDX license identifier not provided in source file. Before publishing, consider adding a comment containing \""SPDX-License-Identifier: <SPDX-License>\"" to each source file. Use \""SPDX-License-Identifier: UNLICENSED\"" for non-open-source code. Please see https://spdx.org for more information.)"",exception (json.decoder.JSONDecodeError: Expecting value: line 1 column 1 (char 0))}"
contracts_output/contracts_output/gemini_contracts/gemini_contracts/6613.sol,6613.sol,slither-0.11.3,solidity,2025/09/14,20260225_2030,1772051507.6025426,2.7317910194396973,1,{},{},{EXIT_CODE_1},"{""analysis unsuccessful, check output.json"",""error parsing results: file could not be opened successfully:
- method gz: ReadError('empty file')
- method bz2: ReadError('not a bzip2 file')
- method xz: ReadError('not an lzma file')
- method tar: ReadError('empty file')"",""exception (crytic_compile.platform.exceptions.InvalidCompilation: Invalid solc compilation Warning: SPDX license identifier not provided in source file. Before publishing, consider adding a comment containing \""SPDX-License-Identifier: <SPDX-License>\"" to each source file. Use \""SPDX-License-Identifier: UNLICENSED\"" for non-open-source code. Please see https://spdx.org for more information.)"",exception (json.decoder.JSONDecodeError: Expecting value: line 1 column 1 (char 0))}"
contracts_output/contracts_output/gemini_contracts/gemini_contracts/6641.sol,6641.sol,slither-0.11.3,solidity,2025/09/14,20260225_2030,1772051518.440509,2.9989306926727295,1,{},{},{EXIT_CODE_1},"{""analysis unsuccessful, check output.json"",""error parsing results: file could not be opened successfully:
- method gz: ReadError('empty file')
- method bz2: ReadError('not a bzip2 file')
- method xz: ReadError('not an lzma file')
- method tar: ReadError('empty file')"",""exception (crytic_compile.platform.exceptions.InvalidCompilation: Invalid solc compilation Warning: SPDX license identifier not provided in source file. Before publishing, consider adding a comment containing \""SPDX-License-Identifier: <SPDX-License>\"" to each source file. Use \""SPDX-License-Identifier: UNLICENSED\"" for non-open-source code. Please see https://spdx.org for more information.)"",exception (json.decoder.JSONDecodeError: Expecting value: line 1 column 1 (char 0))}"
contracts_output/contracts_output/gemini_contracts/gemini_contracts/6644.sol,6644.sol,slither-0.11.3,solidity,2025/09/14,20260225_2030,1772051574.6575005,3.102635622024536,1,{},{},{EXIT_CODE_1},"{""analysis unsuccessful, check output.json"",""error parsing results: file could not be opened successfully:
- method gz: ReadError('empty file')
- method bz2: ReadError('not a bzip2 file')
- method xz: ReadError('not an lzma file')
- method tar: ReadError('empty file')"",""exception (crytic_compile.platform.exceptions.InvalidCompilation: Invalid solc compilation Warning: SPDX license identifier not provided in source file. Before publishing, consider adding a comment containing \""SPDX-License-Identifier: <SPDX-License>\"" to each source file. Use \""SPDX-License-Identifier: UNLICENSED\"" for non-open-source code. Please see https://spdx.org for more information.)"",exception (json.decoder.JSONDecodeError: Expecting value: line 1 column 1 (char 0))}"
contracts_output/contracts_output/gemini_contracts/gemini_contracts/6660.sol,6660.sol,slither-0.11.3,solidity,2025/09/14,20260225_2030,1772051579.0826538,2.8883962631225586,1,{},{},{EXIT_CODE_1},"{""analysis unsuccessful, check output.json"",""error parsing results: file could not be opened successfully:
- method gz: ReadError('empty file')
- method bz2: ReadError('not a bzip2 file')
- method xz: ReadError('not an lzma file')
- method tar: ReadError('empty file')"",""exception (crytic_compile.platform.exceptions.InvalidCompilation: Invalid solc compilation Warning: SPDX license identifier not provided in source file. Before publishing, consider adding a comment containing \""SPDX-License-Identifier: <SPDX-License>\"" to each source file. Use \""SPDX-License-Identifier: UNLICENSED\"" for non-open-source code. Please see https://spdx.org for more information.)"",exception (json.decoder.JSONDecodeError: Expecting value: line 1 column 1 (char 0))}"
contracts_output/contracts_output/gemini_contracts/gemini_contracts/6667.sol,6667.sol,slither-0.11.3,solidity,2025/09/14,20260225_2030,1772051570.0260386,3.1331448554992676,1,{},{},{EXIT_CODE_1},"{""analysis unsuccessful, check output.json"",""error parsing results: file could not be opened successfully:
- method gz: ReadError('empty file')
- method bz2: ReadError('not a bzip2 file')
- method xz: ReadError('not an lzma file')
- method tar: ReadError('empty file')"",""exception (crytic_compile.platform.exceptions.InvalidCompilation: Invalid solc compilation Warning: SPDX license identifier not provided in source file. Before publishing, consider adding a comment containing \""SPDX-License-Identifier: <SPDX-License>\"" to each source file. Use \""SPDX-License-Identifier: UNLICENSED\"" for non-open-source code. Please see https://spdx.org for more information.)"",exception (json.decoder.JSONDecodeError: Expecting value: line 1 column 1 (char 0))}"
contracts_output/contracts_output/gemini_contracts/gemini_contracts/6671.sol,6671.sol,slither-0.11.3,solidity,2025/09/14,20260225_2030,1772051499.5648963,2.8296890258789062,1,{},{},{EXIT_CODE_1},"{""analysis unsuccessful, check output.json"",""error parsing results: file could not be opened successfully:
- method gz: ReadError('empty file')
- method bz2: ReadError('not a bzip2 file')
- method xz: ReadError('not an lzma file')
- method tar: ReadError('empty file')"",""exception (crytic_compile.platform.exceptions.InvalidCompilation: Invalid solc compilation Warning: SPDX license identifier not provided in source file. Before publishing, consider adding a comment containing \""SPDX-License-Identifier: <SPDX-License>\"" to each source file. Use \""SPDX-License-Identifier: UNLICENSED\"" for non-open-source code. Please see https://spdx.org for more information.)"",exception (json.decoder.JSONDecodeError: Expecting value: line 1 column 1 (char 0))}"
contracts_output/contracts_output/gemini_contracts/gemini_contracts/6724.sol,6724.sol,slither-0.11.3,solidity,2025/09/14,20260225_2030,1772051482.4648824,2.692296266555786,1,{},{},{EXIT_CODE_1},"{""analysis unsuccessful, check output.json"",""error parsing results: file could not be opened successfully:
- method gz: ReadError('empty file')
- method bz2: ReadError('not a bzip2 file')
- method xz: ReadError('not an lzma file')
- method tar: ReadError('empty file')"",""exception (crytic_compile.platform.exceptions.InvalidCompilation: Invalid solc compilation Warning: SPDX license identifier not provided in source file. Before publishing, consider adding a comment containing \""SPDX-License-Identifier: <SPDX-License>\"" to each source file. Use \""SPDX-License-Identifier: UNLICENSED\"" for non-open-source code. Please see https://spdx.org for more information.)"",exception (json.decoder.JSONDecodeError: Expecting value: line 1 column 1 (char 0))}"
contracts_output/contracts_output/gemini_contracts/gemini_contracts/6726.sol,6726.sol,slither-0.11.3,solidity,2025/09/14,20260225_2030,1772051547.4766524,2.6808228492736816,1,{},{},{EXIT_CODE_1},"{""analysis unsuccessful, check output.json"",""error parsing results: file could not be opened successfully:
- method gz: ReadError('empty file')
- method bz2: ReadError('not a bzip2 file')
- method xz: ReadError('not an lzma file')
- method tar: ReadError('empty file')"",""exception (crytic_compile.platform.exceptions.InvalidCompilation: Invalid solc compilation Error: Function, variable, struct or modifier declaration expected.)"",exception (json.decoder.JSONDecodeError: Expecting value: line 1 column 1 (char 0))}"
contracts_output/contracts_output/gemini_contracts/gemini_contracts/6728.sol,6728.sol,slither-0.11.3,solidity,2025/09/14,20260225_2030,1772051574.9039314,3.275578737258911,1,{},{},{EXIT_CODE_1},"{""analysis unsuccessful, check output.json"",""error parsing results: file could not be opened successfully:
- method gz: ReadError('empty file')
- method bz2: ReadError('not a bzip2 file')
- method xz: ReadError('not an lzma file')
- method tar: ReadError('empty file')"",""exception (crytic_compile.platform.exceptions.InvalidCompilation: Invalid solc compilation Error: Function, variable, struct or modifier declaration expected.)"",exception (json.decoder.JSONDecodeError: Expecting value: line 1 column 1 (char 0))}"
contracts_output/contracts_output/gemini_contracts/gemini_contracts/6735.sol,6735.sol,slither-0.11.3,solidity,2025/09/14,20260225_2030,1772051431.4107203,2.6130211353302,1,{},{},{EXIT_CODE_1},"{""analysis unsuccessful, check output.json"",""error parsing results: file could not be opened successfully:
- method gz: ReadError('empty file')
- method bz2: ReadError('not a bzip2 file')
- method xz: ReadError('not an lzma file')
- method tar: ReadError('empty file')"",""exception (crytic_compile.platform.exceptions.InvalidCompilation: Invalid solc compilation Warning: SPDX license identifier not provided in source file. Before publishing, consider adding a comment containing \""SPDX-License-Identifier: <SPDX-License>\"" to each source file. Use \""SPDX-License-Identifier: UNLICENSED\"" for non-open-source code. Please see https://spdx.org for more information.)"",exception (json.decoder.JSONDecodeError: Expecting value: line 1 column 1 (char 0))}"
contracts_output/contracts_output/gemini_contracts/gemini_contracts/6751.sol,6751.sol,slither-0.11.3,solidity,2025/09/14,20260225_2030,1772051505.4973502,3.1746490001678467,1,{},{},{EXIT_CODE_1},"{""analysis unsuccessful, check output.json"",""error parsing results: file could not be opened successfully:
- method gz: ReadError('empty file')
- method bz2: ReadError('not a bzip2 file')
- method xz: ReadError('not an lzma file')
- method tar: ReadError('empty file')"",""exception (crytic_compile.platform.exceptions.InvalidCompilation: Invalid solc compilation Warning: SPDX license identifier not provided in source file. Before publishing, consider adding a comment containing \""SPDX-License-Identifier: <SPDX-License>\"" to each source file. Use \""SPDX-License-Identifier: UNLICENSED\"" for non-open-source code. Please see https://spdx.org for more information.)"",exception (json.decoder.JSONDecodeError: Expecting value: line 1 column 1 (char 0))}"
contracts_output/contracts_output/gemini_contracts/gemini_contracts/6764.sol,6764.sol,slither-0.11.3,solidity,2025/09/14,20260225_2030,1772051573.5799372,2.606470823287964,1,{},{},{EXIT_CODE_1},"{""analysis unsuccessful, check output.json"",""error parsing results: file could not be opened successfully:
- method gz: ReadError('empty file')
- method bz2: ReadError('not a bzip2 file')
- method xz: ReadError('not an lzma file')
- method tar: ReadError('empty file')"",""exception (crytic_compile.platform.exceptions.InvalidCompilation: Invalid solc compilation Warning: SPDX license identifier not provided in source file. Before publishing, consider adding a comment containing \""SPDX-License-Identifier: <SPDX-License>\"" to each source file. Use \""SPDX-License-Identifier: UNLICENSED\"" for non-open-source code. Please see https://spdx.org for more information.)"",exception (json.decoder.JSONDecodeError: Expecting value: line 1 column 1 (char 0))}"
contracts_output/contracts_output/gemini_contracts/gemini_contracts/6774.sol,6774.sol,slither-0.11.3,solidity,2025/09/14,20260225_2030,1772051484.1390762,2.8701694011688232,1,{},{},{EXIT_CODE_1},"{""analysis unsuccessful, check output.json"",""error parsing results: file could not be opened successfully:
- method gz: ReadError('empty file')
- method bz2: ReadError('not a bzip2 file')
- method xz: ReadError('not an lzma file')
- method tar: ReadError('empty file')"",""exception (crytic_compile.platform.exceptions.InvalidCompilation: Invalid solc compilation Error: Function, variable, struct or modifier declaration expected.)"",exception (json.decoder.JSONDecodeError: Expecting value: line 1 column 1 (char 0))}"
contracts_output/contracts_output/gemini_contracts/gemini_contracts/6776.sol,6776.sol,slither-0.11.3,solidity,2025/09/14,20260225_2030,1772051535.0686176,2.7749178409576416,1,{},{},{EXIT_CODE_1},"{""analysis unsuccessful, check output.json"",""error parsing results: file could not be opened successfully:
- method gz: ReadError('empty file')
- method bz2: ReadError('not a bzip2 file')
- method xz: ReadError('not an lzma file')
- method tar: ReadError('empty file')"",""exception (crytic_compile.platform.exceptions.InvalidCompilation: Invalid solc compilation Warning: SPDX license identifier not provided in source file. Before publishing, consider adding a comment containing \""SPDX-License-Identifier: <SPDX-License>\"" to each source file. Use \""SPDX-License-Identifier: UNLICENSED\"" for non-open-source code. Please see https://spdx.org for more information.)"",exception (json.decoder.JSONDecodeError: Expecting value: line 1 column 1 (char 0))}"
contracts_output/contracts_output/gemini_contracts/gemini_contracts/6786.sol,6786.sol,slither-0.11.3,solidity,2025/09/14,20260225_2030,1772051581.9720442,3.233816623687744,1,{},{},{EXIT_CODE_1},"{""analysis unsuccessful, check output.json"",""error parsing results: file could not be opened successfully:
- method gz: ReadError('empty file')
- method bz2: ReadError('not a bzip2 file')
- method xz: ReadError('not an lzma file')
- method tar: ReadError('empty file')"",exception (crytic_compile.platform.exceptions.InvalidCompilation: Invalid solc compilation Error: Expected ';' but got 'public'),exception (json.decoder.JSONDecodeError: Expecting value: line 1 column 1 (char 0))}"
contracts_output/contracts_output/gemini_contracts/gemini_contracts/6808.sol,6808.sol,slither-0.11.3,solidity,2025/09/14,20260225_2030,1772051563.4986076,3.053103446960449,1,{},{},{EXIT_CODE_1},"{""analysis unsuccessful, check output.json"",""error parsing results: file could not be opened successfully:
- method gz: ReadError('empty file')
- method bz2: ReadError('not a bzip2 file')
- method xz: ReadError('not an lzma file')
- method tar: ReadError('empty file')"",""exception (crytic_compile.platform.exceptions.InvalidCompilation: Invalid solc compilation Error: Function, variable, struct or modifier declaration expected.)"",exception (json.decoder.JSONDecodeError: Expecting value: line 1 column 1 (char 0))}"
contracts_output/contracts_output/gemini_contracts/gemini_contracts/6826.sol,6826.sol,slither-0.11.3,solidity,2025/09/14,20260225_2030,1772051510.0225537,2.7673301696777344,1,{},{},{EXIT_CODE_1},"{""analysis unsuccessful, check output.json"",""error parsing results: file could not be opened successfully:
- method gz: ReadError('empty file')
- method bz2: ReadError('not a bzip2 file')
- method xz: ReadError('not an lzma file')
- method tar: ReadError('empty file')"",""exception (crytic_compile.platform.exceptions.InvalidCompilation: Invalid solc compilation Warning: SPDX license identifier not provided in source file. Before publishing, consider adding a comment containing \""SPDX-License-Identifier: <SPDX-License>\"" to each source file. Use \""SPDX-License-Identifier: UNLICENSED\"" for non-open-source code. Please see https://spdx.org for more information.)"",exception (json.decoder.JSONDecodeError: Expecting value: line 1 column 1 (char 0))}"
contracts_output/contracts_output/gemini_contracts/gemini_contracts/6848.sol,6848.sol,slither-0.11.3,solidity,2025/09/14,20260225_2030,1772051578.6065838,3.1412100791931152,1,{},{},{EXIT_CODE_1},"{""analysis unsuccessful, check output.json"",""error parsing results: file could not be opened successfully:
- method gz: ReadError('empty file')
- method bz2: ReadError('not a bzip2 file')
- method xz: ReadError('not an lzma file')
- method tar: ReadError('empty file')"",""exception (crytic_compile.platform.exceptions.InvalidCompilation: Invalid solc compilation Warning: SPDX license identifier not provided in source file. Before publishing, consider adding a comment containing \""SPDX-License-Identifier: <SPDX-License>\"" to each source file. Use \""SPDX-License-Identifier: UNLICENSED\"" for non-open-source code. Please see https://spdx.org for more information.)"",exception (json.decoder.JSONDecodeError: Expecting value: line 1 column 1 (char 0))}"
contracts_output/contracts_output/gemini_contracts/gemini_contracts/6875.sol,6875.sol,slither-0.11.3,solidity,2025/09/14,20260225_2030,1772051452.4893663,2.5913195610046387,1,{},{},{EXIT_CODE_1},"{""analysis unsuccessful, check output.json"",""error parsing results: file could not be opened successfully:
- method gz: ReadError('empty file')
- method bz2: ReadError('not a bzip2 file')
- method xz: ReadError('not an lzma file')
- method tar: ReadError('empty file')"",""exception (crytic_compile.platform.exceptions.InvalidCompilation: Invalid solc compilation Error: Function, variable, struct or modifier declaration expected.)"",exception (json.decoder.JSONDecodeError: Expecting value: line 1 column 1 (char 0))}"
contracts_output/contracts_output/gemini_contracts/gemini_contracts/689.sol,689.sol,slither-0.11.3,solidity,2025/09/14,20260225_2030,1772051532.7706869,3.3423690795898438,1,{},{},{EXIT_CODE_1},"{""analysis unsuccessful, check output.json"",""error parsing results: file could not be opened successfully:
- method gz: ReadError('empty file')
- method bz2: ReadError('not a bzip2 file')
- method xz: ReadError('not an lzma file')
- method tar: ReadError('empty file')"",""exception (crytic_compile.platform.exceptions.InvalidCompilation: Invalid solc compilation Warning: SPDX license identifier not provided in source file. Before publishing, consider adding a comment containing \""SPDX-License-Identifier: <SPDX-License>\"" to each source file. Use \""SPDX-License-Identifier: UNLICENSED\"" for non-open-source code. Please see https://spdx.org for more information.)"",exception (json.decoder.JSONDecodeError: Expecting value: line 1 column 1 (char 0))}"
contracts_output/contracts_output/gemini_contracts/gemini_contracts/691.sol,691.sol,slither-0.11.3,solidity,2025/09/14,20260225_2030,1772051429.4835587,3.142690658569336,1,{},{},{EXIT_CODE_1},"{""analysis unsuccessful, check output.json"",""error parsing results: file could not be opened successfully:
- method gz: ReadError('empty file')
- method bz2: ReadError('not a bzip2 file')
- method xz: ReadError('not an lzma file')
- method tar: ReadError('empty file')"",""exception (crytic_compile.platform.exceptions.InvalidCompilation: Invalid solc compilation Warning: SPDX license identifier not provided in source file. Before publishing, consider adding a comment containing \""SPDX-License-Identifier: <SPDX-License>\"" to each source file. Use \""SPDX-License-Identifier: UNLICENSED\"" for non-open-source code. Please see https://spdx.org for more information.)"",exception (json.decoder.JSONDecodeError: Expecting value: line 1 column 1 (char 0))}"
contracts_output/contracts_output/gemini_contracts/gemini_contracts/694.sol,694.sol,slither-0.11.3,solidity,2025/09/14,20260225_2030,1772051421.5012991,3.1818015575408936,1,{},{},{EXIT_CODE_1},"{""analysis unsuccessful, check output.json"",""error parsing results: file could not be opened successfully:
- method gz: ReadError('empty file')
- method bz2: ReadError('not a bzip2 file')
- method xz: ReadError('not an lzma file')
- method tar: ReadError('empty file')"",""exception (crytic_compile.platform.exceptions.InvalidCompilation: Invalid solc compilation Warning: SPDX license identifier not provided in source file. Before publishing, consider adding a comment containing \""SPDX-License-Identifier: <SPDX-License>\"" to each source file. Use \""SPDX-License-Identifier: UNLICENSED\"" for non-open-source code. Please see https://spdx.org for more information.)"",exception (json.decoder.JSONDecodeError: Expecting value: line 1 column 1 (char 0))}"
contracts_output/contracts_output/gemini_contracts/gemini_contracts/714.sol,714.sol,slither-0.11.3,solidity,2025/09/14,20260225_2030,1772051544.9785924,2.872209072113037,1,{},{},{EXIT_CODE_1},"{""analysis unsuccessful, check output.json"",""error parsing results: file could not be opened successfully:
- method gz: ReadError('empty file')
- method bz2: ReadError('not a bzip2 file')
- method xz: ReadError('not an lzma file')
- method tar: ReadError('empty file')"",""exception (crytic_compile.platform.exceptions.InvalidCompilation: Invalid solc compilation Error: Function, variable, struct or modifier declaration expected.)"",exception (json.decoder.JSONDecodeError: Expecting value: line 1 column 1 (char 0))}"
contracts_output/contracts_output/gemini_contracts/gemini_contracts/725.sol,725.sol,slither-0.11.3,solidity,2025/09/14,20260225_2030,1772051538.8871837,3.0350208282470703,1,{},{},{EXIT_CODE_1},"{""analysis unsuccessful, check output.json"",""error parsing results: file could not be opened successfully:
- method gz: ReadError('empty file')
- method bz2: ReadError('not a bzip2 file')
- method xz: ReadError('not an lzma file')
- method tar: ReadError('empty file')"",""exception (crytic_compile.platform.exceptions.InvalidCompilation: Invalid solc compilation Warning: SPDX license identifier not provided in source file. Before publishing, consider adding a comment containing \""SPDX-License-Identifier: <SPDX-License>\"" to each source file. Use \""SPDX-License-Identifier: UNLICENSED\"" for non-open-source code. Please see https://spdx.org for more information.)"",exception (json.decoder.JSONDecodeError: Expecting value: line 1 column 1 (char 0))}"
contracts_output/contracts_output/gemini_contracts/gemini_contracts/732.sol,732.sol,slither-0.11.3,solidity,2025/09/14,20260225_2030,1772051470.0096211,3.0350170135498047,1,{},{},{EXIT_CODE_1},"{""analysis unsuccessful, check output.json"",""error parsing results: file could not be opened successfully:
- method gz: ReadError('empty file')
- method bz2: ReadError('not a bzip2 file')
- method xz: ReadError('not an lzma file')
- method tar: ReadError('empty file')"",""exception (crytic_compile.platform.exceptions.InvalidCompilation: Invalid solc compilation Error: Function, variable, struct or modifier declaration expected.)"",exception (json.decoder.JSONDecodeError: Expecting value: line 1 column 1 (char 0))}"
contracts_output/contracts_output/gemini_contracts/gemini_contracts/752.sol,752.sol,slither-0.11.3,solidity,2025/09/14,20260225_2030,1772051432.627045,3.33117413520813,1,{},{},{EXIT_CODE_1},"{""analysis unsuccessful, check output.json"",""error parsing results: file could not be opened successfully:
- method gz: ReadError('empty file')
- method bz2: ReadError('not a bzip2 file')
- method xz: ReadError('not an lzma file')
- method tar: ReadError('empty file')"",""exception (crytic_compile.platform.exceptions.InvalidCompilation: Invalid solc compilation Warning: SPDX license identifier not provided in source file. Before publishing, consider adding a comment containing \""SPDX-License-Identifier: <SPDX-License>\"" to each source file. Use \""SPDX-License-Identifier: UNLICENSED\"" for non-open-source code. Please see https://spdx.org for more information.)"",exception (json.decoder.JSONDecodeError: Expecting value: line 1 column 1 (char 0))}"
contracts_output/contracts_output/gemini_contracts/gemini_contracts/761.sol,761.sol,slither-0.11.3,solidity,2025/09/14,20260225_2030,1772051429.4474356,2.9026401042938232,1,{},{},{EXIT_CODE_1},"{""analysis unsuccessful, check output.json"",""error parsing results: file could not be opened successfully:
- method gz: ReadError('empty file')
- method bz2: ReadError('not a bzip2 file')
- method xz: ReadError('not an lzma file')
- method tar: ReadError('empty file')"",""exception (crytic_compile.platform.exceptions.InvalidCompilation: Invalid solc compilation Warning: SPDX license identifier not provided in source file. Before publishing, consider adding a comment containing \""SPDX-License-Identifier: <SPDX-License>\"" to each source file. Use \""SPDX-License-Identifier: UNLICENSED\"" for non-open-source code. Please see https://spdx.org for more information.)"",exception (json.decoder.JSONDecodeError: Expecting value: line 1 column 1 (char 0))}"
contracts_output/contracts_output/gemini_contracts/gemini_contracts/772.sol,772.sol,slither-0.11.3,solidity,2025/09/14,20260225_2030,1772051516.3636942,2.9002931118011475,1,{},{},{EXIT_CODE_1},"{""analysis unsuccessful, check output.json"",""error parsing results: file could not be opened successfully:
- method gz: ReadError('empty file')
- method bz2: ReadError('not a bzip2 file')
- method xz: ReadError('not an lzma file')
- method tar: ReadError('empty file')"",""exception (crytic_compile.platform.exceptions.InvalidCompilation: Invalid solc compilation Warning: SPDX license identifier not provided in source file. Before publishing, consider adding a comment containing \""SPDX-License-Identifier: <SPDX-License>\"" to each source file. Use \""SPDX-License-Identifier: UNLICENSED\"" for non-open-source code. Please see https://spdx.org for more information.)"",exception (json.decoder.JSONDecodeError: Expecting value: line 1 column 1 (char 0))}"
contracts_output/contracts_output/gemini_contracts/gemini_contracts/780.sol,780.sol,slither-0.11.3,solidity,2025/09/14,20260225_2030,1772051418.1093156,2.8716843128204346,1,{},{},{EXIT_CODE_1},"{""analysis unsuccessful, check output.json"",""error parsing results: file could not be opened successfully:
- method gz: ReadError('empty file')
- method bz2: ReadError('not a bzip2 file')
- method xz: ReadError('not an lzma file')
- method tar: ReadError('empty file')"",""exception (crytic_compile.platform.exceptions.InvalidCompilation: Invalid solc compilation Warning: SPDX license identifier not provided in source file. Before publishing, consider adding a comment containing \""SPDX-License-Identifier: <SPDX-License>\"" to each source file. Use \""SPDX-License-Identifier: UNLICENSED\"" for non-open-source code. Please see https://spdx.org for more information.)"",exception (json.decoder.JSONDecodeError: Expecting value: line 1 column 1 (char 0))}"
contracts_output/contracts_output/gemini_contracts/gemini_contracts/79.sol,79.sol,slither-0.11.3,solidity,2025/09/14,20260225_2030,1772051437.1842268,2.660220146179199,1,{},{},{EXIT_CODE_1},"{""analysis unsuccessful, check output.json"",""error parsing results: file could not be opened successfully:
- method gz: ReadError('empty file')
- method bz2: ReadError('not a bzip2 file')
- method xz: ReadError('not an lzma file')
- method tar: ReadError('empty file')"",""exception (crytic_compile.platform.exceptions.InvalidCompilation: Invalid solc compilation Warning: SPDX license identifier not provided in source file. Before publishing, consider adding a comment containing \""SPDX-License-Identifier: <SPDX-License>\"" to each source file. Use \""SPDX-License-Identifier: UNLICENSED\"" for non-open-source code. Please see https://spdx.org for more information.)"",exception (json.decoder.JSONDecodeError: Expecting value: line 1 column 1 (char 0))}"
contracts_output/contracts_output/gemini_contracts/gemini_contracts/790.sol,790.sol,slither-0.11.3,solidity,2025/09/14,20260225_2030,1772051525.8102796,3.2939226627349854,1,{},{},{EXIT_CODE_1},"{""analysis unsuccessful, check output.json"",""error parsing results: file could not be opened successfully:
- method gz: ReadError('empty file')
- method bz2: ReadError('not a bzip2 file')
- method xz: ReadError('not an lzma file')
- method tar: ReadError('empty file')"",""exception (crytic_compile.platform.exceptions.InvalidCompilation: Invalid solc compilation Warning: SPDX license identifier not provided in source file. Before publishing, consider adding a comment containing \""SPDX-License-Identifier: <SPDX-License>\"" to each source file. Use \""SPDX-License-Identifier: UNLICENSED\"" for non-open-source code. Please see https://spdx.org for more information.)"",exception (json.decoder.JSONDecodeError: Expecting value: line 1 column 1 (char 0))}"
contracts_output/contracts_output/gemini_contracts/gemini_contracts/799.sol,799.sol,slither-0.11.3,solidity,2025/09/14,20260225_2030,1772051467.0611641,3.0729126930236816,1,{},{},{EXIT_CODE_1},"{""analysis unsuccessful, check output.json"",""error parsing results: file could not be opened successfully:
- method gz: ReadError('empty file')
- method bz2: ReadError('not a bzip2 file')
- method xz: ReadError('not an lzma file')
- method tar: ReadError('empty file')"",""exception (crytic_compile.platform.exceptions.InvalidCompilation: Invalid solc compilation Warning: SPDX license identifier not provided in source file. Before publishing, consider adding a comment containing \""SPDX-License-Identifier: <SPDX-License>\"" to each source file. Use \""SPDX-License-Identifier: UNLICENSED\"" for non-open-source code. Please see https://spdx.org for more information.)"",exception (json.decoder.JSONDecodeError: Expecting value: line 1 column 1 (char 0))}"
contracts_output/contracts_output/gemini_contracts/gemini_contracts/812.sol,812.sol,slither-0.11.3,solidity,2025/09/14,20260225_2030,1772051476.637763,2.9172475337982178,1,{},{},{EXIT_CODE_1},"{""analysis unsuccessful, check output.json"",""error parsing results: file could not be opened successfully:
- method gz: ReadError('empty file')
- method bz2: ReadError('not a bzip2 file')
- method xz: ReadError('not an lzma file')
- method tar: ReadError('empty file')"",""exception (crytic_compile.platform.exceptions.InvalidCompilation: Invalid solc compilation Warning: SPDX license identifier not provided in source file. Before publishing, consider adding a comment containing \""SPDX-License-Identifier: <SPDX-License>\"" to each source file. Use \""SPDX-License-Identifier: UNLICENSED\"" for non-open-source code. Please see https://spdx.org for more information.)"",exception (json.decoder.JSONDecodeError: Expecting value: line 1 column 1 (char 0))}"
contracts_output/contracts_output/gemini_contracts/gemini_contracts/827.sol,827.sol,slither-0.11.3,solidity,2025/09/14,20260225_2030,1772051438.3027,3.1635656356811523,1,{},{},{EXIT_CODE_1},"{""analysis unsuccessful, check output.json"",""error parsing results: file could not be opened successfully:
- method gz: ReadError('empty file')
- method bz2: ReadError('not a bzip2 file')
- method xz: ReadError('not an lzma file')
- method tar: ReadError('empty file')"",""exception (crytic_compile.platform.exceptions.InvalidCompilation: Invalid solc compilation Warning: SPDX license identifier not provided in source file. Before publishing, consider adding a comment containing \""SPDX-License-Identifier: <SPDX-License>\"" to each source file. Use \""SPDX-License-Identifier: UNLICENSED\"" for non-open-source code. Please see https://spdx.org for more information.)"",exception (json.decoder.JSONDecodeError: Expecting value: line 1 column 1 (char 0))}"
contracts_output/contracts_output/gemini_contracts/gemini_contracts/86.sol,86.sol,slither-0.11.3,solidity,2025/09/14,20260225_2030,1772051468.357548,3.2165353298187256,1,{},{},{EXIT_CODE_1},"{""analysis unsuccessful, check output.json"",""error parsing results: file could not be opened successfully:
- method gz: ReadError('empty file')
- method bz2: ReadError('not a bzip2 file')
- method xz: ReadError('not an lzma file')
- method tar: ReadError('empty file')"",""exception (crytic_compile.platform.exceptions.InvalidCompilation: Invalid solc compilation Warning: SPDX license identifier not provided in source file. Before publishing, consider adding a comment containing \""SPDX-License-Identifier: <SPDX-License>\"" to each source file. Use \""SPDX-License-Identifier: UNLICENSED\"" for non-open-source code. Please see https://spdx.org for more information.)"",exception (json.decoder.JSONDecodeError: Expecting value: line 1 column 1 (char 0))}"
contracts_output/contracts_output/gemini_contracts/gemini_contracts/868.sol,868.sol,slither-0.11.3,solidity,2025/09/14,20260225_2030,1772051510.551043,3.1614158153533936,1,{},{},{EXIT_CODE_1},"{""analysis unsuccessful, check output.json"",""error parsing results: file could not be opened successfully:
- method gz: ReadError('empty file')
- method bz2: ReadError('not a bzip2 file')
- method xz: ReadError('not an lzma file')
- method tar: ReadError('empty file')"",""exception (crytic_compile.platform.exceptions.InvalidCompilation: Invalid solc compilation Warning: SPDX license identifier not provided in source file. Before publishing, consider adding a comment containing \""SPDX-License-Identifier: <SPDX-License>\"" to each source file. Use \""SPDX-License-Identifier: UNLICENSED\"" for non-open-source code. Please see https://spdx.org for more information.)"",exception (json.decoder.JSONDecodeError: Expecting value: line 1 column 1 (char 0))}"
contracts_output/contracts_output/gemini_contracts/gemini_contracts/876.sol,876.sol,slither-0.11.3,solidity,2025/09/14,20260225_2030,1772051492.1693776,3.1362760066986084,1,{},{},{EXIT_CODE_1},"{""analysis unsuccessful, check output.json"",""error parsing results: file could not be opened successfully:
- method gz: ReadError('empty file')
- method bz2: ReadError('not a bzip2 file')
- method xz: ReadError('not an lzma file')
- method tar: ReadError('empty file')"",""exception (crytic_compile.platform.exceptions.InvalidCompilation: Invalid solc compilation Warning: SPDX license identifier not provided in source file. Before publishing, consider adding a comment containing \""SPDX-License-Identifier: <SPDX-License>\"" to each source file. Use \""SPDX-License-Identifier: UNLICENSED\"" for non-open-source code. Please see https://spdx.org for more information.)"",exception (json.decoder.JSONDecodeError: Expecting value: line 1 column 1 (char 0))}"
contracts_output/contracts_output/gemini_contracts/gemini_contracts/883.sol,883.sol,slither-0.11.3,solidity,2025/09/14,20260225_2030,1772051434.5580423,2.9198334217071533,1,{},{},{EXIT_CODE_1},"{""analysis unsuccessful, check output.json"",""error parsing results: file could not be opened successfully:
- method gz: ReadError('empty file')
- method bz2: ReadError('not a bzip2 file')
- method xz: ReadError('not an lzma file')
- method tar: ReadError('empty file')"",""exception (crytic_compile.platform.exceptions.InvalidCompilation: Invalid solc compilation Warning: SPDX license identifier not provided in source file. Before publishing, consider adding a comment containing \""SPDX-License-Identifier: <SPDX-License>\"" to each source file. Use \""SPDX-License-Identifier: UNLICENSED\"" for non-open-source code. Please see https://spdx.org for more information.)"",exception (json.decoder.JSONDecodeError: Expecting value: line 1 column 1 (char 0))}"
contracts_output/contracts_output/gemini_contracts/gemini_contracts/892.sol,892.sol,slither-0.11.3,solidity,2025/09/14,20260225_2030,1772051556.119609,2.768784284591675,1,{},{},{EXIT_CODE_1},"{""analysis unsuccessful, check output.json"",""error parsing results: file could not be opened successfully:
- method gz: ReadError('empty file')
- method bz2: ReadError('not a bzip2 file')
- method xz: ReadError('not an lzma file')
- method tar: ReadError('empty file')"",""exception (crytic_compile.platform.exceptions.InvalidCompilation: Invalid solc compilation Warning: SPDX license identifier not provided in source file. Before publishing, consider adding a comment containing \""SPDX-License-Identifier: <SPDX-License>\"" to each source file. Use \""SPDX-License-Identifier: UNLICENSED\"" for non-open-source code. Please see https://spdx.org for more information.)"",exception (json.decoder.JSONDecodeError: Expecting value: line 1 column 1 (char 0))}"
contracts_output/contracts_output/gemini_contracts/gemini_contracts/906.sol,906.sol,slither-0.11.3,solidity,2025/09/14,20260225_2030,1772051483.5719419,3.0501232147216797,1,{},{},{EXIT_CODE_1},"{""analysis unsuccessful, check output.json"",""error parsing results: file could not be opened successfully:
- method gz: ReadError('empty file')
- method bz2: ReadError('not a bzip2 file')
- method xz: ReadError('not an lzma file')
- method tar: ReadError('empty file')"",""exception (crytic_compile.platform.exceptions.InvalidCompilation: Invalid solc compilation Warning: SPDX license identifier not provided in source file. Before publishing, consider adding a comment containing \""SPDX-License-Identifier: <SPDX-License>\"" to each source file. Use \""SPDX-License-Identifier: UNLICENSED\"" for non-open-source code. Please see https://spdx.org for more information.)"",exception (json.decoder.JSONDecodeError: Expecting value: line 1 column 1 (char 0))}"
contracts_output/contracts_output/gemini_contracts/gemini_contracts/915.sol,915.sol,slither-0.11.3,solidity,2025/09/14,20260225_2030,1772051493.2524326,3.0527682304382324,1,{},{},{EXIT_CODE_1},"{""analysis unsuccessful, check output.json"",""error parsing results: file could not be opened successfully:
- method gz: ReadError('empty file')
- method bz2: ReadError('not a bzip2 file')
- method xz: ReadError('not an lzma file')
- method tar: ReadError('empty file')"",""exception (crytic_compile.platform.exceptions.InvalidCompilation: Invalid solc compilation Warning: SPDX license identifier not provided in source file. Before publishing, consider adding a comment containing \""SPDX-License-Identifier: <SPDX-License>\"" to each source file. Use \""SPDX-License-Identifier: UNLICENSED\"" for non-open-source code. Please see https://spdx.org for more information.)"",exception (json.decoder.JSONDecodeError: Expecting value: line 1 column 1 (char 0))}"
contracts_output/contracts_output/gemini_contracts/gemini_contracts/949.sol,949.sol,slither-0.11.3,solidity,2025/09/14,20260225_2030,1772051547.886392,2.9917619228363037,1,{},{},{EXIT_CODE_1},"{""analysis unsuccessful, check output.json"",""error parsing results: file could not be opened successfully:
- method gz: ReadError('empty file')
- method bz2: ReadError('not a bzip2 file')
- method xz: ReadError('not an lzma file')
- method tar: ReadError('empty file')"",""exception (crytic_compile.platform.exceptions.InvalidCompilation: Invalid solc compilation Warning: SPDX license identifier not provided in source file. Before publishing, consider adding a comment containing \""SPDX-License-Identifier: <SPDX-License>\"" to each source file. Use \""SPDX-License-Identifier: UNLICENSED\"" for non-open-source code. Please see https://spdx.org for more information.)"",exception (json.decoder.JSONDecodeError: Expecting value: line 1 column 1 (char 0))}"
contracts_output/contracts_output/gemini_contracts/gemini_contracts/963.sol,963.sol,slither-0.11.3,solidity,2025/09/14,20260225_2030,1772051451.36927,3.180729627609253,1,{},{},{EXIT_CODE_1},"{""analysis unsuccessful, check output.json"",""error parsing results: file could not be opened successfully:
- method gz: ReadError('empty file')
- method bz2: ReadError('not a bzip2 file')
- method xz: ReadError('not an lzma file')
- method tar: ReadError('empty file')"",""exception (crytic_compile.platform.exceptions.InvalidCompilation: Invalid solc compilation Warning: SPDX license identifier not provided in source file. Before publishing, consider adding a comment containing \""SPDX-License-Identifier: <SPDX-License>\"" to each source file. Use \""SPDX-License-Identifier: UNLICENSED\"" for non-open-source code. Please see https://spdx.org for more information.)"",exception (json.decoder.JSONDecodeError: Expecting value: line 1 column 1 (char 0))}"
contracts_output/contracts_output/gemini_contracts/gemini_contracts/967.sol,967.sol,slither-0.11.3,solidity,2025/09/14,20260225_2030,1772051519.8178506,3.0763564109802246,1,{},{},{EXIT_CODE_1},"{""analysis unsuccessful, check output.json"",""error parsing results: file could not be opened successfully:
- method gz: ReadError('empty file')
- method bz2: ReadError('not a bzip2 file')
- method xz: ReadError('not an lzma file')
- method tar: ReadError('empty file')"",""exception (crytic_compile.platform.exceptions.InvalidCompilation: Invalid solc compilation Warning: SPDX license identifier not provided in source file. Before publishing, consider adding a comment containing \""SPDX-License-Identifier: <SPDX-License>\"" to each source file. Use \""SPDX-License-Identifier: UNLICENSED\"" for non-open-source code. Please see https://spdx.org for more information.)"",exception (json.decoder.JSONDecodeError: Expecting value: line 1 column 1 (char 0))}"
contracts_output/contracts_output/gemini_contracts/gemini_contracts/97.sol,97.sol,slither-0.11.3,solidity,2025/09/14,20260225_2030,1772051553.106479,2.8797879219055176,1,{},{},{EXIT_CODE_1},"{""analysis unsuccessful, check output.json"",""error parsing results: file could not be opened successfully:
- method gz: ReadError('empty file')
- method bz2: ReadError('not a bzip2 file')
- method xz: ReadError('not an lzma file')
- method tar: ReadError('empty file')"",""exception (crytic_compile.platform.exceptions.InvalidCompilation: Invalid solc compilation Warning: SPDX license identifier not provided in source file. Before publishing, consider adding a comment containing \""SPDX-License-Identifier: <SPDX-License>\"" to each source file. Use \""SPDX-License-Identifier: UNLICENSED\"" for non-open-source code. Please see https://spdx.org for more information.)"",exception (json.decoder.JSONDecodeError: Expecting value: line 1 column 1 (char 0))}"
contracts_output/contracts_output/gemini_contracts/gemini_contracts/971.sol,971.sol,slither-0.11.3,solidity,2025/09/14,20260225_2030,1772051468.8972206,3.180786371231079,1,{},{},{EXIT_CODE_1},"{""analysis unsuccessful, check output.json"",""error parsing results: file could not be opened successfully:
- method gz: ReadError('empty file')
- method bz2: ReadError('not a bzip2 file')
- method xz: ReadError('not an lzma file')
- method tar: ReadError('empty file')"",""exception (crytic_compile.platform.exceptions.InvalidCompilation: Invalid solc compilation Warning: SPDX license identifier not provided in source file. Before publishing, consider adding a comment containing \""SPDX-License-Identifier: <SPDX-License>\"" to each source file. Use \""SPDX-License-Identifier: UNLICENSED\"" for non-open-source code. Please see https://spdx.org for more information.)"",exception (json.decoder.JSONDecodeError: Expecting value: line 1 column 1 (char 0))}"
contracts_output/contracts_output/gemini_contracts/gemini_contracts/1004.sol,1004.sol,smartcheck,solidity,2022/11/14,20260225_2030,1772051476.466291,4.149492979049683,0,"{SOLIDITY_PRAGMAS_VERSION,SOLIDITY_SAFEMATH,SOLIDITY_VISIBILITY}",{},{},{}
contracts_output/contracts_output/gemini_contracts/gemini_contracts/1009.sol,1009.sol,smartcheck,solidity,2022/11/14,20260225_2030,1772051513.5575001,3.9928197860717773,0,"{SOLIDITY_PRAGMAS_VERSION,SOLIDITY_SAFEMATH,SOLIDITY_VISIBILITY}",{},{},{}
contracts_output/contracts_output/gemini_contracts/gemini_contracts/1010.sol,1010.sol,smartcheck,solidity,2022/11/14,20260225_2030,1772051563.8439472,4.542977333068848,0,"{SOLIDITY_PRAGMAS_VERSION,SOLIDITY_SAFEMATH,SOLIDITY_VISIBILITY}",{},{},{}
contracts_output/contracts_output/gemini_contracts/gemini_contracts/1032.sol,1032.sol,smartcheck,solidity,2022/11/14,20260225_2030,1772051443.762561,4.236887454986572,0,"{SOLIDITY_EXTRA_GAS_IN_LOOPS,SOLIDITY_GAS_LIMIT_IN_LOOPS,SOLIDITY_PRAGMAS_VERSION,SOLIDITY_SAFEMATH,SOLIDITY_VISIBILITY}",{},{},{}
contracts_output/contracts_output/gemini_contracts/gemini_contracts/1053.sol,1053.sol,smartcheck,solidity,2022/11/14,20260225_2030,1772051427.8601046,4.292278528213501,0,"{SOLIDITY_PRAGMAS_VERSION,SOLIDITY_SAFEMATH,SOLIDITY_VISIBILITY}",{},{},{}
contracts_output/contracts_output/gemini_contracts/gemini_contracts/107.sol,107.sol,smartcheck,solidity,2022/11/14,20260225_2030,1772051503.3402846,3.840233564376831,0,"{SOLIDITY_PRAGMAS_VERSION,SOLIDITY_SAFEMATH,SOLIDITY_VISIBILITY}",{},{},{}
contracts_output/contracts_output/gemini_contracts/gemini_contracts/1091.sol,1091.sol,smartcheck,solidity,2022/11/14,20260225_2030,1772051466.6318703,4.1255292892456055,0,"{SOLIDITY_ADDRESS_HARDCODED,SOLIDITY_LOCKED_MONEY,SOLIDITY_OVERPOWERED_ROLE,SOLIDITY_PRAGMAS_VERSION,SOLIDITY_SAFEMATH,SOLIDITY_VISIBILITY}",{},{},{}
contracts_output/contracts_output/gemini_contracts/gemini_contracts/1094.sol,1094.sol,smartcheck,solidity,2022/11/14,20260225_2030,1772051507.0029304,3.547117233276367,0,"{SOLIDITY_PRAGMAS_VERSION,SOLIDITY_SAFEMATH,SOLIDITY_VISIBILITY}",{},{},{}
contracts_output/contracts_output/gemini_contracts/gemini_contracts/110.sol,110.sol,smartcheck,solidity,2022/11/14,20260225_2030,1772051454.7805378,4.033346652984619,0,"{SOLIDITY_ADDRESS_HARDCODED,SOLIDITY_LOCKED_MONEY,SOLIDITY_PRAGMAS_VERSION,SOLIDITY_SAFEMATH,SOLIDITY_VISIBILITY}",{},{},{}
contracts_output/contracts_output/gemini_contracts/gemini_contracts/1111.sol,1111.sol,smartcheck,solidity,2022/11/14,20260225_2030,1772051499.7463171,3.8719658851623535,0,"{SOLIDITY_PRAGMAS_VERSION,SOLIDITY_SAFEMATH,SOLIDITY_VISIBILITY}",{},{},{}
contracts_output/contracts_output/gemini_contracts/gemini_contracts/1142.sol,1142.sol,smartcheck,solidity,2022/11/14,20260225_2030,1772051438.401529,4.012692451477051,0,"{SOLIDITY_ERC20_APPROVE,SOLIDITY_PRAGMAS_VERSION,SOLIDITY_PRIVATE_MODIFIER_DONT_HIDE_DATA,SOLIDITY_SAFEMATH,SOLIDITY_VISIBILITY}",{},{},{}
contracts_output/contracts_output/gemini_contracts/gemini_contracts/1147.sol,1147.sol,smartcheck,solidity,2022/11/14,20260225_2030,1772051545.2944698,4.191019773483276,0,"{SOLIDITY_PRAGMAS_VERSION,SOLIDITY_SAFEMATH,SOLIDITY_VISIBILITY}",{},{},{}
contracts_output/contracts_output/gemini_contracts/gemini_contracts/1148.sol,1148.sol,smartcheck,solidity,2022/11/14,20260225_2030,1772051503.4535077,4.208878040313721,0,"{SOLIDITY_ADDRESS_HARDCODED,SOLIDITY_PRAGMAS_VERSION,SOLIDITY_PRIVATE_MODIFIER_DONT_HIDE_DATA,SOLIDITY_SAFEMATH,SOLIDITY_VISIBILITY}",{},{},{}
contracts_output/contracts_output/gemini_contracts/gemini_contracts/1160.sol,1160.sol,smartcheck,solidity,2022/11/14,20260225_2030,1772051533.668362,4.737581253051758,0,"{SOLIDITY_PRAGMAS_VERSION,SOLIDITY_SAFEMATH,SOLIDITY_VISIBILITY}",{},{},{}
contracts_output/contracts_output/gemini_contracts/gemini_contracts/1164.sol,1164.sol,smartcheck,solidity,2022/11/14,20260225_2030,1772051431.288055,3.7743165493011475,0,"{SOLIDITY_EXTRA_GAS_IN_LOOPS,SOLIDITY_GAS_LIMIT_IN_LOOPS,SOLIDITY_PRAGMAS_VERSION,SOLIDITY_SAFEMATH,SOLIDITY_VISIBILITY}",{},{},{}
contracts_output/contracts_output/gemini_contracts/gemini_contracts/1195.sol,1195.sol,smartcheck,solidity,2022/11/14,20260225_2030,1772051542.6639273,4.5142693519592285,0,"{SOLIDITY_PRAGMAS_VERSION,SOLIDITY_SAFEMATH,SOLIDITY_VISIBILITY}",{},{},{}
contracts_output/contracts_output/gemini_contracts/gemini_contracts/1213.sol,1213.sol,smartcheck,solidity,2022/11/14,20260225_2030,1772051463.5859423,3.8914618492126465,0,"{SOLIDITY_PRAGMAS_VERSION,SOLIDITY_SAFEMATH,SOLIDITY_VISIBILITY}",{},{},{}
contracts_output/contracts_output/gemini_contracts/gemini_contracts/1228.sol,1228.sol,smartcheck,solidity,2022/11/14,20260225_2030,1772051494.0958722,3.6312475204467773,0,"{SOLIDITY_PRAGMAS_VERSION,SOLIDITY_SAFEMATH,SOLIDITY_VISIBILITY}",{},{},{}
contracts_output/contracts_output/gemini_contracts/gemini_contracts/124.sol,124.sol,smartcheck,solidity,2022/11/14,20260225_2030,1772051576.9443684,4.501325607299805,0,"{SOLIDITY_PRAGMAS_VERSION,SOLIDITY_SAFEMATH,SOLIDITY_VISIBILITY}",{},{},{}
contracts_output/contracts_output/gemini_contracts/gemini_contracts/1244.sol,1244.sol,smartcheck,solidity,2022/11/14,20260225_2030,1772051577.669827,4.452673435211182,0,"{SOLIDITY_PRAGMAS_VERSION,SOLIDITY_PRIVATE_MODIFIER_DONT_HIDE_DATA,SOLIDITY_SAFEMATH,SOLIDITY_VISIBILITY}",{},{},{}
contracts_output/contracts_output/gemini_contracts/gemini_contracts/1247.sol,1247.sol,smartcheck,solidity,2022/11/14,20260225_2030,1772051447.398128,3.43868088722229,0,"{SOLIDITY_PRAGMAS_VERSION,SOLIDITY_SAFEMATH,SOLIDITY_VISIBILITY}",{},{},{}
contracts_output/contracts_output/gemini_contracts/gemini_contracts/1259.sol,1259.sol,smartcheck,solidity,2022/11/14,20260225_2030,1772051552.1396437,4.405397176742554,0,"{SOLIDITY_PRAGMAS_VERSION,SOLIDITY_PRIVATE_MODIFIER_DONT_HIDE_DATA,SOLIDITY_SAFEMATH,SOLIDITY_VISIBILITY}",{},{},{}
contracts_output/contracts_output/gemini_contracts/gemini_contracts/1262.sol,1262.sol,smartcheck,solidity,2022/11/14,20260225_2030,1772051496.3173404,3.653738498687744,0,"{SOLIDITY_ERC20_APPROVE,SOLIDITY_PRAGMAS_VERSION,SOLIDITY_SAFEMATH,SOLIDITY_VISIBILITY}",{},{},{}
contracts_output/contracts_output/gemini_contracts/gemini_contracts/1265.sol,1265.sol,smartcheck,solidity,2022/11/14,20260225_2030,1772051428.7596898,3.738459587097168,0,"{SOLIDITY_PRAGMAS_VERSION,SOLIDITY_SAFEMATH,SOLIDITY_VISIBILITY}",{},{},{}
contracts_output/contracts_output/gemini_contracts/gemini_contracts/1268.sol,1268.sol,smartcheck,solidity,2022/11/14,20260225_2030,1772051478.8471947,4.163087844848633,0,"{SOLIDITY_PRAGMAS_VERSION,SOLIDITY_SAFEMATH,SOLIDITY_VISIBILITY}",{},{},{}
contracts_output/contracts_output/gemini_contracts/gemini_contracts/1281.sol,1281.sol,smartcheck,solidity,2022/11/14,20260225_2030,1772051422.8104386,3.7718892097473145,0,"{SOLIDITY_PRAGMAS_VERSION,SOLIDITY_SAFEMATH,SOLIDITY_VISIBILITY}",{},{},{}
contracts_output/contracts_output/gemini_contracts/gemini_contracts/1283.sol,1283.sol,smartcheck,solidity,2022/11/14,20260225_2030,1772051530.356162,4.084786653518677,0,"{SOLIDITY_ERC20_APPROVE,SOLIDITY_PRAGMAS_VERSION,SOLIDITY_SAFEMATH,SOLIDITY_VISIBILITY}",{},{},{}
contracts_output/contracts_output/gemini_contracts/gemini_contracts/1286.sol,1286.sol,smartcheck,solidity,2022/11/14,20260225_2030,1772051539.7533097,3.8833069801330566,0,"{SOLIDITY_PRAGMAS_VERSION,SOLIDITY_SAFEMATH,SOLIDITY_VISIBILITY}",{},{},{}
contracts_output/contracts_output/gemini_contracts/gemini_contracts/1315.sol,1315.sol,smartcheck,solidity,2022/11/14,20260225_2030,1772051470.1778321,3.966120481491089,0,"{SOLIDITY_PRAGMAS_VERSION,SOLIDITY_PRIVATE_MODIFIER_DONT_HIDE_DATA,SOLIDITY_SAFEMATH,SOLIDITY_VISIBILITY}",{},{},{}
contracts_output/contracts_output/gemini_contracts/gemini_contracts/1319.sol,1319.sol,smartcheck,solidity,2022/11/14,20260225_2030,1772051587.7675507,3.0136537551879883,0,"{SOLIDITY_ERC20_APPROVE,SOLIDITY_PRAGMAS_VERSION,SOLIDITY_PRIVATE_MODIFIER_DONT_HIDE_DATA,SOLIDITY_SAFEMATH,SOLIDITY_VISIBILITY}",{},{},{}
contracts_output/contracts_output/gemini_contracts/gemini_contracts/1334.sol,1334.sol,smartcheck,solidity,2022/11/14,20260225_2030,1772051540.2571049,4.332265377044678,0,"{SOLIDITY_PRAGMAS_VERSION,SOLIDITY_SAFEMATH,SOLIDITY_VISIBILITY}",{},{},{}
contracts_output/contracts_output/gemini_contracts/gemini_contracts/1335.sol,1335.sol,smartcheck,solidity,2022/11/14,20260225_2030,1772051415.0835066,3.0239813327789307,0,"{SOLIDITY_ADDRESS_HARDCODED,SOLIDITY_PRAGMAS_VERSION,SOLIDITY_SAFEMATH,SOLIDITY_VISIBILITY}",{},{},{}
contracts_output/contracts_output/gemini_contracts/gemini_contracts/1356.sol,1356.sol,smartcheck,solidity,2022/11/14,20260225_2030,1772051423.7137966,3.6896145343780518,0,"{SOLIDITY_PRAGMAS_VERSION,SOLIDITY_SAFEMATH,SOLIDITY_VISIBILITY}",{},{},{}
contracts_output/contracts_output/gemini_contracts/gemini_contracts/1358.sol,1358.sol,smartcheck,solidity,2022/11/14,20260225_2030,1772051488.7254786,3.840946912765503,0,"{SOLIDITY_PRAGMAS_VERSION,SOLIDITY_SAFEMATH,SOLIDITY_VISIBILITY}",{},{},{}
contracts_output/contracts_output/gemini_contracts/gemini_contracts/1383.sol,1383.sol,smartcheck,solidity,2022/11/14,20260225_2030,1772051565.8697507,3.8626203536987305,0,"{SOLIDITY_PRAGMAS_VERSION,SOLIDITY_SAFEMATH,SOLIDITY_VISIBILITY}",{},{},{}
contracts_output/contracts_output/gemini_contracts/gemini_contracts/1386.sol,1386.sol,smartcheck,solidity,2022/11/14,20260225_2030,1772051507.9918845,4.202728509902954,0,"{SOLIDITY_PRAGMAS_VERSION,SOLIDITY_SAFEMATH,SOLIDITY_VISIBILITY}",{},{},{}
contracts_output/contracts_output/gemini_contracts/gemini_contracts/1398.sol,1398.sol,smartcheck,solidity,2022/11/14,20260225_2030,1772051569.8599975,4.796700716018677,0,"{SOLIDITY_PRAGMAS_VERSION,SOLIDITY_SAFEMATH,SOLIDITY_VISIBILITY}",{},{},{}
contracts_output/contracts_output/gemini_contracts/gemini_contracts/1413.sol,1413.sol,smartcheck,solidity,2022/11/14,20260225_2030,1772051559.3751402,4.098039627075195,0,"{SOLIDITY_OVERPOWERED_ROLE,SOLIDITY_PRAGMAS_VERSION,SOLIDITY_SAFEMATH,SOLIDITY_VISIBILITY}",{},{},{}
contracts_output/contracts_output/gemini_contracts/gemini_contracts/1424.sol,1424.sol,smartcheck,solidity,2022/11/14,20260225_2030,1772051473.0456774,3.740598678588867,0,"{SOLIDITY_PRAGMAS_VERSION,SOLIDITY_SAFEMATH,SOLIDITY_VISIBILITY}",{},{},{}
contracts_output/contracts_output/gemini_contracts/gemini_contracts/1438.sol,1438.sol,smartcheck,solidity,2022/11/14,20260225_2030,1772051565.5383062,4.13638973236084,0,"{SOLIDITY_PRAGMAS_VERSION,SOLIDITY_SAFEMATH,SOLIDITY_VISIBILITY}",{},{},{}
contracts_output/contracts_output/gemini_contracts/gemini_contracts/1443.sol,1443.sol,smartcheck,solidity,2022/11/14,20260225_2030,1772051432.1532235,3.8179891109466553,0,"{SOLIDITY_ADDRESS_HARDCODED,SOLIDITY_PRAGMAS_VERSION,SOLIDITY_SAFEMATH,SOLIDITY_VISIBILITY}",{},{},{}
contracts_output/contracts_output/gemini_contracts/gemini_contracts/146.sol,146.sol,smartcheck,solidity,2022/11/14,20260225_2030,1772051528.6407478,3.669264793395996,0,"{SOLIDITY_PRAGMAS_VERSION,SOLIDITY_SAFEMATH,SOLIDITY_VISIBILITY}",{},{},{}
contracts_output/contracts_output/gemini_contracts/gemini_contracts/1493.sol,1493.sol,smartcheck,solidity,2022/11/14,20260225_2030,1772051549.7345014,4.5113372802734375,0,"{SOLIDITY_PRAGMAS_VERSION,SOLIDITY_SAFEMATH,SOLIDITY_VISIBILITY}",{},{},{}
contracts_output/contracts_output/gemini_contracts/gemini_contracts/1522.sol,1522.sol,smartcheck,solidity,2022/11/14,20260225_2030,1772051580.0592747,5.006581783294678,0,"{SOLIDITY_PRAGMAS_VERSION,SOLIDITY_SAFEMATH,SOLIDITY_VISIBILITY}",{},{},{}
contracts_output/contracts_output/gemini_contracts/gemini_contracts/153.sol,153.sol,smartcheck,solidity,2022/11/14,20260225_2030,1772051463.0484195,3.6164309978485107,0,"{SOLIDITY_PRAGMAS_VERSION,SOLIDITY_SAFEMATH,SOLIDITY_VISIBILITY}",{},{},{}
contracts_output/contracts_output/gemini_contracts/gemini_contracts/1531.sol,1531.sol,smartcheck,solidity,2022/11/14,20260225_2030,1772051478.7640955,4.123237133026123,0,"{SOLIDITY_PRAGMAS_VERSION,SOLIDITY_SAFEMATH,SOLIDITY_VISIBILITY}",{},{},{}
contracts_output/contracts_output/gemini_contracts/gemini_contracts/1558.sol,1558.sol,smartcheck,solidity,2022/11/14,20260225_2030,1772051442.9891918,3.533269166946411,0,"{SOLIDITY_PRAGMAS_VERSION,SOLIDITY_SAFEMATH,SOLIDITY_VISIBILITY}",{},{},{}
contracts_output/contracts_output/gemini_contracts/gemini_contracts/1565.sol,1565.sol,smartcheck,solidity,2022/11/14,20260225_2030,1772051425.1930978,3.9481403827667236,0,"{SOLIDITY_PRAGMAS_VERSION,SOLIDITY_SAFEMATH,SOLIDITY_VISIBILITY}",{},{},{}
contracts_output/contracts_output/gemini_contracts/gemini_contracts/1587.sol,1587.sol,smartcheck,solidity,2022/11/14,20260225_2030,1772051415.1458266,2.9235410690307617,0,"{SOLIDITY_PRAGMAS_VERSION,SOLIDITY_SAFEMATH}",{},{},{}
contracts_output/contracts_output/gemini_contracts/gemini_contracts/1589.sol,1589.sol,smartcheck,solidity,2022/11/14,20260225_2030,1772051415.09836,3.0481369495391846,0,"{SOLIDITY_PRAGMAS_VERSION,SOLIDITY_SAFEMATH,SOLIDITY_VISIBILITY}",{},{},{}
contracts_output/contracts_output/gemini_contracts/gemini_contracts/1597.sol,1597.sol,smartcheck,solidity,2022/11/14,20260225_2030,1772051580.4446864,4.864530086517334,0,"{SOLIDITY_ADDRESS_HARDCODED,SOLIDITY_LOCKED_MONEY,SOLIDITY_PRAGMAS_VERSION,SOLIDITY_PRIVATE_MODIFIER_DONT_HIDE_DATA,SOLIDITY_SAFEMATH,SOLIDITY_VISIBILITY}",{},{},{}
contracts_output/contracts_output/gemini_contracts/gemini_contracts/1600.sol,1600.sol,smartcheck,solidity,2022/11/14,20260225_2030,1772051424.1971822,3.8534159660339355,0,"{SOLIDITY_ADDRESS_HARDCODED,SOLIDITY_PRAGMAS_VERSION,SOLIDITY_SAFEMATH,SOLIDITY_VISIBILITY}",{},{},{}
contracts_output/contracts_output/gemini_contracts/gemini_contracts/1609.sol,1609.sol,smartcheck,solidity,2022/11/14,20260225_2030,1772051420.9609795,4.360811233520508,0,"{SOLIDITY_PRAGMAS_VERSION,SOLIDITY_SAFEMATH,SOLIDITY_VISIBILITY}",{},{},{}
contracts_output/contracts_output/gemini_contracts/gemini_contracts/1613.sol,1613.sol,smartcheck,solidity,2022/11/14,20260225_2030,1772051526.973746,4.186974287033081,0,"{SOLIDITY_PRAGMAS_VERSION,SOLIDITY_SAFEMATH,SOLIDITY_VISIBILITY}",{},{},{}
contracts_output/contracts_output/gemini_contracts/gemini_contracts/1617.sol,1617.sol,smartcheck,solidity,2022/11/14,20260225_2030,1772051518.1409006,4.771229028701782,0,"{SOLIDITY_ADDRESS_HARDCODED,SOLIDITY_PRAGMAS_VERSION,SOLIDITY_SAFEMATH,SOLIDITY_VISIBILITY}",{},{},{}
contracts_output/contracts_output/gemini_contracts/gemini_contracts/1642.sol,1642.sol,smartcheck,solidity,2022/11/14,20260225_2030,1772051562.9454744,3.9288532733917236,0,"{SOLIDITY_ERC20_APPROVE,SOLIDITY_PRAGMAS_VERSION,SOLIDITY_SAFEMATH,SOLIDITY_VISIBILITY}",{},{},{}
contracts_output/contracts_output/gemini_contracts/gemini_contracts/1644.sol,1644.sol,smartcheck,solidity,2022/11/14,20260225_2030,1772051543.839795,4.329572916030884,0,"{SOLIDITY_EXTRA_GAS_IN_LOOPS,SOLIDITY_GAS_LIMIT_IN_LOOPS,SOLIDITY_PRAGMAS_VERSION,SOLIDITY_SAFEMATH,SOLIDITY_VISIBILITY}",{},{},{}
contracts_output/contracts_output/gemini_contracts/gemini_contracts/1662.sol,1662.sol,smartcheck,solidity,2022/11/14,20260225_2030,1772051558.4559133,3.3646020889282227,0,"{SOLIDITY_PRAGMAS_VERSION,SOLIDITY_SAFEMATH,SOLIDITY_SHOULD_RETURN_STRUCT,SOLIDITY_VISIBILITY}",{},{},{}
contracts_output/contracts_output/gemini_contracts/gemini_contracts/1663.sol,1663.sol,smartcheck,solidity,2022/11/14,20260225_2030,1772051558.889313,3.6912670135498047,0,"{SOLIDITY_PRAGMAS_VERSION,SOLIDITY_SAFEMATH,SOLIDITY_VISIBILITY}",{},{},{}
contracts_output/contracts_output/gemini_contracts/gemini_contracts/170.sol,170.sol,smartcheck,solidity,2022/11/14,20260225_2030,1772051508.4047804,4.658345937728882,0,"{SOLIDITY_PRAGMAS_VERSION,SOLIDITY_SAFEMATH,SOLIDITY_VISIBILITY}",{},{},{}
contracts_output/contracts_output/gemini_contracts/gemini_contracts/1700.sol,1700.sol,smartcheck,solidity,2022/11/14,20260225_2030,1772051482.3789005,3.619753360748291,0,"{SOLIDITY_PRAGMAS_VERSION,SOLIDITY_SAFEMATH,SOLIDITY_VISIBILITY}",{},{},{}
contracts_output/contracts_output/gemini_contracts/gemini_contracts/1722.sol,1722.sol,smartcheck,solidity,2022/11/14,20260225_2030,1772051454.058611,4.511110782623291,0,"{SOLIDITY_LOCKED_MONEY,SOLIDITY_PRAGMAS_VERSION,SOLIDITY_SAFEMATH,SOLIDITY_VISIBILITY}",{},{},{}
contracts_output/contracts_output/gemini_contracts/gemini_contracts/1735.sol,1735.sol,smartcheck,solidity,2022/11/14,20260225_2030,1772051565.4340603,4.158229351043701,0,"{SOLIDITY_ADDRESS_HARDCODED,SOLIDITY_PRAGMAS_VERSION,SOLIDITY_SAFEMATH,SOLIDITY_VISIBILITY}",{},{},{}
contracts_output/contracts_output/gemini_contracts/gemini_contracts/1777.sol,1777.sol,smartcheck,solidity,2022/11/14,20260225_2030,1772051568.6952553,3.5225744247436523,0,"{SOLIDITY_PRAGMAS_VERSION,SOLIDITY_SAFEMATH,SOLIDITY_VISIBILITY}",{},{},{}
contracts_output/contracts_output/gemini_contracts/gemini_contracts/1782.sol,1782.sol,smartcheck,solidity,2022/11/14,20260225_2030,1772051478.4199796,4.306696176528931,0,"{SOLIDITY_PRAGMAS_VERSION,SOLIDITY_SAFEMATH,SOLIDITY_SHOULD_RETURN_STRUCT,SOLIDITY_VISIBILITY}",{},{},{}
contracts_output/contracts_output/gemini_contracts/gemini_contracts/1790.sol,1790.sol,smartcheck,solidity,2022/11/14,20260225_2030,1772051514.1556938,4.098917722702026,0,"{SOLIDITY_PRAGMAS_VERSION,SOLIDITY_SAFEMATH,SOLIDITY_VISIBILITY}",{},{},{}
contracts_output/contracts_output/gemini_contracts/gemini_contracts/1809.sol,1809.sol,smartcheck,solidity,2022/11/14,20260225_2030,1772051472.4658968,4.062691688537598,0,"{SOLIDITY_ADDRESS_HARDCODED,SOLIDITY_PRAGMAS_VERSION,SOLIDITY_VISIBILITY}",{},{},{}
contracts_output/contracts_output/gemini_contracts/gemini_contracts/1814.sol,1814.sol,smartcheck,solidity,2022/11/14,20260225_2030,1772051485.2393825,4.349834680557251,0,"{SOLIDITY_ADDRESS_HARDCODED,SOLIDITY_PRAGMAS_VERSION,SOLIDITY_SAFEMATH,SOLIDITY_VISIBILITY}",{},{},{}
contracts_output/contracts_output/gemini_contracts/gemini_contracts/1824.sol,1824.sol,smartcheck,solidity,2022/11/14,20260225_2030,1772051556.9449735,4.083534002304077,0,"{SOLIDITY_ERC20_APPROVE,SOLIDITY_PRAGMAS_VERSION,SOLIDITY_SAFEMATH,SOLIDITY_VISIBILITY}",{},{},{}
contracts_output/contracts_output/gemini_contracts/gemini_contracts/1832.sol,1832.sol,smartcheck,solidity,2022/11/14,20260225_2030,1772051527.4783053,4.032590389251709,0,"{SOLIDITY_PRAGMAS_VERSION,SOLIDITY_SAFEMATH,SOLIDITY_VISIBILITY}",{},{},{}
contracts_output/contracts_output/gemini_contracts/gemini_contracts/1838.sol,1838.sol,smartcheck,solidity,2022/11/14,20260225_2030,1772051549.2263024,4.935362339019775,0,"{SOLIDITY_PRAGMAS_VERSION,SOLIDITY_SAFEMATH,SOLIDITY_VISIBILITY}",{},{},{}
contracts_output/contracts_output/gemini_contracts/gemini_contracts/1872.sol,1872.sol,smartcheck,solidity,2022/11/14,20260225_2030,1772051473.284614,3.8843271732330322,0,"{SOLIDITY_ADDRESS_HARDCODED,SOLIDITY_PRAGMAS_VERSION,SOLIDITY_SAFEMATH,SOLIDITY_VISIBILITY}",{},{},{}
contracts_output/contracts_output/gemini_contracts/gemini_contracts/1877.sol,1877.sol,smartcheck,solidity,2022/11/14,20260225_2030,1772051579.8778052,5.099929571151733,0,"{SOLIDITY_PRAGMAS_VERSION,SOLIDITY_SAFEMATH,SOLIDITY_VISIBILITY}",{},{},{}
contracts_output/contracts_output/gemini_contracts/gemini_contracts/189.sol,189.sol,smartcheck,solidity,2022/11/14,20260225_2030,1772051533.07096,4.926023960113525,0,"{SOLIDITY_ERC20_APPROVE,SOLIDITY_PRAGMAS_VERSION,SOLIDITY_SAFEMATH,SOLIDITY_VISIBILITY}",{},{},{}
contracts_output/contracts_output/gemini_contracts/gemini_contracts/1905.sol,1905.sol,smartcheck,solidity,2022/11/14,20260225_2030,1772051448.9713037,3.821276903152466,0,"{SOLIDITY_PRAGMAS_VERSION,SOLIDITY_SAFEMATH,SOLIDITY_VISIBILITY}",{},{},{}
contracts_output/contracts_output/gemini_contracts/gemini_contracts/191.sol,191.sol,smartcheck,solidity,2022/11/14,20260225_2030,1772051517.7230418,3.681180477142334,0,"{SOLIDITY_PRAGMAS_VERSION,SOLIDITY_SAFEMATH,SOLIDITY_VISIBILITY}",{},{},{}
contracts_output/contracts_output/gemini_contracts/gemini_contracts/1924.sol,1924.sol,smartcheck,solidity,2022/11/14,20260225_2030,1772051581.2722225,4.628394842147827,0,"{SOLIDITY_ADDRESS_HARDCODED,SOLIDITY_PRAGMAS_VERSION,SOLIDITY_SAFEMATH,SOLIDITY_VISIBILITY}",{},{},{}
contracts_output/contracts_output/gemini_contracts/gemini_contracts/1926.sol,1926.sol,smartcheck,solidity,2022/11/14,20260225_2030,1772051507.348337,3.497154474258423,0,"{SOLIDITY_PRAGMAS_VERSION,SOLIDITY_PRIVATE_MODIFIER_DONT_HIDE_DATA,SOLIDITY_SAFEMATH,SOLIDITY_VISIBILITY}",{},{},{}
contracts_output/contracts_output/gemini_contracts/gemini_contracts/1932.sol,1932.sol,smartcheck,solidity,2022/11/14,20260225_2030,1772051523.3769994,3.9239323139190674,0,"{SOLIDITY_ADDRESS_HARDCODED,SOLIDITY_PRAGMAS_VERSION,SOLIDITY_SAFEMATH,SOLIDITY_VISIBILITY}",{},{},{}
contracts_output/contracts_output/gemini_contracts/gemini_contracts/1962.sol,1962.sol,smartcheck,solidity,2022/11/14,20260225_2030,1772051437.4926207,3.336552858352661,0,"{SOLIDITY_PRAGMAS_VERSION,SOLIDITY_PRIVATE_MODIFIER_DONT_HIDE_DATA,SOLIDITY_SAFEMATH,SOLIDITY_VISIBILITY}",{},{},{}
contracts_output/contracts_output/gemini_contracts/gemini_contracts/1979.sol,1979.sol,smartcheck,solidity,2022/11/14,20260225_2030,1772051525.0484653,3.763824701309204,0,"{SOLIDITY_PRAGMAS_VERSION,SOLIDITY_SAFEMATH,SOLIDITY_VISIBILITY}",{},{},{}
contracts_output/contracts_output/gemini_contracts/gemini_contracts/1993.sol,1993.sol,smartcheck,solidity,2022/11/14,20260225_2030,1772051512.4566503,3.905177354812622,0,"{SOLIDITY_PRAGMAS_VERSION,SOLIDITY_SAFEMATH,SOLIDITY_VISIBILITY}",{},{},{}
contracts_output/contracts_output/gemini_contracts/gemini_contracts/2003.sol,2003.sol,smartcheck,solidity,2022/11/14,20260225_2030,1772051570.708706,4.194516658782959,0,"{SOLIDITY_LOCKED_MONEY,SOLIDITY_PRAGMAS_VERSION,SOLIDITY_SAFEMATH,SOLIDITY_VISIBILITY}",{},{},{}
contracts_output/contracts_output/gemini_contracts/gemini_contracts/2019.sol,2019.sol,smartcheck,solidity,2022/11/14,20260225_2030,1772051415.2159388,3.885751962661743,0,"{SOLIDITY_PRAGMAS_VERSION,SOLIDITY_SAFEMATH,SOLIDITY_VISIBILITY}",{},{},{}
contracts_output/contracts_output/gemini_contracts/gemini_contracts/2044.sol,2044.sol,smartcheck,solidity,2022/11/14,20260225_2030,1772051520.7211394,3.933533191680908,0,"{SOLIDITY_PRAGMAS_VERSION,SOLIDITY_SAFEMATH,SOLIDITY_VISIBILITY}",{},{},{}
contracts_output/contracts_output/gemini_contracts/gemini_contracts/2053.sol,2053.sol,smartcheck,solidity,2022/11/14,20260225_2030,1772051527.096578,4.185670375823975,0,"{SOLIDITY_PRAGMAS_VERSION,SOLIDITY_SAFEMATH,SOLIDITY_VISIBILITY}",{},{},{}
contracts_output/contracts_output/gemini_contracts/gemini_contracts/2061.sol,2061.sol,smartcheck,solidity,2022/11/14,20260225_2030,1772051421.006672,4.477930068969727,0,"{SOLIDITY_PRAGMAS_VERSION,SOLIDITY_SAFEMATH,SOLIDITY_VISIBILITY}",{},{},{}
contracts_output/contracts_output/gemini_contracts/gemini_contracts/2081.sol,2081.sol,smartcheck,solidity,2022/11/14,20260225_2030,1772051432.3736098,3.7368521690368652,0,"{SOLIDITY_ADDRESS_HARDCODED,SOLIDITY_PRAGMAS_VERSION,SOLIDITY_SAFEMATH,SOLIDITY_VISIBILITY}",{},{},{}
contracts_output/contracts_output/gemini_contracts/gemini_contracts/2092.sol,2092.sol,smartcheck,solidity,2022/11/14,20260225_2030,1772051504.1284277,4.275842666625977,0,"{SOLIDITY_PRAGMAS_VERSION,SOLIDITY_SAFEMATH,SOLIDITY_VISIBILITY}",{},{},{}
contracts_output/contracts_output/gemini_contracts/gemini_contracts/2093.sol,2093.sol,smartcheck,solidity,2022/11/14,20260225_2030,1772051445.7427094,4.449211835861206,0,"{SOLIDITY_PRAGMAS_VERSION,SOLIDITY_SAFEMATH,SOLIDITY_VISIBILITY}",{},{},{}
contracts_output/contracts_output/gemini_contracts/gemini_contracts/211.sol,211.sol,smartcheck,solidity,2022/11/14,20260225_2030,1772051448.012173,3.879617691040039,0,"{SOLIDITY_ADDRESS_HARDCODED,SOLIDITY_PRAGMAS_VERSION,SOLIDITY_SAFEMATH,SOLIDITY_VISIBILITY}",{},{},{}
contracts_output/contracts_output/gemini_contracts/gemini_contracts/2110.sol,2110.sol,smartcheck,solidity,2022/11/14,20260225_2030,1772051432.2647002,3.634068489074707,0,"{SOLIDITY_ADDRESS_HARDCODED,SOLIDITY_PRAGMAS_VERSION,SOLIDITY_SAFEMATH,SOLIDITY_VISIBILITY}",{},{},{}
contracts_output/contracts_output/gemini_contracts/gemini_contracts/2112.sol,2112.sol,smartcheck,solidity,2022/11/14,20260225_2030,1772051573.5799472,3.7313358783721924,0,"{SOLIDITY_ADDRESS_HARDCODED,SOLIDITY_PRAGMAS_VERSION,SOLIDITY_SAFEMATH,SOLIDITY_VISIBILITY}",{},{},{}
contracts_output/contracts_output/gemini_contracts/gemini_contracts/2119.sol,2119.sol,smartcheck,solidity,2022/11/14,20260225_2030,1772051581.1179357,4.515408754348755,0,"{SOLIDITY_PRAGMAS_VERSION,SOLIDITY_SAFEMATH,SOLIDITY_VISIBILITY}",{},{},{}
contracts_output/contracts_output/gemini_contracts/gemini_contracts/213.sol,213.sol,smartcheck,solidity,2022/11/14,20260225_2030,1772051542.4040608,3.71720027923584,0,"{SOLIDITY_PRAGMAS_VERSION,SOLIDITY_SAFEMATH,SOLIDITY_VISIBILITY}",{},{},{}
contracts_output/contracts_output/gemini_contracts/gemini_contracts/2141.sol,2141.sol,smartcheck,solidity,2022/11/14,20260225_2030,1772051427.7382374,3.8772165775299072,0,"{SOLIDITY_PRAGMAS_VERSION,SOLIDITY_SAFEMATH,SOLIDITY_VISIBILITY}",{},{},{}
contracts_output/contracts_output/gemini_contracts/gemini_contracts/2199.sol,2199.sol,smartcheck,solidity,2022/11/14,20260225_2030,1772051500.6049387,3.964594602584839,0,"{SOLIDITY_PRAGMAS_VERSION,SOLIDITY_SAFEMATH}",{},{},{}
contracts_output/contracts_output/gemini_contracts/gemini_contracts/2205.sol,2205.sol,smartcheck,solidity,2022/11/14,20260225_2030,1772051415.216247,3.2351438999176025,0,"{SOLIDITY_PRAGMAS_VERSION,SOLIDITY_SAFEMATH,SOLIDITY_VISIBILITY}",{},{},{}
contracts_output/contracts_output/gemini_contracts/gemini_contracts/2209.sol,2209.sol,smartcheck,solidity,2022/11/14,20260225_2030,1772051577.9536228,4.449849605560303,0,"{SOLIDITY_ADDRESS_HARDCODED,SOLIDITY_PRAGMAS_VERSION,SOLIDITY_SAFEMATH,SOLIDITY_VISIBILITY}",{},{},{}
contracts_output/contracts_output/gemini_contracts/gemini_contracts/2215.sol,2215.sol,smartcheck,solidity,2022/11/14,20260225_2030,1772051561.369326,3.454061985015869,0,"{SOLIDITY_PRAGMAS_VERSION,SOLIDITY_SAFEMATH,SOLIDITY_VISIBILITY}",{},{},{}
contracts_output/contracts_output/gemini_contracts/gemini_contracts/2223.sol,2223.sol,smartcheck,solidity,2022/11/14,20260225_2030,1772051534.4421823,4.444116830825806,0,"{SOLIDITY_GAS_LIMIT_IN_LOOPS,SOLIDITY_PRAGMAS_VERSION,SOLIDITY_SAFEMATH,SOLIDITY_VISIBILITY}",{},{},{}
contracts_output/contracts_output/gemini_contracts/gemini_contracts/223.sol,223.sol,smartcheck,solidity,2022/11/14,20260225_2030,1772051460.7705302,3.5336925983428955,0,"{SOLIDITY_PRAGMAS_VERSION,SOLIDITY_SAFEMATH,SOLIDITY_SHOULD_RETURN_STRUCT,SOLIDITY_VISIBILITY}",{},{},{}
contracts_output/contracts_output/gemini_contracts/gemini_contracts/2236.sol,2236.sol,smartcheck,solidity,2022/11/14,20260225_2030,1772051478.1295304,3.512643814086914,0,"{SOLIDITY_LOCKED_MONEY,SOLIDITY_PRAGMAS_VERSION,SOLIDITY_SAFEMATH,SOLIDITY_VISIBILITY}",{},{},{}
contracts_output/contracts_output/gemini_contracts/gemini_contracts/2241.sol,2241.sol,smartcheck,solidity,2022/11/14,20260225_2030,1772051557.05315,4.444194316864014,0,"{SOLIDITY_PRAGMAS_VERSION,SOLIDITY_SAFEMATH,SOLIDITY_VISIBILITY}",{},{},{}
contracts_output/contracts_output/gemini_contracts/gemini_contracts/2268.sol,2268.sol,smartcheck,solidity,2022/11/14,20260225_2030,1772051530.8035264,4.140141010284424,0,"{SOLIDITY_GAS_LIMIT_IN_LOOPS,SOLIDITY_PRAGMAS_VERSION,SOLIDITY_SAFEMATH,SOLIDITY_VISIBILITY}",{},{},{}
contracts_output/contracts_output/gemini_contracts/gemini_contracts/2271.sol,2271.sol,smartcheck,solidity,2022/11/14,20260225_2030,1772051575.1746378,3.720907211303711,0,"{SOLIDITY_LOCKED_MONEY,SOLIDITY_PRAGMAS_VERSION,SOLIDITY_SAFEMATH,SOLIDITY_VISIBILITY}",{},{},{}
contracts_output/contracts_output/gemini_contracts/gemini_contracts/2278.sol,2278.sol,smartcheck,solidity,2022/11/14,20260225_2030,1772051453.1117947,4.3854079246521,0,"{SOLIDITY_ADDRESS_HARDCODED,SOLIDITY_PRAGMAS_VERSION,SOLIDITY_PRIVATE_MODIFIER_DONT_HIDE_DATA,SOLIDITY_SAFEMATH,SOLIDITY_VISIBILITY}",{},{},{}
contracts_output/contracts_output/gemini_contracts/gemini_contracts/2295.sol,2295.sol,smartcheck,solidity,2022/11/14,20260225_2030,1772051474.775238,4.475535869598389,0,"{SOLIDITY_ADDRESS_HARDCODED,SOLIDITY_PRAGMAS_VERSION,SOLIDITY_SAFEMATH,SOLIDITY_VISIBILITY}",{},{},{}
contracts_output/contracts_output/gemini_contracts/gemini_contracts/2308.sol,2308.sol,smartcheck,solidity,2022/11/14,20260225_2030,1772051586.4988775,3.7973272800445557,0,"{SOLIDITY_PRAGMAS_VERSION,SOLIDITY_SAFEMATH,SOLIDITY_VISIBILITY}",{},{},{}
contracts_output/contracts_output/gemini_contracts/gemini_contracts/2313.sol,2313.sol,smartcheck,solidity,2022/11/14,20260225_2030,1772051454.027728,4.480767250061035,0,"{SOLIDITY_PRAGMAS_VERSION,SOLIDITY_SAFEMATH,SOLIDITY_VISIBILITY}",{},{},{}
contracts_output/contracts_output/gemini_contracts/gemini_contracts/232.sol,232.sol,smartcheck,solidity,2022/11/14,20260225_2030,1772051440.2668924,3.7304296493530273,0,"{SOLIDITY_PRAGMAS_VERSION,SOLIDITY_SAFEMATH,SOLIDITY_VISIBILITY}",{},{},{}
contracts_output/contracts_output/gemini_contracts/gemini_contracts/2321.sol,2321.sol,smartcheck,solidity,2022/11/14,20260225_2030,1772051465.928127,3.813910722732544,0,"{SOLIDITY_PRAGMAS_VERSION,SOLIDITY_SAFEMATH,SOLIDITY_VISIBILITY}",{},{},{}
contracts_output/contracts_output/gemini_contracts/gemini_contracts/2323.sol,2323.sol,smartcheck,solidity,2022/11/14,20260225_2030,1772051476.9768412,4.005687713623047,0,"{SOLIDITY_ADDRESS_HARDCODED,SOLIDITY_PRAGMAS_VERSION,SOLIDITY_SAFEMATH,SOLIDITY_VISIBILITY}",{},{},{}
contracts_output/contracts_output/gemini_contracts/gemini_contracts/2354.sol,2354.sol,smartcheck,solidity,2022/11/14,20260225_2030,1772051534.2230422,4.642713308334351,0,"{SOLIDITY_ADDRESS_HARDCODED,SOLIDITY_PRAGMAS_VERSION,SOLIDITY_SAFEMATH,SOLIDITY_UPGRADE_TO_050,SOLIDITY_VISIBILITY}",{},{},{}
contracts_output/contracts_output/gemini_contracts/gemini_contracts/2359.sol,2359.sol,smartcheck,solidity,2022/11/14,20260225_2030,1772051418.1482632,3.7220184803009033,0,"{SOLIDITY_PRAGMAS_VERSION,SOLIDITY_SAFEMATH,SOLIDITY_VISIBILITY}",{},{},{}
contracts_output/contracts_output/gemini_contracts/gemini_contracts/2373.sol,2373.sol,smartcheck,solidity,2022/11/14,20260225_2030,1772051500.0954115,4.011542797088623,0,"{SOLIDITY_PRAGMAS_VERSION,SOLIDITY_SAFEMATH}",{},{},{}
contracts_output/contracts_output/gemini_contracts/gemini_contracts/2380.sol,2380.sol,smartcheck,solidity,2022/11/14,20260225_2030,1772051415.2311342,4.214270353317261,0,"{SOLIDITY_ADDRESS_HARDCODED,SOLIDITY_PRAGMAS_VERSION,SOLIDITY_SAFEMATH,SOLIDITY_VISIBILITY}",{},{},{}
contracts_output/contracts_output/gemini_contracts/gemini_contracts/239.sol,239.sol,smartcheck,solidity,2022/11/14,20260225_2030,1772051418.7782292,3.6823229789733887,0,"{SOLIDITY_PRAGMAS_VERSION,SOLIDITY_SAFEMATH,SOLIDITY_VISIBILITY}",{},{},{}
contracts_output/contracts_output/gemini_contracts/gemini_contracts/2394.sol,2394.sol,smartcheck,solidity,2022/11/14,20260225_2030,1772051476.172272,4.470468759536743,0,"{SOLIDITY_ADDRESS_HARDCODED,SOLIDITY_PRAGMAS_VERSION,SOLIDITY_SAFEMATH,SOLIDITY_VISIBILITY}",{},{},{}
contracts_output/contracts_output/gemini_contracts/gemini_contracts/2396.sol,2396.sol,smartcheck,solidity,2022/11/14,20260225_2030,1772051475.670701,4.476066589355469,0,"{SOLIDITY_PRAGMAS_VERSION,SOLIDITY_SAFEMATH,SOLIDITY_VISIBILITY}",{},{},{}
contracts_output/contracts_output/gemini_contracts/gemini_contracts/240.sol,240.sol,smartcheck,solidity,2022/11/14,20260225_2030,1772051550.9997513,4.131787300109863,0,"{SOLIDITY_ADDRESS_HARDCODED,SOLIDITY_PRAGMAS_VERSION,SOLIDITY_SAFEMATH,SOLIDITY_VISIBILITY}",{},{},{}
contracts_output/contracts_output/gemini_contracts/gemini_contracts/2419.sol,2419.sol,smartcheck,solidity,2022/11/14,20260225_2030,1772051564.0987568,4.3359599113464355,0,"{SOLIDITY_PRAGMAS_VERSION,SOLIDITY_SAFEMATH,SOLIDITY_VISIBILITY}",{},{},{}
contracts_output/contracts_output/gemini_contracts/gemini_contracts/242.sol,242.sol,smartcheck,solidity,2022/11/14,20260225_2030,1772051509.1137953,4.442948579788208,0,"{SOLIDITY_ADDRESS_HARDCODED,SOLIDITY_LOCKED_MONEY,SOLIDITY_PRAGMAS_VERSION,SOLIDITY_SAFEMATH,SOLIDITY_VISIBILITY}",{},{},{}
contracts_output/contracts_output/gemini_contracts/gemini_contracts/2424.sol,2424.sol,smartcheck,solidity,2022/11/14,20260225_2030,1772051546.755605,4.2694244384765625,0,"{SOLIDITY_ERC20_APPROVE,SOLIDITY_PRAGMAS_VERSION,SOLIDITY_SAFEMATH,SOLIDITY_VISIBILITY}",{},{},{}
contracts_output/contracts_output/gemini_contracts/gemini_contracts/243.sol,243.sol,smartcheck,solidity,2022/11/14,20260225_2030,1772051454.963272,3.886413335800171,0,"{SOLIDITY_PRAGMAS_VERSION,SOLIDITY_SAFEMATH,SOLIDITY_VISIBILITY}",{},{},{}
contracts_output/contracts_output/gemini_contracts/gemini_contracts/2431.sol,2431.sol,smartcheck,solidity,2022/11/14,20260225_2030,1772051439.8069017,3.4946324825286865,0,"{SOLIDITY_LOCKED_MONEY,SOLIDITY_PRAGMAS_VERSION,SOLIDITY_VISIBILITY}",{},{},{}
contracts_output/contracts_output/gemini_contracts/gemini_contracts/2433.sol,2433.sol,smartcheck,solidity,2022/11/14,20260225_2030,1772051488.3925195,3.997103452682495,0,"{SOLIDITY_PRAGMAS_VERSION,SOLIDITY_SAFEMATH,SOLIDITY_VISIBILITY}",{},{},{}
contracts_output/contracts_output/gemini_contracts/gemini_contracts/2436.sol,2436.sol,smartcheck,solidity,2022/11/14,20260225_2030,1772051497.1226244,4.0521485805511475,0,"{SOLIDITY_PRAGMAS_VERSION,SOLIDITY_SAFEMATH,SOLIDITY_VISIBILITY}",{},{},{}
contracts_output/contracts_output/gemini_contracts/gemini_contracts/2439.sol,2439.sol,smartcheck,solidity,2022/11/14,20260225_2030,1772051433.456626,4.390000104904175,0,"{SOLIDITY_PRAGMAS_VERSION,SOLIDITY_SAFEMATH,SOLIDITY_VISIBILITY}",{},{},{}
contracts_output/contracts_output/gemini_contracts/gemini_contracts/2463.sol,2463.sol,smartcheck,solidity,2022/11/14,20260225_2030,1772051429.2751439,3.351130247116089,0,"{SOLIDITY_ADDRESS_HARDCODED,SOLIDITY_PRAGMAS_VERSION,SOLIDITY_UPGRADE_TO_050,SOLIDITY_VISIBILITY}",{},{},{}
contracts_output/contracts_output/gemini_contracts/gemini_contracts/2468.sol,2468.sol,smartcheck,solidity,2022/11/14,20260225_2030,1772051440.3552737,4.021140813827515,0,"{SOLIDITY_ADDRESS_HARDCODED,SOLIDITY_PRAGMAS_VERSION,SOLIDITY_SAFEMATH,SOLIDITY_VISIBILITY}",{},{},{}
contracts_output/contracts_output/gemini_contracts/gemini_contracts/2473.sol,2473.sol,smartcheck,solidity,2022/11/14,20260225_2030,1772051466.9123144,4.008739233016968,0,"{SOLIDITY_ADDRESS_HARDCODED,SOLIDITY_PRAGMAS_VERSION,SOLIDITY_VISIBILITY}",{},{},{}
contracts_output/contracts_output/gemini_contracts/gemini_contracts/2476.sol,2476.sol,smartcheck,solidity,2022/11/14,20260225_2030,1772051564.0355275,4.723707675933838,0,"{SOLIDITY_ADDRESS_HARDCODED,SOLIDITY_PRAGMAS_VERSION,SOLIDITY_PRIVATE_MODIFIER_DONT_HIDE_DATA,SOLIDITY_SAFEMATH,SOLIDITY_VISIBILITY}",{},{},{}
contracts_output/contracts_output/gemini_contracts/gemini_contracts/2481.sol,2481.sol,smartcheck,solidity,2022/11/14,20260225_2030,1772051569.067818,3.932159185409546,0,"{SOLIDITY_ADDRESS_HARDCODED,SOLIDITY_PRAGMAS_VERSION,SOLIDITY_SAFEMATH,SOLIDITY_VISIBILITY}",{},{},{}
contracts_output/contracts_output/gemini_contracts/gemini_contracts/2485.sol,2485.sol,smartcheck,solidity,2022/11/14,20260225_2030,1772051527.5286174,4.177544832229614,0,"{SOLIDITY_PRAGMAS_VERSION,SOLIDITY_SAFEMATH,SOLIDITY_VISIBILITY}",{},{},{}
contracts_output/contracts_output/gemini_contracts/gemini_contracts/2491.sol,2491.sol,smartcheck,solidity,2022/11/14,20260225_2030,1772051473.460129,3.935673952102661,0,"{SOLIDITY_PRAGMAS_VERSION,SOLIDITY_PRIVATE_MODIFIER_DONT_HIDE_DATA,SOLIDITY_SAFEMATH,SOLIDITY_VISIBILITY}",{},{},{}
contracts_output/contracts_output/gemini_contracts/gemini_contracts/250.sol,250.sol,smartcheck,solidity,2022/11/14,20260225_2030,1772051537.9993021,4.049041509628296,0,"{SOLIDITY_ADDRESS_HARDCODED,SOLIDITY_PRAGMAS_VERSION,SOLIDITY_SAFEMATH,SOLIDITY_VISIBILITY}",{},{},{}
contracts_output/contracts_output/gemini_contracts/gemini_contracts/2515.sol,2515.sol,smartcheck,solidity,2022/11/14,20260225_2030,1772051572.2649684,4.350219488143921,0,"{SOLIDITY_PRAGMAS_VERSION,SOLIDITY_SAFEMATH,SOLIDITY_SHOULD_RETURN_STRUCT,SOLIDITY_VISIBILITY}",{},{},{}
contracts_output/contracts_output/gemini_contracts/gemini_contracts/2521.sol,2521.sol,smartcheck,solidity,2022/11/14,20260225_2030,1772051441.3607566,4.250428676605225,0,"{SOLIDITY_ADDRESS_HARDCODED,SOLIDITY_PRAGMAS_VERSION,SOLIDITY_SAFEMATH,SOLIDITY_VISIBILITY}",{},{},{}
contracts_output/contracts_output/gemini_contracts/gemini_contracts/2524.sol,2524.sol,smartcheck,solidity,2022/11/14,20260225_2030,1772051509.9871895,3.9715523719787598,0,"{SOLIDITY_ERC20_APPROVE,SOLIDITY_PRAGMAS_VERSION,SOLIDITY_SAFEMATH,SOLIDITY_VISIBILITY}",{},{},{}
contracts_output/contracts_output/gemini_contracts/gemini_contracts/2532.sol,2532.sol,smartcheck,solidity,2022/11/14,20260225_2030,1772051491.3748474,3.750805139541626,0,"{SOLIDITY_ADDRESS_HARDCODED,SOLIDITY_GAS_LIMIT_IN_LOOPS,SOLIDITY_PRAGMAS_VERSION,SOLIDITY_SAFEMATH,SOLIDITY_VISIBILITY}",{},{},{}
contracts_output/contracts_output/gemini_contracts/gemini_contracts/2533.sol,2533.sol,smartcheck,solidity,2022/11/14,20260225_2030,1772051482.6807194,3.944190740585327,0,"{SOLIDITY_LOCKED_MONEY,SOLIDITY_PRAGMAS_VERSION,SOLIDITY_SAFEMATH,SOLIDITY_VISIBILITY}",{},{},{}
contracts_output/contracts_output/gemini_contracts/gemini_contracts/2566.sol,2566.sol,smartcheck,solidity,2022/11/14,20260225_2030,1772051434.3455732,4.106435298919678,0,"{SOLIDITY_LOCKED_MONEY,SOLIDITY_PRAGMAS_VERSION,SOLIDITY_SAFEMATH,SOLIDITY_VISIBILITY}",{},{},{}
contracts_output/contracts_output/gemini_contracts/gemini_contracts/2581.sol,2581.sol,smartcheck,solidity,2022/11/14,20260225_2030,1772051456.131939,4.711954355239868,0,"{SOLIDITY_PRAGMAS_VERSION,SOLIDITY_SAFEMATH,SOLIDITY_VISIBILITY}",{},{},{}
contracts_output/contracts_output/gemini_contracts/gemini_contracts/2600.sol,2600.sol,smartcheck,solidity,2022/11/14,20260225_2030,1772051420.1982121,4.237275838851929,0,"{SOLIDITY_PRAGMAS_VERSION,SOLIDITY_SAFEMATH,SOLIDITY_VISIBILITY}",{},{},{}
contracts_output/contracts_output/gemini_contracts/gemini_contracts/2602.sol,2602.sol,smartcheck,solidity,2022/11/14,20260225_2030,1772051572.2188504,3.8590543270111084,0,"{SOLIDITY_LOCKED_MONEY,SOLIDITY_PRAGMAS_VERSION,SOLIDITY_SAFEMATH,SOLIDITY_VISIBILITY}",{},{},{}
contracts_output/contracts_output/gemini_contracts/gemini_contracts/2614.sol,2614.sol,smartcheck,solidity,2022/11/14,20260225_2030,1772051548.5585792,4.413280725479126,0,"{SOLIDITY_PRAGMAS_VERSION,SOLIDITY_SAFEMATH,SOLIDITY_VISIBILITY}",{},{},{}
contracts_output/contracts_output/gemini_contracts/gemini_contracts/2617.sol,2617.sol,smartcheck,solidity,2022/11/14,20260225_2030,1772051530.9485798,4.17167854309082,0,"{SOLIDITY_PRAGMAS_VERSION,SOLIDITY_SAFEMATH,SOLIDITY_VISIBILITY}",{},{},{}
contracts_output/contracts_output/gemini_contracts/gemini_contracts/2621.sol,2621.sol,smartcheck,solidity,2022/11/14,20260225_2030,1772051417.3963408,3.755397319793701,0,"{SOLIDITY_PRAGMAS_VERSION,SOLIDITY_SAFEMATH,SOLIDITY_VISIBILITY}",{},{},{}
contracts_output/contracts_output/gemini_contracts/gemini_contracts/2632.sol,2632.sol,smartcheck,solidity,2022/11/14,20260225_2030,1772051555.2034712,3.9450156688690186,0,"{SOLIDITY_PRAGMAS_VERSION,SOLIDITY_SAFEMATH,SOLIDITY_VISIBILITY}",{},{},{}
contracts_output/contracts_output/gemini_contracts/gemini_contracts/2639.sol,2639.sol,smartcheck,solidity,2022/11/14,20260225_2030,1772051531.511864,3.7447872161865234,0,"{SOLIDITY_PRAGMAS_VERSION,SOLIDITY_SAFEMATH,SOLIDITY_VISIBILITY}",{},{},{}
contracts_output/contracts_output/gemini_contracts/gemini_contracts/267.sol,267.sol,smartcheck,solidity,2022/11/14,20260225_2030,1772051415.243278,5.1225056648254395,0,"{SOLIDITY_PRAGMAS_VERSION,SOLIDITY_SAFEMATH,SOLIDITY_VISIBILITY}",{},{},{}
contracts_output/contracts_output/gemini_contracts/gemini_contracts/2680.sol,2680.sol,smartcheck,solidity,2022/11/14,20260225_2030,1772051513.775979,4.106710910797119,0,"{SOLIDITY_PRAGMAS_VERSION,SOLIDITY_SAFEMATH,SOLIDITY_VISIBILITY}",{},{},{}
contracts_output/contracts_output/gemini_contracts/gemini_contracts/2712.sol,2712.sol,smartcheck,solidity,2022/11/14,20260225_2030,1772051464.7919214,3.7523794174194336,0,"{SOLIDITY_PRAGMAS_VERSION,SOLIDITY_SAFEMATH,SOLIDITY_VISIBILITY}",{},{},{}
contracts_output/contracts_output/gemini_contracts/gemini_contracts/2733.sol,2733.sol,smartcheck,solidity,2022/11/14,20260225_2030,1772051453.629581,4.559541702270508,0,"{SOLIDITY_PRAGMAS_VERSION,SOLIDITY_SAFEMATH,SOLIDITY_VISIBILITY}",{},{},{}
contracts_output/contracts_output/gemini_contracts/gemini_contracts/2749.sol,2749.sol,smartcheck,solidity,2022/11/14,20260225_2030,1772051482.7276058,4.0033018589019775,0,"{SOLIDITY_PRAGMAS_VERSION,SOLIDITY_SAFEMATH,SOLIDITY_UNCHECKED_CALL,SOLIDITY_VISIBILITY}",{},{},{}
contracts_output/contracts_output/gemini_contracts/gemini_contracts/2752.sol,2752.sol,smartcheck,solidity,2022/11/14,20260225_2030,1772051503.435391,3.727649211883545,0,"{SOLIDITY_PRAGMAS_VERSION,SOLIDITY_SAFEMATH}",{},{},{}
contracts_output/contracts_output/gemini_contracts/gemini_contracts/277.sol,277.sol,smartcheck,solidity,2022/11/14,20260225_2030,1772051442.0421798,3.8976287841796875,0,"{SOLIDITY_EXTRA_GAS_IN_LOOPS,SOLIDITY_GAS_LIMIT_IN_LOOPS,SOLIDITY_PRAGMAS_VERSION,SOLIDITY_SAFEMATH,SOLIDITY_VISIBILITY}",{},{},{}
contracts_output/contracts_output/gemini_contracts/gemini_contracts/2777.sol,2777.sol,smartcheck,solidity,2022/11/14,20260225_2030,1772051445.567558,4.186676502227783,0,"{SOLIDITY_PRAGMAS_VERSION,SOLIDITY_SAFEMATH,SOLIDITY_VISIBILITY}",{},{},{}
contracts_output/contracts_output/gemini_contracts/gemini_contracts/281.sol,281.sol,smartcheck,solidity,2022/11/14,20260225_2030,1772051445.525645,3.759384870529175,0,"{SOLIDITY_PRAGMAS_VERSION,SOLIDITY_SAFEMATH,SOLIDITY_VISIBILITY}",{},{},{}
contracts_output/contracts_output/gemini_contracts/gemini_contracts/2847.sol,2847.sol,smartcheck,solidity,2022/11/14,20260225_2030,1772051484.0650854,3.6355855464935303,0,"{SOLIDITY_LOCKED_MONEY,SOLIDITY_PRAGMAS_VERSION,SOLIDITY_SAFEMATH,SOLIDITY_VISIBILITY}",{},{},{}
contracts_output/contracts_output/gemini_contracts/gemini_contracts/2851.sol,2851.sol,smartcheck,solidity,2022/11/14,20260225_2030,1772051544.4839003,3.7840018272399902,0,"{SOLIDITY_PRAGMAS_VERSION,SOLIDITY_SAFEMATH,SOLIDITY_VISIBILITY}",{},{},{}
contracts_output/contracts_output/gemini_contracts/gemini_contracts/2869.sol,2869.sol,smartcheck,solidity,2022/11/14,20260225_2030,1772051492.6167488,4.069888591766357,0,"{SOLIDITY_LOCKED_MONEY,SOLIDITY_PRAGMAS_VERSION,SOLIDITY_SAFEMATH,SOLIDITY_VISIBILITY}",{},{},{}
contracts_output/contracts_output/gemini_contracts/gemini_contracts/2892.sol,2892.sol,smartcheck,solidity,2022/11/14,20260225_2030,1772051574.064444,3.8622827529907227,0,"{SOLIDITY_PRAGMAS_VERSION,SOLIDITY_SAFEMATH,SOLIDITY_VISIBILITY}",{},{},{}
contracts_output/contracts_output/gemini_contracts/gemini_contracts/2907.sol,2907.sol,smartcheck,solidity,2022/11/14,20260225_2030,1772051501.5493035,3.6192188262939453,0,"{SOLIDITY_ADDRESS_HARDCODED,SOLIDITY_PRAGMAS_VERSION,SOLIDITY_SAFEMATH,SOLIDITY_VISIBILITY}",{},{},{}
contracts_output/contracts_output/gemini_contracts/gemini_contracts/2948.sol,2948.sol,smartcheck,solidity,2022/11/14,20260225_2030,1772051466.8000312,4.028939247131348,0,"{SOLIDITY_PRAGMAS_VERSION,SOLIDITY_SAFEMATH,SOLIDITY_VISIBILITY}",{},{},{}
contracts_output/contracts_output/gemini_contracts/gemini_contracts/2971.sol,2971.sol,smartcheck,solidity,2022/11/14,20260225_2030,1772051586.957334,3.7241785526275635,0,"{SOLIDITY_PRAGMAS_VERSION,SOLIDITY_PRIVATE_MODIFIER_DONT_HIDE_DATA,SOLIDITY_SAFEMATH,SOLIDITY_VISIBILITY}",{},{},{}
contracts_output/contracts_output/gemini_contracts/gemini_contracts/2976.sol,2976.sol,smartcheck,solidity,2022/11/14,20260225_2030,1772051433.412564,4.277770280838013,0,"{SOLIDITY_PRAGMAS_VERSION,SOLIDITY_SAFEMATH,SOLIDITY_VISIBILITY}",{},{},{}
contracts_output/contracts_output/gemini_contracts/gemini_contracts/2989.sol,2989.sol,smartcheck,solidity,2022/11/14,20260225_2030,1772051579.2332966,3.669138193130493,0,"{SOLIDITY_PRAGMAS_VERSION,SOLIDITY_SAFEMATH,SOLIDITY_VISIBILITY}",{},{},{}
contracts_output/contracts_output/gemini_contracts/gemini_contracts/30.sol,30.sol,smartcheck,solidity,2022/11/14,20260225_2030,1772051421.3331249,4.074100732803345,0,"{SOLIDITY_PRAGMAS_VERSION,SOLIDITY_PRIVATE_MODIFIER_DONT_HIDE_DATA,SOLIDITY_SAFEMATH,SOLIDITY_VISIBILITY}",{},{},{}
contracts_output/contracts_output/gemini_contracts/gemini_contracts/3024.sol,3024.sol,smartcheck,solidity,2022/11/14,20260225_2030,1772051458.6769924,3.619231700897217,0,"{SOLIDITY_PRAGMAS_VERSION,SOLIDITY_SAFEMATH,SOLIDITY_VISIBILITY}",{},{},{}
contracts_output/contracts_output/gemini_contracts/gemini_contracts/3040.sol,3040.sol,smartcheck,solidity,2022/11/14,20260225_2030,1772051453.2307665,4.83812689781189,0,"{SOLIDITY_PRAGMAS_VERSION,SOLIDITY_PRIVATE_MODIFIER_DONT_HIDE_DATA,SOLIDITY_SAFEMATH,SOLIDITY_VISIBILITY}",{},{},{}
contracts_output/contracts_output/gemini_contracts/gemini_contracts/306.sol,306.sol,smartcheck,solidity,2022/11/14,20260225_2030,1772051468.3647482,3.877962112426758,0,"{SOLIDITY_PRAGMAS_VERSION,SOLIDITY_SAFEMATH,SOLIDITY_VISIBILITY}",{},{},{}
contracts_output/contracts_output/gemini_contracts/gemini_contracts/3060.sol,3060.sol,smartcheck,solidity,2022/11/14,20260225_2030,1772051452.9998279,4.686436891555786,0,"{SOLIDITY_ADDRESS_HARDCODED,SOLIDITY_EXTRA_GAS_IN_LOOPS,SOLIDITY_GAS_LIMIT_IN_LOOPS,SOLIDITY_PRAGMAS_VERSION,SOLIDITY_SAFEMATH,SOLIDITY_VISIBILITY}",{},{},{}
contracts_output/contracts_output/gemini_contracts/gemini_contracts/3064.sol,3064.sol,smartcheck,solidity,2022/11/14,20260225_2030,1772051489.2084806,3.5705368518829346,0,"{SOLIDITY_PRAGMAS_VERSION,SOLIDITY_SAFEMATH,SOLIDITY_VISIBILITY}",{},{},{}
contracts_output/contracts_output/gemini_contracts/gemini_contracts/3096.sol,3096.sol,smartcheck,solidity,2022/11/14,20260225_2030,1772051518.4931614,5.028334617614746,0,"{SOLIDITY_PRAGMAS_VERSION,SOLIDITY_SAFEMATH,SOLIDITY_VISIBILITY}",{},{},{}
contracts_output/contracts_output/gemini_contracts/gemini_contracts/3103.sol,3103.sol,smartcheck,solidity,2022/11/14,20260225_2030,1772051580.1964035,4.749986410140991,0,"{SOLIDITY_PRAGMAS_VERSION,SOLIDITY_SAFEMATH,SOLIDITY_VISIBILITY}",{},{},{}
contracts_output/contracts_output/gemini_contracts/gemini_contracts/312.sol,312.sol,smartcheck,solidity,2022/11/14,20260225_2030,1772051573.9368494,3.649456739425659,0,"{SOLIDITY_GAS_LIMIT_IN_LOOPS,SOLIDITY_PRAGMAS_VERSION,SOLIDITY_SAFEMATH,SOLIDITY_VISIBILITY}",{},{},{}
contracts_output/contracts_output/gemini_contracts/gemini_contracts/3142.sol,3142.sol,smartcheck,solidity,2022/11/14,20260225_2030,1772051563.0721388,4.224870920181274,0,"{SOLIDITY_PRAGMAS_VERSION,SOLIDITY_SAFEMATH,SOLIDITY_VISIBILITY}",{},{},{}
contracts_output/contracts_output/gemini_contracts/gemini_contracts/3148.sol,3148.sol,smartcheck,solidity,2022/11/14,20260225_2030,1772051579.222905,3.956606149673462,0,"{SOLIDITY_PRAGMAS_VERSION,SOLIDITY_SAFEMATH,SOLIDITY_VISIBILITY}",{},{},{}
contracts_output/contracts_output/gemini_contracts/gemini_contracts/316.sol,316.sol,smartcheck,solidity,2022/11/14,20260225_2030,1772051441.1114247,4.455479145050049,0,"{SOLIDITY_ADDRESS_HARDCODED,SOLIDITY_PRAGMAS_VERSION,SOLIDITY_SAFEMATH,SOLIDITY_VISIBILITY}",{},{},{}
contracts_output/contracts_output/gemini_contracts/gemini_contracts/3161.sol,3161.sol,smartcheck,solidity,2022/11/14,20260225_2030,1772051510.2764037,3.9279568195343018,0,"{SOLIDITY_PRAGMAS_VERSION,SOLIDITY_SAFEMATH,SOLIDITY_VISIBILITY}",{},{},{}
contracts_output/contracts_output/gemini_contracts/gemini_contracts/3163.sol,3163.sol,smartcheck,solidity,2022/11/14,20260225_2030,1772051421.871416,4.12542724609375,0,"{SOLIDITY_LOCKED_MONEY,SOLIDITY_PRAGMAS_VERSION,SOLIDITY_PRIVATE_MODIFIER_DONT_HIDE_DATA,SOLIDITY_SAFEMATH,SOLIDITY_VISIBILITY}",{},{},{}
contracts_output/contracts_output/gemini_contracts/gemini_contracts/3170.sol,3170.sol,smartcheck,solidity,2022/11/14,20260225_2030,1772051576.6161664,3.827352285385132,0,"{SOLIDITY_ADDRESS_HARDCODED,SOLIDITY_PRAGMAS_VERSION,SOLIDITY_SAFEMATH,SOLIDITY_VISIBILITY}",{},{},{}
contracts_output/contracts_output/gemini_contracts/gemini_contracts/3181.sol,3181.sol,smartcheck,solidity,2022/11/14,20260225_2030,1772051508.147567,4.179191827774048,0,"{SOLIDITY_PRAGMAS_VERSION,SOLIDITY_SAFEMATH}",{},{},{}
contracts_output/contracts_output/gemini_contracts/gemini_contracts/3185.sol,3185.sol,smartcheck,solidity,2022/11/14,20260225_2030,1772051548.1855452,4.078902721405029,0,"{SOLIDITY_PRAGMAS_VERSION,SOLIDITY_SAFEMATH,SOLIDITY_SHOULD_NOT_BE_VIEW,SOLIDITY_VISIBILITY}",{},{},{}
contracts_output/contracts_output/gemini_contracts/gemini_contracts/3195.sol,3195.sol,smartcheck,solidity,2022/11/14,20260225_2030,1772051535.8040602,4.179420471191406,0,"{SOLIDITY_ADDRESS_HARDCODED,SOLIDITY_PRAGMAS_VERSION,SOLIDITY_SAFEMATH,SOLIDITY_VISIBILITY}",{},{},{}
contracts_output/contracts_output/gemini_contracts/gemini_contracts/32.sol,32.sol,smartcheck,solidity,2022/11/14,20260225_2030,1772051461.2163205,4.1624298095703125,0,"{SOLIDITY_OVERPOWERED_ROLE,SOLIDITY_PRAGMAS_VERSION,SOLIDITY_SAFEMATH,SOLIDITY_VISIBILITY}",{},{},{}
contracts_output/contracts_output/gemini_contracts/gemini_contracts/3202.sol,3202.sol,smartcheck,solidity,2022/11/14,20260225_2030,1772051419.6373177,4.560938835144043,0,"{SOLIDITY_PRAGMAS_VERSION,SOLIDITY_SAFEMATH,SOLIDITY_VISIBILITY}",{},{},{}
contracts_output/contracts_output/gemini_contracts/gemini_contracts/3204.sol,3204.sol,smartcheck,solidity,2022/11/14,20260225_2030,1772051500.813411,4.005307674407959,0,"{SOLIDITY_ADDRESS_HARDCODED,SOLIDITY_PRAGMAS_VERSION,SOLIDITY_PRIVATE_MODIFIER_DONT_HIDE_DATA,SOLIDITY_SAFEMATH,SOLIDITY_VISIBILITY}",{},{},{}
contracts_output/contracts_output/gemini_contracts/gemini_contracts/321.sol,321.sol,smartcheck,solidity,2022/11/14,20260225_2030,1772051445.124801,3.66219425201416,0,"{SOLIDITY_ADDRESS_HARDCODED,SOLIDITY_PRAGMAS_VERSION,SOLIDITY_SAFEMATH,SOLIDITY_VISIBILITY}",{},{},{}
contracts_output/contracts_output/gemini_contracts/gemini_contracts/3235.sol,3235.sol,smartcheck,solidity,2022/11/14,20260225_2030,1772051567.4709635,3.6097569465637207,0,"{SOLIDITY_PRAGMAS_VERSION,SOLIDITY_SAFEMATH}",{},{},{}
contracts_output/contracts_output/gemini_contracts/gemini_contracts/3265.sol,3265.sol,smartcheck,solidity,2022/11/14,20260225_2030,1772051539.9342303,3.750175952911377,0,"{SOLIDITY_PRAGMAS_VERSION,SOLIDITY_SAFEMATH,SOLIDITY_VISIBILITY}",{},{},{}
contracts_output/contracts_output/gemini_contracts/gemini_contracts/3277.sol,3277.sol,smartcheck,solidity,2022/11/14,20260225_2030,1772051582.6169467,3.554563045501709,0,"{SOLIDITY_PRAGMAS_VERSION,SOLIDITY_SAFEMATH,SOLIDITY_VISIBILITY}",{},{},{}
contracts_output/contracts_output/gemini_contracts/gemini_contracts/3285.sol,3285.sol,smartcheck,solidity,2022/11/14,20260225_2030,1772051547.0335846,3.8056282997131348,0,"{SOLIDITY_OVERPOWERED_ROLE,SOLIDITY_PRAGMAS_VERSION,SOLIDITY_SAFEMATH,SOLIDITY_VISIBILITY}",{},{},{}
contracts_output/contracts_output/gemini_contracts/gemini_contracts/3288.sol,3288.sol,smartcheck,solidity,2022/11/14,20260225_2030,1772051415.2448785,3.3096203804016113,0,"{SOLIDITY_EXTRA_GAS_IN_LOOPS,SOLIDITY_GAS_LIMIT_IN_LOOPS,SOLIDITY_PRAGMAS_VERSION,SOLIDITY_SAFEMATH,SOLIDITY_VISIBILITY}",{},{},{}
contracts_output/contracts_output/gemini_contracts/gemini_contracts/3297.sol,3297.sol,smartcheck,solidity,2022/11/14,20260225_2030,1772051577.7612,4.439118146896362,0,"{SOLIDITY_PRAGMAS_VERSION,SOLIDITY_SAFEMATH,SOLIDITY_VISIBILITY}",{},{},{}
contracts_output/contracts_output/gemini_contracts/gemini_contracts/3314.sol,3314.sol,smartcheck,solidity,2022/11/14,20260225_2030,1772051520.8042765,3.825519323348999,0,"{SOLIDITY_ADDRESS_HARDCODED,SOLIDITY_PRAGMAS_VERSION,SOLIDITY_SAFEMATH,SOLIDITY_VISIBILITY}",{},{},{}
contracts_output/contracts_output/gemini_contracts/gemini_contracts/3318.sol,3318.sol,smartcheck,solidity,2022/11/14,20260225_2030,1772051483.0101142,4.187219142913818,0,"{SOLIDITY_PRAGMAS_VERSION,SOLIDITY_SAFEMATH,SOLIDITY_SHOULD_NOT_BE_PURE,SOLIDITY_VISIBILITY}",{},{},{}
contracts_output/contracts_output/gemini_contracts/gemini_contracts/3322.sol,3322.sol,smartcheck,solidity,2022/11/14,20260225_2030,1772051455.4213085,3.7204272747039795,0,"{SOLIDITY_PRAGMAS_VERSION,SOLIDITY_PRIVATE_MODIFIER_DONT_HIDE_DATA,SOLIDITY_SAFEMATH,SOLIDITY_SHOULD_RETURN_STRUCT,SOLIDITY_VISIBILITY}",{},{},{}
contracts_output/contracts_output/gemini_contracts/gemini_contracts/3332.sol,3332.sol,smartcheck,solidity,2022/11/14,20260225_2030,1772051464.328751,3.7617692947387695,0,"{SOLIDITY_EXTRA_GAS_IN_LOOPS,SOLIDITY_GAS_LIMIT_IN_LOOPS,SOLIDITY_PRAGMAS_VERSION,SOLIDITY_SAFEMATH,SOLIDITY_VISIBILITY}",{},{},{}
contracts_output/contracts_output/gemini_contracts/gemini_contracts/3338.sol,3338.sol,smartcheck,solidity,2022/11/14,20260225_2030,1772051432.7606208,4.040872573852539,0,"{SOLIDITY_PRAGMAS_VERSION,SOLIDITY_SAFEMATH,SOLIDITY_VISIBILITY}",{},{},{}
contracts_output/contracts_output/gemini_contracts/gemini_contracts/3343.sol,3343.sol,smartcheck,solidity,2022/11/14,20260225_2030,1772051489.7914903,3.891443967819214,0,"{SOLIDITY_ERC20_APPROVE,SOLIDITY_PRAGMAS_VERSION,SOLIDITY_PRIVATE_MODIFIER_DONT_HIDE_DATA,SOLIDITY_SAFEMATH,SOLIDITY_VISIBILITY}",{},{},{}
contracts_output/contracts_output/gemini_contracts/gemini_contracts/3368.sol,3368.sol,smartcheck,solidity,2022/11/14,20260225_2030,1772051519.5237455,4.12695050239563,0,"{SOLIDITY_PRAGMAS_VERSION,SOLIDITY_SAFEMATH,SOLIDITY_VISIBILITY}",{},{},{}
contracts_output/contracts_output/gemini_contracts/gemini_contracts/3377.sol,3377.sol,smartcheck,solidity,2022/11/14,20260225_2030,1772051518.058047,3.896907329559326,0,"{SOLIDITY_PRAGMAS_VERSION,SOLIDITY_PRIVATE_MODIFIER_DONT_HIDE_DATA,SOLIDITY_SAFEMATH,SOLIDITY_VISIBILITY}",{},{},{}
contracts_output/contracts_output/gemini_contracts/gemini_contracts/3380.sol,3380.sol,smartcheck,solidity,2022/11/14,20260225_2030,1772051585.7854698,3.72261643409729,0,"{SOLIDITY_DIV_MUL,SOLIDITY_PRAGMAS_VERSION,SOLIDITY_SAFEMATH,SOLIDITY_VISIBILITY}",{},{},{}
contracts_output/contracts_output/gemini_contracts/gemini_contracts/339.sol,339.sol,smartcheck,solidity,2022/11/14,20260225_2030,1772051488.4322524,4.026548862457275,0,"{SOLIDITY_PRAGMAS_VERSION,SOLIDITY_SAFEMATH,SOLIDITY_SHOULD_RETURN_STRUCT,SOLIDITY_VISIBILITY}",{},{},{}
contracts_output/contracts_output/gemini_contracts/gemini_contracts/3416.sol,3416.sol,smartcheck,solidity,2022/11/14,20260225_2030,1772051538.7323577,3.6328344345092773,0,"{SOLIDITY_ADDRESS_HARDCODED,SOLIDITY_PRAGMAS_VERSION,SOLIDITY_SAFEMATH,SOLIDITY_SHOULD_RETURN_STRUCT,SOLIDITY_VISIBILITY}",{},{},{}
contracts_output/contracts_output/gemini_contracts/gemini_contracts/3424.sol,3424.sol,smartcheck,solidity,2022/11/14,20260225_2030,1772051430.4295487,4.047528982162476,0,"{SOLIDITY_PRAGMAS_VERSION,SOLIDITY_SAFEMATH,SOLIDITY_VISIBILITY}",{},{},{}
contracts_output/contracts_output/gemini_contracts/gemini_contracts/3433.sol,3433.sol,smartcheck,solidity,2022/11/14,20260225_2030,1772051474.422803,3.7055752277374268,0,"{SOLIDITY_ADDRESS_HARDCODED,SOLIDITY_PRAGMAS_VERSION,SOLIDITY_SAFEMATH,SOLIDITY_VISIBILITY}",{},{},{}
contracts_output/contracts_output/gemini_contracts/gemini_contracts/3447.sol,3447.sol,smartcheck,solidity,2022/11/14,20260225_2030,1772051501.7373955,3.691059112548828,0,"{SOLIDITY_ADDRESS_HARDCODED,SOLIDITY_PRAGMAS_VERSION,SOLIDITY_SAFEMATH,SOLIDITY_VISIBILITY}",{},{},{}
contracts_output/contracts_output/gemini_contracts/gemini_contracts/3452.sol,3452.sol,smartcheck,solidity,2022/11/14,20260225_2030,1772051462.0639613,3.8077545166015625,0,"{SOLIDITY_PRAGMAS_VERSION,SOLIDITY_SAFEMATH,SOLIDITY_VISIBILITY}",{},{},{}
contracts_output/contracts_output/gemini_contracts/gemini_contracts/3458.sol,3458.sol,smartcheck,solidity,2022/11/14,20260225_2030,1772051550.0459986,4.4606804847717285,0,"{SOLIDITY_LOCKED_MONEY,SOLIDITY_PRAGMAS_VERSION,SOLIDITY_SAFEMATH,SOLIDITY_VISIBILITY}",{},{},{}
contracts_output/contracts_output/gemini_contracts/gemini_contracts/3464.sol,3464.sol,smartcheck,solidity,2022/11/14,20260225_2030,1772051441.551661,4.273738622665405,0,"{SOLIDITY_PRAGMAS_VERSION,SOLIDITY_SAFEMATH,SOLIDITY_VISIBILITY}",{},{},{}
contracts_output/contracts_output/gemini_contracts/gemini_contracts/3476.sol,3476.sol,smartcheck,solidity,2022/11/14,20260225_2030,1772051445.4083335,3.562134027481079,0,"{SOLIDITY_PRAGMAS_VERSION,SOLIDITY_SAFEMATH}",{},{},{}
contracts_output/contracts_output/gemini_contracts/gemini_contracts/3477.sol,3477.sol,smartcheck,solidity,2022/11/14,20260225_2030,1772051548.5294693,4.555365562438965,0,"{SOLIDITY_PRAGMAS_VERSION,SOLIDITY_SAFEMATH,SOLIDITY_VISIBILITY}",{},{},{}
contracts_output/contracts_output/gemini_contracts/gemini_contracts/3500.sol,3500.sol,smartcheck,solidity,2022/11/14,20260225_2030,1772051552.5054684,4.646871328353882,0,"{SOLIDITY_ADDRESS_HARDCODED,SOLIDITY_PRAGMAS_VERSION,SOLIDITY_PRIVATE_MODIFIER_DONT_HIDE_DATA,SOLIDITY_SAFEMATH,SOLIDITY_UNCHECKED_CALL,SOLIDITY_UPGRADE_TO_050,SOLIDITY_VISIBILITY}",{},{},{}
contracts_output/contracts_output/gemini_contracts/gemini_contracts/3520.sol,3520.sol,smartcheck,solidity,2022/11/14,20260225_2030,1772051537.6307106,3.460444688796997,0,"{SOLIDITY_PRAGMAS_VERSION,SOLIDITY_SAFEMATH,SOLIDITY_VISIBILITY}",{},{},{}
contracts_output/contracts_output/gemini_contracts/gemini_contracts/3570.sol,3570.sol,smartcheck,solidity,2022/11/14,20260225_2030,1772051451.8741763,3.6288869380950928,0,"{SOLIDITY_PRAGMAS_VERSION,SOLIDITY_SAFEMATH,SOLIDITY_VISIBILITY}",{},{},{}
contracts_output/contracts_output/gemini_contracts/gemini_contracts/3576.sol,3576.sol,smartcheck,solidity,2022/11/14,20260225_2030,1772051484.6852164,3.7461342811584473,0,"{SOLIDITY_PRAGMAS_VERSION,SOLIDITY_SAFEMATH,SOLIDITY_VISIBILITY}",{},{},{}
contracts_output/contracts_output/gemini_contracts/gemini_contracts/3580.sol,3580.sol,smartcheck,solidity,2022/11/14,20260225_2030,1772051576.5875587,3.9814188480377197,0,"{SOLIDITY_PRAGMAS_VERSION,SOLIDITY_SAFEMATH,SOLIDITY_VISIBILITY}",{},{},{}
contracts_output/contracts_output/gemini_contracts/gemini_contracts/36.sol,36.sol,smartcheck,solidity,2022/11/14,20260225_2030,1772051544.617444,3.911201238632202,0,"{SOLIDITY_OVERPOWERED_ROLE,SOLIDITY_PRAGMAS_VERSION,SOLIDITY_SAFEMATH,SOLIDITY_VISIBILITY}",{},{},{}
contracts_output/contracts_output/gemini_contracts/gemini_contracts/3604.sol,3604.sol,smartcheck,solidity,2022/11/14,20260225_2030,1772051554.5268977,3.4025564193725586,0,"{SOLIDITY_DIV_MUL,SOLIDITY_EXTRA_GAS_IN_LOOPS,SOLIDITY_GAS_LIMIT_IN_LOOPS,SOLIDITY_PRAGMAS_VERSION,SOLIDITY_SAFEMATH,SOLIDITY_VISIBILITY}",{},{},{}
contracts_output/contracts_output/gemini_contracts/gemini_contracts/3619.sol,3619.sol,smartcheck,solidity,2022/11/14,20260225_2030,1772051480.6438377,3.5559794902801514,0,"{SOLIDITY_PRAGMAS_VERSION,SOLIDITY_SAFEMATH,SOLIDITY_VISIBILITY}",{},{},{}
contracts_output/contracts_output/gemini_contracts/gemini_contracts/3633.sol,3633.sol,smartcheck,solidity,2022/11/14,20260225_2030,1772051450.6751342,3.653852701187134,0,"{SOLIDITY_PRAGMAS_VERSION,SOLIDITY_SAFEMATH,SOLIDITY_VISIBILITY}",{},{},{}
contracts_output/contracts_output/gemini_contracts/gemini_contracts/3644.sol,3644.sol,smartcheck,solidity,2022/11/14,20260225_2030,1772051425.466001,4.016189336776733,0,"{SOLIDITY_PRAGMAS_VERSION,SOLIDITY_SAFEMATH,SOLIDITY_VISIBILITY}",{},{},{}
contracts_output/contracts_output/gemini_contracts/gemini_contracts/3650.sol,3650.sol,smartcheck,solidity,2022/11/14,20260225_2030,1772051498.589297,3.6085851192474365,0,"{SOLIDITY_PRAGMAS_VERSION,SOLIDITY_SAFEMATH,SOLIDITY_VISIBILITY}",{},{},{}
contracts_output/contracts_output/gemini_contracts/gemini_contracts/3662.sol,3662.sol,smartcheck,solidity,2022/11/14,20260225_2030,1772051531.2833178,4.095005989074707,0,"{SOLIDITY_ADDRESS_HARDCODED,SOLIDITY_ERC20_APPROVE,SOLIDITY_PRAGMAS_VERSION,SOLIDITY_PRIVATE_MODIFIER_DONT_HIDE_DATA,SOLIDITY_SAFEMATH,SOLIDITY_VISIBILITY}",{},{},{}
contracts_output/contracts_output/gemini_contracts/gemini_contracts/3698.sol,3698.sol,smartcheck,solidity,2022/11/14,20260225_2030,1772051587.658085,3.0892276763916016,0,"{SOLIDITY_ADDRESS_HARDCODED,SOLIDITY_PRAGMAS_VERSION,SOLIDITY_SAFEMATH,SOLIDITY_VISIBILITY}",{},{},{}
contracts_output/contracts_output/gemini_contracts/gemini_contracts/3704.sol,3704.sol,smartcheck,solidity,2022/11/14,20260225_2030,1772051479.9703717,3.747502088546753,0,"{SOLIDITY_LOCKED_MONEY,SOLIDITY_PRAGMAS_VERSION,SOLIDITY_SAFEMATH,SOLIDITY_VISIBILITY}",{},{},{}
contracts_output/contracts_output/gemini_contracts/gemini_contracts/3719.sol,3719.sol,smartcheck,solidity,2022/11/14,20260225_2030,1772051578.029747,4.284061670303345,0,"{SOLIDITY_PRAGMAS_VERSION,SOLIDITY_PRIVATE_MODIFIER_DONT_HIDE_DATA,SOLIDITY_SAFEMATH,SOLIDITY_VISIBILITY}",{},{},{}
contracts_output/contracts_output/gemini_contracts/gemini_contracts/3727.sol,3727.sol,smartcheck,solidity,2022/11/14,20260225_2030,1772051435.959218,4.477180242538452,0,"{SOLIDITY_PRAGMAS_VERSION,SOLIDITY_SAFEMATH,SOLIDITY_VISIBILITY}",{},{},{}
contracts_output/contracts_output/gemini_contracts/gemini_contracts/3728.sol,3728.sol,smartcheck,solidity,2022/11/14,20260225_2030,1772051457.6874335,3.528258800506592,0,"{SOLIDITY_PRAGMAS_VERSION,SOLIDITY_SAFEMATH,SOLIDITY_VISIBILITY}",{},{},{}
contracts_output/contracts_output/gemini_contracts/gemini_contracts/3748.sol,3748.sol,smartcheck,solidity,2022/11/14,20260225_2030,1772051416.9484496,4.057215929031372,0,"{SOLIDITY_PRAGMAS_VERSION,SOLIDITY_VISIBILITY}",{},{},{}
contracts_output/contracts_output/gemini_contracts/gemini_contracts/3756.sol,3756.sol,smartcheck,solidity,2022/11/14,20260225_2030,1772051543.7849638,4.6002233028411865,0,"{SOLIDITY_PRAGMAS_VERSION,SOLIDITY_SAFEMATH,SOLIDITY_VISIBILITY}",{},{},{}
contracts_output/contracts_output/gemini_contracts/gemini_contracts/3776.sol,3776.sol,smartcheck,solidity,2022/11/14,20260225_2030,1772051450.1467907,3.584606647491455,0,"{SOLIDITY_LOCKED_MONEY,SOLIDITY_PRAGMAS_VERSION,SOLIDITY_SAFEMATH,SOLIDITY_VISIBILITY}",{},{},{}
contracts_output/contracts_output/gemini_contracts/gemini_contracts/3785.sol,3785.sol,smartcheck,solidity,2022/11/14,20260225_2030,1772051520.6918645,3.821000576019287,0,"{SOLIDITY_ADDRESS_HARDCODED,SOLIDITY_PRAGMAS_VERSION,SOLIDITY_SAFEMATH,SOLIDITY_VISIBILITY}",{},{},{}
contracts_output/contracts_output/gemini_contracts/gemini_contracts/3793.sol,3793.sol,smartcheck,solidity,2022/11/14,20260225_2030,1772051425.8570392,4.216574430465698,0,"{SOLIDITY_ADDRESS_HARDCODED,SOLIDITY_PRAGMAS_VERSION,SOLIDITY_SAFEMATH,SOLIDITY_VISIBILITY}",{},{},{}
contracts_output/contracts_output/gemini_contracts/gemini_contracts/381.sol,381.sol,smartcheck,solidity,2022/11/14,20260225_2030,1772051526.4156203,3.5703670978546143,0,"{SOLIDITY_PRAGMAS_VERSION,SOLIDITY_SAFEMATH,SOLIDITY_VISIBILITY}",{},{},{}
contracts_output/contracts_output/gemini_contracts/gemini_contracts/382.sol,382.sol,smartcheck,solidity,2022/11/14,20260225_2030,1772051484.8276536,4.476379632949829,0,"{SOLIDITY_LOCKED_MONEY,SOLIDITY_PRAGMAS_VERSION,SOLIDITY_SAFEMATH,SOLIDITY_VISIBILITY}",{},{},{}
contracts_output/contracts_output/gemini_contracts/gemini_contracts/3857.sol,3857.sol,smartcheck,solidity,2022/11/14,20260225_2030,1772051518.4815407,4.43700647354126,0,"{SOLIDITY_PRAGMAS_VERSION,SOLIDITY_SAFEMATH,SOLIDITY_VISIBILITY}",{},{},{}
contracts_output/contracts_output/gemini_contracts/gemini_contracts/3863.sol,3863.sol,smartcheck,solidity,2022/11/14,20260225_2030,1772051585.7866712,3.689624786376953,0,"{SOLIDITY_PRAGMAS_VERSION,SOLIDITY_SAFEMATH,SOLIDITY_VISIBILITY}",{},{},{}
contracts_output/contracts_output/gemini_contracts/gemini_contracts/3881.sol,3881.sol,smartcheck,solidity,2022/11/14,20260225_2030,1772051451.2863407,4.01323938369751,0,"{SOLIDITY_ADDRESS_HARDCODED,SOLIDITY_PRAGMAS_VERSION,SOLIDITY_SAFEMATH,SOLIDITY_VISIBILITY}",{},{},{}
contracts_output/contracts_output/gemini_contracts/gemini_contracts/3890.sol,3890.sol,smartcheck,solidity,2022/11/14,20260225_2030,1772051517.0143197,3.712639331817627,0,"{SOLIDITY_PRAGMAS_VERSION,SOLIDITY_SAFEMATH,SOLIDITY_VISIBILITY}",{},{},{}
contracts_output/contracts_output/gemini_contracts/gemini_contracts/3893.sol,3893.sol,smartcheck,solidity,2022/11/14,20260225_2030,1772051500.9580255,3.9355359077453613,0,"{SOLIDITY_PRAGMAS_VERSION,SOLIDITY_SAFEMATH,SOLIDITY_VISIBILITY}",{},{},{}
contracts_output/contracts_output/gemini_contracts/gemini_contracts/3896.sol,3896.sol,smartcheck,solidity,2022/11/14,20260225_2030,1772051553.173241,4.145071983337402,0,"{SOLIDITY_LOCKED_MONEY,SOLIDITY_PRAGMAS_VERSION,SOLIDITY_SAFEMATH,SOLIDITY_VISIBILITY}",{},{},{}
contracts_output/contracts_output/gemini_contracts/gemini_contracts/39.sol,39.sol,smartcheck,solidity,2022/11/14,20260225_2030,1772051507.935058,3.8395557403564453,0,"{SOLIDITY_PRAGMAS_VERSION,SOLIDITY_SAFEMATH,SOLIDITY_VISIBILITY}",{},{},{}
contracts_output/contracts_output/gemini_contracts/gemini_contracts/3939.sol,3939.sol,smartcheck,solidity,2022/11/14,20260225_2030,1772051465.4890735,3.805548906326294,0,"{SOLIDITY_PRAGMAS_VERSION,SOLIDITY_SAFEMATH,SOLIDITY_VISIBILITY}",{},{},{}
contracts_output/contracts_output/gemini_contracts/gemini_contracts/3988.sol,3988.sol,smartcheck,solidity,2022/11/14,20260225_2030,1772051449.287044,3.8587453365325928,0,"{SOLIDITY_PRAGMAS_VERSION,SOLIDITY_SAFEMATH,SOLIDITY_VISIBILITY}",{},{},{}
contracts_output/contracts_output/gemini_contracts/gemini_contracts/3990.sol,3990.sol,smartcheck,solidity,2022/11/14,20260225_2030,1772051555.8312082,3.5433270931243896,0,"{SOLIDITY_ADDRESS_HARDCODED,SOLIDITY_PRAGMAS_VERSION,SOLIDITY_SAFEMATH,SOLIDITY_VISIBILITY}",{},{},{}
contracts_output/contracts_output/gemini_contracts/gemini_contracts/4001.sol,4001.sol,smartcheck,solidity,2022/11/14,20260225_2030,1772051515.556036,4.06171727180481,0,"{SOLIDITY_PRAGMAS_VERSION,SOLIDITY_SAFEMATH,SOLIDITY_UNCHECKED_CALL,SOLIDITY_VISIBILITY}",{},{},{}
contracts_output/contracts_output/gemini_contracts/gemini_contracts/4005.sol,4005.sol,smartcheck,solidity,2022/11/14,20260225_2030,1772051502.2206268,3.713390350341797,0,"{SOLIDITY_PRAGMAS_VERSION,SOLIDITY_SAFEMATH,SOLIDITY_VISIBILITY}",{},{},{}
contracts_output/contracts_output/gemini_contracts/gemini_contracts/402.sol,402.sol,smartcheck,solidity,2022/11/14,20260225_2030,1772051468.0912907,3.6552248001098633,0,"{SOLIDITY_LOCKED_MONEY,SOLIDITY_PRAGMAS_VERSION,SOLIDITY_SAFEMATH,SOLIDITY_VISIBILITY}",{},{},{}
contracts_output/contracts_output/gemini_contracts/gemini_contracts/4025.sol,4025.sol,smartcheck,solidity,2022/11/14,20260225_2030,1772051479.424914,3.837859630584717,0,"{SOLIDITY_PRAGMAS_VERSION,SOLIDITY_SAFEMATH}",{},{},{}
contracts_output/contracts_output/gemini_contracts/gemini_contracts/4047.sol,4047.sol,smartcheck,solidity,2022/11/14,20260225_2030,1772051516.543554,3.9114608764648438,0,"{SOLIDITY_EXTRA_GAS_IN_LOOPS,SOLIDITY_GAS_LIMIT_IN_LOOPS,SOLIDITY_PRAGMAS_VERSION,SOLIDITY_SAFEMATH,SOLIDITY_VISIBILITY}",{},{},{}
contracts_output/contracts_output/gemini_contracts/gemini_contracts/4051.sol,4051.sol,smartcheck,solidity,2022/11/14,20260225_2030,1772051587.561697,3.124983787536621,0,"{SOLIDITY_PRAGMAS_VERSION,SOLIDITY_PRIVATE_MODIFIER_DONT_HIDE_DATA,SOLIDITY_SAFEMATH,SOLIDITY_VISIBILITY}",{},{},{}
contracts_output/contracts_output/gemini_contracts/gemini_contracts/4079.sol,4079.sol,smartcheck,solidity,2022/11/14,20260225_2030,1772051518.1316795,4.081588268280029,0,"{SOLIDITY_ADDRESS_HARDCODED,SOLIDITY_PRAGMAS_VERSION,SOLIDITY_SAFEMATH,SOLIDITY_VISIBILITY}",{},{},{}
contracts_output/contracts_output/gemini_contracts/gemini_contracts/4083.sol,4083.sol,smartcheck,solidity,2022/11/14,20260225_2030,1772051569.5931487,4.137842893600464,0,"{SOLIDITY_PRAGMAS_VERSION,SOLIDITY_SAFEMATH,SOLIDITY_VISIBILITY}",{},{},{}
contracts_output/contracts_output/gemini_contracts/gemini_contracts/4086.sol,4086.sol,smartcheck,solidity,2022/11/14,20260225_2030,1772051524.8297076,3.5459747314453125,0,"{SOLIDITY_PRAGMAS_VERSION,SOLIDITY_PRIVATE_MODIFIER_DONT_HIDE_DATA,SOLIDITY_SAFEMATH,SOLIDITY_VISIBILITY}",{},{},{}
contracts_output/contracts_output/gemini_contracts/gemini_contracts/4148.sol,4148.sol,smartcheck,solidity,2022/11/14,20260225_2030,1772051455.621674,4.7082579135894775,0,"{SOLIDITY_PRAGMAS_VERSION,SOLIDITY_SAFEMATH,SOLIDITY_VISIBILITY}",{},{},{}
contracts_output/contracts_output/gemini_contracts/gemini_contracts/4173.sol,4173.sol,smartcheck,solidity,2022/11/14,20260225_2030,1772051433.4686522,4.548449993133545,0,"{SOLIDITY_PRAGMAS_VERSION,SOLIDITY_SAFEMATH,SOLIDITY_SHOULD_RETURN_STRUCT,SOLIDITY_VISIBILITY}",{},{},{}
contracts_output/contracts_output/gemini_contracts/gemini_contracts/4185.sol,4185.sol,smartcheck,solidity,2022/11/14,20260225_2030,1772051488.0139632,4.111046075820923,0,"{SOLIDITY_PRAGMAS_VERSION,SOLIDITY_PRIVATE_MODIFIER_DONT_HIDE_DATA,SOLIDITY_SAFEMATH,SOLIDITY_VISIBILITY}",{},{},{}
contracts_output/contracts_output/gemini_contracts/gemini_contracts/4219.sol,4219.sol,smartcheck,solidity,2022/11/14,20260225_2030,1772051512.5562172,4.390668630599976,0,"{SOLIDITY_PRAGMAS_VERSION,SOLIDITY_SAFEMATH,SOLIDITY_VISIBILITY}",{},{},{}
contracts_output/contracts_output/gemini_contracts/gemini_contracts/4258.sol,4258.sol,smartcheck,solidity,2022/11/14,20260225_2030,1772051437.7480638,3.3693437576293945,0,"{SOLIDITY_PRAGMAS_VERSION,SOLIDITY_PRIVATE_MODIFIER_DONT_HIDE_DATA,SOLIDITY_SAFEMATH,SOLIDITY_VISIBILITY}",{},{},{}
contracts_output/contracts_output/gemini_contracts/gemini_contracts/4267.sol,4267.sol,smartcheck,solidity,2022/11/14,20260225_2030,1772051585.3100295,3.6204631328582764,0,"{SOLIDITY_PRAGMAS_VERSION,SOLIDITY_PRIVATE_MODIFIER_DONT_HIDE_DATA,SOLIDITY_SAFEMATH,SOLIDITY_VISIBILITY}",{},{},{}
contracts_output/contracts_output/gemini_contracts/gemini_contracts/4301.sol,4301.sol,smartcheck,solidity,2022/11/14,20260225_2030,1772051420.5143268,4.296951770782471,0,"{SOLIDITY_ADDRESS_HARDCODED,SOLIDITY_EXTRA_GAS_IN_LOOPS,SOLIDITY_GAS_LIMIT_IN_LOOPS,SOLIDITY_PRAGMAS_VERSION,SOLIDITY_SAFEMATH,SOLIDITY_UNCHECKED_CALL,SOLIDITY_VISIBILITY}",{},{},{}
contracts_output/contracts_output/gemini_contracts/gemini_contracts/4311.sol,4311.sol,smartcheck,solidity,2022/11/14,20260225_2030,1772051534.0966232,4.141102075576782,0,"{SOLIDITY_LOCKED_MONEY,SOLIDITY_PRAGMAS_VERSION,SOLIDITY_SAFEMATH,SOLIDITY_VISIBILITY}",{},{},{}
contracts_output/contracts_output/gemini_contracts/gemini_contracts/4342.sol,4342.sol,smartcheck,solidity,2022/11/14,20260225_2030,1772051492.9908383,4.161495685577393,0,"{SOLIDITY_PRAGMAS_VERSION,SOLIDITY_SAFEMATH,SOLIDITY_VISIBILITY}",{},{},{}
contracts_output/contracts_output/gemini_contracts/gemini_contracts/4344.sol,4344.sol,smartcheck,solidity,2022/11/14,20260225_2030,1772051534.1266541,4.333985805511475,0,"{SOLIDITY_PRAGMAS_VERSION,SOLIDITY_SAFEMATH,SOLIDITY_VISIBILITY}",{},{},{}
contracts_output/contracts_output/gemini_contracts/gemini_contracts/4397.sol,4397.sol,smartcheck,solidity,2022/11/14,20260225_2030,1772051462.717119,3.6160900592803955,0,"{SOLIDITY_PRAGMAS_VERSION,SOLIDITY_PRIVATE_MODIFIER_DONT_HIDE_DATA,SOLIDITY_SAFEMATH,SOLIDITY_VISIBILITY}",{},{},{}
contracts_output/contracts_output/gemini_contracts/gemini_contracts/4411.sol,4411.sol,smartcheck,solidity,2022/11/14,20260225_2030,1772051489.4447849,3.806633710861206,0,"{SOLIDITY_PRAGMAS_VERSION,SOLIDITY_SAFEMATH,SOLIDITY_UPGRADE_TO_050,SOLIDITY_VISIBILITY}",{},{},{}
contracts_output/contracts_output/gemini_contracts/gemini_contracts/4418.sol,4418.sol,smartcheck,solidity,2022/11/14,20260225_2030,1772051471.6420624,3.7903075218200684,0,"{SOLIDITY_LOCKED_MONEY,SOLIDITY_PRAGMAS_VERSION,SOLIDITY_SAFEMATH,SOLIDITY_VISIBILITY}",{},{},{}
contracts_output/contracts_output/gemini_contracts/gemini_contracts/442.sol,442.sol,smartcheck,solidity,2022/11/14,20260225_2030,1772051542.627453,4.557440519332886,0,"{SOLIDITY_PRAGMAS_VERSION,SOLIDITY_SAFEMATH,SOLIDITY_VISIBILITY}",{},{},{}
contracts_output/contracts_output/gemini_contracts/gemini_contracts/4437.sol,4437.sol,smartcheck,solidity,2022/11/14,20260225_2030,1772051502.5404227,4.010047912597656,0,"{SOLIDITY_ERC20_APPROVE,SOLIDITY_PRAGMAS_VERSION,SOLIDITY_PRIVATE_MODIFIER_DONT_HIDE_DATA,SOLIDITY_SAFEMATH,SOLIDITY_VISIBILITY}",{},{},{}
contracts_output/contracts_output/gemini_contracts/gemini_contracts/4464.sol,4464.sol,smartcheck,solidity,2022/11/14,20260225_2030,1772051460.621221,3.3705708980560303,0,"{SOLIDITY_PRAGMAS_VERSION,SOLIDITY_SAFEMATH,SOLIDITY_VISIBILITY}",{},{},{}
contracts_output/contracts_output/gemini_contracts/gemini_contracts/4481.sol,4481.sol,smartcheck,solidity,2022/11/14,20260225_2030,1772051424.8810415,3.8290212154388428,0,"{SOLIDITY_PRAGMAS_VERSION,SOLIDITY_SAFEMATH,SOLIDITY_VISIBILITY}",{},{},{}
contracts_output/contracts_output/gemini_contracts/gemini_contracts/4491.sol,4491.sol,smartcheck,solidity,2022/11/14,20260225_2030,1772051460.6281345,3.3346872329711914,0,"{SOLIDITY_LOCKED_MONEY,SOLIDITY_PRAGMAS_VERSION,SOLIDITY_SAFEMATH,SOLIDITY_VISIBILITY}",{},{},{}
contracts_output/contracts_output/gemini_contracts/gemini_contracts/4496.sol,4496.sol,smartcheck,solidity,2022/11/14,20260225_2030,1772051449.6078548,3.9747602939605713,0,"{SOLIDITY_PRAGMAS_VERSION,SOLIDITY_SAFEMATH,SOLIDITY_VISIBILITY}",{},{},{}
contracts_output/contracts_output/gemini_contracts/gemini_contracts/4517.sol,4517.sol,smartcheck,solidity,2022/11/14,20260225_2030,1772051441.1184647,4.336446285247803,0,"{SOLIDITY_PRAGMAS_VERSION,SOLIDITY_SAFEMATH,SOLIDITY_VISIBILITY}",{},{},{}
contracts_output/contracts_output/gemini_contracts/gemini_contracts/4527.sol,4527.sol,smartcheck,solidity,2022/11/14,20260225_2030,1772051468.5449648,3.920290946960449,0,"{SOLIDITY_PRAGMAS_VERSION,SOLIDITY_SAFEMATH}",{},{},{}
contracts_output/contracts_output/gemini_contracts/gemini_contracts/4553.sol,4553.sol,smartcheck,solidity,2022/11/14,20260225_2030,1772051479.5567253,3.9515419006347656,0,"{SOLIDITY_PRAGMAS_VERSION,SOLIDITY_SAFEMATH,SOLIDITY_VISIBILITY}",{},{},{}
contracts_output/contracts_output/gemini_contracts/gemini_contracts/4560.sol,4560.sol,smartcheck,solidity,2022/11/14,20260225_2030,1772051423.3290057,3.834886312484741,0,"{SOLIDITY_PRAGMAS_VERSION,SOLIDITY_SAFEMATH,SOLIDITY_VISIBILITY}",{},{},{}
contracts_output/contracts_output/gemini_contracts/gemini_contracts/4562.sol,4562.sol,smartcheck,solidity,2022/11/14,20260225_2030,1772051420.7773206,4.414742946624756,0,"{SOLIDITY_PRAGMAS_VERSION,SOLIDITY_SAFEMATH,SOLIDITY_VISIBILITY}",{},{},{}
contracts_output/contracts_output/gemini_contracts/gemini_contracts/4567.sol,4567.sol,smartcheck,solidity,2022/11/14,20260225_2030,1772051511.0585096,3.4606432914733887,0,"{SOLIDITY_PRAGMAS_VERSION,SOLIDITY_SAFEMATH,SOLIDITY_VISIBILITY}",{},{},{}
contracts_output/contracts_output/gemini_contracts/gemini_contracts/4568.sol,4568.sol,smartcheck,solidity,2022/11/14,20260225_2030,1772051542.8553288,4.682567119598389,0,"{SOLIDITY_PRAGMAS_VERSION,SOLIDITY_SAFEMATH,SOLIDITY_VISIBILITY}",{},{},{}
contracts_output/contracts_output/gemini_contracts/gemini_contracts/4569.sol,4569.sol,smartcheck,solidity,2022/11/14,20260225_2030,1772051570.732753,4.270020484924316,0,"{SOLIDITY_PRAGMAS_VERSION,SOLIDITY_SAFEMATH,SOLIDITY_VISIBILITY}",{},{},{}
contracts_output/contracts_output/gemini_contracts/gemini_contracts/4577.sol,4577.sol,smartcheck,solidity,2022/11/14,20260225_2030,1772051518.5103176,4.862144947052002,0,"{SOLIDITY_ADDRESS_HARDCODED,SOLIDITY_PRAGMAS_VERSION,SOLIDITY_SAFEMATH,SOLIDITY_VISIBILITY}",{},{},{}
contracts_output/contracts_output/gemini_contracts/gemini_contracts/4581.sol,4581.sol,smartcheck,solidity,2022/11/14,20260225_2030,1772051550.3276224,4.3538055419921875,0,"{SOLIDITY_ADDRESS_HARDCODED,SOLIDITY_LOCKED_MONEY,SOLIDITY_PRAGMAS_VERSION,SOLIDITY_SAFEMATH,SOLIDITY_VISIBILITY}",{},{},{}
contracts_output/contracts_output/gemini_contracts/gemini_contracts/4592.sol,4592.sol,smartcheck,solidity,2022/11/14,20260225_2030,1772051511.3186605,3.368873357772827,0,"{SOLIDITY_PRAGMAS_VERSION,SOLIDITY_SAFEMATH,SOLIDITY_VISIBILITY}",{},{},{}
contracts_output/contracts_output/gemini_contracts/gemini_contracts/4597.sol,4597.sol,smartcheck,solidity,2022/11/14,20260225_2030,1772051547.5300484,3.587144136428833,0,"{SOLIDITY_PRAGMAS_VERSION,SOLIDITY_SAFEMATH}",{},{},{}
contracts_output/contracts_output/gemini_contracts/gemini_contracts/4609.sol,4609.sol,smartcheck,solidity,2022/11/14,20260225_2030,1772051456.392665,4.551574468612671,0,"{SOLIDITY_LOCKED_MONEY,SOLIDITY_PRAGMAS_VERSION,SOLIDITY_SAFEMATH,SOLIDITY_VISIBILITY}",{},{},{}
contracts_output/contracts_output/gemini_contracts/gemini_contracts/461.sol,461.sol,smartcheck,solidity,2022/11/14,20260225_2030,1772051449.132124,3.7490103244781494,0,"{SOLIDITY_PRAGMAS_VERSION,SOLIDITY_VISIBILITY}",{},{},{}
contracts_output/contracts_output/gemini_contracts/gemini_contracts/4614.sol,4614.sol,smartcheck,solidity,2022/11/14,20260225_2030,1772051458.9498014,4.204529523849487,0,"{SOLIDITY_ADDRESS_HARDCODED,SOLIDITY_PRAGMAS_VERSION,SOLIDITY_SAFEMATH,SOLIDITY_VISIBILITY}",{},{},{}
contracts_output/contracts_output/gemini_contracts/gemini_contracts/4646.sol,4646.sol,smartcheck,solidity,2022/11/14,20260225_2030,1772051433.342759,4.0536041259765625,0,"{SOLIDITY_PRAGMAS_VERSION,SOLIDITY_SAFEMATH,SOLIDITY_VISIBILITY}",{},{},{}
contracts_output/contracts_output/gemini_contracts/gemini_contracts/465.sol,465.sol,smartcheck,solidity,2022/11/14,20260225_2030,1772051584.05767,4.440542697906494,0,"{SOLIDITY_PRAGMAS_VERSION,SOLIDITY_PRIVATE_MODIFIER_DONT_HIDE_DATA,SOLIDITY_SAFEMATH,SOLIDITY_VISIBILITY}",{},{},{}
contracts_output/contracts_output/gemini_contracts/gemini_contracts/4661.sol,4661.sol,smartcheck,solidity,2022/11/14,20260225_2030,1772051427.8078551,4.286588191986084,0,"{SOLIDITY_PRAGMAS_VERSION,SOLIDITY_SAFEMATH,SOLIDITY_VISIBILITY}",{},{},{}
contracts_output/contracts_output/gemini_contracts/gemini_contracts/4669.sol,4669.sol,smartcheck,solidity,2022/11/14,20260225_2030,1772051418.6786187,3.891294479370117,0,"{SOLIDITY_PRAGMAS_VERSION,SOLIDITY_SAFEMATH,SOLIDITY_VISIBILITY}",{},{},{}
contracts_output/contracts_output/gemini_contracts/gemini_contracts/467.sol,467.sol,smartcheck,solidity,2022/11/14,20260225_2030,1772051435.108331,3.586174726486206,0,"{SOLIDITY_LOCKED_MONEY,SOLIDITY_PRAGMAS_VERSION,SOLIDITY_SAFEMATH,SOLIDITY_VISIBILITY}",{},{},{}
contracts_output/contracts_output/gemini_contracts/gemini_contracts/4675.sol,4675.sol,smartcheck,solidity,2022/11/14,20260225_2030,1772051438.135441,3.9878993034362793,0,"{SOLIDITY_PRAGMAS_VERSION,SOLIDITY_SAFEMATH,SOLIDITY_UNCHECKED_CALL,SOLIDITY_VISIBILITY}",{},{},{}
contracts_output/contracts_output/gemini_contracts/gemini_contracts/4681.sol,4681.sol,smartcheck,solidity,2022/11/14,20260225_2030,1772051419.6600695,4.3474860191345215,0,"{SOLIDITY_PRAGMAS_VERSION,SOLIDITY_SAFEMATH,SOLIDITY_VISIBILITY}",{},{},{}
contracts_output/contracts_output/gemini_contracts/gemini_contracts/4695.sol,4695.sol,smartcheck,solidity,2022/11/14,20260225_2030,1772051437.3973637,3.4037978649139404,0,"{SOLIDITY_LOCKED_MONEY,SOLIDITY_PRAGMAS_VERSION,SOLIDITY_SAFEMATH,SOLIDITY_VISIBILITY}",{},{},{}
contracts_output/contracts_output/gemini_contracts/gemini_contracts/4726.sol,4726.sol,smartcheck,solidity,2022/11/14,20260225_2030,1772051587.4208314,3.129638671875,0,"{SOLIDITY_LOCKED_MONEY,SOLIDITY_PRAGMAS_VERSION,SOLIDITY_SAFEMATH,SOLIDITY_VISIBILITY}",{},{},{}
contracts_output/contracts_output/gemini_contracts/gemini_contracts/4727.sol,4727.sol,smartcheck,solidity,2022/11/14,20260225_2030,1772051430.3031142,4.041151285171509,0,"{SOLIDITY_ADDRESS_HARDCODED,SOLIDITY_PRAGMAS_VERSION,SOLIDITY_SAFEMATH,SOLIDITY_SHOULD_NOT_BE_PURE,SOLIDITY_VISIBILITY}",{},{},{}
contracts_output/contracts_output/gemini_contracts/gemini_contracts/474.sol,474.sol,smartcheck,solidity,2022/11/14,20260225_2030,1772051419.6069884,4.151005268096924,0,"{SOLIDITY_PRAGMAS_VERSION,SOLIDITY_SAFEMATH,SOLIDITY_VISIBILITY}",{},{},{}
contracts_output/contracts_output/gemini_contracts/gemini_contracts/4746.sol,4746.sol,smartcheck,solidity,2022/11/14,20260225_2030,1772051535.5744834,3.8936142921447754,0,"{SOLIDITY_PRAGMAS_VERSION,SOLIDITY_SAFEMATH,SOLIDITY_VISIBILITY}",{},{},{}
contracts_output/contracts_output/gemini_contracts/gemini_contracts/475.sol,475.sol,smartcheck,solidity,2022/11/14,20260225_2030,1772051435.7417326,4.524272680282593,0,"{SOLIDITY_PRAGMAS_VERSION,SOLIDITY_SAFEMATH,SOLIDITY_VISIBILITY}",{},{},{}
contracts_output/contracts_output/gemini_contracts/gemini_contracts/476.sol,476.sol,smartcheck,solidity,2022/11/14,20260225_2030,1772051419.0571837,3.7517285346984863,0,"{SOLIDITY_PRAGMAS_VERSION,SOLIDITY_SAFEMATH,SOLIDITY_VISIBILITY}",{},{},{}
contracts_output/contracts_output/gemini_contracts/gemini_contracts/4761.sol,4761.sol,smartcheck,solidity,2022/11/14,20260225_2030,1772051476.3936272,4.3014538288116455,0,"{SOLIDITY_PRAGMAS_VERSION,SOLIDITY_SAFEMATH,SOLIDITY_VISIBILITY}",{},{},{}
contracts_output/contracts_output/gemini_contracts/gemini_contracts/4775.sol,4775.sol,smartcheck,solidity,2022/11/14,20260225_2030,1772051497.871611,3.864635944366455,0,"{SOLIDITY_PRAGMAS_VERSION,SOLIDITY_SAFEMATH,SOLIDITY_VISIBILITY}",{},{},{}
contracts_output/contracts_output/gemini_contracts/gemini_contracts/4790.sol,4790.sol,smartcheck,solidity,2022/11/14,20260225_2030,1772051564.605309,4.380809545516968,0,"{SOLIDITY_ERC20_APPROVE,SOLIDITY_PRAGMAS_VERSION,SOLIDITY_PRIVATE_MODIFIER_DONT_HIDE_DATA,SOLIDITY_SAFEMATH,SOLIDITY_VISIBILITY}",{},{},{}
contracts_output/contracts_output/gemini_contracts/gemini_contracts/4803.sol,4803.sol,smartcheck,solidity,2022/11/14,20260225_2030,1772051431.5014126,3.7379424571990967,0,"{SOLIDITY_PRAGMAS_VERSION,SOLIDITY_SAFEMATH}",{},{},{}
contracts_output/contracts_output/gemini_contracts/gemini_contracts/4806.sol,4806.sol,smartcheck,solidity,2022/11/14,20260225_2030,1772051538.9518957,3.597839593887329,0,"{SOLIDITY_LOCKED_MONEY,SOLIDITY_PRAGMAS_VERSION,SOLIDITY_SAFEMATH,SOLIDITY_VISIBILITY}",{},{},{}
contracts_output/contracts_output/gemini_contracts/gemini_contracts/4823.sol,4823.sol,smartcheck,solidity,2022/11/14,20260225_2030,1772051528.8129027,3.760984182357788,0,"{SOLIDITY_EXTRA_GAS_IN_LOOPS,SOLIDITY_GAS_LIMIT_IN_LOOPS,SOLIDITY_PRAGMAS_VERSION,SOLIDITY_SAFEMATH,SOLIDITY_VISIBILITY}",{},{},{}
contracts_output/contracts_output/gemini_contracts/gemini_contracts/4839.sol,4839.sol,smartcheck,solidity,2022/11/14,20260225_2030,1772051500.2979536,3.9620718955993652,0,"{SOLIDITY_ADDRESS_HARDCODED,SOLIDITY_PRAGMAS_VERSION,SOLIDITY_SAFEMATH,SOLIDITY_VISIBILITY}",{},{},{}
contracts_output/contracts_output/gemini_contracts/gemini_contracts/4847.sol,4847.sol,smartcheck,solidity,2022/11/14,20260225_2030,1772051447.543244,3.824693202972412,0,"{SOLIDITY_ADDRESS_HARDCODED,SOLIDITY_PRAGMAS_VERSION,SOLIDITY_SAFEMATH,SOLIDITY_VISIBILITY}",{},{},{}
contracts_output/contracts_output/gemini_contracts/gemini_contracts/4852.sol,4852.sol,smartcheck,solidity,2022/11/14,20260225_2030,1772051516.1128848,4.007838487625122,0,"{SOLIDITY_PRAGMAS_VERSION,SOLIDITY_SAFEMATH,SOLIDITY_VISIBILITY}",{},{},{}
contracts_output/contracts_output/gemini_contracts/gemini_contracts/4854.sol,4854.sol,smartcheck,solidity,2022/11/14,20260225_2030,1772051574.3187852,3.751964569091797,0,"{SOLIDITY_PRAGMAS_VERSION,SOLIDITY_SAFEMATH}",{},{},{}
contracts_output/contracts_output/gemini_contracts/gemini_contracts/4864.sol,4864.sol,smartcheck,solidity,2022/11/14,20260225_2030,1772051508.7059803,5.069271087646484,0,"{SOLIDITY_EXTRA_GAS_IN_LOOPS,SOLIDITY_GAS_LIMIT_IN_LOOPS,SOLIDITY_PRAGMAS_VERSION,SOLIDITY_SAFEMATH,SOLIDITY_VISIBILITY}",{},{},{}
contracts_output/contracts_output/gemini_contracts/gemini_contracts/4877.sol,4877.sol,smartcheck,solidity,2022/11/14,20260225_2030,1772051586.1722448,3.8423564434051514,0,"{SOLIDITY_PRAGMAS_VERSION,SOLIDITY_SAFEMATH,SOLIDITY_VISIBILITY}",{},{},{}
contracts_output/contracts_output/gemini_contracts/gemini_contracts/4896.sol,4896.sol,smartcheck,solidity,2022/11/14,20260225_2030,1772051546.3493083,4.0690765380859375,0,"{SOLIDITY_PRAGMAS_VERSION,SOLIDITY_SAFEMATH,SOLIDITY_VISIBILITY}",{},{},{}
contracts_output/contracts_output/gemini_contracts/gemini_contracts/4898.sol,4898.sol,smartcheck,solidity,2022/11/14,20260225_2030,1772051544.6760998,3.8818442821502686,0,"{SOLIDITY_PRAGMAS_VERSION,SOLIDITY_SAFEMATH,SOLIDITY_VISIBILITY}",{},{},{}
contracts_output/contracts_output/gemini_contracts/gemini_contracts/4912.sol,4912.sol,smartcheck,solidity,2022/11/14,20260225_2030,1772051483.011263,3.8850419521331787,0,"{SOLIDITY_ADDRESS_HARDCODED,SOLIDITY_PRAGMAS_VERSION,SOLIDITY_SAFEMATH,SOLIDITY_VISIBILITY}",{},{},{}
contracts_output/contracts_output/gemini_contracts/gemini_contracts/4928.sol,4928.sol,smartcheck,solidity,2022/11/14,20260225_2030,1772051571.3888643,3.711855173110962,0,"{SOLIDITY_ADDRESS_HARDCODED,SOLIDITY_PRAGMAS_VERSION,SOLIDITY_SAFEMATH,SOLIDITY_VISIBILITY}",{},{},{}
contracts_output/contracts_output/gemini_contracts/gemini_contracts/4942.sol,4942.sol,smartcheck,solidity,2022/11/14,20260225_2030,1772051562.5121133,3.6765377521514893,0,"{SOLIDITY_PRAGMAS_VERSION,SOLIDITY_SAFEMATH,SOLIDITY_VISIBILITY}",{},{},{}
contracts_output/contracts_output/gemini_contracts/gemini_contracts/497.sol,497.sol,smartcheck,solidity,2022/11/14,20260225_2030,1772051579.3455787,4.330222845077515,0,"{SOLIDITY_EXTRA_GAS_IN_LOOPS,SOLIDITY_GAS_LIMIT_IN_LOOPS,SOLIDITY_PRAGMAS_VERSION,SOLIDITY_SAFEMATH,SOLIDITY_VISIBILITY}",{},{},{}
contracts_output/contracts_output/gemini_contracts/gemini_contracts/4986.sol,4986.sol,smartcheck,solidity,2022/11/14,20260225_2030,1772051519.2414255,4.337192535400391,0,"{SOLIDITY_PRAGMAS_VERSION,SOLIDITY_SAFEMATH,SOLIDITY_VISIBILITY}",{},{},{}
contracts_output/contracts_output/gemini_contracts/gemini_contracts/4993.sol,4993.sol,smartcheck,solidity,2022/11/14,20260225_2030,1772051527.681071,4.121125936508179,0,"{SOLIDITY_ADDRESS_HARDCODED,SOLIDITY_EXTRA_GAS_IN_LOOPS,SOLIDITY_GAS_LIMIT_IN_LOOPS,SOLIDITY_PRAGMAS_VERSION,SOLIDITY_SAFEMATH,SOLIDITY_VISIBILITY}",{},{},{}
contracts_output/contracts_output/gemini_contracts/gemini_contracts/5005.sol,5005.sol,smartcheck,solidity,2022/11/14,20260225_2030,1772051530.2538457,3.586186170578003,0,"{SOLIDITY_ADDRESS_HARDCODED,SOLIDITY_PRAGMAS_VERSION,SOLIDITY_SAFEMATH,SOLIDITY_VISIBILITY}",{},{},{}
contracts_output/contracts_output/gemini_contracts/gemini_contracts/5007.sol,5007.sol,smartcheck,solidity,2022/11/14,20260225_2030,1772051425.998118,4.024190187454224,0,"{SOLIDITY_PRAGMAS_VERSION,SOLIDITY_SAFEMATH,SOLIDITY_VISIBILITY}",{},{},{}
contracts_output/contracts_output/gemini_contracts/gemini_contracts/5030.sol,5030.sol,smartcheck,solidity,2022/11/14,20260225_2030,1772051453.5832393,4.779768466949463,0,"{SOLIDITY_PRAGMAS_VERSION,SOLIDITY_SAFEMATH,SOLIDITY_VISIBILITY}",{},{},{}
contracts_output/contracts_output/gemini_contracts/gemini_contracts/5033.sol,5033.sol,smartcheck,solidity,2022/11/14,20260225_2030,1772051424.8141897,3.7435970306396484,0,"{SOLIDITY_PRAGMAS_VERSION,SOLIDITY_SAFEMATH,SOLIDITY_VISIBILITY}",{},{},{}
contracts_output/contracts_output/gemini_contracts/gemini_contracts/5043.sol,5043.sol,smartcheck,solidity,2022/11/14,20260225_2030,1772051415.2064989,4.5366668701171875,0,"{SOLIDITY_PRAGMAS_VERSION,SOLIDITY_PRIVATE_MODIFIER_DONT_HIDE_DATA,SOLIDITY_SAFEMATH,SOLIDITY_VISIBILITY}",{},{},{}
contracts_output/contracts_output/gemini_contracts/gemini_contracts/5070.sol,5070.sol,smartcheck,solidity,2022/11/14,20260225_2030,1772051498.839888,4.4704368114471436,0,"{SOLIDITY_PRAGMAS_VERSION,SOLIDITY_SAFEMATH,SOLIDITY_VISIBILITY}",{},{},{}
contracts_output/contracts_output/gemini_contracts/gemini_contracts/5074.sol,5074.sol,smartcheck,solidity,2022/11/14,20260225_2030,1772051504.4763188,3.998845100402832,0,"{SOLIDITY_PRAGMAS_VERSION,SOLIDITY_SAFEMATH,SOLIDITY_VISIBILITY}",{},{},{}
contracts_output/contracts_output/gemini_contracts/gemini_contracts/5098.sol,5098.sol,smartcheck,solidity,2022/11/14,20260225_2030,1772051485.4665277,4.494189977645874,0,"{SOLIDITY_ADDRESS_HARDCODED,SOLIDITY_ERC20_APPROVE,SOLIDITY_PRAGMAS_VERSION,SOLIDITY_SAFEMATH,SOLIDITY_VISIBILITY}",{},{},{}
contracts_output/contracts_output/gemini_contracts/gemini_contracts/5099.sol,5099.sol,smartcheck,solidity,2022/11/14,20260225_2030,1772051415.1912725,5.062481164932251,0,"{SOLIDITY_ADDRESS_HARDCODED,SOLIDITY_EXTRA_GAS_IN_LOOPS,SOLIDITY_GAS_LIMIT_IN_LOOPS,SOLIDITY_PRAGMAS_VERSION,SOLIDITY_SAFEMATH,SOLIDITY_VISIBILITY}",{},{},{}
contracts_output/contracts_output/gemini_contracts/gemini_contracts/5101.sol,5101.sol,smartcheck,solidity,2022/11/14,20260225_2030,1772051569.6753087,4.27656626701355,0,"{SOLIDITY_ADDRESS_HARDCODED,SOLIDITY_PRAGMAS_VERSION,SOLIDITY_SAFEMATH,SOLIDITY_VISIBILITY}",{},{},{}
contracts_output/contracts_output/gemini_contracts/gemini_contracts/5131.sol,5131.sol,smartcheck,solidity,2022/11/14,20260225_2030,1772051489.8433418,4.022587537765503,0,"{SOLIDITY_PRAGMAS_VERSION,SOLIDITY_SAFEMATH,SOLIDITY_VISIBILITY}",{},{},{}
contracts_output/contracts_output/gemini_contracts/gemini_contracts/5169.sol,5169.sol,smartcheck,solidity,2022/11/14,20260225_2030,1772051564.881659,4.121685028076172,0,"{SOLIDITY_PRAGMAS_VERSION,SOLIDITY_SAFEMATH,SOLIDITY_VISIBILITY}",{},{},{}
contracts_output/contracts_output/gemini_contracts/gemini_contracts/517.sol,517.sol,smartcheck,solidity,2022/11/14,20260225_2030,1772051455.3362448,3.612802743911743,0,"{SOLIDITY_OVERPOWERED_ROLE,SOLIDITY_PRAGMAS_VERSION,SOLIDITY_SAFEMATH,SOLIDITY_VISIBILITY}",{},{},{}
contracts_output/contracts_output/gemini_contracts/gemini_contracts/5173.sol,5173.sol,smartcheck,solidity,2022/11/14,20260225_2030,1772051529.1059983,3.663964033126831,0,"{SOLIDITY_ADDRESS_HARDCODED,SOLIDITY_ERC20_APPROVE,SOLIDITY_PRAGMAS_VERSION,SOLIDITY_SAFEMATH,SOLIDITY_VISIBILITY}",{},{},{}
contracts_output/contracts_output/gemini_contracts/gemini_contracts/5181.sol,5181.sol,smartcheck,solidity,2022/11/14,20260225_2030,1772051584.063863,4.163963556289673,0,"{SOLIDITY_PRAGMAS_VERSION,SOLIDITY_SAFEMATH,SOLIDITY_VISIBILITY}",{},{},{}
contracts_output/contracts_output/gemini_contracts/gemini_contracts/5188.sol,5188.sol,smartcheck,solidity,2022/11/14,20260225_2030,1772051581.4474335,4.613212585449219,0,"{SOLIDITY_ADDRESS_HARDCODED,SOLIDITY_EXTRA_GAS_IN_LOOPS,SOLIDITY_GAS_LIMIT_IN_LOOPS,SOLIDITY_PRAGMAS_VERSION,SOLIDITY_SAFEMATH,SOLIDITY_VISIBILITY}",{},{},{}
contracts_output/contracts_output/gemini_contracts/gemini_contracts/52.sol,52.sol,smartcheck,solidity,2022/11/14,20260225_2030,1772051539.3895648,3.645601511001587,0,"{SOLIDITY_PRAGMAS_VERSION,SOLIDITY_SAFEMATH,SOLIDITY_VISIBILITY}",{},{},{}
contracts_output/contracts_output/gemini_contracts/gemini_contracts/5200.sol,5200.sol,smartcheck,solidity,2022/11/14,20260225_2030,1772051417.9667373,3.5335824489593506,0,"{SOLIDITY_ERC20_APPROVE,SOLIDITY_PRAGMAS_VERSION,SOLIDITY_SAFEMATH,SOLIDITY_VISIBILITY}",{},{},{}
contracts_output/contracts_output/gemini_contracts/gemini_contracts/521.sol,521.sol,smartcheck,solidity,2022/11/14,20260225_2030,1772051447.4161067,3.538527250289917,0,"{SOLIDITY_PRAGMAS_VERSION,SOLIDITY_SAFEMATH,SOLIDITY_VISIBILITY}",{},{},{}
contracts_output/contracts_output/gemini_contracts/gemini_contracts/5228.sol,5228.sol,smartcheck,solidity,2022/11/14,20260225_2030,1772051549.8771515,4.675707578659058,0,"{SOLIDITY_EXTRA_GAS_IN_LOOPS,SOLIDITY_GAS_LIMIT_IN_LOOPS,SOLIDITY_PRAGMAS_VERSION,SOLIDITY_SAFEMATH,SOLIDITY_VISIBILITY}",{},{},{}
contracts_output/contracts_output/gemini_contracts/gemini_contracts/5253.sol,5253.sol,smartcheck,solidity,2022/11/14,20260225_2030,1772051544.590074,3.9899914264678955,0,"{SOLIDITY_ADDRESS_HARDCODED,SOLIDITY_PRAGMAS_VERSION,SOLIDITY_PRIVATE_MODIFIER_DONT_HIDE_DATA,SOLIDITY_VISIBILITY}",{},{},{}
contracts_output/contracts_output/gemini_contracts/gemini_contracts/527.sol,527.sol,smartcheck,solidity,2022/11/14,20260225_2030,1772051427.3946397,3.407168388366699,0,"{SOLIDITY_PRAGMAS_VERSION,SOLIDITY_SAFEMATH,SOLIDITY_VISIBILITY}",{},{},{}
contracts_output/contracts_output/gemini_contracts/gemini_contracts/5294.sol,5294.sol,smartcheck,solidity,2022/11/14,20260225_2030,1772051583.3324647,4.226926565170288,0,"{SOLIDITY_ADDRESS_HARDCODED,SOLIDITY_LOCKED_MONEY,SOLIDITY_PRAGMAS_VERSION,SOLIDITY_SAFEMATH,SOLIDITY_VISIBILITY}",{},{},{}
contracts_output/contracts_output/gemini_contracts/gemini_contracts/5296.sol,5296.sol,smartcheck,solidity,2022/11/14,20260225_2030,1772051469.4372022,3.9155752658843994,0,"{SOLIDITY_GAS_LIMIT_IN_LOOPS,SOLIDITY_PRAGMAS_VERSION,SOLIDITY_SAFEMATH,SOLIDITY_UPGRADE_TO_050,SOLIDITY_VISIBILITY}",{},{},{}
contracts_output/contracts_output/gemini_contracts/gemini_contracts/5300.sol,5300.sol,smartcheck,solidity,2022/11/14,20260225_2030,1772051586.0615256,3.8576910495758057,0,"{SOLIDITY_EXTRA_GAS_IN_LOOPS,SOLIDITY_GAS_LIMIT_IN_LOOPS,SOLIDITY_PRAGMAS_VERSION,SOLIDITY_SAFEMATH,SOLIDITY_VISIBILITY}",{},{},{}
contracts_output/contracts_output/gemini_contracts/gemini_contracts/5313.sol,5313.sol,smartcheck,solidity,2022/11/14,20260225_2030,1772051445.6958637,4.019418716430664,0,"{SOLIDITY_PRAGMAS_VERSION,SOLIDITY_SAFEMATH,SOLIDITY_VISIBILITY}",{},{},{}
contracts_output/contracts_output/gemini_contracts/gemini_contracts/5314.sol,5314.sol,smartcheck,solidity,2022/11/14,20260225_2030,1772051553.157751,4.117424011230469,0,"{SOLIDITY_PRAGMAS_VERSION,SOLIDITY_SAFEMATH,SOLIDITY_VISIBILITY}",{},{},{}
contracts_output/contracts_output/gemini_contracts/gemini_contracts/5346.sol,5346.sol,smartcheck,solidity,2022/11/14,20260225_2030,1772051519.808984,4.127066135406494,0,"{SOLIDITY_LOCKED_MONEY,SOLIDITY_PRAGMAS_VERSION,SOLIDITY_SAFEMATH,SOLIDITY_VISIBILITY}",{},{},{}
contracts_output/contracts_output/gemini_contracts/gemini_contracts/5392.sol,5392.sol,smartcheck,solidity,2022/11/14,20260225_2030,1772051530.9065027,4.161229848861694,0,"{SOLIDITY_LOCKED_MONEY,SOLIDITY_PRAGMAS_VERSION,SOLIDITY_SAFEMATH,SOLIDITY_VISIBILITY}",{},{},{}
contracts_output/contracts_output/gemini_contracts/gemini_contracts/5397.sol,5397.sol,smartcheck,solidity,2022/11/14,20260225_2030,1772051485.999947,4.2879321575164795,0,"{SOLIDITY_PRAGMAS_VERSION,SOLIDITY_SAFEMATH,SOLIDITY_VISIBILITY}",{},{},{}
contracts_output/contracts_output/gemini_contracts/gemini_contracts/5406.sol,5406.sol,smartcheck,solidity,2022/11/14,20260225_2030,1772051492.3906367,4.007735729217529,0,"{SOLIDITY_PRAGMAS_VERSION,SOLIDITY_SAFEMATH,SOLIDITY_VISIBILITY}",{},{},{}
contracts_output/contracts_output/gemini_contracts/gemini_contracts/5414.sol,5414.sol,smartcheck,solidity,2022/11/14,20260225_2030,1772051498.7011938,3.838303804397583,0,"{SOLIDITY_ADDRESS_HARDCODED,SOLIDITY_PRAGMAS_VERSION,SOLIDITY_SAFEMATH}",{},{},{}
contracts_output/contracts_output/gemini_contracts/gemini_contracts/5432.sol,5432.sol,smartcheck,solidity,2022/11/14,20260225_2030,1772051480.2973168,3.5168495178222656,0,"{SOLIDITY_PRAGMAS_VERSION,SOLIDITY_SAFEMATH,SOLIDITY_VISIBILITY}",{},{},{}
contracts_output/contracts_output/gemini_contracts/gemini_contracts/5444.sol,5444.sol,smartcheck,solidity,2022/11/14,20260225_2030,1772051419.2728271,3.985072612762451,0,"{SOLIDITY_PRAGMAS_VERSION,SOLIDITY_SAFEMATH,SOLIDITY_VISIBILITY}",{},{},{}
contracts_output/contracts_output/gemini_contracts/gemini_contracts/5459.sol,5459.sol,smartcheck,solidity,2022/11/14,20260225_2030,1772051584.5984282,3.9344639778137207,0,"{SOLIDITY_PRAGMAS_VERSION,SOLIDITY_SAFEMATH,SOLIDITY_VISIBILITY}",{},{},{}
contracts_output/contracts_output/gemini_contracts/gemini_contracts/5466.sol,5466.sol,smartcheck,solidity,2022/11/14,20260225_2030,1772051472.1609151,4.172874450683594,0,"{SOLIDITY_LOCKED_MONEY,SOLIDITY_PRAGMAS_VERSION,SOLIDITY_SAFEMATH,SOLIDITY_VISIBILITY}",{},{},{}
contracts_output/contracts_output/gemini_contracts/gemini_contracts/5478.sol,5478.sol,smartcheck,solidity,2022/11/14,20260225_2030,1772051433.6333053,4.7823779582977295,0,"{SOLIDITY_PRAGMAS_VERSION,SOLIDITY_SAFEMATH,SOLIDITY_VISIBILITY}",{},{},{}
contracts_output/contracts_output/gemini_contracts/gemini_contracts/5480.sol,5480.sol,smartcheck,solidity,2022/11/14,20260225_2030,1772051486.3242922,4.0762059688568115,0,"{SOLIDITY_ADDRESS_HARDCODED,SOLIDITY_PRAGMAS_VERSION,SOLIDITY_SAFEMATH,SOLIDITY_VISIBILITY}",{},{},{}
contracts_output/contracts_output/gemini_contracts/gemini_contracts/5481.sol,5481.sol,smartcheck,solidity,2022/11/14,20260225_2030,1772051541.533211,3.602048635482788,0,"{SOLIDITY_PRAGMAS_VERSION,SOLIDITY_SAFEMATH,SOLIDITY_VISIBILITY}",{},{},{}
contracts_output/contracts_output/gemini_contracts/gemini_contracts/5497.sol,5497.sol,smartcheck,solidity,2022/11/14,20260225_2030,1772051504.1077933,4.126557350158691,0,"{SOLIDITY_PRAGMAS_VERSION,SOLIDITY_SAFEMATH,SOLIDITY_VISIBILITY}",{},{},{}
contracts_output/contracts_output/gemini_contracts/gemini_contracts/5500.sol,5500.sol,smartcheck,solidity,2022/11/14,20260225_2030,1772051440.9838905,4.209430932998657,0,"{SOLIDITY_PRAGMAS_VERSION,SOLIDITY_PRIVATE_MODIFIER_DONT_HIDE_DATA,SOLIDITY_SAFEMATH,SOLIDITY_VISIBILITY}",{},{},{}
contracts_output/contracts_output/gemini_contracts/gemini_contracts/5527.sol,5527.sol,smartcheck,solidity,2022/11/14,20260225_2030,1772051562.7341607,3.838914632797241,0,"{SOLIDITY_PRAGMAS_VERSION,SOLIDITY_SAFEMATH,SOLIDITY_SHOULD_RETURN_STRUCT,SOLIDITY_VISIBILITY}",{},{},{}
contracts_output/contracts_output/gemini_contracts/gemini_contracts/5531.sol,5531.sol,smartcheck,solidity,2022/11/14,20260225_2030,1772051468.359366,3.6829864978790283,0,"{SOLIDITY_PRAGMAS_VERSION,SOLIDITY_SAFEMATH,SOLIDITY_VISIBILITY}",{},{},{}
contracts_output/contracts_output/gemini_contracts/gemini_contracts/5534.sol,5534.sol,smartcheck,solidity,2022/11/14,20260225_2030,1772051548.7253268,4.646947383880615,0,"{SOLIDITY_PRAGMAS_VERSION,SOLIDITY_SAFEMATH,SOLIDITY_VISIBILITY}",{},{},{}
contracts_output/contracts_output/gemini_contracts/gemini_contracts/5542.sol,5542.sol,smartcheck,solidity,2022/11/14,20260225_2030,1772051560.3704057,3.6644721031188965,0,"{SOLIDITY_PRAGMAS_VERSION,SOLIDITY_SAFEMATH,SOLIDITY_VISIBILITY}",{},{},{}
contracts_output/contracts_output/gemini_contracts/gemini_contracts/5584.sol,5584.sol,smartcheck,solidity,2022/11/14,20260225_2030,1772051486.2712643,4.042254686355591,0,"{SOLIDITY_PRAGMAS_VERSION,SOLIDITY_SAFEMATH,SOLIDITY_VISIBILITY}",{},{},{}
contracts_output/contracts_output/gemini_contracts/gemini_contracts/5602.sol,5602.sol,smartcheck,solidity,2022/11/14,20260225_2030,1772051460.945397,3.772690534591675,0,"{SOLIDITY_ADDRESS_HARDCODED,SOLIDITY_PRAGMAS_VERSION,SOLIDITY_SAFEMATH,SOLIDITY_VISIBILITY}",{},{},{}
contracts_output/contracts_output/gemini_contracts/gemini_contracts/5609.sol,5609.sol,smartcheck,solidity,2022/11/14,20260225_2030,1772051466.0771222,3.9314939975738525,0,"{SOLIDITY_EXTRA_GAS_IN_LOOPS,SOLIDITY_GAS_LIMIT_IN_LOOPS,SOLIDITY_PRAGMAS_VERSION,SOLIDITY_SAFEMATH,SOLIDITY_VISIBILITY}",{},{},{}
contracts_output/contracts_output/gemini_contracts/gemini_contracts/5627.sol,5627.sol,smartcheck,solidity,2022/11/14,20260225_2030,1772051512.5962055,4.056350231170654,0,"{SOLIDITY_PRAGMAS_VERSION,SOLIDITY_SAFEMATH,SOLIDITY_VISIBILITY}",{},{},{}
contracts_output/contracts_output/gemini_contracts/gemini_contracts/5639.sol,5639.sol,smartcheck,solidity,2022/11/14,20260225_2030,1772051526.0609488,3.8498122692108154,0,"{SOLIDITY_PRAGMAS_VERSION,SOLIDITY_SAFEMATH,SOLIDITY_VISIBILITY}",{},{},{}
contracts_output/contracts_output/gemini_contracts/gemini_contracts/5641.sol,5641.sol,smartcheck,solidity,2022/11/14,20260225_2030,1772051528.3868623,3.8843493461608887,0,"{SOLIDITY_ADDRESS_HARDCODED,SOLIDITY_PRAGMAS_VERSION,SOLIDITY_VISIBILITY}",{},{},{}
contracts_output/contracts_output/gemini_contracts/gemini_contracts/5648.sol,5648.sol,smartcheck,solidity,2022/11/14,20260225_2030,1772051465.9764338,3.9715723991394043,0,"{SOLIDITY_PRAGMAS_VERSION,SOLIDITY_SAFEMATH,SOLIDITY_VISIBILITY}",{},{},{}
contracts_output/contracts_output/gemini_contracts/gemini_contracts/565.sol,565.sol,smartcheck,solidity,2022/11/14,20260225_2030,1772051473.0891607,4.064898729324341,0,"{SOLIDITY_EXTRA_GAS_IN_LOOPS,SOLIDITY_GAS_LIMIT_IN_LOOPS,SOLIDITY_PRAGMAS_VERSION,SOLIDITY_SAFEMATH,SOLIDITY_VISIBILITY}",{},{},{}
contracts_output/contracts_output/gemini_contracts/gemini_contracts/5667.sol,5667.sol,smartcheck,solidity,2022/11/14,20260225_2030,1772051556.8565795,3.751460552215576,0,"{SOLIDITY_ADDRESS_HARDCODED,SOLIDITY_PRAGMAS_VERSION,SOLIDITY_SAFEMATH,SOLIDITY_VISIBILITY}",{},{},{}
contracts_output/contracts_output/gemini_contracts/gemini_contracts/5679.sol,5679.sol,smartcheck,solidity,2022/11/14,20260225_2030,1772051420.081792,4.345832347869873,0,"{SOLIDITY_PRAGMAS_VERSION,SOLIDITY_SAFEMATH,SOLIDITY_VISIBILITY}",{},{},{}
contracts_output/contracts_output/gemini_contracts/gemini_contracts/5691.sol,5691.sol,smartcheck,solidity,2022/11/14,20260225_2030,1772051465.6659923,4.0719895362854,0,"{SOLIDITY_ADDRESS_HARDCODED,SOLIDITY_PRAGMAS_VERSION,SOLIDITY_SAFEMATH,SOLIDITY_VISIBILITY}",{},{},{}
contracts_output/contracts_output/gemini_contracts/gemini_contracts/5701.sol,5701.sol,smartcheck,solidity,2022/11/14,20260225_2030,1772051498.9770744,4.361600875854492,0,"{SOLIDITY_PRAGMAS_VERSION,SOLIDITY_SAFEMATH,SOLIDITY_VISIBILITY}",{},{},{}
contracts_output/contracts_output/gemini_contracts/gemini_contracts/5707.sol,5707.sol,smartcheck,solidity,2022/11/14,20260225_2030,1772051513.3693135,3.862454414367676,0,"{SOLIDITY_ADDRESS_HARDCODED,SOLIDITY_LOCKED_MONEY,SOLIDITY_PRAGMAS_VERSION,SOLIDITY_SAFEMATH,SOLIDITY_VISIBILITY}",{},{},{}
contracts_output/contracts_output/gemini_contracts/gemini_contracts/5732.sol,5732.sol,smartcheck,solidity,2022/11/14,20260225_2030,1772051480.5610745,3.5031092166900635,0,"{SOLIDITY_ADDRESS_HARDCODED,SOLIDITY_PRAGMAS_VERSION,SOLIDITY_SAFEMATH,SOLIDITY_VISIBILITY}",{},{},{}
contracts_output/contracts_output/gemini_contracts/gemini_contracts/5733.sol,5733.sol,smartcheck,solidity,2022/11/14,20260225_2030,1772051561.2197936,3.3841912746429443,0,"{SOLIDITY_PRAGMAS_VERSION,SOLIDITY_VISIBILITY}",{},{},{}
contracts_output/contracts_output/gemini_contracts/gemini_contracts/5740.sol,5740.sol,smartcheck,solidity,2022/11/14,20260225_2030,1772051523.5736804,3.9538798332214355,0,"{SOLIDITY_PRAGMAS_VERSION,SOLIDITY_SAFEMATH,SOLIDITY_VISIBILITY}",{},{},{}
contracts_output/contracts_output/gemini_contracts/gemini_contracts/5759.sol,5759.sol,smartcheck,solidity,2022/11/14,20260225_2030,1772051549.589883,4.590763807296753,0,"{SOLIDITY_PRAGMAS_VERSION,SOLIDITY_SAFEMATH,SOLIDITY_VISIBILITY}",{},{},{}
contracts_output/contracts_output/gemini_contracts/gemini_contracts/5765.sol,5765.sol,smartcheck,solidity,2022/11/14,20260225_2030,1772051433.5083075,4.5628674030303955,0,"{SOLIDITY_PRAGMAS_VERSION,SOLIDITY_SAFEMATH,SOLIDITY_VISIBILITY}",{},{},{}
contracts_output/contracts_output/gemini_contracts/gemini_contracts/5767.sol,5767.sol,smartcheck,solidity,2022/11/14,20260225_2030,1772051481.254399,3.9105865955352783,0,"{SOLIDITY_ADDRESS_HARDCODED,SOLIDITY_PRAGMAS_VERSION,SOLIDITY_SAFEMATH,SOLIDITY_VISIBILITY}",{},{},{}
contracts_output/contracts_output/gemini_contracts/gemini_contracts/5781.sol,5781.sol,smartcheck,solidity,2022/11/14,20260225_2030,1772051487.010371,3.7722227573394775,0,"{SOLIDITY_ADDRESS_HARDCODED,SOLIDITY_PRAGMAS_VERSION,SOLIDITY_SAFEMATH,SOLIDITY_VISIBILITY}",{},{},{}
contracts_output/contracts_output/gemini_contracts/gemini_contracts/5791.sol,5791.sol,smartcheck,solidity,2022/11/14,20260225_2030,1772051543.6858118,4.498865842819214,0,"{SOLIDITY_PRAGMAS_VERSION,SOLIDITY_SAFEMATH,SOLIDITY_VISIBILITY}",{},{},{}
contracts_output/contracts_output/gemini_contracts/gemini_contracts/5799.sol,5799.sol,smartcheck,solidity,2022/11/14,20260225_2030,1772051532.725193,4.129490852355957,0,"{SOLIDITY_ADDRESS_HARDCODED,SOLIDITY_PRAGMAS_VERSION,SOLIDITY_SAFEMATH,SOLIDITY_VISIBILITY}",{},{},{}
contracts_output/contracts_output/gemini_contracts/gemini_contracts/5800.sol,5800.sol,smartcheck,solidity,2022/11/14,20260225_2030,1772051577.5517464,4.313018321990967,0,"{SOLIDITY_LOCKED_MONEY,SOLIDITY_PRAGMAS_VERSION,SOLIDITY_SAFEMATH,SOLIDITY_VISIBILITY}",{},{},{}
contracts_output/contracts_output/gemini_contracts/gemini_contracts/5804.sol,5804.sol,smartcheck,solidity,2022/11/14,20260225_2030,1772051559.446978,4.078571319580078,0,"{SOLIDITY_ADDRESS_HARDCODED,SOLIDITY_PRAGMAS_VERSION,SOLIDITY_SAFEMATH,SOLIDITY_VISIBILITY}",{},{},{}
contracts_output/contracts_output/gemini_contracts/gemini_contracts/5822.sol,5822.sol,smartcheck,solidity,2022/11/14,20260225_2030,1772051449.0468314,3.794316291809082,0,"{SOLIDITY_PRAGMAS_VERSION,SOLIDITY_SAFEMATH}",{},{},{}
contracts_output/contracts_output/gemini_contracts/gemini_contracts/5836.sol,5836.sol,smartcheck,solidity,2022/11/14,20260225_2030,1772051520.4260356,3.831778049468994,0,"{SOLIDITY_PRAGMAS_VERSION,SOLIDITY_SAFEMATH,SOLIDITY_VISIBILITY}",{},{},{}
contracts_output/contracts_output/gemini_contracts/gemini_contracts/5894.sol,5894.sol,smartcheck,solidity,2022/11/14,20260225_2030,1772051450.8379676,3.931886911392212,0,"{SOLIDITY_ADDRESS_HARDCODED,SOLIDITY_PRAGMAS_VERSION,SOLIDITY_SAFEMATH,SOLIDITY_VISIBILITY}",{},{},{}
contracts_output/contracts_output/gemini_contracts/gemini_contracts/5915.sol,5915.sol,smartcheck,solidity,2022/11/14,20260225_2030,1772051452.906361,4.252177000045776,0,"{SOLIDITY_ADDRESS_HARDCODED,SOLIDITY_PRAGMAS_VERSION,SOLIDITY_SAFEMATH,SOLIDITY_VISIBILITY}",{},{},{}
contracts_output/contracts_output/gemini_contracts/gemini_contracts/5919.sol,5919.sol,smartcheck,solidity,2022/11/14,20260225_2030,1772051433.8370326,4.464913368225098,0,"{SOLIDITY_ADDRESS_HARDCODED,SOLIDITY_LOCKED_MONEY,SOLIDITY_PRAGMAS_VERSION,SOLIDITY_SAFEMATH,SOLIDITY_VISIBILITY}",{},{},{}
contracts_output/contracts_output/gemini_contracts/gemini_contracts/5921.sol,5921.sol,smartcheck,solidity,2022/11/14,20260225_2030,1772051485.1656933,4.087529182434082,0,"{SOLIDITY_PRAGMAS_VERSION,SOLIDITY_SAFEMATH,SOLIDITY_VISIBILITY}",{},{},{}
contracts_output/contracts_output/gemini_contracts/gemini_contracts/5927.sol,5927.sol,smartcheck,solidity,2022/11/14,20260225_2030,1772051429.5353482,3.9322750568389893,0,"{SOLIDITY_EXTRA_GAS_IN_LOOPS,SOLIDITY_GAS_LIMIT_IN_LOOPS,SOLIDITY_PRAGMAS_VERSION,SOLIDITY_SAFEMATH,SOLIDITY_VISIBILITY}",{},{},{}
contracts_output/contracts_output/gemini_contracts/gemini_contracts/5928.sol,5928.sol,smartcheck,solidity,2022/11/14,20260225_2030,1772051476.1449838,4.3346874713897705,0,"{SOLIDITY_PRAGMAS_VERSION,SOLIDITY_SAFEMATH,SOLIDITY_VISIBILITY}",{},{},{}
contracts_output/contracts_output/gemini_contracts/gemini_contracts/5946.sol,5946.sol,smartcheck,solidity,2022/11/14,20260225_2030,1772051448.6136699,3.7258360385894775,0,"{SOLIDITY_ADDRESS_HARDCODED,SOLIDITY_PRAGMAS_VERSION,SOLIDITY_VISIBILITY}",{},{},{}
contracts_output/contracts_output/gemini_contracts/gemini_contracts/5952.sol,5952.sol,smartcheck,solidity,2022/11/14,20260225_2030,1772051456.353042,4.604982614517212,0,"{SOLIDITY_ADDRESS_HARDCODED,SOLIDITY_OVERPOWERED_ROLE,SOLIDITY_PRAGMAS_VERSION,SOLIDITY_SAFEMATH,SOLIDITY_VISIBILITY}",{},{},{}
contracts_output/contracts_output/gemini_contracts/gemini_contracts/5953.sol,5953.sol,smartcheck,solidity,2022/11/14,20260225_2030,1772051474.78955,4.329927206039429,0,"{SOLIDITY_ADDRESS_HARDCODED,SOLIDITY_PRAGMAS_VERSION,SOLIDITY_VISIBILITY}",{},{},{}
contracts_output/contracts_output/gemini_contracts/gemini_contracts/598.sol,598.sol,smartcheck,solidity,2022/11/14,20260225_2030,1772051463.0384612,4.0220794677734375,0,"{SOLIDITY_ADDRESS_HARDCODED,SOLIDITY_PRAGMAS_VERSION,SOLIDITY_SAFEMATH,SOLIDITY_VISIBILITY}",{},{},{}
contracts_output/contracts_output/gemini_contracts/gemini_contracts/5993.sol,5993.sol,smartcheck,solidity,2022/11/14,20260225_2030,1772051548.4438217,4.710961580276489,0,"{SOLIDITY_ERC20_APPROVE,SOLIDITY_PRAGMAS_VERSION,SOLIDITY_PRIVATE_MODIFIER_DONT_HIDE_DATA,SOLIDITY_SAFEMATH,SOLIDITY_VISIBILITY}",{},{},{}
contracts_output/contracts_output/gemini_contracts/gemini_contracts/6003.sol,6003.sol,smartcheck,solidity,2022/11/14,20260225_2030,1772051421.1527956,4.312020778656006,0,"{SOLIDITY_LOCKED_MONEY,SOLIDITY_PRAGMAS_VERSION,SOLIDITY_SAFEMATH,SOLIDITY_VISIBILITY}",{},{},{}
contracts_output/contracts_output/gemini_contracts/gemini_contracts/6025.sol,6025.sol,smartcheck,solidity,2022/11/14,20260225_2030,1772051508.6728573,4.738972425460815,0,"{SOLIDITY_PRAGMAS_VERSION,SOLIDITY_SAFEMATH,SOLIDITY_VISIBILITY}",{},{},{}
contracts_output/contracts_output/gemini_contracts/gemini_contracts/6042.sol,6042.sol,smartcheck,solidity,2022/11/14,20260225_2030,1772051526.6107793,4.018842458724976,0,"{SOLIDITY_PRAGMAS_VERSION,SOLIDITY_SAFEMATH,SOLIDITY_VISIBILITY}",{},{},{}
contracts_output/contracts_output/gemini_contracts/gemini_contracts/6047.sol,6047.sol,smartcheck,solidity,2022/11/14,20260225_2030,1772051514.0562415,3.917588710784912,0,"{SOLIDITY_ADDRESS_HARDCODED,SOLIDITY_PRAGMAS_VERSION,SOLIDITY_SAFEMATH,SOLIDITY_VISIBILITY}",{},{},{}
contracts_output/contracts_output/gemini_contracts/gemini_contracts/6054.sol,6054.sol,smartcheck,solidity,2022/11/14,20260225_2030,1772051584.7418132,3.943516254425049,0,"{SOLIDITY_PRAGMAS_VERSION,SOLIDITY_SAFEMATH,SOLIDITY_VISIBILITY}",{},{},{}
contracts_output/contracts_output/gemini_contracts/gemini_contracts/6060.sol,6060.sol,smartcheck,solidity,2022/11/14,20260225_2030,1772051569.0047305,3.410414695739746,0,"{SOLIDITY_PRAGMAS_VERSION,SOLIDITY_SAFEMATH,SOLIDITY_VISIBILITY}",{},{},{}
contracts_output/contracts_output/gemini_contracts/gemini_contracts/6063.sol,6063.sol,smartcheck,solidity,2022/11/14,20260225_2030,1772051513.734421,3.9877846240997314,0,"{SOLIDITY_PRAGMAS_VERSION,SOLIDITY_SAFEMATH,SOLIDITY_VISIBILITY}",{},{},{}
contracts_output/contracts_output/gemini_contracts/gemini_contracts/609.sol,609.sol,smartcheck,solidity,2022/11/14,20260225_2030,1772051441.4696288,4.225644111633301,0,"{SOLIDITY_PRAGMAS_VERSION,SOLIDITY_SAFEMATH,SOLIDITY_VISIBILITY}",{},{},{}
contracts_output/contracts_output/gemini_contracts/gemini_contracts/6100.sol,6100.sol,smartcheck,solidity,2022/11/14,20260225_2030,1772051508.8073173,4.8385515213012695,0,"{SOLIDITY_PRAGMAS_VERSION,SOLIDITY_SAFEMATH,SOLIDITY_VISIBILITY}",{},{},{}
contracts_output/contracts_output/gemini_contracts/gemini_contracts/6110.sol,6110.sol,smartcheck,solidity,2022/11/14,20260225_2030,1772051470.3106108,3.9042131900787354,0,"{SOLIDITY_PRAGMAS_VERSION,SOLIDITY_SAFEMATH,SOLIDITY_VISIBILITY}",{},{},{}
contracts_output/contracts_output/gemini_contracts/gemini_contracts/6123.sol,6123.sol,smartcheck,solidity,2022/11/14,20260225_2030,1772051497.0705395,4.154052495956421,0,"{SOLIDITY_ERC20_APPROVE,SOLIDITY_PRAGMAS_VERSION,SOLIDITY_PRIVATE_MODIFIER_DONT_HIDE_DATA,SOLIDITY_SAFEMATH,SOLIDITY_VISIBILITY}",{},{},{}
contracts_output/contracts_output/gemini_contracts/gemini_contracts/6152.sol,6152.sol,smartcheck,solidity,2022/11/14,20260225_2030,1772051492.4596713,4.037124156951904,0,"{SOLIDITY_PRAGMAS_VERSION,SOLIDITY_SAFEMATH,SOLIDITY_VISIBILITY}",{},{},{}
contracts_output/contracts_output/gemini_contracts/gemini_contracts/6178.sol,6178.sol,smartcheck,solidity,2022/11/14,20260225_2030,1772051496.399039,4.0045692920684814,0,"{SOLIDITY_PRAGMAS_VERSION,SOLIDITY_SAFEMATH,SOLIDITY_VISIBILITY}",{},{},{}
contracts_output/contracts_output/gemini_contracts/gemini_contracts/6206.sol,6206.sol,smartcheck,solidity,2022/11/14,20260225_2030,1772051517.7003596,3.59689998626709,0,"{SOLIDITY_ADDRESS_HARDCODED,SOLIDITY_PRAGMAS_VERSION,SOLIDITY_SAFEMATH,SOLIDITY_UPGRADE_TO_050,SOLIDITY_VISIBILITY}",{},{},{}
contracts_output/contracts_output/gemini_contracts/gemini_contracts/6236.sol,6236.sol,smartcheck,solidity,2022/11/14,20260225_2030,1772051533.2727716,4.893388748168945,0,"{SOLIDITY_ADDRESS_HARDCODED,SOLIDITY_PRAGMAS_VERSION,SOLIDITY_SAFEMATH,SOLIDITY_VISIBILITY}",{},{},{}
contracts_output/contracts_output/gemini_contracts/gemini_contracts/6249.sol,6249.sol,smartcheck,solidity,2022/11/14,20260225_2030,1772051564.031497,4.043480634689331,0,"{SOLIDITY_OVERPOWERED_ROLE,SOLIDITY_PRAGMAS_VERSION,SOLIDITY_SAFEMATH,SOLIDITY_VISIBILITY}",{},{},{}
contracts_output/contracts_output/gemini_contracts/gemini_contracts/6260.sol,6260.sol,smartcheck,solidity,2022/11/14,20260225_2030,1772051481.815993,3.6489906311035156,0,"{SOLIDITY_PRAGMAS_VERSION,SOLIDITY_SAFEMATH,SOLIDITY_UPGRADE_TO_050,SOLIDITY_VISIBILITY}",{},{},{}
contracts_output/contracts_output/gemini_contracts/gemini_contracts/6276.sol,6276.sol,smartcheck,solidity,2022/11/14,20260225_2030,1772051455.5036948,3.7861626148223877,0,"{SOLIDITY_ADDRESS_HARDCODED,SOLIDITY_LOCKED_MONEY,SOLIDITY_PRAGMAS_VERSION,SOLIDITY_VISIBILITY}",{},{},{}
contracts_output/contracts_output/gemini_contracts/gemini_contracts/629.sol,629.sol,smartcheck,solidity,2022/11/14,20260225_2030,1772051565.3970249,3.936190366744995,0,"{SOLIDITY_PRAGMAS_VERSION,SOLIDITY_SAFEMATH,SOLIDITY_VISIBILITY}",{},{},{}
contracts_output/contracts_output/gemini_contracts/gemini_contracts/6310.sol,6310.sol,smartcheck,solidity,2022/11/14,20260225_2030,1772051558.5937972,3.710963726043701,0,"{SOLIDITY_ADDRESS_HARDCODED,SOLIDITY_PRAGMAS_VERSION,SOLIDITY_SAFEMATH,SOLIDITY_VISIBILITY}",{},{},{}
contracts_output/contracts_output/gemini_contracts/gemini_contracts/6311.sol,6311.sol,smartcheck,solidity,2022/11/14,20260225_2030,1772051498.9378104,4.514608144760132,0,"{SOLIDITY_PRAGMAS_VERSION,SOLIDITY_SAFEMATH,SOLIDITY_VISIBILITY}",{},{},{}
contracts_output/contracts_output/gemini_contracts/gemini_contracts/6317.sol,6317.sol,smartcheck,solidity,2022/11/14,20260225_2030,1772051584.5604126,3.813267946243286,0,"{SOLIDITY_LOCKED_MONEY,SOLIDITY_PRAGMAS_VERSION,SOLIDITY_SAFEMATH,SOLIDITY_VISIBILITY}",{},{},{}
contracts_output/contracts_output/gemini_contracts/gemini_contracts/6318.sol,6318.sol,smartcheck,solidity,2022/11/14,20260225_2030,1772051519.618865,4.229704856872559,0,"{SOLIDITY_PRAGMAS_VERSION,SOLIDITY_SAFEMATH,SOLIDITY_VISIBILITY}",{},{},{}
contracts_output/contracts_output/gemini_contracts/gemini_contracts/6330.sol,6330.sol,smartcheck,solidity,2022/11/14,20260225_2030,1772051440.4951663,4.008517026901245,0,"{SOLIDITY_PRAGMAS_VERSION,SOLIDITY_PRIVATE_MODIFIER_DONT_HIDE_DATA,SOLIDITY_SAFEMATH,SOLIDITY_VISIBILITY}",{},{},{}
contracts_output/contracts_output/gemini_contracts/gemini_contracts/6348.sol,6348.sol,smartcheck,solidity,2022/11/14,20260225_2030,1772051534.5568554,4.174544095993042,0,"{SOLIDITY_PRAGMAS_VERSION,SOLIDITY_SAFEMATH,SOLIDITY_VISIBILITY}",{},{},{}
contracts_output/contracts_output/gemini_contracts/gemini_contracts/6370.sol,6370.sol,smartcheck,solidity,2022/11/14,20260225_2030,1772051583.180875,4.23568868637085,0,"{SOLIDITY_PRAGMAS_VERSION,SOLIDITY_SAFEMATH,SOLIDITY_VISIBILITY}",{},{},{}
contracts_output/contracts_output/gemini_contracts/gemini_contracts/6381.sol,6381.sol,smartcheck,solidity,2022/11/14,20260225_2030,1772051540.106215,4.134298086166382,0,"{SOLIDITY_ADDRESS_HARDCODED,SOLIDITY_PRAGMAS_VERSION,SOLIDITY_SAFEMATH,SOLIDITY_UPGRADE_TO_050,SOLIDITY_VISIBILITY}",{},{},{}
contracts_output/contracts_output/gemini_contracts/gemini_contracts/6383.sol,6383.sol,smartcheck,solidity,2022/11/14,20260225_2030,1772051487.7172523,3.65606427192688,0,"{SOLIDITY_PRAGMAS_VERSION,SOLIDITY_SAFEMATH,SOLIDITY_VISIBILITY}",{},{},{}
contracts_output/contracts_output/gemini_contracts/gemini_contracts/6386.sol,6386.sol,smartcheck,solidity,2022/11/14,20260225_2030,1772051497.7276773,3.728214979171753,0,"{SOLIDITY_PRAGMAS_VERSION,SOLIDITY_SAFEMATH,SOLIDITY_VISIBILITY}",{},{},{}
contracts_output/contracts_output/gemini_contracts/gemini_contracts/6399.sol,6399.sol,smartcheck,solidity,2022/11/14,20260225_2030,1772051563.4740431,4.188936471939087,0,"{SOLIDITY_ADDRESS_HARDCODED,SOLIDITY_PRAGMAS_VERSION,SOLIDITY_VISIBILITY}",{},{},{}
contracts_output/contracts_output/gemini_contracts/gemini_contracts/6404.sol,6404.sol,smartcheck,solidity,2022/11/14,20260225_2030,1772051545.3022122,4.126036167144775,0,"{SOLIDITY_ADDRESS_HARDCODED,SOLIDITY_EXTRA_GAS_IN_LOOPS,SOLIDITY_GAS_LIMIT_IN_LOOPS,SOLIDITY_PRAGMAS_VERSION,SOLIDITY_SAFEMATH,SOLIDITY_VISIBILITY}",{},{},{}
contracts_output/contracts_output/gemini_contracts/gemini_contracts/6408.sol,6408.sol,smartcheck,solidity,2022/11/14,20260225_2030,1772051453.689802,4.747955560684204,0,"{SOLIDITY_ADDRESS_HARDCODED,SOLIDITY_LOCKED_MONEY,SOLIDITY_PRAGMAS_VERSION,SOLIDITY_SAFEMATH,SOLIDITY_VISIBILITY}",{},{},{}
contracts_output/contracts_output/gemini_contracts/gemini_contracts/6427.sol,6427.sol,smartcheck,solidity,2022/11/14,20260225_2030,1772051484.2008133,3.769972085952759,0,"{SOLIDITY_PRAGMAS_VERSION,SOLIDITY_SAFEMATH,SOLIDITY_VISIBILITY}",{},{},{}
contracts_output/contracts_output/gemini_contracts/gemini_contracts/6429.sol,6429.sol,smartcheck,solidity,2022/11/14,20260225_2030,1772051471.7477016,3.696406602859497,0,"{SOLIDITY_ADDRESS_HARDCODED,SOLIDITY_PRAGMAS_VERSION,SOLIDITY_SAFEMATH,SOLIDITY_VISIBILITY}",{},{},{}
contracts_output/contracts_output/gemini_contracts/gemini_contracts/6434.sol,6434.sol,smartcheck,solidity,2022/11/14,20260225_2030,1772051563.7601233,4.187763452529907,0,"{SOLIDITY_PRAGMAS_VERSION,SOLIDITY_SAFEMATH,SOLIDITY_VISIBILITY}",{},{},{}
contracts_output/contracts_output/gemini_contracts/gemini_contracts/6458.sol,6458.sol,smartcheck,solidity,2022/11/14,20260225_2030,1772051427.085677,3.4649596214294434,0,"{SOLIDITY_PRAGMAS_VERSION,SOLIDITY_SAFEMATH,SOLIDITY_VISIBILITY}",{},{},{}
contracts_output/contracts_output/gemini_contracts/gemini_contracts/6503.sol,6503.sol,smartcheck,solidity,2022/11/14,20260225_2030,1772051464.7153478,3.6413795948028564,0,"{SOLIDITY_PRAGMAS_VERSION,SOLIDITY_SAFEMATH,SOLIDITY_VISIBILITY}",{},{},{}
contracts_output/contracts_output/gemini_contracts/gemini_contracts/6513.sol,6513.sol,smartcheck,solidity,2022/11/14,20260225_2030,1772051467.4790885,3.94442081451416,0,"{SOLIDITY_PRAGMAS_VERSION,SOLIDITY_PRIVATE_MODIFIER_DONT_HIDE_DATA,SOLIDITY_SAFEMATH,SOLIDITY_VISIBILITY}",{},{},{}
contracts_output/contracts_output/gemini_contracts/gemini_contracts/6515.sol,6515.sol,smartcheck,solidity,2022/11/14,20260225_2030,1772051575.0658503,3.5397722721099854,0,"{SOLIDITY_PRAGMAS_VERSION,SOLIDITY_PRIVATE_MODIFIER_DONT_HIDE_DATA,SOLIDITY_SAFEMATH,SOLIDITY_VISIBILITY}",{},{},{}
contracts_output/contracts_output/gemini_contracts/gemini_contracts/6517.sol,6517.sol,smartcheck,solidity,2022/11/14,20260225_2030,1772051489.99519,3.969508409500122,0,"{SOLIDITY_ADDRESS_HARDCODED,SOLIDITY_OVERPOWERED_ROLE,SOLIDITY_PRAGMAS_VERSION,SOLIDITY_SAFEMATH,SOLIDITY_VISIBILITY}",{},{},{}
contracts_output/contracts_output/gemini_contracts/gemini_contracts/6519.sol,6519.sol,smartcheck,solidity,2022/11/14,20260225_2030,1772051445.0239687,3.684314012527466,0,"{SOLIDITY_PRAGMAS_VERSION,SOLIDITY_PRIVATE_MODIFIER_DONT_HIDE_DATA,SOLIDITY_SAFEMATH,SOLIDITY_VISIBILITY}",{},{},{}
contracts_output/contracts_output/gemini_contracts/gemini_contracts/6528.sol,6528.sol,smartcheck,solidity,2022/11/14,20260225_2030,1772051425.322513,3.992917060852051,0,"{SOLIDITY_PRAGMAS_VERSION,SOLIDITY_SAFEMATH}",{},{},{}
contracts_output/contracts_output/gemini_contracts/gemini_contracts/6552.sol,6552.sol,smartcheck,solidity,2022/11/14,20260225_2030,1772051432.4568932,3.8146934509277344,0,"{SOLIDITY_PRAGMAS_VERSION,SOLIDITY_SAFEMATH,SOLIDITY_VISIBILITY}",{},{},{}
contracts_output/contracts_output/gemini_contracts/gemini_contracts/6562.sol,6562.sol,smartcheck,solidity,2022/11/14,20260225_2030,1772051587.5714304,3.005079507827759,0,"{SOLIDITY_PRAGMAS_VERSION,SOLIDITY_PRIVATE_MODIFIER_DONT_HIDE_DATA,SOLIDITY_SAFEMATH,SOLIDITY_VISIBILITY}",{},{},{}
contracts_output/contracts_output/gemini_contracts/gemini_contracts/6593.sol,6593.sol,smartcheck,solidity,2022/11/14,20260225_2030,1772051464.4608233,3.831066608428955,0,"{SOLIDITY_PRAGMAS_VERSION,SOLIDITY_SAFEMATH,SOLIDITY_VISIBILITY}",{},{},{}
contracts_output/contracts_output/gemini_contracts/gemini_contracts/6613.sol,6613.sol,smartcheck,solidity,2022/11/14,20260225_2030,1772051507.794397,3.5223422050476074,0,"{SOLIDITY_ADDRESS_HARDCODED,SOLIDITY_PRAGMAS_VERSION,SOLIDITY_SAFEMATH,SOLIDITY_VISIBILITY}",{},{},{}
contracts_output/contracts_output/gemini_contracts/gemini_contracts/6641.sol,6641.sol,smartcheck,solidity,2022/11/14,20260225_2030,1772051519.6690507,4.388027667999268,0,"{SOLIDITY_EXTRA_GAS_IN_LOOPS,SOLIDITY_GAS_LIMIT_IN_LOOPS,SOLIDITY_PRAGMAS_VERSION,SOLIDITY_SAFEMATH,SOLIDITY_TRANSFER_IN_LOOP,SOLIDITY_VISIBILITY}",{},{},{}
contracts_output/contracts_output/gemini_contracts/gemini_contracts/6644.sol,6644.sol,smartcheck,solidity,2022/11/14,20260225_2030,1772051581.056463,4.728264331817627,0,"{SOLIDITY_PRAGMAS_VERSION,SOLIDITY_SAFEMATH,SOLIDITY_VISIBILITY}",{},{},{}
contracts_output/contracts_output/gemini_contracts/gemini_contracts/6660.sol,6660.sol,smartcheck,solidity,2022/11/14,20260225_2030,1772051557.1531568,4.319708585739136,0,"{SOLIDITY_ADDRESS_HARDCODED,SOLIDITY_PRAGMAS_VERSION,SOLIDITY_SAFEMATH,SOLIDITY_VISIBILITY}",{},{},{}
contracts_output/contracts_output/gemini_contracts/gemini_contracts/6667.sol,6667.sol,smartcheck,solidity,2022/11/14,20260225_2030,1772051530.1626647,3.627436876296997,0,"{SOLIDITY_PRAGMAS_VERSION,SOLIDITY_SAFEMATH,SOLIDITY_SHOULD_NOT_BE_PURE,SOLIDITY_VISIBILITY}",{},{},{}
contracts_output/contracts_output/gemini_contracts/gemini_contracts/6671.sol,6671.sol,smartcheck,solidity,2022/11/14,20260225_2030,1772051415.2160673,4.071601629257202,0,"{SOLIDITY_PRAGMAS_VERSION,SOLIDITY_SAFEMATH,SOLIDITY_SHOULD_RETURN_STRUCT,SOLIDITY_VISIBILITY}",{},{},{}
contracts_output/contracts_output/gemini_contracts/gemini_contracts/6724.sol,6724.sol,smartcheck,solidity,2022/11/14,20260225_2030,1772051466.335848,4.217935800552368,0,"{SOLIDITY_ADDRESS_HARDCODED,SOLIDITY_PRAGMAS_VERSION,SOLIDITY_SAFEMATH,SOLIDITY_VISIBILITY}",{},{},{}
contracts_output/contracts_output/gemini_contracts/gemini_contracts/6726.sol,6726.sol,smartcheck,solidity,2022/11/14,20260225_2030,1772051586.6096134,3.787241220474243,0,"{SOLIDITY_PRAGMAS_VERSION,SOLIDITY_SAFEMATH,SOLIDITY_VISIBILITY}",{},{},{}
contracts_output/contracts_output/gemini_contracts/gemini_contracts/6728.sol,6728.sol,smartcheck,solidity,2022/11/14,20260225_2030,1772051445.9934704,4.240838527679443,0,"{SOLIDITY_ADDRESS_HARDCODED,SOLIDITY_PRAGMAS_VERSION,SOLIDITY_SAFEMATH,SOLIDITY_VISIBILITY}",{},{},{}
contracts_output/contracts_output/gemini_contracts/gemini_contracts/6735.sol,6735.sol,smartcheck,solidity,2022/11/14,20260225_2030,1772051487.701686,3.8413541316986084,0,"{SOLIDITY_LOCKED_MONEY,SOLIDITY_PRAGMAS_VERSION,SOLIDITY_SAFEMATH,SOLIDITY_VISIBILITY}",{},{},{}
contracts_output/contracts_output/gemini_contracts/gemini_contracts/6751.sol,6751.sol,smartcheck,solidity,2022/11/14,20260225_2030,1772051460.9586291,4.078400611877441,0,"{SOLIDITY_ADDRESS_HARDCODED,SOLIDITY_PRAGMAS_VERSION,SOLIDITY_SAFEMATH,SOLIDITY_VISIBILITY}",{},{},{}
contracts_output/contracts_output/gemini_contracts/gemini_contracts/6764.sol,6764.sol,smartcheck,solidity,2022/11/14,20260225_2030,1772051487.286786,3.586092233657837,0,"{SOLIDITY_LOCKED_MONEY,SOLIDITY_PRAGMAS_VERSION,SOLIDITY_SAFEMATH,SOLIDITY_VISIBILITY}",{},{},{}
contracts_output/contracts_output/gemini_contracts/gemini_contracts/6774.sol,6774.sol,smartcheck,solidity,2022/11/14,20260225_2030,1772051561.4981153,3.897646188735962,0,"{SOLIDITY_PRAGMAS_VERSION,SOLIDITY_SAFEMATH,SOLIDITY_VISIBILITY}",{},{},{}
contracts_output/contracts_output/gemini_contracts/gemini_contracts/6776.sol,6776.sol,smartcheck,solidity,2022/11/14,20260225_2030,1772051548.1877258,3.77695631980896,0,"{SOLIDITY_LOCKED_MONEY,SOLIDITY_PRAGMAS_VERSION,SOLIDITY_SAFEMATH,SOLIDITY_VISIBILITY}",{},{},{}
contracts_output/contracts_output/gemini_contracts/gemini_contracts/6786.sol,6786.sol,smartcheck,solidity,2022/11/14,20260225_2030,1772051563.52642,4.773611068725586,0,"{SOLIDITY_ADDRESS_HARDCODED,SOLIDITY_PRAGMAS_VERSION,SOLIDITY_PRIVATE_MODIFIER_DONT_HIDE_DATA,SOLIDITY_SAFEMATH,SOLIDITY_VISIBILITY}",{},{},{}
contracts_output/contracts_output/gemini_contracts/gemini_contracts/6808.sol,6808.sol,smartcheck,solidity,2022/11/14,20260225_2030,1772051444.9199407,3.6926610469818115,0,"{SOLIDITY_PRAGMAS_VERSION,SOLIDITY_SAFEMATH,SOLIDITY_VISIBILITY}",{},{},{}
contracts_output/contracts_output/gemini_contracts/gemini_contracts/6826.sol,6826.sol,smartcheck,solidity,2022/11/14,20260225_2030,1772051431.0801086,3.499145984649658,0,"{SOLIDITY_PRAGMAS_VERSION,SOLIDITY_SAFEMATH,SOLIDITY_VISIBILITY}",{},{},{}
contracts_output/contracts_output/gemini_contracts/gemini_contracts/6848.sol,6848.sol,smartcheck,solidity,2022/11/14,20260225_2030,1772051583.1566784,4.328110694885254,0,"{SOLIDITY_PRAGMAS_VERSION,SOLIDITY_SAFEMATH,SOLIDITY_VISIBILITY}",{},{},{}
contracts_output/contracts_output/gemini_contracts/gemini_contracts/6875.sol,6875.sol,smartcheck,solidity,2022/11/14,20260225_2030,1772051561.7833354,4.085075616836548,0,"{SOLIDITY_PRAGMAS_VERSION,SOLIDITY_SAFEMATH,SOLIDITY_VISIBILITY}",{},{},{}
contracts_output/contracts_output/gemini_contracts/gemini_contracts/689.sol,689.sol,smartcheck,solidity,2022/11/14,20260225_2030,1772051537.7880363,4.113407611846924,0,"{SOLIDITY_PRAGMAS_VERSION,SOLIDITY_SAFEMATH,SOLIDITY_VISIBILITY}",{},{},{}
contracts_output/contracts_output/gemini_contracts/gemini_contracts/691.sol,691.sol,smartcheck,solidity,2022/11/14,20260225_2030,1772051537.675578,3.9294323921203613,0,"{SOLIDITY_ADDRESS_HARDCODED,SOLIDITY_PRAGMAS_VERSION,SOLIDITY_SAFEMATH,SOLIDITY_VISIBILITY}",{},{},{}
contracts_output/contracts_output/gemini_contracts/gemini_contracts/694.sol,694.sol,smartcheck,solidity,2022/11/14,20260225_2030,1772051554.507551,3.54170298576355,0,"{SOLIDITY_LOCKED_MONEY,SOLIDITY_PRAGMAS_VERSION,SOLIDITY_SAFEMATH,SOLIDITY_VISIBILITY}",{},{},{}
contracts_output/contracts_output/gemini_contracts/gemini_contracts/714.sol,714.sol,smartcheck,solidity,2022/11/14,20260225_2030,1772051475.2377954,4.1854088306427,0,"{SOLIDITY_LOCKED_MONEY,SOLIDITY_PRAGMAS_VERSION,SOLIDITY_SAFEMATH,SOLIDITY_VISIBILITY}",{},{},{}
contracts_output/contracts_output/gemini_contracts/gemini_contracts/725.sol,725.sol,smartcheck,solidity,2022/11/14,20260225_2030,1772051423.7646227,4.021052598953247,0,"{SOLIDITY_PRAGMAS_VERSION,SOLIDITY_SAFEMATH,SOLIDITY_VISIBILITY}",{},{},{}
contracts_output/contracts_output/gemini_contracts/gemini_contracts/732.sol,732.sol,smartcheck,solidity,2022/11/14,20260225_2030,1772051415.2643433,5.246676921844482,0,"{SOLIDITY_ADDRESS_HARDCODED,SOLIDITY_PRAGMAS_VERSION,SOLIDITY_SAFEMATH,SOLIDITY_VISIBILITY}",{},{},{}
contracts_output/contracts_output/gemini_contracts/gemini_contracts/752.sol,752.sol,smartcheck,solidity,2022/11/14,20260225_2030,1772051548.103768,3.59097957611084,0,"{SOLIDITY_ADDRESS_HARDCODED,SOLIDITY_LOCKED_MONEY,SOLIDITY_PRAGMAS_VERSION,SOLIDITY_SAFEMATH,SOLIDITY_VISIBILITY}",{},{},{}
contracts_output/contracts_output/gemini_contracts/gemini_contracts/761.sol,761.sol,smartcheck,solidity,2022/11/14,20260225_2030,1772051535.3405118,4.047726392745972,0,"{SOLIDITY_ERC20_APPROVE,SOLIDITY_PRAGMAS_VERSION,SOLIDITY_PRIVATE_MODIFIER_DONT_HIDE_DATA,SOLIDITY_SAFEMATH,SOLIDITY_VISIBILITY}",{},{},{}
contracts_output/contracts_output/gemini_contracts/gemini_contracts/772.sol,772.sol,smartcheck,solidity,2022/11/14,20260225_2030,1772051562.8335912,3.6591970920562744,0,"{SOLIDITY_PRAGMAS_VERSION,SOLIDITY_SAFEMATH,SOLIDITY_VISIBILITY}",{},{},{}
contracts_output/contracts_output/gemini_contracts/gemini_contracts/780.sol,780.sol,smartcheck,solidity,2022/11/14,20260225_2030,1772051550.210561,4.529509544372559,0,"{SOLIDITY_PRAGMAS_VERSION,SOLIDITY_SAFEMATH}",{},{},{}
contracts_output/contracts_output/gemini_contracts/gemini_contracts/79.sol,79.sol,smartcheck,solidity,2022/11/14,20260225_2030,1772051509.7053168,4.115057468414307,0,"{SOLIDITY_PRAGMAS_VERSION,SOLIDITY_PRIVATE_MODIFIER_DONT_HIDE_DATA,SOLIDITY_SAFEMATH,SOLIDITY_VISIBILITY}",{},{},{}
contracts_output/contracts_output/gemini_contracts/gemini_contracts/790.sol,790.sol,smartcheck,solidity,2022/11/14,20260225_2030,1772051540.4464955,4.228695869445801,0,"{SOLIDITY_ADDRESS_HARDCODED,SOLIDITY_PRAGMAS_VERSION,SOLIDITY_SAFEMATH,SOLIDITY_VISIBILITY}",{},{},{}
contracts_output/contracts_output/gemini_contracts/gemini_contracts/799.sol,799.sol,smartcheck,solidity,2022/11/14,20260225_2030,1772051573.7142284,3.9548020362854004,0,"{SOLIDITY_PRAGMAS_VERSION,SOLIDITY_SAFEMATH,SOLIDITY_SHOULD_RETURN_STRUCT,SOLIDITY_VISIBILITY}",{},{},{}
contracts_output/contracts_output/gemini_contracts/gemini_contracts/812.sol,812.sol,smartcheck,solidity,2022/11/14,20260225_2030,1772051557.2075331,4.339675426483154,0,"{SOLIDITY_PRAGMAS_VERSION,SOLIDITY_SAFEMATH,SOLIDITY_VISIBILITY}",{},{},{}
contracts_output/contracts_output/gemini_contracts/gemini_contracts/827.sol,827.sol,smartcheck,solidity,2022/11/14,20260225_2030,1772051435.318083,4.02805495262146,0,"{SOLIDITY_PRAGMAS_VERSION,SOLIDITY_SAFEMATH,SOLIDITY_VISIBILITY}",{},{},{}
contracts_output/contracts_output/gemini_contracts/gemini_contracts/86.sol,86.sol,smartcheck,solidity,2022/11/14,20260225_2030,1772051452.8817973,3.7593443393707275,0,"{SOLIDITY_PRAGMAS_VERSION,SOLIDITY_SAFEMATH,SOLIDITY_VISIBILITY}",{},{},{}
contracts_output/contracts_output/gemini_contracts/gemini_contracts/868.sol,868.sol,smartcheck,solidity,2022/11/14,20260225_2030,1772051462.3209178,3.605999231338501,0,"{SOLIDITY_LOCKED_MONEY,SOLIDITY_PRAGMAS_VERSION,SOLIDITY_SAFEMATH,SOLIDITY_VISIBILITY}",{},{},{}
contracts_output/contracts_output/gemini_contracts/gemini_contracts/876.sol,876.sol,smartcheck,solidity,2022/11/14,20260225_2030,1772051493.0671325,4.140834808349609,0,"{SOLIDITY_PRAGMAS_VERSION,SOLIDITY_SAFEMATH,SOLIDITY_VISIBILITY}",{},{},{}
contracts_output/contracts_output/gemini_contracts/gemini_contracts/883.sol,883.sol,smartcheck,solidity,2022/11/14,20260225_2030,1772051492.0609791,3.9083752632141113,0,"{SOLIDITY_EXTRA_GAS_IN_LOOPS,SOLIDITY_GAS_LIMIT_IN_LOOPS,SOLIDITY_LOCKED_MONEY,SOLIDITY_PRAGMAS_VERSION,SOLIDITY_SAFEMATH,SOLIDITY_VISIBILITY}",{},{},{}
contracts_output/contracts_output/gemini_contracts/gemini_contracts/892.sol,892.sol,smartcheck,solidity,2022/11/14,20260225_2030,1772051483.8153098,3.9011785984039307,0,"{SOLIDITY_ADDRESS_HARDCODED,SOLIDITY_OVERPOWERED_ROLE,SOLIDITY_PRAGMAS_VERSION,SOLIDITY_SAFEMATH}",{},{},{}
contracts_output/contracts_output/gemini_contracts/gemini_contracts/906.sol,906.sol,smartcheck,solidity,2022/11/14,20260225_2030,1772051415.269487,4.810283184051514,0,"{SOLIDITY_PRAGMAS_VERSION,SOLIDITY_SAFEMATH,SOLIDITY_VISIBILITY}",{},{},{}
contracts_output/contracts_output/gemini_contracts/gemini_contracts/915.sol,915.sol,smartcheck,solidity,2022/11/14,20260225_2030,1772051474.1445968,3.631620168685913,0,"{SOLIDITY_PRAGMAS_VERSION,SOLIDITY_SAFEMATH,SOLIDITY_VISIBILITY}",{},{},{}
contracts_output/contracts_output/gemini_contracts/gemini_contracts/949.sol,949.sol,smartcheck,solidity,2022/11/14,20260225_2030,1772051469.3492131,3.7391936779022217,0,"{SOLIDITY_PRAGMAS_VERSION,SOLIDITY_PRIVATE_MODIFIER_DONT_HIDE_DATA,SOLIDITY_SAFEMATH,SOLIDITY_VISIBILITY}",{},{},{}
contracts_output/contracts_output/gemini_contracts/gemini_contracts/963.sol,963.sol,smartcheck,solidity,2022/11/14,20260225_2030,1772051458.0177162,3.403815984725952,0,"{SOLIDITY_PRAGMAS_VERSION,SOLIDITY_PRIVATE_MODIFIER_DONT_HIDE_DATA,SOLIDITY_SAFEMATH,SOLIDITY_VISIBILITY}",{},{},{}
contracts_output/contracts_output/gemini_contracts/gemini_contracts/967.sol,967.sol,smartcheck,solidity,2022/11/14,20260225_2030,1772051577.2066174,4.577493667602539,0,"{SOLIDITY_ADDRESS_HARDCODED,SOLIDITY_PRAGMAS_VERSION,SOLIDITY_SAFEMATH,SOLIDITY_VISIBILITY}",{},{},{}
contracts_output/contracts_output/gemini_contracts/gemini_contracts/97.sol,97.sol,smartcheck,solidity,2022/11/14,20260225_2030,1772051569.7307544,4.518819570541382,0,"{SOLIDITY_ADDRESS_HARDCODED,SOLIDITY_PRAGMAS_VERSION,SOLIDITY_SAFEMATH,SOLIDITY_VISIBILITY}",{},{},{}
contracts_output/contracts_output/gemini_contracts/gemini_contracts/971.sol,971.sol,smartcheck,solidity,2022/11/14,20260225_2030,1772051420.2551181,4.42965030670166,0,"{SOLIDITY_ERC20_APPROVE,SOLIDITY_PRAGMAS_VERSION,SOLIDITY_SAFEMATH,SOLIDITY_VISIBILITY}",{},{},{}
contracts_output/contracts_output/gemini_contracts/gemini_contracts/1004.sol,1004.sol,solhint-6.0.0,solidity,2025/09/14,20260225_2030,1772051415.190927,3.536322593688965,255,{},{},{EXIT_CODE_255},{}
contracts_output/contracts_output/gemini_contracts/gemini_contracts/1009.sol,1009.sol,solhint-6.0.0,solidity,2025/09/14,20260225_2030,1772051489.1451144,3.0232276916503906,1,"{compiler_version,func_visibility,gas_custom_errors,import_path_check,no_global_import,use_natspec}",{},{},{}
contracts_output/contracts_output/gemini_contracts/gemini_contracts/1010.sol,1010.sol,solhint-6.0.0,solidity,2025/09/14,20260225_2030,1772051458.4387398,3.25464129447937,1,"{compiler_version,func_visibility,gas_custom_errors,gas_increment_by_one,gas_small_strings,gas_struct_packing,import_path_check,no_global_import,reason_string,use_natspec}",{},{},{}
contracts_output/contracts_output/gemini_contracts/gemini_contracts/1032.sol,1032.sol,solhint-6.0.0,solidity,2025/09/14,20260225_2030,1772051486.6262777,3.3951094150543213,1,"{compiler_version,contract_name_capwords,func_visibility,gas_increment_by_one,import_path_check,no_global_import,use_natspec}",{},{},{}
contracts_output/contracts_output/gemini_contracts/gemini_contracts/1053.sol,1053.sol,solhint-6.0.0,solidity,2025/09/14,20260225_2030,1772051522.120358,3.213649034500122,1,"{compiler_version,func_visibility,gas_custom_errors,gas_small_strings,gas_strict_inequalities,import_path_check,no_global_import,reason_string,use_natspec}",{},{},{}
contracts_output/contracts_output/gemini_contracts/gemini_contracts/107.sol,107.sol,solhint-6.0.0,solidity,2025/09/14,20260225_2030,1772051541.0348947,3.575774669647217,1,"{compiler_version,func_visibility,gas_custom_errors,gas_small_strings,import_path_check,no_global_import,reason_string,use_natspec}",{},{},{}
contracts_output/contracts_output/gemini_contracts/gemini_contracts/1091.sol,1091.sol,solhint-6.0.0,solidity,2025/09/14,20260225_2030,1772051450.1010268,3.2622032165527344,1,"{compiler_version,func_visibility,gas_custom_errors,gas_small_strings,gas_strict_inequalities,import_path_check,no_global_import,quotes,reason_string,use_natspec}",{},{},{}
contracts_output/contracts_output/gemini_contracts/gemini_contracts/1094.sol,1094.sol,solhint-6.0.0,solidity,2025/09/14,20260225_2030,1772051513.49355,3.57334303855896,1,"{compiler_version,func_visibility,import_path_check,no_global_import,use_natspec}",{},{},{}
contracts_output/contracts_output/gemini_contracts/gemini_contracts/110.sol,110.sol,solhint-6.0.0,solidity,2025/09/14,20260225_2030,1772051561.5480704,3.5473990440368652,1,"{compiler_version,func_visibility,gas_custom_errors,gas_small_strings,gas_strict_inequalities,import_path_check,no_global_import,reason_string,use_natspec}",{},{},{}
contracts_output/contracts_output/gemini_contracts/gemini_contracts/1111.sol,1111.sol,solhint-6.0.0,solidity,2025/09/14,20260225_2030,1772051481.5225346,3.3040435314178467,1,"{compiler_version,func_visibility,gas_strict_inequalities,import_path_check,no_global_import,use_natspec}",{},{},{}
contracts_output/contracts_output/gemini_contracts/gemini_contracts/1142.sol,1142.sol,solhint-6.0.0,solidity,2025/09/14,20260225_2030,1772051436.1112723,3.9127800464630127,1,"{compiler_version,explicit_types,func_visibility,gas_increment_by_one,gas_indexed_events,gas_strict_inequalities,import_path_check,no_global_import,use_natspec}",{},{},{}
contracts_output/contracts_output/gemini_contracts/gemini_contracts/1147.sol,1147.sol,solhint-6.0.0,solidity,2025/09/14,20260225_2030,1772051439.9025042,3.116472005844116,1,"{compiler_version,func_visibility,gas_custom_errors,gas_increment_by_one,gas_strict_inequalities,import_path_check,no_global_import,quotes,use_natspec}",{},{},{}
contracts_output/contracts_output/gemini_contracts/gemini_contracts/1148.sol,1148.sol,solhint-6.0.0,solidity,2025/09/14,20260225_2030,1772051561.566169,3.7219185829162598,1,"{compiler_version,func_visibility,gas_custom_errors,gas_strict_inequalities,import_path_check,no_global_import,quotes,use_natspec}",{},{},{}
contracts_output/contracts_output/gemini_contracts/gemini_contracts/1160.sol,1160.sol,solhint-6.0.0,solidity,2025/09/14,20260225_2030,1772051507.5941796,3.0627119541168213,1,"{compiler_version,func_visibility,gas_custom_errors,gas_strict_inequalities,import_path_check,no_global_import,use_natspec}",{},{},{}
contracts_output/contracts_output/gemini_contracts/gemini_contracts/1164.sol,1164.sol,solhint-6.0.0,solidity,2025/09/14,20260225_2030,1772051463.2077432,3.6698055267333984,1,"{compiler_version,explicit_types,func_visibility,gas_custom_errors,gas_increment_by_one,gas_small_strings,gas_struct_packing,import_path_check,no_global_import,no_unused_vars,quotes,reason_string,use_natspec}",{},{},{}
contracts_output/contracts_output/gemini_contracts/gemini_contracts/1195.sol,1195.sol,solhint-6.0.0,solidity,2025/09/14,20260225_2030,1772051454.7726338,3.3411622047424316,1,{},{},{},{}
contracts_output/contracts_output/gemini_contracts/gemini_contracts/1213.sol,1213.sol,solhint-6.0.0,solidity,2025/09/14,20260225_2030,1772051428.04595,3.912811040878296,1,"{compiler_version,func_visibility,import_path_check,no_global_import,use_natspec}",{},{},{}
contracts_output/contracts_output/gemini_contracts/gemini_contracts/1228.sol,1228.sol,solhint-6.0.0,solidity,2025/09/14,20260225_2030,1772051498.6262012,3.2126643657684326,1,"{compiler_version,func_visibility,gas_custom_errors,gas_small_strings,gas_strict_inequalities,import_path_check,no_global_import,reason_string,use_natspec}",{},{},{}
contracts_output/contracts_output/gemini_contracts/gemini_contracts/124.sol,124.sol,solhint-6.0.0,solidity,2025/09/14,20260225_2030,1772051493.344981,3.724558115005493,1,"{compiler_version,func_visibility,gas_custom_errors,gas_small_strings,gas_strict_inequalities,import_path_check,no_global_import,no_unused_vars,quotes,reason_string,use_natspec}",{},{},{}
contracts_output/contracts_output/gemini_contracts/gemini_contracts/1244.sol,1244.sol,solhint-6.0.0,solidity,2025/09/14,20260225_2030,1772051572.0658257,3.3046247959136963,1,"{compiler_version,func_visibility,gas_custom_errors,import_path_check,no_global_import,use_natspec}",{},{},{}
contracts_output/contracts_output/gemini_contracts/gemini_contracts/1247.sol,1247.sol,solhint-6.0.0,solidity,2025/09/14,20260225_2030,1772051546.9512613,3.5380780696868896,1,"{compiler_version,func_visibility,import_path_check,no_global_import,use_natspec}",{},{},{}
contracts_output/contracts_output/gemini_contracts/gemini_contracts/1259.sol,1259.sol,solhint-6.0.0,solidity,2025/09/14,20260225_2030,1772051496.786968,3.75408673286438,1,"{compiler_version,func_visibility,import_path_check,no_empty_blocks,no_global_import,quotes,use_natspec}",{},{},{}
contracts_output/contracts_output/gemini_contracts/gemini_contracts/1262.sol,1262.sol,solhint-6.0.0,solidity,2025/09/14,20260225_2030,1772051496.4994016,3.425044536590576,1,"{compiler_version,func_visibility,gas_custom_errors,gas_indexed_events,gas_small_strings,gas_strict_inequalities,import_path_check,no_global_import,reason_string,use_natspec}",{},{},{}
contracts_output/contracts_output/gemini_contracts/gemini_contracts/1265.sol,1265.sol,solhint-6.0.0,solidity,2025/09/14,20260225_2030,1772051459.2909575,3.1502504348754883,1,"{compiler_version,func_visibility,import_path_check,no_global_import,use_natspec}",{},{},{}
contracts_output/contracts_output/gemini_contracts/gemini_contracts/1268.sol,1268.sol,solhint-6.0.0,solidity,2025/09/14,20260225_2030,1772051527.3017278,3.5005531311035156,1,"{compiler_version,func_visibility,import_path_check,no_global_import,use_natspec}",{},{},{}
contracts_output/contracts_output/gemini_contracts/gemini_contracts/1281.sol,1281.sol,solhint-6.0.0,solidity,2025/09/14,20260225_2030,1772051439.346973,3.133878469467163,1,"{compiler_version,func_visibility,import_path_check,no_global_import,no_unused_vars,quotes,use_natspec}",{},{},{}
contracts_output/contracts_output/gemini_contracts/gemini_contracts/1283.sol,1283.sol,solhint-6.0.0,solidity,2025/09/14,20260225_2030,1772051457.4785612,3.141678810119629,1,"{compiler_version,func_visibility,gas_custom_errors,gas_indexed_events,gas_strict_inequalities,import_path_check,no_global_import,use_natspec}",{},{},{}
contracts_output/contracts_output/gemini_contracts/gemini_contracts/1286.sol,1286.sol,solhint-6.0.0,solidity,2025/09/14,20260225_2030,1772051415.1634946,2.5062785148620605,1,"{compiler_version,func_visibility,import_path_check,no_global_import,use_natspec}",{},{},{}
contracts_output/contracts_output/gemini_contracts/gemini_contracts/1315.sol,1315.sol,solhint-6.0.0,solidity,2025/09/14,20260225_2030,1772051431.6162884,3.491023302078247,1,"{compiler_version,func_visibility,gas_custom_errors,gas_small_strings,import_path_check,no_global_import,reason_string,use_natspec}",{},{},{}
contracts_output/contracts_output/gemini_contracts/gemini_contracts/1319.sol,1319.sol,solhint-6.0.0,solidity,2025/09/14,20260225_2030,1772051584.8447173,3.453439235687256,1,"{compiler_version,func_visibility,gas_custom_errors,gas_indexed_events,gas_small_strings,gas_strict_inequalities,import_path_check,no_empty_blocks,no_global_import,reason_string,use_natspec}",{},{},{}
contracts_output/contracts_output/gemini_contracts/gemini_contracts/1334.sol,1334.sol,solhint-6.0.0,solidity,2025/09/14,20260225_2030,1772051507.7600708,3.2970964908599854,1,"{compiler_version,func_visibility,gas_custom_errors,import_path_check,no_global_import,use_natspec}",{},{},{}
contracts_output/contracts_output/gemini_contracts/gemini_contracts/1335.sol,1335.sol,solhint-6.0.0,solidity,2025/09/14,20260225_2030,1772051513.0736635,3.218980312347412,1,"{compiler_version,func_visibility,gas_custom_errors,gas_small_strings,import_path_check,no_global_import,quotes,reason_string,use_natspec}",{},{},{}
contracts_output/contracts_output/gemini_contracts/gemini_contracts/1356.sol,1356.sol,solhint-6.0.0,solidity,2025/09/14,20260225_2030,1772051566.0627394,3.348045587539673,1,"{compiler_version,func_visibility,gas_custom_errors,import_path_check,no_global_import,quotes,use_natspec}",{},{},{}
contracts_output/contracts_output/gemini_contracts/gemini_contracts/1358.sol,1358.sol,solhint-6.0.0,solidity,2025/09/14,20260225_2030,1772051558.493271,3.289138078689575,1,"{compiler_version,func_visibility,gas_increment_by_one,gas_strict_inequalities,import_path_check,no_global_import,use_natspec}",{},{},{}
contracts_output/contracts_output/gemini_contracts/gemini_contracts/1383.sol,1383.sol,solhint-6.0.0,solidity,2025/09/14,20260225_2030,1772051521.4051428,3.443464756011963,1,"{compiler_version,func_visibility,gas_custom_errors,gas_indexed_events,gas_small_strings,gas_strict_inequalities,import_path_check,no_global_import,reason_string,use_natspec}",{},{},{}
contracts_output/contracts_output/gemini_contracts/gemini_contracts/1386.sol,1386.sol,solhint-6.0.0,solidity,2025/09/14,20260225_2030,1772051470.8069487,3.071237325668335,1,"{compiler_version,func_visibility,gas_custom_errors,gas_small_strings,import_path_check,no_global_import,reason_string,use_natspec}",{},{},{}
contracts_output/contracts_output/gemini_contracts/gemini_contracts/1398.sol,1398.sol,solhint-6.0.0,solidity,2025/09/14,20260225_2030,1772051565.3695736,3.27595853805542,1,"{compiler_version,func_visibility,gas_custom_errors,import_path_check,no_global_import,use_natspec}",{},{},{}
contracts_output/contracts_output/gemini_contracts/gemini_contracts/1413.sol,1413.sol,solhint-6.0.0,solidity,2025/09/14,20260225_2030,1772051542.8165424,3.884408712387085,1,"{compiler_version,func_visibility,gas_custom_errors,gas_small_strings,import_path_check,no_global_import,quotes,reason_string,use_natspec}",{},{},{}
contracts_output/contracts_output/gemini_contracts/gemini_contracts/1424.sol,1424.sol,solhint-6.0.0,solidity,2025/09/14,20260225_2030,1772051420.3682964,3.5834884643554688,1,"{compiler_version,func_visibility,gas_custom_errors,gas_small_strings,gas_struct_packing,import_path_check,no_global_import,reason_string,use_natspec}",{},{},{}
contracts_output/contracts_output/gemini_contracts/gemini_contracts/1438.sol,1438.sol,solhint-6.0.0,solidity,2025/09/14,20260225_2030,1772051472.6244879,3.40449595451355,1,"{compiler_version,func_visibility,gas_custom_errors,gas_increment_by_one,gas_strict_inequalities,import_path_check,no_global_import,use_natspec}",{},{},{}
contracts_output/contracts_output/gemini_contracts/gemini_contracts/1443.sol,1443.sol,solhint-6.0.0,solidity,2025/09/14,20260225_2030,1772051437.1684763,3.1856346130371094,1,"{compiler_version,func_visibility,gas_custom_errors,import_path_check,no_global_import,use_natspec}",{},{},{}
contracts_output/contracts_output/gemini_contracts/gemini_contracts/146.sol,146.sol,solhint-6.0.0,solidity,2025/09/14,20260225_2030,1772051537.8450372,3.164496898651123,1,"{compiler_version,func_visibility,import_path_check,no_global_import,use_natspec}",{},{},{}
contracts_output/contracts_output/gemini_contracts/gemini_contracts/1493.sol,1493.sol,solhint-6.0.0,solidity,2025/09/14,20260225_2030,1772051573.0010438,3.49682354927063,1,"{compiler_version,func_visibility,gas_custom_errors,gas_small_strings,import_path_check,no_global_import,reason_string,use_natspec}",{},{},{}
contracts_output/contracts_output/gemini_contracts/gemini_contracts/1522.sol,1522.sol,solhint-6.0.0,solidity,2025/09/14,20260225_2030,1772051538.4067135,3.329041004180908,1,{},{},{},{}
contracts_output/contracts_output/gemini_contracts/gemini_contracts/153.sol,153.sol,solhint-6.0.0,solidity,2025/09/14,20260225_2030,1772051464.719322,3.0288403034210205,1,"{compiler_version,func_visibility,gas_increment_by_one,gas_strict_inequalities,import_path_check,no_global_import,use_natspec}",{},{},{}
contracts_output/contracts_output/gemini_contracts/gemini_contracts/1531.sol,1531.sol,solhint-6.0.0,solidity,2025/09/14,20260225_2030,1772051484.8494232,3.3449478149414062,1,"{compiler_version,func_visibility,import_path_check,no_global_import,use_natspec}",{},{},{}
contracts_output/contracts_output/gemini_contracts/gemini_contracts/1558.sol,1558.sol,solhint-6.0.0,solidity,2025/09/14,20260225_2030,1772051487.4240537,3.415675640106201,1,"{compiler_version,func_visibility,gas_custom_errors,gas_small_strings,import_path_check,no_global_import,reason_string,use_natspec}",{},{},{}
contracts_output/contracts_output/gemini_contracts/gemini_contracts/1565.sol,1565.sol,solhint-6.0.0,solidity,2025/09/14,20260225_2030,1772051503.9035654,3.4449336528778076,1,"{compiler_version,func_visibility,gas_custom_errors,gas_indexed_events,import_path_check,no_global_import,use_natspec}",{},{},{}
contracts_output/contracts_output/gemini_contracts/gemini_contracts/1587.sol,1587.sol,solhint-6.0.0,solidity,2025/09/14,20260225_2030,1772051443.4391952,3.540400981903076,1,{},{},{},{}
contracts_output/contracts_output/gemini_contracts/gemini_contracts/1589.sol,1589.sol,solhint-6.0.0,solidity,2025/09/14,20260225_2030,1772051506.0814655,3.6229467391967773,1,"{compiler_version,func_visibility,gas_custom_errors,gas_indexed_events,gas_strict_inequalities,import_path_check,no_global_import,use_natspec}",{},{},{}
contracts_output/contracts_output/gemini_contracts/gemini_contracts/1597.sol,1597.sol,solhint-6.0.0,solidity,2025/09/14,20260225_2030,1772051468.2931662,3.1145670413970947,1,"{compiler_version,func_visibility,gas_custom_errors,import_path_check,no_global_import,use_natspec}",{},{},{}
contracts_output/contracts_output/gemini_contracts/gemini_contracts/1600.sol,1600.sol,solhint-6.0.0,solidity,2025/09/14,20260225_2030,1772051556.3078213,3.0241427421569824,1,"{compiler_version,func_visibility,import_path_check,no_global_import,quotes,use_natspec}",{},{},{}
contracts_output/contracts_output/gemini_contracts/gemini_contracts/1609.sol,1609.sol,solhint-6.0.0,solidity,2025/09/14,20260225_2030,1772051438.4530547,3.7232351303100586,1,"{compiler_version,func_visibility,gas_indexed_events,import_path_check,no_empty_blocks,no_global_import,no_unused_vars,state_visibility,use_natspec}",{},{},{}
contracts_output/contracts_output/gemini_contracts/gemini_contracts/1613.sol,1613.sol,solhint-6.0.0,solidity,2025/09/14,20260225_2030,1772051470.9225621,3.336228370666504,1,"{compiler_version,func_visibility,import_path_check,no_global_import,use_natspec}",{},{},{}
contracts_output/contracts_output/gemini_contracts/gemini_contracts/1617.sol,1617.sol,solhint-6.0.0,solidity,2025/09/14,20260225_2030,1772051569.6686366,3.582967519760132,1,"{compiler_version,func_visibility,gas_custom_errors,import_path_check,no_global_import,use_natspec}",{},{},{}
contracts_output/contracts_output/gemini_contracts/gemini_contracts/1642.sol,1642.sol,solhint-6.0.0,solidity,2025/09/14,20260225_2030,1772051455.0814526,3.5945630073547363,1,"{compiler_version,func_visibility,gas_custom_errors,gas_indexed_events,import_path_check,no_global_import,use_natspec}",{},{},{}
contracts_output/contracts_output/gemini_contracts/gemini_contracts/1644.sol,1644.sol,solhint-6.0.0,solidity,2025/09/14,20260225_2030,1772051525.8715556,3.3501598834991455,1,{},{},{},{}
contracts_output/contracts_output/gemini_contracts/gemini_contracts/1662.sol,1662.sol,solhint-6.0.0,solidity,2025/09/14,20260225_2030,1772051482.262489,2.9756405353546143,1,"{compiler_version,func_visibility,import_path_check,no_global_import,use_natspec}",{},{},{}
contracts_output/contracts_output/gemini_contracts/gemini_contracts/1663.sol,1663.sol,solhint-6.0.0,solidity,2025/09/14,20260225_2030,1772051547.8519068,3.1470561027526855,1,{},{},{},{}
contracts_output/contracts_output/gemini_contracts/gemini_contracts/170.sol,170.sol,solhint-6.0.0,solidity,2025/09/14,20260225_2030,1772051576.079344,3.153172254562378,1,"{compiler_version,func_visibility,gas_custom_errors,gas_indexed_events,gas_small_strings,import_path_check,no_global_import,no_unused_vars,reason_string,use_natspec}",{},{},{}
contracts_output/contracts_output/gemini_contracts/gemini_contracts/1700.sol,1700.sol,solhint-6.0.0,solidity,2025/09/14,20260225_2030,1772051450.2924433,3.3360049724578857,1,"{compiler_version,func_visibility,gas_custom_errors,gas_small_strings,gas_strict_inequalities,import_path_check,no_global_import,reason_string,use_natspec}",{},{},{}
contracts_output/contracts_output/gemini_contracts/gemini_contracts/1722.sol,1722.sol,solhint-6.0.0,solidity,2025/09/14,20260225_2030,1772051425.5205393,3.237907886505127,1,"{compiler_version,func_visibility,gas_custom_errors,gas_small_strings,gas_strict_inequalities,import_path_check,no_global_import,reason_string,use_natspec}",{},{},{}
contracts_output/contracts_output/gemini_contracts/gemini_contracts/1735.sol,1735.sol,solhint-6.0.0,solidity,2025/09/14,20260225_2030,1772051465.37971,3.495839834213257,1,"{compiler_version,func_visibility,gas_custom_errors,import_path_check,no_global_import,use_natspec}",{},{},{}
contracts_output/contracts_output/gemini_contracts/gemini_contracts/1777.sol,1777.sol,solhint-6.0.0,solidity,2025/09/14,20260225_2030,1772051566.8760846,3.3031742572784424,1,"{compiler_version,func_visibility,gas_custom_errors,import_path_check,no_global_import,use_natspec,var_name_mixedcase}",{},{},{}
contracts_output/contracts_output/gemini_contracts/gemini_contracts/1782.sol,1782.sol,solhint-6.0.0,solidity,2025/09/14,20260225_2030,1772051479.6986716,3.3102197647094727,1,"{compiler_version,func_visibility,gas_increment_by_one,gas_strict_inequalities,import_path_check,no_global_import,use_natspec}",{},{},{}
contracts_output/contracts_output/gemini_contracts/gemini_contracts/1790.sol,1790.sol,solhint-6.0.0,solidity,2025/09/14,20260225_2030,1772051512.1962998,3.248246431350708,1,"{compiler_version,explicit_types,func_visibility,gas_custom_errors,gas_small_strings,import_path_check,no_global_import,reason_string,use_natspec}",{},{},{}
contracts_output/contracts_output/gemini_contracts/gemini_contracts/1809.sol,1809.sol,solhint-6.0.0,solidity,2025/09/14,20260225_2030,1772051492.779886,3.486022710800171,1,"{compiler_version,func_visibility,gas_custom_errors,gas_small_strings,import_path_check,no_global_import,reason_string,use_natspec}",{},{},{}
contracts_output/contracts_output/gemini_contracts/gemini_contracts/1814.sol,1814.sol,solhint-6.0.0,solidity,2025/09/14,20260225_2030,1772051480.8082228,3.5669918060302734,1,"{compiler_version,func_visibility,gas_custom_errors,import_path_check,no_global_import,use_natspec}",{},{},{}
contracts_output/contracts_output/gemini_contracts/gemini_contracts/1824.sol,1824.sol,solhint-6.0.0,solidity,2025/09/14,20260225_2030,1772051429.6534512,3.607346773147583,1,"{compiler_version,func_visibility,gas_custom_errors,gas_increment_by_one,gas_indexed_events,gas_strict_inequalities,import_path_check,no_global_import,reason_string,use_natspec}",{},{},{}
contracts_output/contracts_output/gemini_contracts/gemini_contracts/1832.sol,1832.sol,solhint-6.0.0,solidity,2025/09/14,20260225_2030,1772051471.575548,3.248377561569214,1,"{compiler_version,func_visibility,gas_custom_errors,gas_indexed_events,import_path_check,no_global_import,use_natspec}",{},{},{}
contracts_output/contracts_output/gemini_contracts/gemini_contracts/1838.sol,1838.sol,solhint-6.0.0,solidity,2025/09/14,20260225_2030,1772051507.0158958,3.176326036453247,1,{},{},{},{}
contracts_output/contracts_output/gemini_contracts/gemini_contracts/1872.sol,1872.sol,solhint-6.0.0,solidity,2025/09/14,20260225_2030,1772051547.1701097,3.457474708557129,1,"{compiler_version,func_visibility,import_path_check,no_global_import,use_natspec}",{},{},{}
contracts_output/contracts_output/gemini_contracts/gemini_contracts/1877.sol,1877.sol,solhint-6.0.0,solidity,2025/09/14,20260225_2030,1772051424.1997616,3.5370943546295166,1,"{compiler_version,func_visibility,import_path_check,no_global_import,use_natspec}",{},{},{}
contracts_output/contracts_output/gemini_contracts/gemini_contracts/189.sol,189.sol,solhint-6.0.0,solidity,2025/09/14,20260225_2030,1772051438.0782332,3.2811646461486816,1,"{compiler_version,func_visibility,gas_custom_errors,gas_indexed_events,gas_strict_inequalities,import_path_check,no_global_import,use_natspec}",{},{},{}
contracts_output/contracts_output/gemini_contracts/gemini_contracts/1905.sol,1905.sol,solhint-6.0.0,solidity,2025/09/14,20260225_2030,1772051460.1605928,3.209045171737671,1,"{compiler_version,func_visibility,gas_custom_errors,import_path_check,no_global_import,use_natspec}",{},{},{}
contracts_output/contracts_output/gemini_contracts/gemini_contracts/191.sol,191.sol,solhint-6.0.0,solidity,2025/09/14,20260225_2030,1772051548.1701255,3.17191481590271,1,"{compiler_version,func_visibility,import_path_check,no_global_import,use_natspec}",{},{},{}
contracts_output/contracts_output/gemini_contracts/gemini_contracts/1924.sol,1924.sol,solhint-6.0.0,solidity,2025/09/14,20260225_2030,1772051454.3957229,3.5223851203918457,1,"{compiler_version,func_visibility,gas_custom_errors,gas_small_strings,import_path_check,no_empty_blocks,no_global_import,no_unused_vars,one_contract_per_file,quotes,reason_string,use_natspec}",{},{},{}
contracts_output/contracts_output/gemini_contracts/gemini_contracts/1926.sol,1926.sol,solhint-6.0.0,solidity,2025/09/14,20260225_2030,1772051461.1131535,3.748080253601074,1,"{compiler_version,func_visibility,gas_custom_errors,import_path_check,no_global_import,use_natspec}",{},{},{}
contracts_output/contracts_output/gemini_contracts/gemini_contracts/1932.sol,1932.sol,solhint-6.0.0,solidity,2025/09/14,20260225_2030,1772051459.8822157,3.3561747074127197,1,"{compiler_version,func_visibility,import_path_check,no_global_import,use_natspec}",{},{},{}
contracts_output/contracts_output/gemini_contracts/gemini_contracts/1962.sol,1962.sol,solhint-6.0.0,solidity,2025/09/14,20260225_2030,1772051524.9536192,3.2322638034820557,1,"{compiler_version,func_visibility,import_path_check,no_global_import,quotes,use_natspec}",{},{},{}
contracts_output/contracts_output/gemini_contracts/gemini_contracts/1979.sol,1979.sol,solhint-6.0.0,solidity,2025/09/14,20260225_2030,1772051425.1775858,3.1863856315612793,1,"{compiler_version,func_visibility,gas_increment_by_one,gas_strict_inequalities,import_path_check,no_global_import,use_natspec}",{},{},{}
contracts_output/contracts_output/gemini_contracts/gemini_contracts/1993.sol,1993.sol,solhint-6.0.0,solidity,2025/09/14,20260225_2030,1772051545.0271976,3.159635305404663,1,"{compiler_version,func_visibility,gas_custom_errors,import_path_check,no_global_import,use_natspec}",{},{},{}
contracts_output/contracts_output/gemini_contracts/gemini_contracts/2003.sol,2003.sol,solhint-6.0.0,solidity,2025/09/14,20260225_2030,1772051451.0581286,3.5839552879333496,1,"{compiler_version,func_visibility,gas_custom_errors,import_path_check,no_global_import,use_natspec}",{},{},{}
contracts_output/contracts_output/gemini_contracts/gemini_contracts/2019.sol,2019.sol,solhint-6.0.0,solidity,2025/09/14,20260225_2030,1772051517.8127878,3.3936517238616943,1,"{compiler_version,func_visibility,gas_custom_errors,gas_indexed_events,gas_small_strings,gas_strict_inequalities,import_path_check,no_global_import,reason_string,use_natspec}",{},{},{}
contracts_output/contracts_output/gemini_contracts/gemini_contracts/2044.sol,2044.sol,solhint-6.0.0,solidity,2025/09/14,20260225_2030,1772051559.0299084,3.371689796447754,1,"{compiler_version,func_visibility,gas_custom_errors,import_path_check,no_global_import,use_natspec}",{},{},{}
contracts_output/contracts_output/gemini_contracts/gemini_contracts/2053.sol,2053.sol,solhint-6.0.0,solidity,2025/09/14,20260225_2030,1772051477.2551863,3.1492295265197754,1,{},{},{},{}
contracts_output/contracts_output/gemini_contracts/gemini_contracts/2061.sol,2061.sol,solhint-6.0.0,solidity,2025/09/14,20260225_2030,1772051582.9813607,3.3578617572784424,1,"{compiler_version,func_visibility,import_path_check,no_global_import,use_natspec}",{},{},{}
contracts_output/contracts_output/gemini_contracts/gemini_contracts/2081.sol,2081.sol,solhint-6.0.0,solidity,2025/09/14,20260225_2030,1772051472.7369983,3.4328296184539795,1,"{compiler_version,func_visibility,gas_custom_errors,import_path_check,no_global_import,use_natspec}",{},{},{}
contracts_output/contracts_output/gemini_contracts/gemini_contracts/2092.sol,2092.sol,solhint-6.0.0,solidity,2025/09/14,20260225_2030,1772051448.2313602,3.3770322799682617,1,"{compiler_version,func_visibility,gas_increment_by_one,gas_strict_inequalities,import_path_check,no_global_import,use_natspec}",{},{},{}
contracts_output/contracts_output/gemini_contracts/gemini_contracts/2093.sol,2093.sol,solhint-6.0.0,solidity,2025/09/14,20260225_2030,1772051482.002629,3.0846242904663086,1,"{compiler_version,func_visibility,gas_custom_errors,import_path_check,no_global_import,use_natspec}",{},{},{}
contracts_output/contracts_output/gemini_contracts/gemini_contracts/211.sol,211.sol,solhint-6.0.0,solidity,2025/09/14,20260225_2030,1772051536.677884,3.361128091812134,1,"{compiler_version,func_visibility,gas_custom_errors,gas_small_strings,import_path_check,no_global_import,reason_string,use_natspec}",{},{},{}
contracts_output/contracts_output/gemini_contracts/gemini_contracts/2110.sol,2110.sol,solhint-6.0.0,solidity,2025/09/14,20260225_2030,1772051461.8010554,3.4342639446258545,1,"{compiler_version,func_visibility,gas_custom_errors,import_path_check,no_global_import,use_natspec}",{},{},{}
contracts_output/contracts_output/gemini_contracts/gemini_contracts/2112.sol,2112.sol,solhint-6.0.0,solidity,2025/09/14,20260225_2030,1772051449.207526,3.0061535835266113,1,{},{},{},{}
contracts_output/contracts_output/gemini_contracts/gemini_contracts/2119.sol,2119.sol,solhint-6.0.0,solidity,2025/09/14,20260225_2030,1772051442.7720864,3.2552006244659424,1,"{compiler_version,func_visibility,gas_custom_errors,import_path_check,no_global_import,use_natspec}",{},{},{}
contracts_output/contracts_output/gemini_contracts/gemini_contracts/213.sol,213.sol,solhint-6.0.0,solidity,2025/09/14,20260225_2030,1772051463.6489115,3.3648319244384766,1,"{compiler_version,func_visibility,gas_increment_by_one,gas_strict_inequalities,import_path_check,no_global_import,use_natspec}",{},{},{}
contracts_output/contracts_output/gemini_contracts/gemini_contracts/2141.sol,2141.sol,solhint-6.0.0,solidity,2025/09/14,20260225_2030,1772051448.3006306,3.4795360565185547,1,"{compiler_version,func_visibility,import_path_check,no_empty_blocks,no_global_import,use_natspec}",{},{},{}
contracts_output/contracts_output/gemini_contracts/gemini_contracts/2199.sol,2199.sol,solhint-6.0.0,solidity,2025/09/14,20260225_2030,1772051520.4557042,3.551572799682617,1,"{compiler_version,gas_custom_errors,gas_small_strings,import_path_check,no_empty_blocks,no_global_import,reason_string,use_natspec}",{},{},{}
contracts_output/contracts_output/gemini_contracts/gemini_contracts/2205.sol,2205.sol,solhint-6.0.0,solidity,2025/09/14,20260225_2030,1772051477.7777762,3.2536168098449707,1,"{compiler_version,func_visibility,import_path_check,no_empty_blocks,no_global_import,use_natspec}",{},{},{}
contracts_output/contracts_output/gemini_contracts/gemini_contracts/2209.sol,2209.sol,solhint-6.0.0,solidity,2025/09/14,20260225_2030,1772051567.197807,3.4093499183654785,1,"{compiler_version,func_visibility,gas_custom_errors,gas_increment_by_one,gas_small_strings,import_path_check,no_global_import,reason_string,use_natspec}",{},{},{}
contracts_output/contracts_output/gemini_contracts/gemini_contracts/2215.sol,2215.sol,solhint-6.0.0,solidity,2025/09/14,20260225_2030,1772051495.970694,3.005422353744507,1,"{compiler_version,func_visibility,gas_custom_errors,import_path_check,no_global_import,no_unused_vars,use_natspec}",{},{},{}
contracts_output/contracts_output/gemini_contracts/gemini_contracts/2223.sol,2223.sol,solhint-6.0.0,solidity,2025/09/14,20260225_2030,1772051476.3352478,3.6104021072387695,1,"{compiler_version,func_visibility,gas_increment_by_one,import_path_check,no_global_import,use_natspec}",{},{},{}
contracts_output/contracts_output/gemini_contracts/gemini_contracts/223.sol,223.sol,solhint-6.0.0,solidity,2025/09/14,20260225_2030,1772051568.9876225,3.01432728767395,1,"{compiler_version,func_visibility,gas_custom_errors,gas_increment_by_one,gas_small_strings,import_path_check,no_global_import,reason_string,use_natspec}",{},{},{}
contracts_output/contracts_output/gemini_contracts/gemini_contracts/2236.sol,2236.sol,solhint-6.0.0,solidity,2025/09/14,20260225_2030,1772051475.916853,3.6500608921051025,1,"{compiler_version,func_visibility,gas_custom_errors,gas_small_strings,import_path_check,no_global_import,reason_string,use_natspec}",{},{},{}
contracts_output/contracts_output/gemini_contracts/gemini_contracts/2241.sol,2241.sol,solhint-6.0.0,solidity,2025/09/14,20260225_2030,1772051464.9488268,3.3146684169769287,1,"{compiler_version,func_visibility,gas_custom_errors,gas_small_strings,import_path_check,no_global_import,reason_string,use_natspec}",{},{},{}
contracts_output/contracts_output/gemini_contracts/gemini_contracts/2268.sol,2268.sol,solhint-6.0.0,solidity,2025/09/14,20260225_2030,1772051523.3027377,3.11188006401062,1,"{compiler_version,func_visibility,gas_increment_by_one,gas_struct_packing,import_path_check,no_global_import,use_natspec}",{},{},{}
contracts_output/contracts_output/gemini_contracts/gemini_contracts/2271.sol,2271.sol,solhint-6.0.0,solidity,2025/09/14,20260225_2030,1772051474.9640965,3.3187012672424316,1,"{compiler_version,func_visibility,import_path_check,no_global_import,use_natspec}",{},{},{}
contracts_output/contracts_output/gemini_contracts/gemini_contracts/2278.sol,2278.sol,solhint-6.0.0,solidity,2025/09/14,20260225_2030,1772051484.106896,3.178286075592041,1,"{compiler_version,func_visibility,gas_indexed_events,import_path_check,no_global_import,no_unused_vars,use_natspec}",{},{},{}
contracts_output/contracts_output/gemini_contracts/gemini_contracts/2295.sol,2295.sol,solhint-6.0.0,solidity,2025/09/14,20260225_2030,1772051559.2959807,3.437211036682129,1,"{compiler_version,func_visibility,gas_custom_errors,import_path_check,no_global_import,use_natspec}",{},{},{}
contracts_output/contracts_output/gemini_contracts/gemini_contracts/2308.sol,2308.sol,solhint-6.0.0,solidity,2025/09/14,20260225_2030,1772051447.984408,3.300621271133423,1,"{compiler_version,func_visibility,import_path_check,no_global_import,use_natspec}",{},{},{}
contracts_output/contracts_output/gemini_contracts/gemini_contracts/2313.sol,2313.sol,solhint-6.0.0,solidity,2025/09/14,20260225_2030,1772051475.4333181,3.329658031463623,1,"{compiler_version,func_visibility,import_path_check,no_global_import,use_natspec}",{},{},{}
contracts_output/contracts_output/gemini_contracts/gemini_contracts/232.sol,232.sol,solhint-6.0.0,solidity,2025/09/14,20260225_2030,1772051459.7939892,3.1138193607330322,1,{},{},{},{}
contracts_output/contracts_output/gemini_contracts/gemini_contracts/2321.sol,2321.sol,solhint-6.0.0,solidity,2025/09/14,20260225_2030,1772051455.7860546,4.095111131668091,1,"{compiler_version,func_visibility,gas_custom_errors,gas_increment_by_one,gas_small_strings,gas_strict_inequalities,gas_struct_packing,import_path_check,no_global_import,reason_string,use_natspec}",{},{},{}
contracts_output/contracts_output/gemini_contracts/gemini_contracts/2323.sol,2323.sol,solhint-6.0.0,solidity,2025/09/14,20260225_2030,1772051469.9490087,3.334916353225708,1,"{compiler_version,func_visibility,import_path_check,no_empty_blocks,no_global_import,quotes,use_natspec}",{},{},{}
contracts_output/contracts_output/gemini_contracts/gemini_contracts/2354.sol,2354.sol,solhint-6.0.0,solidity,2025/09/14,20260225_2030,1772051571.1303282,3.595322370529175,1,"{compiler_version,func_visibility,gas_custom_errors,gas_small_strings,import_path_check,no_global_import,reason_string,use_natspec}",{},{},{}
contracts_output/contracts_output/gemini_contracts/gemini_contracts/2359.sol,2359.sol,solhint-6.0.0,solidity,2025/09/14,20260225_2030,1772051470.9638429,3.4582302570343018,1,"{compiler_version,func_visibility,import_path_check,no_global_import,quotes,use_natspec}",{},{},{}
contracts_output/contracts_output/gemini_contracts/gemini_contracts/2373.sol,2373.sol,solhint-6.0.0,solidity,2025/09/14,20260225_2030,1772051419.7610598,3.378746747970581,255,{},{},{EXIT_CODE_255},{}
contracts_output/contracts_output/gemini_contracts/gemini_contracts/2380.sol,2380.sol,solhint-6.0.0,solidity,2025/09/14,20260225_2030,1772051474.8246431,3.2763259410858154,1,"{compiler_version,func_visibility,import_path_check,no_global_import,quotes,use_natspec}",{},{},{}
contracts_output/contracts_output/gemini_contracts/gemini_contracts/239.sol,239.sol,solhint-6.0.0,solidity,2025/09/14,20260225_2030,1772051446.3192317,3.7293550968170166,1,"{compiler_version,func_visibility,gas_custom_errors,import_path_check,no_global_import,use_natspec}",{},{},{}
contracts_output/contracts_output/gemini_contracts/gemini_contracts/2394.sol,2394.sol,solhint-6.0.0,solidity,2025/09/14,20260225_2030,1772051423.215895,3.2283854484558105,1,"{compiler_version,func_visibility,gas_custom_errors,gas_indexed_events,import_path_check,no_global_import,use_natspec}",{},{},{}
contracts_output/contracts_output/gemini_contracts/gemini_contracts/2396.sol,2396.sol,solhint-6.0.0,solidity,2025/09/14,20260225_2030,1772051562.9583797,3.0198965072631836,1,"{compiler_version,func_visibility,gas_custom_errors,import_path_check,no_global_import,use_natspec}",{},{},{}
contracts_output/contracts_output/gemini_contracts/gemini_contracts/240.sol,240.sol,solhint-6.0.0,solidity,2025/09/14,20260225_2030,1772051489.5902026,3.3995912075042725,1,"{compiler_version,func_visibility,gas_custom_errors,import_path_check,no_global_import,quotes,use_natspec}",{},{},{}
contracts_output/contracts_output/gemini_contracts/gemini_contracts/2419.sol,2419.sol,solhint-6.0.0,solidity,2025/09/14,20260225_2030,1772051421.5674837,3.434375524520874,1,"{compiler_version,func_visibility,gas_increment_by_one,import_path_check,no_global_import,use_natspec}",{},{},{}
contracts_output/contracts_output/gemini_contracts/gemini_contracts/242.sol,242.sol,solhint-6.0.0,solidity,2025/09/14,20260225_2030,1772051537.9413762,3.492513656616211,1,"{compiler_version,func_visibility,gas_custom_errors,gas_small_strings,import_path_check,no_global_import,quotes,reason_string,use_natspec}",{},{},{}
contracts_output/contracts_output/gemini_contracts/gemini_contracts/2424.sol,2424.sol,solhint-6.0.0,solidity,2025/09/14,20260225_2030,1772051493.8277998,3.3712403774261475,1,"{compiler_version,func_visibility,gas_custom_errors,gas_increment_by_one,gas_small_strings,gas_strict_inequalities,import_path_check,no_global_import,reason_string,use_natspec}",{},{},{}
contracts_output/contracts_output/gemini_contracts/gemini_contracts/243.sol,243.sol,solhint-6.0.0,solidity,2025/09/14,20260225_2030,1772051498.2947516,3.2976150512695312,1,"{compiler_version,func_visibility,import_path_check,no_empty_blocks,no_global_import,use_natspec}",{},{},{}
contracts_output/contracts_output/gemini_contracts/gemini_contracts/2431.sol,2431.sol,solhint-6.0.0,solidity,2025/09/14,20260225_2030,1772051518.2551892,3.7419192790985107,1,"{compiler_version,func_visibility,gas_custom_errors,import_path_check,no_complex_fallback,no_global_import,quotes,use_natspec}",{},{},{}
contracts_output/contracts_output/gemini_contracts/gemini_contracts/2433.sol,2433.sol,solhint-6.0.0,solidity,2025/09/14,20260225_2030,1772051463.1135404,3.249474048614502,1,"{compiler_version,func_visibility,import_path_check,no_global_import,use_natspec}",{},{},{}
contracts_output/contracts_output/gemini_contracts/gemini_contracts/2436.sol,2436.sol,solhint-6.0.0,solidity,2025/09/14,20260225_2030,1772051495.2676375,3.275768280029297,1,{},{},{},{}
contracts_output/contracts_output/gemini_contracts/gemini_contracts/2439.sol,2439.sol,solhint-6.0.0,solidity,2025/09/14,20260225_2030,1772051472.045507,3.32717227935791,1,"{compiler_version,func_visibility,gas_custom_errors,import_path_check,no_global_import,use_natspec}",{},{},{}
contracts_output/contracts_output/gemini_contracts/gemini_contracts/2463.sol,2463.sol,solhint-6.0.0,solidity,2025/09/14,20260225_2030,1772051585.713659,2.7412188053131104,255,{},{},{EXIT_CODE_255},{}
contracts_output/contracts_output/gemini_contracts/gemini_contracts/2468.sol,2468.sol,solhint-6.0.0,solidity,2025/09/14,20260225_2030,1772051479.5231245,3.4328505992889404,1,"{compiler_version,func_visibility,gas_custom_errors,gas_small_strings,import_path_check,no_global_import,reason_string,use_natspec}",{},{},{}
contracts_output/contracts_output/gemini_contracts/gemini_contracts/2473.sol,2473.sol,solhint-6.0.0,solidity,2025/09/14,20260225_2030,1772051416.9037328,3.364297389984131,1,"{compiler_version,func_visibility,gas_custom_errors,gas_small_strings,import_path_check,no_global_import,quotes,reason_string,use_natspec}",{},{},{}
contracts_output/contracts_output/gemini_contracts/gemini_contracts/2476.sol,2476.sol,solhint-6.0.0,solidity,2025/09/14,20260225_2030,1772051485.4479299,3.759281873703003,1,"{compiler_version,func_visibility,gas_custom_errors,gas_strict_inequalities,import_path_check,no_global_import,quotes,use_natspec}",{},{},{}
contracts_output/contracts_output/gemini_contracts/gemini_contracts/2481.sol,2481.sol,solhint-6.0.0,solidity,2025/09/14,20260225_2030,1772051585.2558682,3.187511682510376,1,"{compiler_version,func_visibility,import_path_check,no_global_import,use_natspec}",{},{},{}
contracts_output/contracts_output/gemini_contracts/gemini_contracts/2485.sol,2485.sol,solhint-6.0.0,solidity,2025/09/14,20260225_2030,1772051507.1861174,3.17737078666687,1,"{compiler_version,func_visibility,gas_custom_errors,import_path_check,no_global_import,use_natspec}",{},{},{}
contracts_output/contracts_output/gemini_contracts/gemini_contracts/2491.sol,2491.sol,solhint-6.0.0,solidity,2025/09/14,20260225_2030,1772051544.1610684,3.3139700889587402,1,"{compiler_version,func_visibility,gas_custom_errors,gas_indexed_events,gas_small_strings,gas_strict_inequalities,import_path_check,no_empty_blocks,no_global_import,reason_string,use_natspec}",{},{},{}
contracts_output/contracts_output/gemini_contracts/gemini_contracts/250.sol,250.sol,solhint-6.0.0,solidity,2025/09/14,20260225_2030,1772051573.1608381,3.422948122024536,1,"{compiler_version,func_visibility,gas_custom_errors,gas_small_strings,gas_strict_inequalities,import_path_check,no_global_import,reason_string,use_natspec}",{},{},{}
contracts_output/contracts_output/gemini_contracts/gemini_contracts/2515.sol,2515.sol,solhint-6.0.0,solidity,2025/09/14,20260225_2030,1772051544.554909,3.3298134803771973,1,"{compiler_version,func_visibility,gas_custom_errors,gas_increment_by_one,gas_strict_inequalities,import_path_check,no_global_import,use_natspec}",{},{},{}
contracts_output/contracts_output/gemini_contracts/gemini_contracts/2521.sol,2521.sol,solhint-6.0.0,solidity,2025/09/14,20260225_2030,1772051463.9938135,3.3261654376983643,1,"{compiler_version,func_visibility,import_path_check,no_global_import,use_natspec}",{},{},{}
contracts_output/contracts_output/gemini_contracts/gemini_contracts/2524.sol,2524.sol,solhint-6.0.0,solidity,2025/09/14,20260225_2030,1772051539.2508242,3.411520481109619,1,"{compiler_version,func_visibility,gas_custom_errors,gas_indexed_events,gas_small_strings,gas_strict_inequalities,import_path_check,no_global_import,reason_string,use_natspec}",{},{},{}
contracts_output/contracts_output/gemini_contracts/gemini_contracts/2532.sol,2532.sol,solhint-6.0.0,solidity,2025/09/14,20260225_2030,1772051571.2854037,3.4508907794952393,1,"{compiler_version,func_visibility,gas_increment_by_one,import_path_check,no_global_import,use_natspec}",{},{},{}
contracts_output/contracts_output/gemini_contracts/gemini_contracts/2533.sol,2533.sol,solhint-6.0.0,solidity,2025/09/14,20260225_2030,1772051434.4786832,3.655026435852051,1,"{compiler_version,func_visibility,gas_custom_errors,gas_increment_by_one,gas_small_strings,import_path_check,no_global_import,reason_string,use_natspec}",{},{},{}
contracts_output/contracts_output/gemini_contracts/gemini_contracts/2566.sol,2566.sol,solhint-6.0.0,solidity,2025/09/14,20260225_2030,1772051467.3210196,3.3624892234802246,1,"{compiler_version,func_visibility,gas_custom_errors,gas_increment_by_one,import_path_check,no_global_import,use_natspec}",{},{},{}
contracts_output/contracts_output/gemini_contracts/gemini_contracts/2581.sol,2581.sol,solhint-6.0.0,solidity,2025/09/14,20260225_2030,1772051514.8236873,3.6152782440185547,1,"{compiler_version,func_visibility,gas_strict_inequalities,import_path_check,no_global_import,use_natspec}",{},{},{}
contracts_output/contracts_output/gemini_contracts/gemini_contracts/2600.sol,2600.sol,solhint-6.0.0,solidity,2025/09/14,20260225_2030,1772051475.5793428,3.445493221282959,1,"{compiler_version,func_visibility,gas_custom_errors,gas_small_strings,import_path_check,no_global_import,reason_string,use_natspec}",{},{},{}
contracts_output/contracts_output/gemini_contracts/gemini_contracts/2602.sol,2602.sol,solhint-6.0.0,solidity,2025/09/14,20260225_2030,1772051540.625446,3.570744276046753,1,"{compiler_version,func_visibility,gas_custom_errors,gas_increment_by_one,gas_small_strings,import_path_check,no_global_import,reason_string,use_natspec}",{},{},{}
contracts_output/contracts_output/gemini_contracts/gemini_contracts/2614.sol,2614.sol,solhint-6.0.0,solidity,2025/09/14,20260225_2030,1772051500.7660627,3.3614587783813477,1,"{compiler_version,func_visibility,import_path_check,no_global_import,use_natspec}",{},{},{}
contracts_output/contracts_output/gemini_contracts/gemini_contracts/2617.sol,2617.sol,solhint-6.0.0,solidity,2025/09/14,20260225_2030,1772051484.7014055,3.0875754356384277,1,"{compiler_version,func_visibility,import_path_check,no_global_import,use_natspec}",{},{},{}
contracts_output/contracts_output/gemini_contracts/gemini_contracts/2621.sol,2621.sol,solhint-6.0.0,solidity,2025/09/14,20260225_2030,1772051454.6430254,3.525987148284912,1,"{compiler_version,func_visibility,gas_custom_errors,import_path_check,no_global_import,use_natspec}",{},{},{}
contracts_output/contracts_output/gemini_contracts/gemini_contracts/2632.sol,2632.sol,solhint-6.0.0,solidity,2025/09/14,20260225_2030,1772051575.784534,3.3528993129730225,1,"{compiler_version,func_visibility,gas_custom_errors,import_path_check,no_global_import,use_natspec}",{},{},{}
contracts_output/contracts_output/gemini_contracts/gemini_contracts/2639.sol,2639.sol,solhint-6.0.0,solidity,2025/09/14,20260225_2030,1772051536.797155,3.2578375339508057,1,"{compiler_version,func_visibility,import_path_check,no_global_import,no_unused_vars,use_natspec}",{},{},{}
contracts_output/contracts_output/gemini_contracts/gemini_contracts/267.sol,267.sol,solhint-6.0.0,solidity,2025/09/14,20260225_2030,1772051578.704597,3.5622189044952393,1,"{compiler_version,func_visibility,gas_custom_errors,gas_strict_inequalities,import_path_check,no_empty_blocks,no_global_import,no_unused_vars,quotes,use_natspec}",{},{},{}
contracts_output/contracts_output/gemini_contracts/gemini_contracts/2680.sol,2680.sol,solhint-6.0.0,solidity,2025/09/14,20260225_2030,1772051484.7288566,3.108186960220337,1,{},{},{},{}
contracts_output/contracts_output/gemini_contracts/gemini_contracts/2712.sol,2712.sol,solhint-6.0.0,solidity,2025/09/14,20260225_2030,1772051454.7126155,3.3469183444976807,1,"{compiler_version,func_visibility,gas_custom_errors,gas_small_strings,import_path_check,no_global_import,reason_string,use_natspec}",{},{},{}
contracts_output/contracts_output/gemini_contracts/gemini_contracts/2733.sol,2733.sol,solhint-6.0.0,solidity,2025/09/14,20260225_2030,1772051441.4527628,3.569983959197998,1,"{compiler_version,func_visibility,gas_custom_errors,gas_small_strings,import_path_check,no_global_import,reason_string,use_natspec}",{},{},{}
contracts_output/contracts_output/gemini_contracts/gemini_contracts/2749.sol,2749.sol,solhint-6.0.0,solidity,2025/09/14,20260225_2030,1772051535.4909267,3.443535804748535,1,"{compiler_version,func_visibility,gas_custom_errors,gas_increment_by_one,gas_strict_inequalities,import_path_check,no_global_import,use_natspec}",{},{},{}
contracts_output/contracts_output/gemini_contracts/gemini_contracts/2752.sol,2752.sol,solhint-6.0.0,solidity,2025/09/14,20260225_2030,1772051483.0923953,3.194629430770874,1,"{compiler_version,gas_strict_inequalities,import_path_check,no_global_import,use_natspec}",{},{},{}
contracts_output/contracts_output/gemini_contracts/gemini_contracts/277.sol,277.sol,solhint-6.0.0,solidity,2025/09/14,20260225_2030,1772051418.4531085,3.174534797668457,255,{},{},{EXIT_CODE_255},{}
contracts_output/contracts_output/gemini_contracts/gemini_contracts/2777.sol,2777.sol,solhint-6.0.0,solidity,2025/09/14,20260225_2030,1772051435.8876212,3.725959062576294,1,"{compiler_version,func_visibility,gas_custom_errors,import_path_check,no_global_import,use_natspec}",{},{},{}
contracts_output/contracts_output/gemini_contracts/gemini_contracts/281.sol,281.sol,solhint-6.0.0,solidity,2025/09/14,20260225_2030,1772051549.9399347,3.2319164276123047,1,"{compiler_version,func_visibility,gas_custom_errors,gas_indexed_events,import_path_check,no_global_import,use_natspec}",{},{},{}
contracts_output/contracts_output/gemini_contracts/gemini_contracts/2847.sol,2847.sol,solhint-6.0.0,solidity,2025/09/14,20260225_2030,1772051420.6099932,3.585754871368408,1,"{compiler_version,func_visibility,gas_custom_errors,gas_strict_inequalities,import_path_check,no_global_import,use_natspec}",{},{},{}
contracts_output/contracts_output/gemini_contracts/gemini_contracts/2851.sol,2851.sol,solhint-6.0.0,solidity,2025/09/14,20260225_2030,1772051421.6514065,3.9038124084472656,1,"{compiler_version,func_visibility,gas_custom_errors,gas_small_strings,import_path_check,no_global_import,reason_string,use_natspec}",{},{},{}
contracts_output/contracts_output/gemini_contracts/gemini_contracts/2869.sol,2869.sol,solhint-6.0.0,solidity,2025/09/14,20260225_2030,1772051460.4617794,3.1856861114501953,1,"{compiler_version,func_visibility,gas_custom_errors,gas_strict_inequalities,import_path_check,no_global_import,use_natspec}",{},{},{}
contracts_output/contracts_output/gemini_contracts/gemini_contracts/2892.sol,2892.sol,solhint-6.0.0,solidity,2025/09/14,20260225_2030,1772051568.8017106,3.0959203243255615,1,"{compiler_version,func_visibility,gas_custom_errors,gas_strict_inequalities,gas_struct_packing,import_path_check,no_global_import,use_natspec}",{},{},{}
contracts_output/contracts_output/gemini_contracts/gemini_contracts/2907.sol,2907.sol,solhint-6.0.0,solidity,2025/09/14,20260225_2030,1772051425.8242314,3.553429126739502,1,"{compiler_version,func_visibility,gas_custom_errors,gas_small_strings,import_path_check,no_global_import,quotes,reason_string,use_natspec}",{},{},{}
contracts_output/contracts_output/gemini_contracts/gemini_contracts/2948.sol,2948.sol,solhint-6.0.0,solidity,2025/09/14,20260225_2030,1772051471.4243135,3.3641679286956787,1,"{compiler_version,func_visibility,import_path_check,no_global_import,use_natspec}",{},{},{}
contracts_output/contracts_output/gemini_contracts/gemini_contracts/2971.sol,2971.sol,solhint-6.0.0,solidity,2025/09/14,20260225_2030,1772051510.9356372,3.2189252376556396,1,"{compiler_version,func_visibility,import_path_check,no_global_import,use_natspec}",{},{},{}
contracts_output/contracts_output/gemini_contracts/gemini_contracts/2976.sol,2976.sol,solhint-6.0.0,solidity,2025/09/14,20260225_2030,1772051551.6958406,3.261240005493164,1,"{compiler_version,func_visibility,gas_custom_errors,gas_small_strings,import_path_check,no_global_import,reason_string,use_natspec}",{},{},{}
contracts_output/contracts_output/gemini_contracts/gemini_contracts/2989.sol,2989.sol,solhint-6.0.0,solidity,2025/09/14,20260225_2030,1772051497.797634,3.1587507724761963,1,"{compiler_version,func_visibility,gas_small_strings,import_path_check,no_global_import,use_natspec}",{},{},{}
contracts_output/contracts_output/gemini_contracts/gemini_contracts/30.sol,30.sol,solhint-6.0.0,solidity,2025/09/14,20260225_2030,1772051543.4004195,3.549616813659668,1,"{compiler_version,func_visibility,gas_custom_errors,import_path_check,no_global_import,use_natspec}",{},{},{}
contracts_output/contracts_output/gemini_contracts/gemini_contracts/3024.sol,3024.sol,solhint-6.0.0,solidity,2025/09/14,20260225_2030,1772051496.8748524,3.5685415267944336,1,"{compiler_version,func_visibility,import_path_check,no_global_import,use_natspec}",{},{},{}
contracts_output/contracts_output/gemini_contracts/gemini_contracts/3040.sol,3040.sol,solhint-6.0.0,solidity,2025/09/14,20260225_2030,1772051573.8258393,3.1165125370025635,1,"{compiler_version,func_visibility,gas_small_strings,import_path_check,no_global_import,quotes,use_natspec}",{},{},{}
contracts_output/contracts_output/gemini_contracts/gemini_contracts/306.sol,306.sol,solhint-6.0.0,solidity,2025/09/14,20260225_2030,1772051512.396515,3.09495210647583,1,"{compiler_version,func_visibility,import_path_check,no_global_import,use_natspec}",{},{},{}
contracts_output/contracts_output/gemini_contracts/gemini_contracts/3060.sol,3060.sol,solhint-6.0.0,solidity,2025/09/14,20260225_2030,1772051556.60579,3.115780830383301,1,{},{},{},{}
contracts_output/contracts_output/gemini_contracts/gemini_contracts/3064.sol,3064.sol,solhint-6.0.0,solidity,2025/09/14,20260225_2030,1772051563.9990282,3.3828063011169434,1,"{compiler_version,func_visibility,gas_strict_inequalities,import_path_check,no_global_import,no_unused_vars,quotes,use_natspec}",{},{},{}
contracts_output/contracts_output/gemini_contracts/gemini_contracts/3096.sol,3096.sol,solhint-6.0.0,solidity,2025/09/14,20260225_2030,1772051526.9946759,3.1665375232696533,1,{},{},{},{}
contracts_output/contracts_output/gemini_contracts/gemini_contracts/3103.sol,3103.sol,solhint-6.0.0,solidity,2025/09/14,20260225_2030,1772051502.1985831,3.297067642211914,1,"{compiler_version,func_visibility,gas_custom_errors,gas_increment_by_one,gas_strict_inequalities,import_path_check,no_global_import,use_natspec}",{},{},{}
contracts_output/contracts_output/gemini_contracts/gemini_contracts/312.sol,312.sol,solhint-6.0.0,solidity,2025/09/14,20260225_2030,1772051567.7599761,3.6280198097229004,1,"{compiler_version,func_visibility,gas_increment_by_one,import_path_check,no_global_import,use_natspec}",{},{},{}
contracts_output/contracts_output/gemini_contracts/gemini_contracts/3142.sol,3142.sol,solhint-6.0.0,solidity,2025/09/14,20260225_2030,1772051581.3203802,3.2764854431152344,1,"{compiler_version,func_visibility,import_path_check,no_global_import,use_natspec}",{},{},{}
contracts_output/contracts_output/gemini_contracts/gemini_contracts/3148.sol,3148.sol,solhint-6.0.0,solidity,2025/09/14,20260225_2030,1772051545.0715308,3.6528239250183105,1,"{compiler_version,func_visibility,gas_custom_errors,import_path_check,no_global_import,use_natspec}",{},{},{}
contracts_output/contracts_output/gemini_contracts/gemini_contracts/316.sol,316.sol,solhint-6.0.0,solidity,2025/09/14,20260225_2030,1772051497.6213412,3.323723316192627,1,"{compiler_version,func_visibility,gas_custom_errors,gas_strict_inequalities,import_path_check,no_global_import,quotes,use_natspec}",{},{},{}
contracts_output/contracts_output/gemini_contracts/gemini_contracts/3161.sol,3161.sol,solhint-6.0.0,solidity,2025/09/14,20260225_2030,1772051546.643033,3.5657765865325928,1,"{compiler_version,func_visibility,import_path_check,no_global_import,use_natspec,var_name_mixedcase}",{},{},{}
contracts_output/contracts_output/gemini_contracts/gemini_contracts/3163.sol,3163.sol,solhint-6.0.0,solidity,2025/09/14,20260225_2030,1772051417.6734571,3.368670701980591,1,"{compiler_version,func_visibility,import_path_check,no_empty_blocks,no_global_import,quotes,use_natspec}",{},{},{}
contracts_output/contracts_output/gemini_contracts/gemini_contracts/3170.sol,3170.sol,solhint-6.0.0,solidity,2025/09/14,20260225_2030,1772051426.4458506,3.234370231628418,1,"{compiler_version,func_visibility,gas_custom_errors,import_path_check,no_global_import,use_natspec}",{},{},{}
contracts_output/contracts_output/gemini_contracts/gemini_contracts/3181.sol,3181.sol,solhint-6.0.0,solidity,2025/09/14,20260225_2030,1772051554.1813605,3.025230646133423,1,"{compiler_version,gas_custom_errors,import_path_check,no_global_import,use_natspec}",{},{},{}
contracts_output/contracts_output/gemini_contracts/gemini_contracts/3185.sol,3185.sol,solhint-6.0.0,solidity,2025/09/14,20260225_2030,1772051544.4481056,3.3863961696624756,1,"{compiler_version,func_visibility,gas_custom_errors,gas_small_strings,gas_strict_inequalities,import_path_check,imports_on_top,no_global_import,no_inline_assembly,one_contract_per_file,reason_string,use_natspec}",{},{},{}
contracts_output/contracts_output/gemini_contracts/gemini_contracts/3195.sol,3195.sol,solhint-6.0.0,solidity,2025/09/14,20260225_2030,1772051578.3973882,3.740429162979126,1,"{compiler_version,func_visibility,gas_increment_by_one,gas_strict_inequalities,import_path_check,no_global_import,quotes,state_visibility,use_natspec}",{},{},{}
contracts_output/contracts_output/gemini_contracts/gemini_contracts/32.sol,32.sol,solhint-6.0.0,solidity,2025/09/14,20260225_2030,1772051500.4074,3.2340354919433594,1,"{compiler_version,func_visibility,gas_custom_errors,gas_small_strings,import_path_check,no_global_import,reason_string,use_natspec}",{},{},{}
contracts_output/contracts_output/gemini_contracts/gemini_contracts/3202.sol,3202.sol,solhint-6.0.0,solidity,2025/09/14,20260225_2030,1772051461.422144,3.5074450969696045,1,"{compiler_version,func_visibility,gas_custom_errors,import_path_check,no_global_import,use_natspec}",{},{},{}
contracts_output/contracts_output/gemini_contracts/gemini_contracts/3204.sol,3204.sol,solhint-6.0.0,solidity,2025/09/14,20260225_2030,1772051567.664612,3.0671401023864746,1,"{compiler_version,func_visibility,gas_custom_errors,gas_strict_inequalities,import_path_check,no_global_import,quotes,use_natspec}",{},{},{}
contracts_output/contracts_output/gemini_contracts/gemini_contracts/321.sol,321.sol,solhint-6.0.0,solidity,2025/09/14,20260225_2030,1772051529.3827243,3.341404676437378,1,"{compiler_version,func_visibility,gas_custom_errors,import_path_check,no_global_import,use_natspec}",{},{},{}
contracts_output/contracts_output/gemini_contracts/gemini_contracts/3235.sol,3235.sol,solhint-6.0.0,solidity,2025/09/14,20260225_2030,1772051494.2848327,3.5122549533843994,1,{},{},{},{}
contracts_output/contracts_output/gemini_contracts/gemini_contracts/3265.sol,3265.sol,solhint-6.0.0,solidity,2025/09/14,20260225_2030,1772051470.7581997,3.158667802810669,1,"{compiler_version,func_visibility,import_path_check,no_global_import,use_natspec}",{},{},{}
contracts_output/contracts_output/gemini_contracts/gemini_contracts/3277.sol,3277.sol,solhint-6.0.0,solidity,2025/09/14,20260225_2030,1772051430.2095988,3.297759771347046,1,"{compiler_version,func_visibility,gas_custom_errors,import_path_check,no_global_import,use_natspec}",{},{},{}
contracts_output/contracts_output/gemini_contracts/gemini_contracts/3285.sol,3285.sol,solhint-6.0.0,solidity,2025/09/14,20260225_2030,1772051415.2354138,4.522972822189331,1,"{compiler_version,func_visibility,gas_custom_errors,gas_small_strings,import_path_check,no_global_import,reason_string,use_natspec}",{},{},{}
contracts_output/contracts_output/gemini_contracts/gemini_contracts/3288.sol,3288.sol,solhint-6.0.0,solidity,2025/09/14,20260225_2030,1772051509.475537,3.564103364944458,1,{},{},{},{}
contracts_output/contracts_output/gemini_contracts/gemini_contracts/3297.sol,3297.sol,solhint-6.0.0,solidity,2025/09/14,20260225_2030,1772051473.2502298,3.2149569988250732,1,"{compiler_version,func_visibility,gas_custom_errors,gas_strict_inequalities,import_path_check,no_global_import,use_natspec}",{},{},{}
contracts_output/contracts_output/gemini_contracts/gemini_contracts/3314.sol,3314.sol,solhint-6.0.0,solidity,2025/09/14,20260225_2030,1772051554.5626688,3.1094136238098145,1,"{compiler_version,func_visibility,gas_custom_errors,import_path_check,no_global_import,no_unused_vars,quotes,use_natspec}",{},{},{}
contracts_output/contracts_output/gemini_contracts/gemini_contracts/3318.sol,3318.sol,solhint-6.0.0,solidity,2025/09/14,20260225_2030,1772051571.7330878,3.3319883346557617,1,"{compiler_version,func_visibility,gas_custom_errors,import_path_check,no_global_import,use_natspec}",{},{},{}
contracts_output/contracts_output/gemini_contracts/gemini_contracts/3322.sol,3322.sol,solhint-6.0.0,solidity,2025/09/14,20260225_2030,1772051520.841188,3.425370454788208,1,"{compiler_version,func_visibility,gas_strict_inequalities,import_path_check,no_global_import,use_natspec}",{},{},{}
contracts_output/contracts_output/gemini_contracts/gemini_contracts/3332.sol,3332.sol,solhint-6.0.0,solidity,2025/09/14,20260225_2030,1772051516.3745806,3.442172050476074,1,"{compiler_version,func_visibility,gas_increment_by_one,import_path_check,no_global_import,use_natspec}",{},{},{}
contracts_output/contracts_output/gemini_contracts/gemini_contracts/3338.sol,3338.sol,solhint-6.0.0,solidity,2025/09/14,20260225_2030,1772051442.1240485,3.222348213195801,1,"{compiler_version,func_visibility,import_path_check,no_global_import,use_natspec}",{},{},{}
contracts_output/contracts_output/gemini_contracts/gemini_contracts/3343.sol,3343.sol,solhint-6.0.0,solidity,2025/09/14,20260225_2030,1772051532.9184937,4.0009377002716064,1,"{compiler_version,func_visibility,gas_custom_errors,gas_indexed_events,gas_small_strings,gas_strict_inequalities,import_path_check,no_empty_blocks,no_global_import,quotes,reason_string,use_natspec}",{},{},{}
contracts_output/contracts_output/gemini_contracts/gemini_contracts/3368.sol,3368.sol,solhint-6.0.0,solidity,2025/09/14,20260225_2030,1772051439.9822178,3.005835771560669,1,"{compiler_version,func_visibility,import_path_check,no_global_import,use_natspec}",{},{},{}
contracts_output/contracts_output/gemini_contracts/gemini_contracts/3377.sol,3377.sol,solhint-6.0.0,solidity,2025/09/14,20260225_2030,1772051544.1031775,3.179837942123413,1,"{compiler_version,func_visibility,import_path_check,no_global_import,use_natspec}",{},{},{}
contracts_output/contracts_output/gemini_contracts/gemini_contracts/3380.sol,3380.sol,solhint-6.0.0,solidity,2025/09/14,20260225_2030,1772051582.1388302,3.841963768005371,1,"{compiler_version,explicit_types,func_visibility,gas_custom_errors,gas_increment_by_one,gas_small_strings,gas_strict_inequalities,import_path_check,no_global_import,no_unused_vars,reason_string,use_natspec}",{},{},{}
contracts_output/contracts_output/gemini_contracts/gemini_contracts/339.sol,339.sol,solhint-6.0.0,solidity,2025/09/14,20260225_2030,1772051543.4013321,3.7672581672668457,1,"{compiler_version,func_visibility,import_path_check,no_global_import,quotes,use_natspec}",{},{},{}
contracts_output/contracts_output/gemini_contracts/gemini_contracts/3416.sol,3416.sol,solhint-6.0.0,solidity,2025/09/14,20260225_2030,1772051497.1532226,3.659162759780884,1,"{compiler_version,func_visibility,gas_custom_errors,import_path_check,no_global_import,quotes,use_natspec}",{},{},{}
contracts_output/contracts_output/gemini_contracts/gemini_contracts/3424.sol,3424.sol,solhint-6.0.0,solidity,2025/09/14,20260225_2030,1772051433.7337375,3.6285595893859863,1,"{compiler_version,func_visibility,gas_custom_errors,import_path_check,no_global_import,quotes,use_natspec}",{},{},{}
contracts_output/contracts_output/gemini_contracts/gemini_contracts/3433.sol,3433.sol,solhint-6.0.0,solidity,2025/09/14,20260225_2030,1772051560.2502065,3.046677589416504,1,"{compiler_version,func_visibility,gas_custom_errors,import_path_check,no_global_import,use_natspec}",{},{},{}
contracts_output/contracts_output/gemini_contracts/gemini_contracts/3447.sol,3447.sol,solhint-6.0.0,solidity,2025/09/14,20260225_2030,1772051529.3563251,3.223863363265991,1,"{compiler_version,func_visibility,gas_custom_errors,gas_small_strings,import_path_check,no_global_import,quotes,reason_string,use_natspec}",{},{},{}
contracts_output/contracts_output/gemini_contracts/gemini_contracts/3452.sol,3452.sol,solhint-6.0.0,solidity,2025/09/14,20260225_2030,1772051452.4712493,2.8643510341644287,255,{},{},{EXIT_CODE_255},{}
contracts_output/contracts_output/gemini_contracts/gemini_contracts/3458.sol,3458.sol,solhint-6.0.0,solidity,2025/09/14,20260225_2030,1772051569.0449443,3.065143346786499,255,{},{},{EXIT_CODE_255},{}
contracts_output/contracts_output/gemini_contracts/gemini_contracts/3464.sol,3464.sol,solhint-6.0.0,solidity,2025/09/14,20260225_2030,1772051508.405061,3.4046859741210938,1,"{compiler_version,func_visibility,gas_custom_errors,gas_increment_by_one,gas_strict_inequalities,import_path_check,no_global_import,quotes,use_natspec}",{},{},{}
contracts_output/contracts_output/gemini_contracts/gemini_contracts/3476.sol,3476.sol,solhint-6.0.0,solidity,2025/09/14,20260225_2030,1772051515.4922223,3.590510845184326,1,"{compiler_version,gas_custom_errors,gas_indexed_events,gas_strict_inequalities,import_path_check,no_empty_blocks,no_global_import,no_unused_vars,use_natspec}",{},{},{}
contracts_output/contracts_output/gemini_contracts/gemini_contracts/3477.sol,3477.sol,solhint-6.0.0,solidity,2025/09/14,20260225_2030,1772051482.8558867,3.080948829650879,1,"{compiler_version,func_visibility,gas_custom_errors,gas_strict_inequalities,import_path_check,no_global_import,use_natspec}",{},{},{}
contracts_output/contracts_output/gemini_contracts/gemini_contracts/3500.sol,3500.sol,solhint-6.0.0,solidity,2025/09/14,20260225_2030,1772051464.3051965,3.0415656566619873,1,"{avoid_low_level_calls,compiler_version,func_visibility,import_path_check,no_global_import,quotes,use_natspec}",{},{},{}
contracts_output/contracts_output/gemini_contracts/gemini_contracts/3520.sol,3520.sol,solhint-6.0.0,solidity,2025/09/14,20260225_2030,1772051417.4414792,3.2232255935668945,1,"{compiler_version,func_visibility,gas_custom_errors,import_path_check,no_global_import,use_natspec}",{},{},{}
contracts_output/contracts_output/gemini_contracts/gemini_contracts/3570.sol,3570.sol,solhint-6.0.0,solidity,2025/09/14,20260225_2030,1772051570.3526816,3.5876052379608154,1,"{compiler_version,func_visibility,import_path_check,no_global_import,use_natspec}",{},{},{}
contracts_output/contracts_output/gemini_contracts/gemini_contracts/3576.sol,3576.sol,solhint-6.0.0,solidity,2025/09/14,20260225_2030,1772051504.261049,3.5325684547424316,1,"{compiler_version,func_visibility,gas_custom_errors,import_path_check,no_global_import,use_natspec}",{},{},{}
contracts_output/contracts_output/gemini_contracts/gemini_contracts/3580.sol,3580.sol,solhint-6.0.0,solidity,2025/09/14,20260225_2030,1772051453.7327833,3.6204023361206055,1,"{compiler_version,func_visibility,gas_custom_errors,gas_strict_inequalities,import_path_check,no_global_import,no_unused_vars,quotes,use_natspec}",{},{},{}
contracts_output/contracts_output/gemini_contracts/gemini_contracts/36.sol,36.sol,solhint-6.0.0,solidity,2025/09/14,20260225_2030,1772051510.1932504,3.299450397491455,1,"{compiler_version,func_visibility,gas_custom_errors,gas_small_strings,import_path_check,no_global_import,no_unused_vars,reason_string,use_natspec}",{},{},{}
contracts_output/contracts_output/gemini_contracts/gemini_contracts/3604.sol,3604.sol,solhint-6.0.0,solidity,2025/09/14,20260225_2030,1772051440.536252,3.3712501525878906,1,"{compiler_version,explicit_types,func_visibility,gas_custom_errors,gas_increment_by_one,import_path_check,no_global_import,use_natspec}",{},{},{}
contracts_output/contracts_output/gemini_contracts/gemini_contracts/3619.sol,3619.sol,solhint-6.0.0,solidity,2025/09/14,20260225_2030,1772051524.5135381,3.1667513847351074,1,"{compiler_version,func_visibility,import_path_check,no_global_import,use_natspec}",{},{},{}
contracts_output/contracts_output/gemini_contracts/gemini_contracts/3633.sol,3633.sol,solhint-6.0.0,solidity,2025/09/14,20260225_2030,1772051458.8504975,3.5590031147003174,1,"{compiler_version,func_visibility,gas_custom_errors,gas_strict_inequalities,import_path_check,no_global_import,use_natspec}",{},{},{}
contracts_output/contracts_output/gemini_contracts/gemini_contracts/3644.sol,3644.sol,solhint-6.0.0,solidity,2025/09/14,20260225_2030,1772051450.9553077,3.102506399154663,1,{},{},{},{}
contracts_output/contracts_output/gemini_contracts/gemini_contracts/3650.sol,3650.sol,solhint-6.0.0,solidity,2025/09/14,20260225_2030,1772051448.7101238,3.1630473136901855,1,"{compiler_version,func_visibility,gas_custom_errors,import_path_check,no_global_import,use_natspec}",{},{},{}
contracts_output/contracts_output/gemini_contracts/gemini_contracts/3662.sol,3662.sol,solhint-6.0.0,solidity,2025/09/14,20260225_2030,1772051572.5369122,3.865203380584717,1,"{compiler_version,func_visibility,gas_custom_errors,gas_indexed_events,gas_small_strings,gas_strict_inequalities,import_path_check,no_global_import,reason_string,use_natspec}",{},{},{}
contracts_output/contracts_output/gemini_contracts/gemini_contracts/3698.sol,3698.sol,solhint-6.0.0,solidity,2025/09/14,20260225_2030,1772051419.7454443,3.4680635929107666,1,{},{},{},{}
contracts_output/contracts_output/gemini_contracts/gemini_contracts/3704.sol,3704.sol,solhint-6.0.0,solidity,2025/09/14,20260225_2030,1772051415.2521415,3.5233216285705566,1,"{compiler_version,func_visibility,import_path_check,no_global_import,use_natspec}",{},{},{}
contracts_output/contracts_output/gemini_contracts/gemini_contracts/3719.sol,3719.sol,solhint-6.0.0,solidity,2025/09/14,20260225_2030,1772051554.0626922,2.9366941452026367,1,"{compiler_version,func_visibility,gas_custom_errors,gas_small_strings,import_path_check,no_global_import,reason_string,use_natspec}",{},{},{}
contracts_output/contracts_output/gemini_contracts/gemini_contracts/3727.sol,3727.sol,solhint-6.0.0,solidity,2025/09/14,20260225_2030,1772051435.3332374,3.290174961090088,1,"{compiler_version,func_visibility,gas_custom_errors,gas_small_strings,gas_strict_inequalities,import_path_check,no_global_import,reason_string,use_natspec}",{},{},{}
contracts_output/contracts_output/gemini_contracts/gemini_contracts/3728.sol,3728.sol,solhint-6.0.0,solidity,2025/09/14,20260225_2030,1772051517.33106,3.358874559402466,1,"{compiler_version,func_visibility,gas_custom_errors,gas_indexed_events,gas_strict_inequalities,import_path_check,no_global_import,no_unused_vars,use_natspec}",{},{},{}
contracts_output/contracts_output/gemini_contracts/gemini_contracts/3748.sol,3748.sol,solhint-6.0.0,solidity,2025/09/14,20260225_2030,1772051505.453805,3.1597959995269775,255,{},{},{EXIT_CODE_255},{}
contracts_output/contracts_output/gemini_contracts/gemini_contracts/3756.sol,3756.sol,solhint-6.0.0,solidity,2025/09/14,20260225_2030,1772051543.3047476,3.7556700706481934,1,"{compiler_version,func_visibility,gas_custom_errors,gas_indexed_events,gas_small_strings,import_path_check,no_global_import,reason_string,use_natspec}",{},{},{}
contracts_output/contracts_output/gemini_contracts/gemini_contracts/3776.sol,3776.sol,solhint-6.0.0,solidity,2025/09/14,20260225_2030,1772051585.5939293,2.9767985343933105,1,"{compiler_version,func_visibility,gas_custom_errors,gas_small_strings,gas_strict_inequalities,import_path_check,no_global_import,reason_string,use_natspec}",{},{},{}
contracts_output/contracts_output/gemini_contracts/gemini_contracts/3785.sol,3785.sol,solhint-6.0.0,solidity,2025/09/14,20260225_2030,1772051565.29053,3.4034347534179688,1,"{compiler_version,func_visibility,import_path_check,no_global_import,quotes,use_natspec}",{},{},{}
contracts_output/contracts_output/gemini_contracts/gemini_contracts/3793.sol,3793.sol,solhint-6.0.0,solidity,2025/09/14,20260225_2030,1772051539.3506134,3.150465726852417,1,"{compiler_version,func_visibility,gas_custom_errors,gas_increment_by_one,gas_struct_packing,import_path_check,no_global_import,quotes,use_natspec}",{},{},{}
contracts_output/contracts_output/gemini_contracts/gemini_contracts/381.sol,381.sol,solhint-6.0.0,solidity,2025/09/14,20260225_2030,1772051540.0401351,3.261533737182617,1,"{compiler_version,func_visibility,import_path_check,no_global_import,use_natspec}",{},{},{}
contracts_output/contracts_output/gemini_contracts/gemini_contracts/382.sol,382.sol,solhint-6.0.0,solidity,2025/09/14,20260225_2030,1772051471.0549343,3.625048875808716,1,"{compiler_version,func_visibility,gas_custom_errors,gas_increment_by_one,gas_small_strings,gas_strict_inequalities,import_path_check,no_global_import,reason_string,use_natspec}",{},{},{}
contracts_output/contracts_output/gemini_contracts/gemini_contracts/3857.sol,3857.sol,solhint-6.0.0,solidity,2025/09/14,20260225_2030,1772051511.7756267,3.0472965240478516,1,"{compiler_version,func_visibility,gas_custom_errors,gas_small_strings,import_path_check,no_global_import,reason_string,use_natspec}",{},{},{}
contracts_output/contracts_output/gemini_contracts/gemini_contracts/3863.sol,3863.sol,solhint-6.0.0,solidity,2025/09/14,20260225_2030,1772051479.026437,3.0788090229034424,1,{},{},{},{}
contracts_output/contracts_output/gemini_contracts/gemini_contracts/3881.sol,3881.sol,solhint-6.0.0,solidity,2025/09/14,20260225_2030,1772051459.7522638,3.4464945793151855,1,"{compiler_version,func_visibility,gas_custom_errors,import_path_check,no_global_import,use_natspec}",{},{},{}
contracts_output/contracts_output/gemini_contracts/gemini_contracts/3890.sol,3890.sol,solhint-6.0.0,solidity,2025/09/14,20260225_2030,1772051577.8611484,3.45648455619812,1,"{compiler_version,func_visibility,gas_custom_errors,import_path_check,no_global_import,use_natspec}",{},{},{}
contracts_output/contracts_output/gemini_contracts/gemini_contracts/3893.sol,3893.sol,solhint-6.0.0,solidity,2025/09/14,20260225_2030,1772051436.1503494,3.9676930904388428,1,"{compiler_version,func_visibility,import_path_check,no_global_import,use_natspec}",{},{},{}
contracts_output/contracts_output/gemini_contracts/gemini_contracts/3896.sol,3896.sol,solhint-6.0.0,solidity,2025/09/14,20260225_2030,1772051568.646479,3.0853259563446045,1,"{compiler_version,func_visibility,gas_custom_errors,gas_small_strings,import_path_check,no_global_import,reason_string,use_natspec}",{},{},{}
contracts_output/contracts_output/gemini_contracts/gemini_contracts/39.sol,39.sol,solhint-6.0.0,solidity,2025/09/14,20260225_2030,1772051430.1975992,3.6364831924438477,1,"{compiler_version,func_visibility,gas_custom_errors,gas_small_strings,import_path_check,no_global_import,no_unused_vars,reason_string,use_natspec}",{},{},{}
contracts_output/contracts_output/gemini_contracts/gemini_contracts/3939.sol,3939.sol,solhint-6.0.0,solidity,2025/09/14,20260225_2030,1772051462.9394186,3.1369080543518066,1,"{compiler_version,func_visibility,gas_custom_errors,gas_small_strings,import_path_check,no_global_import,reason_string,use_natspec}",{},{},{}
contracts_output/contracts_output/gemini_contracts/gemini_contracts/3988.sol,3988.sol,solhint-6.0.0,solidity,2025/09/14,20260225_2030,1772051530.465731,3.601682424545288,1,"{compiler_version,func_visibility,import_path_check,no_global_import,use_natspec}",{},{},{}
contracts_output/contracts_output/gemini_contracts/gemini_contracts/3990.sol,3990.sol,solhint-6.0.0,solidity,2025/09/14,20260225_2030,1772051526.872695,3.339790105819702,1,"{compiler_version,func_visibility,gas_custom_errors,gas_indexed_events,import_path_check,no_global_import,quotes,use_natspec}",{},{},{}
contracts_output/contracts_output/gemini_contracts/gemini_contracts/4001.sol,4001.sol,solhint-6.0.0,solidity,2025/09/14,20260225_2030,1772051543.0207043,3.7336301803588867,1,"{compiler_version,func_visibility,import_path_check,no_empty_blocks,no_global_import,use_natspec}",{},{},{}
contracts_output/contracts_output/gemini_contracts/gemini_contracts/4005.sol,4005.sol,solhint-6.0.0,solidity,2025/09/14,20260225_2030,1772051512.1604965,3.085874080657959,1,{},{},{},{}
contracts_output/contracts_output/gemini_contracts/gemini_contracts/402.sol,402.sol,solhint-6.0.0,solidity,2025/09/14,20260225_2030,1772051465.4715323,3.422027349472046,1,"{compiler_version,func_visibility,gas_custom_errors,import_path_check,no_global_import,use_natspec}",{},{},{}
contracts_output/contracts_output/gemini_contracts/gemini_contracts/4025.sol,4025.sol,solhint-6.0.0,solidity,2025/09/14,20260225_2030,1772051530.0519562,3.017932176589966,1,"{compiler_version,gas_custom_errors,gas_small_strings,import_path_check,no_global_import,reason_string,use_natspec}",{},{},{}
contracts_output/contracts_output/gemini_contracts/gemini_contracts/4047.sol,4047.sol,solhint-6.0.0,solidity,2025/09/14,20260225_2030,1772051426.7289393,3.467512607574463,1,"{compiler_version,func_visibility,gas_increment_by_one,import_path_check,no_global_import,use_natspec}",{},{},{}
contracts_output/contracts_output/gemini_contracts/gemini_contracts/4051.sol,4051.sol,solhint-6.0.0,solidity,2025/09/14,20260225_2030,1772051551.3434277,3.4904239177703857,1,"{compiler_version,func_visibility,import_path_check,no_global_import,use_natspec}",{},{},{}
contracts_output/contracts_output/gemini_contracts/gemini_contracts/4079.sol,4079.sol,solhint-6.0.0,solidity,2025/09/14,20260225_2030,1772051523.0409334,3.398686408996582,1,"{compiler_version,func_visibility,import_path_check,no_global_import,use_natspec}",{},{},{}
contracts_output/contracts_output/gemini_contracts/gemini_contracts/4083.sol,4083.sol,solhint-6.0.0,solidity,2025/09/14,20260225_2030,1772051429.316297,3.055650472640991,1,"{compiler_version,func_visibility,import_path_check,no_global_import,no_unused_vars,use_natspec}",{},{},{}
contracts_output/contracts_output/gemini_contracts/gemini_contracts/4086.sol,4086.sol,solhint-6.0.0,solidity,2025/09/14,20260225_2030,1772051454.626247,3.4106147289276123,1,"{compiler_version,func_visibility,gas_custom_errors,import_path_check,no_global_import,use_natspec}",{},{},{}
contracts_output/contracts_output/gemini_contracts/gemini_contracts/4148.sol,4148.sol,solhint-6.0.0,solidity,2025/09/14,20260225_2030,1772051484.3763788,3.2468860149383545,1,"{compiler_version,func_visibility,import_path_check,no_global_import,use_natspec}",{},{},{}
contracts_output/contracts_output/gemini_contracts/gemini_contracts/4173.sol,4173.sol,solhint-6.0.0,solidity,2025/09/14,20260225_2030,1772051487.9724967,3.333137273788452,1,"{compiler_version,func_visibility,import_path_check,no_global_import,use_natspec}",{},{},{}
contracts_output/contracts_output/gemini_contracts/gemini_contracts/4185.sol,4185.sol,solhint-6.0.0,solidity,2025/09/14,20260225_2030,1772051538.9360733,3.145235061645508,1,"{compiler_version,func_visibility,gas_custom_errors,gas_indexed_events,gas_small_strings,gas_strict_inequalities,import_path_check,no_empty_blocks,no_global_import,reason_string,use_natspec}",{},{},{}
contracts_output/contracts_output/gemini_contracts/gemini_contracts/4219.sol,4219.sol,solhint-6.0.0,solidity,2025/09/14,20260225_2030,1772051508.3879905,3.470122814178467,1,"{compiler_version,func_visibility,gas_custom_errors,gas_small_strings,gas_strict_inequalities,import_path_check,no_global_import,reason_string,use_natspec}",{},{},{}
contracts_output/contracts_output/gemini_contracts/gemini_contracts/4258.sol,4258.sol,solhint-6.0.0,solidity,2025/09/14,20260225_2030,1772051510.1089857,3.3673176765441895,1,"{compiler_version,func_visibility,gas_custom_errors,gas_indexed_events,gas_strict_inequalities,import_path_check,no_global_import,use_natspec}",{},{},{}
contracts_output/contracts_output/gemini_contracts/gemini_contracts/4267.sol,4267.sol,solhint-6.0.0,solidity,2025/09/14,20260225_2030,1772051495.3084362,3.3920950889587402,1,"{compiler_version,func_visibility,import_path_check,no_global_import,use_natspec}",{},{},{}
contracts_output/contracts_output/gemini_contracts/gemini_contracts/4301.sol,4301.sol,solhint-6.0.0,solidity,2025/09/14,20260225_2030,1772051490.332976,3.4168055057525635,1,"{avoid_low_level_calls,compiler_version,func_visibility,gas_custom_errors,gas_increment_by_one,import_path_check,no_global_import,quotes,use_natspec}",{},{},{}
contracts_output/contracts_output/gemini_contracts/gemini_contracts/4311.sol,4311.sol,solhint-6.0.0,solidity,2025/09/14,20260225_2030,1772051438.7335842,3.5553197860717773,1,"{compiler_version,func_visibility,gas_custom_errors,gas_increment_by_one,gas_small_strings,gas_strict_inequalities,import_path_check,no_global_import,reason_string,use_natspec}",{},{},{}
contracts_output/contracts_output/gemini_contracts/gemini_contracts/4342.sol,4342.sol,solhint-6.0.0,solidity,2025/09/14,20260225_2030,1772051510.4611359,3.631182909011841,1,"{compiler_version,func_visibility,gas_custom_errors,gas_small_strings,import_path_check,no_global_import,quotes,reason_string,use_natspec}",{},{},{}
contracts_output/contracts_output/gemini_contracts/gemini_contracts/4344.sol,4344.sol,solhint-6.0.0,solidity,2025/09/14,20260225_2030,1772051440.1192672,3.116974353790283,1,"{compiler_version,func_visibility,gas_custom_errors,import_path_check,no_empty_blocks,no_global_import,quotes,use_natspec}",{},{},{}
contracts_output/contracts_output/gemini_contracts/gemini_contracts/4397.sol,4397.sol,solhint-6.0.0,solidity,2025/09/14,20260225_2030,1772051535.6719565,3.677445411682129,1,"{compiler_version,func_visibility,gas_custom_errors,gas_indexed_events,gas_small_strings,gas_strict_inequalities,import_path_check,no_empty_blocks,no_global_import,reason_string,use_natspec}",{},{},{}
contracts_output/contracts_output/gemini_contracts/gemini_contracts/4411.sol,4411.sol,solhint-6.0.0,solidity,2025/09/14,20260225_2030,1772051586.7056532,3.071847438812256,1,"{compiler_version,func_visibility,gas_custom_errors,import_path_check,no_global_import,no_unused_vars,quotes,use_natspec}",{},{},{}
contracts_output/contracts_output/gemini_contracts/gemini_contracts/4418.sol,4418.sol,solhint-6.0.0,solidity,2025/09/14,20260225_2030,1772051459.493308,3.3034684658050537,1,"{compiler_version,func_visibility,gas_custom_errors,gas_small_strings,import_path_check,no_global_import,reason_string,use_natspec}",{},{},{}
contracts_output/contracts_output/gemini_contracts/gemini_contracts/442.sol,442.sol,solhint-6.0.0,solidity,2025/09/14,20260225_2030,1772051584.4674706,3.2232654094696045,1,"{compiler_version,func_visibility,gas_custom_errors,import_path_check,no_global_import,use_natspec}",{},{},{}
contracts_output/contracts_output/gemini_contracts/gemini_contracts/4437.sol,4437.sol,solhint-6.0.0,solidity,2025/09/14,20260225_2030,1772051550.5122359,3.8982903957366943,1,"{compiler_version,explicit_types,func_visibility,gas_increment_by_one,gas_indexed_events,gas_strict_inequalities,import_path_check,no_global_import,use_natspec}",{},{},{}
contracts_output/contracts_output/gemini_contracts/gemini_contracts/4464.sol,4464.sol,solhint-6.0.0,solidity,2025/09/14,20260225_2030,1772051555.13221,3.4339253902435303,1,"{compiler_version,func_visibility,import_path_check,no_global_import,use_natspec}",{},{},{}
contracts_output/contracts_output/gemini_contracts/gemini_contracts/4481.sol,4481.sol,solhint-6.0.0,solidity,2025/09/14,20260225_2030,1772051504.4547243,3.479513168334961,1,"{compiler_version,func_visibility,gas_custom_errors,gas_indexed_events,gas_small_strings,gas_strict_inequalities,import_path_check,no_global_import,reason_string,use_natspec}",{},{},{}
contracts_output/contracts_output/gemini_contracts/gemini_contracts/4491.sol,4491.sol,solhint-6.0.0,solidity,2025/09/14,20260225_2030,1772051530.8144577,3.4058473110198975,1,{},{},{},{}
contracts_output/contracts_output/gemini_contracts/gemini_contracts/4496.sol,4496.sol,solhint-6.0.0,solidity,2025/09/14,20260225_2030,1772051559.6219668,3.322608709335327,1,"{compiler_version,func_visibility,gas_custom_errors,gas_small_strings,import_path_check,no_global_import,reason_string,use_natspec}",{},{},{}
contracts_output/contracts_output/gemini_contracts/gemini_contracts/4517.sol,4517.sol,solhint-6.0.0,solidity,2025/09/14,20260225_2030,1772051515.247015,3.262718677520752,255,{},{},{EXIT_CODE_255},{}
contracts_output/contracts_output/gemini_contracts/gemini_contracts/4527.sol,4527.sol,solhint-6.0.0,solidity,2025/09/14,20260225_2030,1772051417.3354912,3.2730414867401123,1,{},{},{},{}
contracts_output/contracts_output/gemini_contracts/gemini_contracts/4553.sol,4553.sol,solhint-6.0.0,solidity,2025/09/14,20260225_2030,1772051494.172736,3.44765567779541,1,"{compiler_version,func_visibility,gas_custom_errors,gas_indexed_events,gas_strict_inequalities,import_path_check,no_global_import,use_natspec}",{},{},{}
contracts_output/contracts_output/gemini_contracts/gemini_contracts/4560.sol,4560.sol,solhint-6.0.0,solidity,2025/09/14,20260225_2030,1772051480.695681,3.410273313522339,1,"{compiler_version,func_visibility,gas_custom_errors,gas_strict_inequalities,import_path_check,no_global_import,use_natspec}",{},{},{}
contracts_output/contracts_output/gemini_contracts/gemini_contracts/4562.sol,4562.sol,solhint-6.0.0,solidity,2025/09/14,20260225_2030,1772051415.2583132,3.417757987976074,1,"{compiler_version,func_visibility,gas_custom_errors,gas_small_strings,import_path_check,no_global_import,no_unused_vars,reason_string,use_natspec}",{},{},{}
contracts_output/contracts_output/gemini_contracts/gemini_contracts/4567.sol,4567.sol,solhint-6.0.0,solidity,2025/09/14,20260225_2030,1772051457.4981008,3.128797769546509,1,"{compiler_version,func_visibility,gas_custom_errors,gas_indexed_events,import_path_check,no_global_import,use_natspec}",{},{},{}
contracts_output/contracts_output/gemini_contracts/gemini_contracts/4568.sol,4568.sol,solhint-6.0.0,solidity,2025/09/14,20260225_2030,1772051534.0687246,3.431572914123535,1,"{compiler_version,func_visibility,gas_custom_errors,gas_indexed_events,gas_small_strings,gas_strict_inequalities,import_path_check,no_global_import,reason_string,use_natspec}",{},{},{}
contracts_output/contracts_output/gemini_contracts/gemini_contracts/4569.sol,4569.sol,solhint-6.0.0,solidity,2025/09/14,20260225_2030,1772051553.7180846,3.4130406379699707,1,"{compiler_version,func_visibility,gas_increment_by_one,gas_strict_inequalities,import_path_check,no_global_import,use_natspec}",{},{},{}
contracts_output/contracts_output/gemini_contracts/gemini_contracts/4577.sol,4577.sol,solhint-6.0.0,solidity,2025/09/14,20260225_2030,1772051575.3713346,3.3324716091156006,1,"{compiler_version,func_visibility,gas_indexed_events,import_path_check,no_global_import,use_natspec}",{},{},{}
contracts_output/contracts_output/gemini_contracts/gemini_contracts/4581.sol,4581.sol,solhint-6.0.0,solidity,2025/09/14,20260225_2030,1772051495.1051054,3.1886515617370605,1,"{compiler_version,func_visibility,import_path_check,no_global_import,quotes,use_natspec}",{},{},{}
contracts_output/contracts_output/gemini_contracts/gemini_contracts/4592.sol,4592.sol,solhint-6.0.0,solidity,2025/09/14,20260225_2030,1772051570.0400198,3.672879934310913,1,{},{},{},{}
contracts_output/contracts_output/gemini_contracts/gemini_contracts/4597.sol,4597.sol,solhint-6.0.0,solidity,2025/09/14,20260225_2030,1772051455.9793844,3.771353006362915,1,"{compiler_version,import_path_check,no_global_import,use_natspec}",{},{},{}
contracts_output/contracts_output/gemini_contracts/gemini_contracts/4609.sol,4609.sol,solhint-6.0.0,solidity,2025/09/14,20260225_2030,1772051570.148361,4.279316425323486,1,"{compiler_version,func_visibility,gas_custom_errors,gas_increment_by_one,gas_small_strings,import_path_check,no_global_import,reason_string,use_natspec}",{},{},{}
contracts_output/contracts_output/gemini_contracts/gemini_contracts/461.sol,461.sol,solhint-6.0.0,solidity,2025/09/14,20260225_2030,1772051449.2663622,3.2213287353515625,1,"{compiler_version,func_visibility,import_path_check,no_global_import,use_natspec}",{},{},{}
contracts_output/contracts_output/gemini_contracts/gemini_contracts/4614.sol,4614.sol,solhint-6.0.0,solidity,2025/09/14,20260225_2030,1772051564.8244157,3.4045355319976807,1,"{compiler_version,func_visibility,gas_custom_errors,gas_small_strings,gas_strict_inequalities,import_path_check,no_global_import,quotes,reason_string,use_natspec}",{},{},{}
contracts_output/contracts_output/gemini_contracts/gemini_contracts/4646.sol,4646.sol,solhint-6.0.0,solidity,2025/09/14,20260225_2030,1772051461.6941807,3.4828007221221924,1,"{compiler_version,func_visibility,import_path_check,no_global_import,use_natspec}",{},{},{}
contracts_output/contracts_output/gemini_contracts/gemini_contracts/465.sol,465.sol,solhint-6.0.0,solidity,2025/09/14,20260225_2030,1772051503.5035067,3.4961421489715576,1,"{compiler_version,func_visibility,gas_custom_errors,gas_indexed_events,gas_small_strings,gas_strict_inequalities,import_path_check,no_empty_blocks,no_global_import,reason_string,use_natspec}",{},{},{}
contracts_output/contracts_output/gemini_contracts/gemini_contracts/4661.sol,4661.sol,solhint-6.0.0,solidity,2025/09/14,20260225_2030,1772051564.9727583,3.355262041091919,1,{},{},{},{}
contracts_output/contracts_output/gemini_contracts/gemini_contracts/4669.sol,4669.sol,solhint-6.0.0,solidity,2025/09/14,20260225_2030,1772051504.894437,3.5098519325256348,1,"{compiler_version,func_visibility,gas_custom_errors,import_path_check,no_global_import,use_natspec}",{},{},{}
contracts_output/contracts_output/gemini_contracts/gemini_contracts/467.sol,467.sol,solhint-6.0.0,solidity,2025/09/14,20260225_2030,1772051520.2989137,3.273787260055542,1,"{compiler_version,func_visibility,gas_custom_errors,gas_small_strings,import_path_check,no_global_import,reason_string,use_natspec}",{},{},{}
contracts_output/contracts_output/gemini_contracts/gemini_contracts/4675.sol,4675.sol,solhint-6.0.0,solidity,2025/09/14,20260225_2030,1772051531.0916245,3.4730608463287354,1,"{avoid_low_level_calls,compiler_version,func_visibility,gas_custom_errors,import_path_check,no_global_import,use_natspec}",{},{},{}
contracts_output/contracts_output/gemini_contracts/gemini_contracts/4681.sol,4681.sol,solhint-6.0.0,solidity,2025/09/14,20260225_2030,1772051580.570925,3.49137282371521,1,"{compiler_version,func_visibility,gas_custom_errors,gas_small_strings,gas_strict_inequalities,import_path_check,no_global_import,reason_string,use_natspec}",{},{},{}
contracts_output/contracts_output/gemini_contracts/gemini_contracts/4695.sol,4695.sol,solhint-6.0.0,solidity,2025/09/14,20260225_2030,1772051558.7882552,3.1458866596221924,1,{},{},{},{}
contracts_output/contracts_output/gemini_contracts/gemini_contracts/4726.sol,4726.sol,solhint-6.0.0,solidity,2025/09/14,20260225_2030,1772051493.4917157,3.630108118057251,1,"{compiler_version,func_visibility,gas_custom_errors,import_path_check,no_global_import,use_natspec}",{},{},{}
contracts_output/contracts_output/gemini_contracts/gemini_contracts/4727.sol,4727.sol,solhint-6.0.0,solidity,2025/09/14,20260225_2030,1772051458.3637986,3.0878806114196777,255,{},{},{EXIT_CODE_255},{}
contracts_output/contracts_output/gemini_contracts/gemini_contracts/474.sol,474.sol,solhint-6.0.0,solidity,2025/09/14,20260225_2030,1772051513.855457,3.474459171295166,1,"{compiler_version,func_visibility,gas_custom_errors,gas_strict_inequalities,import_path_check,no_global_import,use_natspec}",{},{},{}
contracts_output/contracts_output/gemini_contracts/gemini_contracts/4746.sol,4746.sol,solhint-6.0.0,solidity,2025/09/14,20260225_2030,1772051480.6096685,3.0557754039764404,1,"{compiler_version,func_visibility,import_path_check,no_empty_blocks,no_global_import,use_natspec}",{},{},{}
contracts_output/contracts_output/gemini_contracts/gemini_contracts/475.sol,475.sol,solhint-6.0.0,solidity,2025/09/14,20260225_2030,1772051424.685794,3.216500997543335,1,"{compiler_version,func_visibility,gas_custom_errors,gas_indexed_events,import_path_check,no_global_import,no_unused_vars,quotes,use_natspec}",{},{},{}
contracts_output/contracts_output/gemini_contracts/gemini_contracts/476.sol,476.sol,solhint-6.0.0,solidity,2025/09/14,20260225_2030,1772051545.42007,3.5764334201812744,1,"{compiler_version,func_visibility,gas_custom_errors,gas_strict_inequalities,import_path_check,no_global_import,use_natspec}",{},{},{}
contracts_output/contracts_output/gemini_contracts/gemini_contracts/4761.sol,4761.sol,solhint-6.0.0,solidity,2025/09/14,20260225_2030,1772051551.842185,3.3602099418640137,1,"{compiler_version,func_visibility,gas_custom_errors,gas_small_strings,gas_strict_inequalities,import_path_check,no_global_import,reason_string,use_natspec}",{},{},{}
contracts_output/contracts_output/gemini_contracts/gemini_contracts/4775.sol,4775.sol,solhint-6.0.0,solidity,2025/09/14,20260225_2030,1772051575.6132739,3.4685912132263184,1,"{compiler_version,func_visibility,import_path_check,no_global_import,use_natspec}",{},{},{}
contracts_output/contracts_output/gemini_contracts/gemini_contracts/4790.sol,4790.sol,solhint-6.0.0,solidity,2025/09/14,20260225_2030,1772051497.2001193,3.564854145050049,1,"{compiler_version,func_visibility,gas_custom_errors,gas_indexed_events,gas_small_strings,import_path_check,no_empty_blocks,no_global_import,reason_string,use_natspec}",{},{},{}
contracts_output/contracts_output/gemini_contracts/gemini_contracts/4803.sol,4803.sol,solhint-6.0.0,solidity,2025/09/14,20260225_2030,1772051538.222249,3.53488826751709,1,"{compiler_version,gas_custom_errors,import_path_check,no_global_import,no_unused_vars,use_natspec}",{},{},{}
contracts_output/contracts_output/gemini_contracts/gemini_contracts/4806.sol,4806.sol,solhint-6.0.0,solidity,2025/09/14,20260225_2030,1772051508.880515,3.674197196960449,1,"{compiler_version,func_visibility,import_path_check,no_global_import,use_natspec}",{},{},{}
contracts_output/contracts_output/gemini_contracts/gemini_contracts/4823.sol,4823.sol,solhint-6.0.0,solidity,2025/09/14,20260225_2030,1772051514.3685846,3.443235397338867,1,"{compiler_version,func_visibility,gas_custom_errors,gas_increment_by_one,gas_small_strings,import_path_check,no_global_import,no_unused_vars,reason_string,use_natspec}",{},{},{}
contracts_output/contracts_output/gemini_contracts/gemini_contracts/4839.sol,4839.sol,solhint-6.0.0,solidity,2025/09/14,20260225_2030,1772051495.126867,3.2183284759521484,1,"{compiler_version,func_visibility,import_path_check,no_global_import,quotes,use_natspec}",{},{},{}
contracts_output/contracts_output/gemini_contracts/gemini_contracts/4847.sol,4847.sol,solhint-6.0.0,solidity,2025/09/14,20260225_2030,1772051584.9793744,3.356522560119629,1,"{compiler_version,func_visibility,gas_custom_errors,import_path_check,no_global_import,no_unused_vars,quotes,use_natspec}",{},{},{}
contracts_output/contracts_output/gemini_contracts/gemini_contracts/4852.sol,4852.sol,solhint-6.0.0,solidity,2025/09/14,20260225_2030,1772051446.4390578,3.6610629558563232,1,"{compiler_version,func_visibility,gas_custom_errors,gas_indexed_events,gas_small_strings,gas_strict_inequalities,import_path_check,no_global_import,reason_string,use_natspec}",{},{},{}
contracts_output/contracts_output/gemini_contracts/gemini_contracts/4854.sol,4854.sol,solhint-6.0.0,solidity,2025/09/14,20260225_2030,1772051527.7036288,3.2435123920440674,1,"{compiler_version,import_path_check,no_global_import,use_natspec}",{},{},{}
contracts_output/contracts_output/gemini_contracts/gemini_contracts/4864.sol,4864.sol,solhint-6.0.0,solidity,2025/09/14,20260225_2030,1772051526.4405687,2.9413156509399414,1,{},{},{},{}
contracts_output/contracts_output/gemini_contracts/gemini_contracts/4877.sol,4877.sol,solhint-6.0.0,solidity,2025/09/14,20260225_2030,1772051536.3332741,3.2734296321868896,1,"{compiler_version,func_visibility,gas_custom_errors,gas_small_strings,gas_strict_inequalities,import_path_check,no_global_import,reason_string,use_natspec}",{},{},{}
contracts_output/contracts_output/gemini_contracts/gemini_contracts/4896.sol,4896.sol,solhint-6.0.0,solidity,2025/09/14,20260225_2030,1772051422.7429879,3.301222324371338,1,"{compiler_version,func_visibility,import_path_check,no_global_import,use_natspec}",{},{},{}
contracts_output/contracts_output/gemini_contracts/gemini_contracts/4898.sol,4898.sol,solhint-6.0.0,solidity,2025/09/14,20260225_2030,1772051464.9305186,3.830270528793335,1,"{compiler_version,func_visibility,gas_custom_errors,gas_indexed_events,import_path_check,no_global_import,use_natspec}",{},{},{}
contracts_output/contracts_output/gemini_contracts/gemini_contracts/4912.sol,4912.sol,solhint-6.0.0,solidity,2025/09/14,20260225_2030,1772051554.4660788,3.030176877975464,1,"{compiler_version,func_visibility,gas_custom_errors,gas_strict_inequalities,import_path_check,no_global_import,quotes,use_natspec}",{},{},{}
contracts_output/contracts_output/gemini_contracts/gemini_contracts/4928.sol,4928.sol,solhint-6.0.0,solidity,2025/09/14,20260225_2030,1772051581.1666868,3.2852392196655273,1,"{compiler_version,func_visibility,gas_custom_errors,gas_small_strings,import_path_check,no_global_import,reason_string,use_natspec}",{},{},{}
contracts_output/contracts_output/gemini_contracts/gemini_contracts/4942.sol,4942.sol,solhint-6.0.0,solidity,2025/09/14,20260225_2030,1772051464.8103867,3.3753786087036133,1,"{compiler_version,func_visibility,gas_custom_errors,gas_small_strings,import_path_check,no_global_import,reason_string,use_natspec}",{},{},{}
contracts_output/contracts_output/gemini_contracts/gemini_contracts/497.sol,497.sol,solhint-6.0.0,solidity,2025/09/14,20260225_2030,1772051475.7956498,4.028550386428833,1,"{compiler_version,func_visibility,gas_custom_errors,gas_increment_by_one,import_path_check,no_global_import,use_natspec}",{},{},{}
contracts_output/contracts_output/gemini_contracts/gemini_contracts/4986.sol,4986.sol,solhint-6.0.0,solidity,2025/09/14,20260225_2030,1772051486.288388,3.553250789642334,1,"{compiler_version,func_visibility,import_path_check,no_global_import,use_natspec}",{},{},{}
contracts_output/contracts_output/gemini_contracts/gemini_contracts/4993.sol,4993.sol,solhint-6.0.0,solidity,2025/09/14,20260225_2030,1772051581.7854812,3.8073880672454834,1,"{compiler_version,func_visibility,gas_custom_errors,gas_increment_by_one,gas_small_strings,import_path_check,no_global_import,quotes,reason_string,use_natspec}",{},{},{}
contracts_output/contracts_output/gemini_contracts/gemini_contracts/5005.sol,5005.sol,solhint-6.0.0,solidity,2025/09/14,20260225_2030,1772051537.5015855,2.9864959716796875,255,{},{},{EXIT_CODE_255},{}
contracts_output/contracts_output/gemini_contracts/gemini_contracts/5007.sol,5007.sol,solhint-6.0.0,solidity,2025/09/14,20260225_2030,1772051480.9351275,3.765005588531494,1,"{compiler_version,func_visibility,gas_increment_by_one,gas_strict_inequalities,import_path_check,no_global_import,use_natspec}",{},{},{}
contracts_output/contracts_output/gemini_contracts/gemini_contracts/5030.sol,5030.sol,solhint-6.0.0,solidity,2025/09/14,20260225_2030,1772051422.3681386,3.4878432750701904,1,"{compiler_version,func_visibility,gas_custom_errors,gas_increment_by_one,gas_strict_inequalities,import_path_check,no_global_import,use_natspec}",{},{},{}
contracts_output/contracts_output/gemini_contracts/gemini_contracts/5033.sol,5033.sol,solhint-6.0.0,solidity,2025/09/14,20260225_2030,1772051420.270523,3.410484552383423,1,"{compiler_version,func_visibility,import_path_check,no_empty_blocks,no_global_import,use_natspec}",{},{},{}
contracts_output/contracts_output/gemini_contracts/gemini_contracts/5043.sol,5043.sol,solhint-6.0.0,solidity,2025/09/14,20260225_2030,1772051568.3882422,3.2676379680633545,1,"{compiler_version,func_visibility,gas_custom_errors,gas_indexed_events,gas_small_strings,import_path_check,no_global_import,reason_string,use_natspec}",{},{},{}
contracts_output/contracts_output/gemini_contracts/gemini_contracts/5070.sol,5070.sol,solhint-6.0.0,solidity,2025/09/14,20260225_2030,1772051472.0792358,3.590205430984497,1,"{compiler_version,func_visibility,gas_custom_errors,gas_struct_packing,import_path_check,no_global_import,use_natspec}",{},{},{}
contracts_output/contracts_output/gemini_contracts/gemini_contracts/5074.sol,5074.sol,solhint-6.0.0,solidity,2025/09/14,20260225_2030,1772051457.1598394,3.3009629249572754,1,"{compiler_version,func_visibility,gas_custom_errors,gas_small_strings,import_path_check,no_empty_blocks,no_global_import,quotes,reason_string,use_natspec}",{},{},{}
contracts_output/contracts_output/gemini_contracts/gemini_contracts/5098.sol,5098.sol,solhint-6.0.0,solidity,2025/09/14,20260225_2030,1772051431.5391424,3.2642407417297363,1,"{compiler_version,func_visibility,gas_custom_errors,gas_indexed_events,gas_strict_inequalities,import_path_check,no_global_import,reason_string,use_natspec}",{},{},{}
contracts_output/contracts_output/gemini_contracts/gemini_contracts/5099.sol,5099.sol,solhint-6.0.0,solidity,2025/09/14,20260225_2030,1772051569.9192936,3.658182382583618,255,{},{},{EXIT_CODE_255},{}
contracts_output/contracts_output/gemini_contracts/gemini_contracts/5101.sol,5101.sol,solhint-6.0.0,solidity,2025/09/14,20260225_2030,1772051519.0840185,3.217824935913086,255,{},{},{EXIT_CODE_255},{}
contracts_output/contracts_output/gemini_contracts/gemini_contracts/5131.sol,5131.sol,solhint-6.0.0,solidity,2025/09/14,20260225_2030,1772051429.8914146,3.4504008293151855,1,"{compiler_version,func_visibility,gas_custom_errors,gas_strict_inequalities,import_path_check,no_global_import,use_natspec}",{},{},{}
contracts_output/contracts_output/gemini_contracts/gemini_contracts/5169.sol,5169.sol,solhint-6.0.0,solidity,2025/09/14,20260225_2030,1772051523.5226274,3.34708833694458,1,"{compiler_version,func_visibility,gas_custom_errors,import_path_check,no_global_import,use_natspec}",{},{},{}
contracts_output/contracts_output/gemini_contracts/gemini_contracts/517.sol,517.sol,solhint-6.0.0,solidity,2025/09/14,20260225_2030,1772051435.3023148,3.429591655731201,1,"{compiler_version,func_visibility,gas_custom_errors,import_path_check,no_global_import,use_natspec}",{},{},{}
contracts_output/contracts_output/gemini_contracts/gemini_contracts/5173.sol,5173.sol,solhint-6.0.0,solidity,2025/09/14,20260225_2030,1772051479.1203964,3.2552690505981445,1,"{compiler_version,func_visibility,gas_indexed_events,import_path_check,no_global_import,use_natspec}",{},{},{}
contracts_output/contracts_output/gemini_contracts/gemini_contracts/5181.sol,5181.sol,solhint-6.0.0,solidity,2025/09/14,20260225_2030,1772051555.39355,3.4812140464782715,1,"{compiler_version,func_visibility,gas_custom_errors,gas_increment_by_one,gas_small_strings,import_path_check,no_global_import,reason_string,use_natspec}",{},{},{}
contracts_output/contracts_output/gemini_contracts/gemini_contracts/5188.sol,5188.sol,solhint-6.0.0,solidity,2025/09/14,20260225_2030,1772051452.3403585,3.0802197456359863,1,"{compiler_version,func_visibility,gas_increment_by_one,import_path_check,no_global_import,use_natspec}",{},{},{}
contracts_output/contracts_output/gemini_contracts/gemini_contracts/52.sol,52.sol,solhint-6.0.0,solidity,2025/09/14,20260225_2030,1772051490.0799065,3.081340789794922,1,{},{},{},{}
contracts_output/contracts_output/gemini_contracts/gemini_contracts/5200.sol,5200.sol,solhint-6.0.0,solidity,2025/09/14,20260225_2030,1772051534.1808438,3.446824312210083,1,"{compiler_version,func_visibility,gas_custom_errors,gas_increment_by_one,gas_indexed_events,gas_strict_inequalities,import_path_check,no_global_import,reason_string,use_natspec}",{},{},{}
contracts_output/contracts_output/gemini_contracts/gemini_contracts/521.sol,521.sol,solhint-6.0.0,solidity,2025/09/14,20260225_2030,1772051449.941029,3.170069694519043,1,"{compiler_version,func_visibility,import_path_check,no_global_import,use_natspec}",{},{},{}
contracts_output/contracts_output/gemini_contracts/gemini_contracts/5228.sol,5228.sol,solhint-6.0.0,solidity,2025/09/14,20260225_2030,1772051491.730183,3.5852417945861816,1,"{compiler_version,func_visibility,gas_increment_by_one,gas_strict_inequalities,import_path_check,no_global_import,use_natspec}",{},{},{}
contracts_output/contracts_output/gemini_contracts/gemini_contracts/5253.sol,5253.sol,solhint-6.0.0,solidity,2025/09/14,20260225_2030,1772051447.5081506,3.166024923324585,1,"{compiler_version,func_visibility,gas_custom_errors,gas_small_strings,import_path_check,no_global_import,reason_string,use_natspec}",{},{},{}
contracts_output/contracts_output/gemini_contracts/gemini_contracts/527.sol,527.sol,solhint-6.0.0,solidity,2025/09/14,20260225_2030,1772051500.5421934,3.3604843616485596,1,"{compiler_version,func_visibility,import_path_check,no_global_import,use_natspec}",{},{},{}
contracts_output/contracts_output/gemini_contracts/gemini_contracts/5294.sol,5294.sol,solhint-6.0.0,solidity,2025/09/14,20260225_2030,1772051535.1208549,3.5699784755706787,1,"{compiler_version,func_visibility,gas_custom_errors,gas_small_strings,import_path_check,no_global_import,quotes,reason_string,use_natspec}",{},{},{}
contracts_output/contracts_output/gemini_contracts/gemini_contracts/5296.sol,5296.sol,solhint-6.0.0,solidity,2025/09/14,20260225_2030,1772051454.4782798,3.2773520946502686,255,{},{},{EXIT_CODE_255},{}
contracts_output/contracts_output/gemini_contracts/gemini_contracts/5300.sol,5300.sol,solhint-6.0.0,solidity,2025/09/14,20260225_2030,1772051462.4423032,3.1875641345977783,1,{},{},{},{}
contracts_output/contracts_output/gemini_contracts/gemini_contracts/5313.sol,5313.sol,solhint-6.0.0,solidity,2025/09/14,20260225_2030,1772051581.7899804,3.6204593181610107,1,"{compiler_version,func_visibility,gas_custom_errors,gas_small_strings,gas_strict_inequalities,import_path_check,no_global_import,reason_string,use_natspec}",{},{},{}
contracts_output/contracts_output/gemini_contracts/gemini_contracts/5314.sol,5314.sol,solhint-6.0.0,solidity,2025/09/14,20260225_2030,1772051468.3703997,3.51081919670105,1,"{compiler_version,func_visibility,import_path_check,no_global_import,use_natspec}",{},{},{}
contracts_output/contracts_output/gemini_contracts/gemini_contracts/5346.sol,5346.sol,solhint-6.0.0,solidity,2025/09/14,20260225_2030,1772051546.702228,3.623892068862915,1,"{compiler_version,func_visibility,gas_custom_errors,gas_small_strings,gas_strict_inequalities,import_path_check,no_global_import,reason_string,use_natspec}",{},{},{}
contracts_output/contracts_output/gemini_contracts/gemini_contracts/5392.sol,5392.sol,solhint-6.0.0,solidity,2025/09/14,20260225_2030,1772051483.2642977,3.5151848793029785,1,"{compiler_version,func_visibility,gas_custom_errors,gas_small_strings,gas_struct_packing,import_path_check,no_global_import,reason_string,use_natspec}",{},{},{}
contracts_output/contracts_output/gemini_contracts/gemini_contracts/5397.sol,5397.sol,solhint-6.0.0,solidity,2025/09/14,20260225_2030,1772051453.3172517,3.7295775413513184,1,{},{},{},{}
contracts_output/contracts_output/gemini_contracts/gemini_contracts/5406.sol,5406.sol,solhint-6.0.0,solidity,2025/09/14,20260225_2030,1772051541.4350338,3.3861899375915527,1,"{compiler_version,func_visibility,gas_increment_by_one,gas_strict_inequalities,import_path_check,no_global_import,use_natspec}",{},{},{}
contracts_output/contracts_output/gemini_contracts/gemini_contracts/5414.sol,5414.sol,solhint-6.0.0,solidity,2025/09/14,20260225_2030,1772051577.9281988,3.456970691680908,1,{},{},{},{}
contracts_output/contracts_output/gemini_contracts/gemini_contracts/5432.sol,5432.sol,solhint-6.0.0,solidity,2025/09/14,20260225_2030,1772051570.1802247,3.8834280967712402,1,"{compiler_version,func_visibility,gas_custom_errors,gas_small_strings,import_path_check,no_global_import,reason_string,use_natspec}",{},{},{}
contracts_output/contracts_output/gemini_contracts/gemini_contracts/5444.sol,5444.sol,solhint-6.0.0,solidity,2025/09/14,20260225_2030,1772051475.445148,3.6379570960998535,1,"{compiler_version,func_visibility,gas_custom_errors,gas_increment_by_one,gas_small_strings,gas_strict_inequalities,import_path_check,no_global_import,reason_string,use_natspec}",{},{},{}
contracts_output/contracts_output/gemini_contracts/gemini_contracts/5459.sol,5459.sol,solhint-6.0.0,solidity,2025/09/14,20260225_2030,1772051497.9331748,3.4052414894104004,1,"{compiler_version,func_visibility,gas_custom_errors,gas_small_strings,import_path_check,no_global_import,reason_string,use_natspec}",{},{},{}
contracts_output/contracts_output/gemini_contracts/gemini_contracts/5466.sol,5466.sol,solhint-6.0.0,solidity,2025/09/14,20260225_2030,1772051421.853685,3.7833003997802734,1,"{compiler_version,func_visibility,import_path_check,no_global_import,use_natspec}",{},{},{}
contracts_output/contracts_output/gemini_contracts/gemini_contracts/5478.sol,5478.sol,solhint-6.0.0,solidity,2025/09/14,20260225_2030,1772051426.582973,3.3070576190948486,1,"{compiler_version,func_visibility,gas_custom_errors,gas_strict_inequalities,import_path_check,no_global_import,reentrancy,use_natspec}",{},{},{}
contracts_output/contracts_output/gemini_contracts/gemini_contracts/5480.sol,5480.sol,solhint-6.0.0,solidity,2025/09/14,20260225_2030,1772051566.553006,3.4718527793884277,1,"{compiler_version,func_visibility,gas_custom_errors,gas_small_strings,import_path_check,no_global_import,quotes,reason_string,use_natspec}",{},{},{}
contracts_output/contracts_output/gemini_contracts/gemini_contracts/5481.sol,5481.sol,solhint-6.0.0,solidity,2025/09/14,20260225_2030,1772051485.928664,3.491581439971924,1,{},{},{},{}
contracts_output/contracts_output/gemini_contracts/gemini_contracts/5497.sol,5497.sol,solhint-6.0.0,solidity,2025/09/14,20260225_2030,1772051535.103952,3.473282814025879,1,"{compiler_version,func_visibility,import_path_check,no_global_import,use_natspec}",{},{},{}
contracts_output/contracts_output/gemini_contracts/gemini_contracts/5500.sol,5500.sol,solhint-6.0.0,solidity,2025/09/14,20260225_2030,1772051422.0465398,3.659297466278076,1,"{compiler_version,func_visibility,import_path_check,no_global_import,no_unused_vars,use_natspec}",{},{},{}
contracts_output/contracts_output/gemini_contracts/gemini_contracts/5527.sol,5527.sol,solhint-6.0.0,solidity,2025/09/14,20260225_2030,1772051521.9995794,3.2679059505462646,1,"{compiler_version,func_visibility,gas_strict_inequalities,import_path_check,no_global_import,no_unused_vars,use_natspec}",{},{},{}
contracts_output/contracts_output/gemini_contracts/gemini_contracts/5531.sol,5531.sol,solhint-6.0.0,solidity,2025/09/14,20260225_2030,1772051550.490437,3.974506139755249,1,"{compiler_version,func_visibility,gas_custom_errors,import_path_check,no_global_import,use_natspec}",{},{},{}
contracts_output/contracts_output/gemini_contracts/gemini_contracts/5534.sol,5534.sol,solhint-6.0.0,solidity,2025/09/14,20260225_2030,1772051525.7363887,3.3825550079345703,1,"{compiler_version,func_visibility,import_path_check,no_global_import,use_natspec}",{},{},{}
contracts_output/contracts_output/gemini_contracts/gemini_contracts/5542.sol,5542.sol,solhint-6.0.0,solidity,2025/09/14,20260225_2030,1772051571.08171,3.510507583618164,1,"{compiler_version,func_visibility,gas_custom_errors,import_path_check,no_global_import,use_natspec}",{},{},{}
contracts_output/contracts_output/gemini_contracts/gemini_contracts/5584.sol,5584.sol,solhint-6.0.0,solidity,2025/09/14,20260225_2030,1772051446.9979033,3.2924306392669678,1,"{compiler_version,func_visibility,gas_custom_errors,gas_small_strings,import_path_check,no_global_import,reason_string,use_natspec}",{},{},{}
contracts_output/contracts_output/gemini_contracts/gemini_contracts/5602.sol,5602.sol,solhint-6.0.0,solidity,2025/09/14,20260225_2030,1772051425.6382573,3.3323240280151367,1,"{compiler_version,func_visibility,gas_custom_errors,gas_small_strings,import_path_check,no_global_import,quotes,reason_string,use_natspec}",{},{},{}
contracts_output/contracts_output/gemini_contracts/gemini_contracts/5609.sol,5609.sol,solhint-6.0.0,solidity,2025/09/14,20260225_2030,1772051574.2510655,3.0124471187591553,1,"{compiler_version,func_visibility,gas_increment_by_one,import_path_check,no_global_import,use_natspec}",{},{},{}
contracts_output/contracts_output/gemini_contracts/gemini_contracts/5627.sol,5627.sol,solhint-6.0.0,solidity,2025/09/14,20260225_2030,1772051586.257063,3.3873088359832764,1,"{compiler_version,func_visibility,gas_custom_errors,gas_strict_inequalities,import_path_check,no_global_import,use_natspec}",{},{},{}
contracts_output/contracts_output/gemini_contracts/gemini_contracts/5639.sol,5639.sol,solhint-6.0.0,solidity,2025/09/14,20260225_2030,1772051569.3342545,3.201406955718994,1,"{compiler_version,func_visibility,gas_custom_errors,gas_strict_inequalities,import_path_check,no_global_import,use_natspec}",{},{},{}
contracts_output/contracts_output/gemini_contracts/gemini_contracts/5641.sol,5641.sol,solhint-6.0.0,solidity,2025/09/14,20260225_2030,1772051522.2154858,3.3084590435028076,1,"{compiler_version,func_visibility,gas_custom_errors,gas_small_strings,import_path_check,no_global_import,reason_string,use_natspec}",{},{},{}
contracts_output/contracts_output/gemini_contracts/gemini_contracts/5648.sol,5648.sol,solhint-6.0.0,solidity,2025/09/14,20260225_2030,1772051426.9329913,3.205944299697876,1,"{compiler_version,func_visibility,import_path_check,no_global_import,use_natspec}",{},{},{}
contracts_output/contracts_output/gemini_contracts/gemini_contracts/565.sol,565.sol,solhint-6.0.0,solidity,2025/09/14,20260225_2030,1772051455.5434468,3.9487407207489014,1,"{compiler_version,func_visibility,gas_custom_errors,gas_increment_by_one,import_path_check,no_global_import,use_natspec}",{},{},{}
contracts_output/contracts_output/gemini_contracts/gemini_contracts/5667.sol,5667.sol,solhint-6.0.0,solidity,2025/09/14,20260225_2030,1772051532.031809,3.458432197570801,1,"{compiler_version,func_visibility,import_path_check,no_global_import,use_natspec}",{},{},{}
contracts_output/contracts_output/gemini_contracts/gemini_contracts/5679.sol,5679.sol,solhint-6.0.0,solidity,2025/09/14,20260225_2030,1772051504.9343565,3.3432071208953857,1,"{compiler_version,func_visibility,gas_custom_errors,gas_small_strings,gas_strict_inequalities,import_path_check,no_global_import,reason_string,use_natspec}",{},{},{}
contracts_output/contracts_output/gemini_contracts/gemini_contracts/5691.sol,5691.sol,solhint-6.0.0,solidity,2025/09/14,20260225_2030,1772051506.8305378,3.1557648181915283,1,{},{},{},{}
contracts_output/contracts_output/gemini_contracts/gemini_contracts/5701.sol,5701.sol,solhint-6.0.0,solidity,2025/09/14,20260225_2030,1772051575.10157,3.312412738800049,1,"{compiler_version,func_visibility,gas_custom_errors,import_path_check,imports_on_top,no_global_import,one_contract_per_file,use_natspec}",{},{},{}
contracts_output/contracts_output/gemini_contracts/gemini_contracts/5707.sol,5707.sol,solhint-6.0.0,solidity,2025/09/14,20260225_2030,1772051444.305037,3.3533003330230713,1,"{compiler_version,func_visibility,gas_custom_errors,gas_increment_by_one,gas_small_strings,gas_struct_packing,import_path_check,no_global_import,quotes,reason_string,use_natspec}",{},{},{}
contracts_output/contracts_output/gemini_contracts/gemini_contracts/5732.sol,5732.sol,solhint-6.0.0,solidity,2025/09/14,20260225_2030,1772051444.5330489,3.4778637886047363,1,"{compiler_version,func_visibility,gas_custom_errors,gas_small_strings,gas_strict_inequalities,import_path_check,no_global_import,reason_string,use_natspec}",{},{},{}
contracts_output/contracts_output/gemini_contracts/gemini_contracts/5733.sol,5733.sol,solhint-6.0.0,solidity,2025/09/14,20260225_2030,1772051425.707109,3.524496078491211,1,"{compiler_version,explicit_types,func_visibility,gas_custom_errors,gas_increment_by_one,gas_small_strings,gas_strict_inequalities,import_path_check,imports_on_top,no_global_import,one_contract_per_file,reason_string,use_natspec}",{},{},{}
contracts_output/contracts_output/gemini_contracts/gemini_contracts/5740.sol,5740.sol,solhint-6.0.0,solidity,2025/09/14,20260225_2030,1772051505.7457411,3.3671658039093018,1,"{compiler_version,func_visibility,gas_custom_errors,gas_strict_inequalities,import_path_check,no_global_import,use_natspec}",{},{},{}
contracts_output/contracts_output/gemini_contracts/gemini_contracts/5759.sol,5759.sol,solhint-6.0.0,solidity,2025/09/14,20260225_2030,1772051448.0799575,3.4145076274871826,1,"{compiler_version,func_visibility,gas_indexed_events,gas_strict_inequalities,import_path_check,no_global_import,use_natspec}",{},{},{}
contracts_output/contracts_output/gemini_contracts/gemini_contracts/5765.sol,5765.sol,solhint-6.0.0,solidity,2025/09/14,20260225_2030,1772051463.327514,3.583803653717041,1,"{compiler_version,func_visibility,gas_custom_errors,gas_small_strings,import_path_check,no_global_import,reason_string,use_natspec}",{},{},{}
contracts_output/contracts_output/gemini_contracts/gemini_contracts/5767.sol,5767.sol,solhint-6.0.0,solidity,2025/09/14,20260225_2030,1772051480.9833071,3.3398988246917725,1,{},{},{},{}
contracts_output/contracts_output/gemini_contracts/gemini_contracts/5781.sol,5781.sol,solhint-6.0.0,solidity,2025/09/14,20260225_2030,1772051545.7721248,3.914811849594116,1,"{compiler_version,func_visibility,import_path_check,no_global_import,use_natspec}",{},{},{}
contracts_output/contracts_output/gemini_contracts/gemini_contracts/5791.sol,5791.sol,solhint-6.0.0,solidity,2025/09/14,20260225_2030,1772051575.0034542,3.255239486694336,1,"{compiler_version,func_visibility,gas_custom_errors,gas_small_strings,import_path_check,no_global_import,reason_string,use_natspec}",{},{},{}
contracts_output/contracts_output/gemini_contracts/gemini_contracts/5799.sol,5799.sol,solhint-6.0.0,solidity,2025/09/14,20260225_2030,1772051418.279274,3.0525059700012207,1,"{compiler_version,func_visibility,import_path_check,no_global_import,quotes,use_natspec}",{},{},{}
contracts_output/contracts_output/gemini_contracts/gemini_contracts/5800.sol,5800.sol,solhint-6.0.0,solidity,2025/09/14,20260225_2030,1772051554.424601,3.126089572906494,1,"{compiler_version,func_visibility,import_path_check,no_empty_blocks,no_global_import,one_contract_per_file,use_natspec}",{},{},{}
contracts_output/contracts_output/gemini_contracts/gemini_contracts/5804.sol,5804.sol,solhint-6.0.0,solidity,2025/09/14,20260225_2030,1772051517.0681915,3.2296299934387207,1,"{compiler_version,func_visibility,import_path_check,no_global_import,use_natspec}",{},{},{}
contracts_output/contracts_output/gemini_contracts/gemini_contracts/5822.sol,5822.sol,solhint-6.0.0,solidity,2025/09/14,20260225_2030,1772051495.3164659,3.2722461223602295,1,{},{},{},{}
contracts_output/contracts_output/gemini_contracts/gemini_contracts/5836.sol,5836.sol,solhint-6.0.0,solidity,2025/09/14,20260225_2030,1772051532.8908896,3.9034621715545654,1,"{compiler_version,func_visibility,gas_custom_errors,import_path_check,no_global_import,use_natspec}",{},{},{}
contracts_output/contracts_output/gemini_contracts/gemini_contracts/5894.sol,5894.sol,solhint-6.0.0,solidity,2025/09/14,20260225_2030,1772051430.3344245,3.5440776348114014,1,"{compiler_version,func_visibility,import_path_check,no_global_import,use_natspec}",{},{},{}
contracts_output/contracts_output/gemini_contracts/gemini_contracts/5915.sol,5915.sol,solhint-6.0.0,solidity,2025/09/14,20260225_2030,1772051508.6142118,3.3661603927612305,255,{},{},{EXIT_CODE_255},{}
contracts_output/contracts_output/gemini_contracts/gemini_contracts/5919.sol,5919.sol,solhint-6.0.0,solidity,2025/09/14,20260225_2030,1772051452.8423698,3.136165142059326,1,"{compiler_version,const_name_snakecase,func_visibility,gas_custom_errors,gas_strict_inequalities,import_path_check,no_global_import,quotes,use_natspec}",{},{},{}
contracts_output/contracts_output/gemini_contracts/gemini_contracts/5921.sol,5921.sol,solhint-6.0.0,solidity,2025/09/14,20260225_2030,1772051472.334008,3.459632158279419,1,"{compiler_version,func_visibility,import_path_check,no_global_import,no_unused_vars,quotes,use_natspec}",{},{},{}
contracts_output/contracts_output/gemini_contracts/gemini_contracts/5927.sol,5927.sol,solhint-6.0.0,solidity,2025/09/14,20260225_2030,1772051579.1381338,3.2867491245269775,1,"{compiler_version,func_visibility,gas_custom_errors,gas_increment_by_one,gas_strict_inequalities,import_path_check,no_global_import,use_natspec}",{},{},{}
contracts_output/contracts_output/gemini_contracts/gemini_contracts/5928.sol,5928.sol,solhint-6.0.0,solidity,2025/09/14,20260225_2030,1772051427.9038587,3.634411096572876,1,"{compiler_version,func_visibility,gas_custom_errors,gas_increment_by_one,gas_strict_inequalities,import_path_check,no_global_import,no_unused_vars,quotes,use_natspec}",{},{},{}
contracts_output/contracts_output/gemini_contracts/gemini_contracts/5946.sol,5946.sol,solhint-6.0.0,solidity,2025/09/14,20260225_2030,1772051502.5902967,3.416323184967041,1,"{compiler_version,func_visibility,gas_custom_errors,gas_small_strings,import_path_check,no_global_import,reason_string,use_natspec}",{},{},{}
contracts_output/contracts_output/gemini_contracts/gemini_contracts/5952.sol,5952.sol,solhint-6.0.0,solidity,2025/09/14,20260225_2030,1772051580.525707,3.4108998775482178,1,"{compiler_version,func_visibility,gas_custom_errors,import_path_check,no_global_import,use_natspec}",{},{},{}
contracts_output/contracts_output/gemini_contracts/gemini_contracts/5953.sol,5953.sol,solhint-6.0.0,solidity,2025/09/14,20260225_2030,1772051463.239359,3.5595874786376953,1,"{compiler_version,func_visibility,gas_custom_errors,import_path_check,no_global_import,quotes,use_natspec}",{},{},{}
contracts_output/contracts_output/gemini_contracts/gemini_contracts/598.sol,598.sol,solhint-6.0.0,solidity,2025/09/14,20260225_2030,1772051425.556679,3.4343392848968506,1,"{compiler_version,func_visibility,gas_custom_errors,gas_strict_inequalities,import_path_check,no_global_import,quotes,use_natspec}",{},{},{}
contracts_output/contracts_output/gemini_contracts/gemini_contracts/5993.sol,5993.sol,solhint-6.0.0,solidity,2025/09/14,20260225_2030,1772051523.8498394,3.3689775466918945,255,{},{},{EXIT_CODE_255},{}
contracts_output/contracts_output/gemini_contracts/gemini_contracts/6003.sol,6003.sol,solhint-6.0.0,solidity,2025/09/14,20260225_2030,1772051506.5521028,3.401843309402466,1,"{compiler_version,func_visibility,import_path_check,no_global_import,use_natspec}",{},{},{}
contracts_output/contracts_output/gemini_contracts/gemini_contracts/6025.sol,6025.sol,solhint-6.0.0,solidity,2025/09/14,20260225_2030,1772051435.0640388,3.3364248275756836,1,"{compiler_version,func_visibility,gas_custom_errors,gas_small_strings,import_path_check,no_global_import,reason_string,use_natspec}",{},{},{}
contracts_output/contracts_output/gemini_contracts/gemini_contracts/6042.sol,6042.sol,solhint-6.0.0,solidity,2025/09/14,20260225_2030,1772051487.3355138,2.9924778938293457,1,"{compiler_version,func_visibility,gas_custom_errors,gas_strict_inequalities,import_path_check,no_global_import,use_natspec}",{},{},{}
contracts_output/contracts_output/gemini_contracts/gemini_contracts/6047.sol,6047.sol,solhint-6.0.0,solidity,2025/09/14,20260225_2030,1772051445.8260336,3.5685935020446777,1,"{compiler_version,func_visibility,gas_custom_errors,gas_strict_inequalities,import_path_check,no_global_import,quotes,use_natspec}",{},{},{}
contracts_output/contracts_output/gemini_contracts/gemini_contracts/6054.sol,6054.sol,solhint-6.0.0,solidity,2025/09/14,20260225_2030,1772051537.4958234,3.1279916763305664,1,{},{},{},{}
contracts_output/contracts_output/gemini_contracts/gemini_contracts/6060.sol,6060.sol,solhint-6.0.0,solidity,2025/09/14,20260225_2030,1772051550.3720648,3.914425849914551,1,"{compiler_version,func_visibility,gas_custom_errors,import_path_check,no_global_import,use_natspec}",{},{},{}
contracts_output/contracts_output/gemini_contracts/gemini_contracts/6063.sol,6063.sol,solhint-6.0.0,solidity,2025/09/14,20260225_2030,1772051584.47467,3.5723989009857178,1,"{compiler_version,func_visibility,gas_custom_errors,gas_indexed_events,import_path_check,no_global_import,use_natspec}",{},{},{}
contracts_output/contracts_output/gemini_contracts/gemini_contracts/609.sol,609.sol,solhint-6.0.0,solidity,2025/09/14,20260225_2030,1772051481.6433115,3.2053029537200928,1,"{compiler_version,func_visibility,gas_custom_errors,gas_increment_by_one,import_path_check,no_global_import,use_natspec}",{},{},{}
contracts_output/contracts_output/gemini_contracts/gemini_contracts/6100.sol,6100.sol,solhint-6.0.0,solidity,2025/09/14,20260225_2030,1772051525.3348227,3.3955767154693604,1,{},{},{},{}
contracts_output/contracts_output/gemini_contracts/gemini_contracts/6110.sol,6110.sol,solhint-6.0.0,solidity,2025/09/14,20260225_2030,1772051444.5046866,3.373251438140869,1,"{compiler_version,func_visibility,gas_custom_errors,gas_indexed_events,gas_small_strings,import_path_check,no_global_import,no_unused_vars,reason_string,use_natspec}",{},{},{}
contracts_output/contracts_output/gemini_contracts/gemini_contracts/6123.sol,6123.sol,solhint-6.0.0,solidity,2025/09/14,20260225_2030,1772051539.469085,3.3852086067199707,1,"{compiler_version,func_visibility,gas_custom_errors,gas_indexed_events,gas_small_strings,gas_strict_inequalities,import_path_check,no_global_import,reason_string,use_natspec}",{},{},{}
contracts_output/contracts_output/gemini_contracts/gemini_contracts/6152.sol,6152.sol,solhint-6.0.0,solidity,2025/09/14,20260225_2030,1772051496.6166332,3.4776787757873535,1,"{compiler_version,func_visibility,gas_custom_errors,import_path_check,no_global_import,use_natspec}",{},{},{}
contracts_output/contracts_output/gemini_contracts/gemini_contracts/6178.sol,6178.sol,solhint-6.0.0,solidity,2025/09/14,20260225_2030,1772051424.4370983,3.3693127632141113,1,"{compiler_version,func_visibility,gas_custom_errors,import_path_check,no_global_import,use_natspec}",{},{},{}
contracts_output/contracts_output/gemini_contracts/gemini_contracts/6206.sol,6206.sol,solhint-6.0.0,solidity,2025/09/14,20260225_2030,1772051567.7068124,3.422574520111084,1,"{compiler_version,func_visibility,import_path_check,no_global_import,no_unused_vars,quotes,use_natspec}",{},{},{}
contracts_output/contracts_output/gemini_contracts/gemini_contracts/6236.sol,6236.sol,solhint-6.0.0,solidity,2025/09/14,20260225_2030,1772051546.3789048,3.354382276535034,1,"{compiler_version,func_visibility,gas_strict_inequalities,import_path_check,no_global_import,quotes,use_natspec}",{},{},{}
contracts_output/contracts_output/gemini_contracts/gemini_contracts/6249.sol,6249.sol,solhint-6.0.0,solidity,2025/09/14,20260225_2030,1772051434.026238,3.902953624725342,1,"{compiler_version,func_visibility,gas_custom_errors,gas_small_strings,import_path_check,no_global_import,reason_string,use_natspec}",{},{},{}
contracts_output/contracts_output/gemini_contracts/gemini_contracts/6260.sol,6260.sol,solhint-6.0.0,solidity,2025/09/14,20260225_2030,1772051446.5543754,3.591309070587158,1,"{compiler_version,func_visibility,import_path_check,no_global_import,reentrancy,use_natspec}",{},{},{}
contracts_output/contracts_output/gemini_contracts/gemini_contracts/6276.sol,6276.sol,solhint-6.0.0,solidity,2025/09/14,20260225_2030,1772051431.959682,3.3726422786712646,1,"{compiler_version,func_visibility,gas_custom_errors,import_path_check,no_complex_fallback,no_global_import,quotes,use_natspec}",{},{},{}
contracts_output/contracts_output/gemini_contracts/gemini_contracts/629.sol,629.sol,solhint-6.0.0,solidity,2025/09/14,20260225_2030,1772051418.4654305,3.0043816566467285,255,{},{},{EXIT_CODE_255},{}
contracts_output/contracts_output/gemini_contracts/gemini_contracts/6310.sol,6310.sol,solhint-6.0.0,solidity,2025/09/14,20260225_2030,1772051473.6489205,3.6052839756011963,1,"{compiler_version,func_visibility,gas_custom_errors,import_path_check,no_global_import,use_natspec}",{},{},{}
contracts_output/contracts_output/gemini_contracts/gemini_contracts/6311.sol,6311.sol,solhint-6.0.0,solidity,2025/09/14,20260225_2030,1772051434.9315808,3.314379930496216,1,"{compiler_version,func_visibility,gas_custom_errors,import_path_check,no_global_import,use_natspec}",{},{},{}
contracts_output/contracts_output/gemini_contracts/gemini_contracts/6317.sol,6317.sol,solhint-6.0.0,solidity,2025/09/14,20260225_2030,1772051486.897648,3.181215524673462,1,"{compiler_version,func_visibility,gas_custom_errors,gas_strict_inequalities,import_path_check,no_global_import,use_natspec}",{},{},{}
contracts_output/contracts_output/gemini_contracts/gemini_contracts/6318.sol,6318.sol,solhint-6.0.0,solidity,2025/09/14,20260225_2030,1772051427.9179914,3.853261947631836,1,"{compiler_version,func_visibility,gas_indexed_events,import_path_check,no_global_import,use_natspec,var_name_mixedcase}",{},{},{}
contracts_output/contracts_output/gemini_contracts/gemini_contracts/6330.sol,6330.sol,solhint-6.0.0,solidity,2025/09/14,20260225_2030,1772051452.7933993,2.991788387298584,1,"{compiler_version,func_visibility,gas_custom_errors,import_path_check,no_global_import,use_natspec}",{},{},{}
contracts_output/contracts_output/gemini_contracts/gemini_contracts/6348.sol,6348.sol,solhint-6.0.0,solidity,2025/09/14,20260225_2030,1772051563.8873093,3.334409236907959,1,"{compiler_version,func_visibility,gas_custom_errors,gas_increment_by_one,gas_small_strings,import_path_check,no_global_import,reason_string,use_natspec}",{},{},{}
contracts_output/contracts_output/gemini_contracts/gemini_contracts/6370.sol,6370.sol,solhint-6.0.0,solidity,2025/09/14,20260225_2030,1772051537.3300624,3.053636074066162,1,"{compiler_version,func_visibility,gas_custom_errors,gas_small_strings,import_path_check,no_global_import,no_unused_vars,reason_string,use_natspec}",{},{},{}
contracts_output/contracts_output/gemini_contracts/gemini_contracts/6381.sol,6381.sol,solhint-6.0.0,solidity,2025/09/14,20260225_2030,1772051554.085383,2.840726137161255,255,{},{},{EXIT_CODE_255},{}
contracts_output/contracts_output/gemini_contracts/gemini_contracts/6383.sol,6383.sol,solhint-6.0.0,solidity,2025/09/14,20260225_2030,1772051452.0629516,3.3892877101898193,1,"{compiler_version,func_visibility,gas_custom_errors,import_path_check,no_global_import,use_natspec}",{},{},{}
contracts_output/contracts_output/gemini_contracts/gemini_contracts/6386.sol,6386.sol,solhint-6.0.0,solidity,2025/09/14,20260225_2030,1772051523.6517375,3.6924803256988525,1,"{compiler_version,func_visibility,gas_custom_errors,import_path_check,no_global_import,use_natspec}",{},{},{}
contracts_output/contracts_output/gemini_contracts/gemini_contracts/6399.sol,6399.sol,solhint-6.0.0,solidity,2025/09/14,20260225_2030,1772051519.0003028,3.774918556213379,1,"{compiler_version,func_visibility,gas_custom_errors,import_path_check,no_global_import,no_unused_vars,use_natspec}",{},{},{}
contracts_output/contracts_output/gemini_contracts/gemini_contracts/6404.sol,6404.sol,solhint-6.0.0,solidity,2025/09/14,20260225_2030,1772051415.1936424,2.81194806098938,1,"{compiler_version,func_visibility,gas_increment_by_one,import_path_check,no_global_import,use_natspec}",{},{},{}
contracts_output/contracts_output/gemini_contracts/gemini_contracts/6408.sol,6408.sol,solhint-6.0.0,solidity,2025/09/14,20260225_2030,1772051504.570455,3.4205708503723145,1,"{compiler_version,func_visibility,gas_custom_errors,gas_small_strings,gas_strict_inequalities,import_path_check,no_global_import,quotes,reason_string,use_natspec}",{},{},{}
contracts_output/contracts_output/gemini_contracts/gemini_contracts/6427.sol,6427.sol,solhint-6.0.0,solidity,2025/09/14,20260225_2030,1772051526.918863,3.4488842487335205,1,"{compiler_version,func_visibility,gas_custom_errors,gas_strict_inequalities,import_path_check,no_global_import,no_unused_vars,use_natspec}",{},{},{}
contracts_output/contracts_output/gemini_contracts/gemini_contracts/6429.sol,6429.sol,solhint-6.0.0,solidity,2025/09/14,20260225_2030,1772051431.895525,3.420548677444458,1,"{compiler_version,func_visibility,gas_custom_errors,import_path_check,no_global_import,use_natspec}",{},{},{}
contracts_output/contracts_output/gemini_contracts/gemini_contracts/6434.sol,6434.sol,solhint-6.0.0,solidity,2025/09/14,20260225_2030,1772051431.3454375,2.9690539836883545,1,"{compiler_version,func_visibility,import_path_check,no_global_import,use_natspec}",{},{},{}
contracts_output/contracts_output/gemini_contracts/gemini_contracts/6458.sol,6458.sol,solhint-6.0.0,solidity,2025/09/14,20260225_2030,1772051576.4990675,2.9076550006866455,1,"{compiler_version,func_visibility,gas_custom_errors,gas_strict_inequalities,import_path_check,no_global_import,use_natspec}",{},{},{}
contracts_output/contracts_output/gemini_contracts/gemini_contracts/6503.sol,6503.sol,solhint-6.0.0,solidity,2025/09/14,20260225_2030,1772051426.0453317,3.4885342121124268,1,"{compiler_version,func_visibility,import_path_check,no_global_import,no_unused_vars,use_natspec}",{},{},{}
contracts_output/contracts_output/gemini_contracts/gemini_contracts/6513.sol,6513.sol,solhint-6.0.0,solidity,2025/09/14,20260225_2030,1772051477.1274233,3.4327170848846436,1,"{compiler_version,func_visibility,gas_custom_errors,gas_increment_by_one,gas_indexed_events,gas_strict_inequalities,import_path_check,no_global_import,use_natspec}",{},{},{}
contracts_output/contracts_output/gemini_contracts/gemini_contracts/6515.sol,6515.sol,solhint-6.0.0,solidity,2025/09/14,20260225_2030,1772051485.3728886,3.3512144088745117,1,"{compiler_version,func_visibility,import_path_check,no_global_import,quotes,use_natspec}",{},{},{}
contracts_output/contracts_output/gemini_contracts/gemini_contracts/6517.sol,6517.sol,solhint-6.0.0,solidity,2025/09/14,20260225_2030,1772051483.666431,3.4890434741973877,1,"{compiler_version,func_visibility,gas_custom_errors,gas_small_strings,import_path_check,no_global_import,reason_string,use_natspec,var_name_mixedcase}",{},{},{}
contracts_output/contracts_output/gemini_contracts/gemini_contracts/6519.sol,6519.sol,solhint-6.0.0,solidity,2025/09/14,20260225_2030,1772051552.973096,3.375675916671753,1,"{compiler_version,func_visibility,gas_custom_errors,gas_indexed_events,gas_small_strings,gas_strict_inequalities,import_path_check,no_empty_blocks,no_global_import,reason_string,use_natspec}",{},{},{}
contracts_output/contracts_output/gemini_contracts/gemini_contracts/6528.sol,6528.sol,solhint-6.0.0,solidity,2025/09/14,20260225_2030,1772051569.875861,3.7378647327423096,1,"{compiler_version,import_path_check,no_global_import,use_natspec}",{},{},{}
contracts_output/contracts_output/gemini_contracts/gemini_contracts/6552.sol,6552.sol,solhint-6.0.0,solidity,2025/09/14,20260225_2030,1772051451.17969,3.5478670597076416,1,"{compiler_version,func_visibility,gas_custom_errors,gas_small_strings,gas_strict_inequalities,import_path_check,no_global_import,reason_string,use_natspec}",{},{},{}
contracts_output/contracts_output/gemini_contracts/gemini_contracts/6562.sol,6562.sol,solhint-6.0.0,solidity,2025/09/14,20260225_2030,1772051480.4049022,3.207953929901123,1,"{compiler_version,func_visibility,gas_custom_errors,import_path_check,no_global_import,use_natspec}",{},{},{}
contracts_output/contracts_output/gemini_contracts/gemini_contracts/6593.sol,6593.sol,solhint-6.0.0,solidity,2025/09/14,20260225_2030,1772051554.7936943,3.661088228225708,1,"{compiler_version,func_visibility,import_path_check,no_global_import,use_natspec}",{},{},{}
contracts_output/contracts_output/gemini_contracts/gemini_contracts/6613.sol,6613.sol,solhint-6.0.0,solidity,2025/09/14,20260225_2030,1772051443.9090173,3.5057313442230225,1,"{compiler_version,func_visibility,gas_custom_errors,gas_small_strings,import_path_check,no_global_import,reason_string,use_natspec}",{},{},{}
contracts_output/contracts_output/gemini_contracts/gemini_contracts/6641.sol,6641.sol,solhint-6.0.0,solidity,2025/09/14,20260225_2030,1772051475.3737092,3.472057342529297,1,"{compiler_version,func_visibility,gas_custom_errors,gas_increment_by_one,gas_small_strings,import_path_check,no_global_import,reason_string,use_natspec}",{},{},{}
contracts_output/contracts_output/gemini_contracts/gemini_contracts/6644.sol,6644.sol,solhint-6.0.0,solidity,2025/09/14,20260225_2030,1772051585.8176467,3.2102694511413574,1,"{compiler_version,func_visibility,gas_custom_errors,gas_small_strings,import_path_check,no_global_import,no_unused_vars,quotes,reason_string,use_natspec}",{},{},{}
contracts_output/contracts_output/gemini_contracts/gemini_contracts/6660.sol,6660.sol,solhint-6.0.0,solidity,2025/09/14,20260225_2030,1772051458.1705282,3.1844213008880615,1,"{compiler_version,func_visibility,import_path_check,no_global_import,quotes,use_natspec}",{},{},{}
contracts_output/contracts_output/gemini_contracts/gemini_contracts/6667.sol,6667.sol,solhint-6.0.0,solidity,2025/09/14,20260225_2030,1772051527.8325121,3.257659673690796,1,"{compiler_version,func_visibility,import_path_check,no_global_import,no_unused_vars,use_natspec}",{},{},{}
contracts_output/contracts_output/gemini_contracts/gemini_contracts/6671.sol,6671.sol,solhint-6.0.0,solidity,2025/09/14,20260225_2030,1772051586.7405648,3.130496025085449,1,"{compiler_version,func_visibility,import_path_check,no_global_import,no_unused_vars,use_natspec}",{},{},{}
contracts_output/contracts_output/gemini_contracts/gemini_contracts/6724.sol,6724.sol,solhint-6.0.0,solidity,2025/09/14,20260225_2030,1772051435.9756854,3.9255566596984863,1,"{compiler_version,func_visibility,gas_custom_errors,import_path_check,no_global_import,no_unused_vars,quotes,use_natspec}",{},{},{}
contracts_output/contracts_output/gemini_contracts/gemini_contracts/6726.sol,6726.sol,solhint-6.0.0,solidity,2025/09/14,20260225_2030,1772051564.7452598,3.018749952316284,1,{},{},{},{}
contracts_output/contracts_output/gemini_contracts/gemini_contracts/6728.sol,6728.sol,solhint-6.0.0,solidity,2025/09/14,20260225_2030,1772051519.8139172,3.20389461517334,1,{},{},{},{}
contracts_output/contracts_output/gemini_contracts/gemini_contracts/6735.sol,6735.sol,solhint-6.0.0,solidity,2025/09/14,20260225_2030,1772051537.400244,3.0451416969299316,1,"{compiler_version,func_visibility,gas_custom_errors,gas_indexed_events,import_path_check,no_global_import,use_natspec}",{},{},{}
contracts_output/contracts_output/gemini_contracts/gemini_contracts/6751.sol,6751.sol,solhint-6.0.0,solidity,2025/09/14,20260225_2030,1772051528.7896576,3.2406458854675293,1,"{compiler_version,func_visibility,import_path_check,no_global_import,use_natspec}",{},{},{}
contracts_output/contracts_output/gemini_contracts/gemini_contracts/6764.sol,6764.sol,solhint-6.0.0,solidity,2025/09/14,20260225_2030,1772051524.7658954,3.2906219959259033,1,"{compiler_version,func_visibility,gas_custom_errors,gas_small_strings,import_path_check,no_global_import,no_unused_vars,reason_string,use_natspec}",{},{},{}
contracts_output/contracts_output/gemini_contracts/gemini_contracts/6774.sol,6774.sol,solhint-6.0.0,solidity,2025/09/14,20260225_2030,1772051440.8018458,3.3013076782226562,1,{},{},{},{}
contracts_output/contracts_output/gemini_contracts/gemini_contracts/6776.sol,6776.sol,solhint-6.0.0,solidity,2025/09/14,20260225_2030,1772051531.2143908,3.533592700958252,1,"{compiler_version,func_visibility,import_path_check,no_global_import,use_natspec}",{},{},{}
contracts_output/contracts_output/gemini_contracts/gemini_contracts/6786.sol,6786.sol,solhint-6.0.0,solidity,2025/09/14,20260225_2030,1772051585.08833,3.1800506114959717,255,{},{},{EXIT_CODE_255},{}
contracts_output/contracts_output/gemini_contracts/gemini_contracts/6808.sol,6808.sol,solhint-6.0.0,solidity,2025/09/14,20260225_2030,1772051568.3011558,3.2656681537628174,1,{},{},{},{}
contracts_output/contracts_output/gemini_contracts/gemini_contracts/6826.sol,6826.sol,solhint-6.0.0,solidity,2025/09/14,20260225_2030,1772051528.18664,3.436964750289917,1,"{compiler_version,func_visibility,import_path_check,no_global_import,use_natspec}",{},{},{}
contracts_output/contracts_output/gemini_contracts/gemini_contracts/6848.sol,6848.sol,solhint-6.0.0,solidity,2025/09/14,20260225_2030,1772051551.7120492,3.414968729019165,1,"{compiler_version,func_visibility,gas_custom_errors,gas_indexed_events,gas_small_strings,gas_strict_inequalities,import_path_check,no_empty_blocks,no_global_import,no_unused_vars,reason_string,use_natspec}",{},{},{}
contracts_output/contracts_output/gemini_contracts/gemini_contracts/6875.sol,6875.sol,solhint-6.0.0,solidity,2025/09/14,20260225_2030,1772051517.5769305,3.226546287536621,1,{},{},{},{}
contracts_output/contracts_output/gemini_contracts/gemini_contracts/689.sol,689.sol,solhint-6.0.0,solidity,2025/09/14,20260225_2030,1772051505.4291022,3.0574147701263428,1,"{compiler_version,func_visibility,import_path_check,no_global_import,use_natspec}",{},{},{}
contracts_output/contracts_output/gemini_contracts/gemini_contracts/691.sol,691.sol,solhint-6.0.0,solidity,2025/09/14,20260225_2030,1772051501.1758504,3.299650192260742,1,"{compiler_version,func_visibility,import_path_check,no_global_import,use_natspec}",{},{},{}
contracts_output/contracts_output/gemini_contracts/gemini_contracts/694.sol,694.sol,solhint-6.0.0,solidity,2025/09/14,20260225_2030,1772051547.185772,3.4818921089172363,1,"{compiler_version,func_visibility,gas_custom_errors,gas_strict_inequalities,import_path_check,no_global_import,use_natspec}",{},{},{}
contracts_output/contracts_output/gemini_contracts/gemini_contracts/714.sol,714.sol,solhint-6.0.0,solidity,2025/09/14,20260225_2030,1772051552.0713584,4.047460556030273,1,{},{},{},{}
contracts_output/contracts_output/gemini_contracts/gemini_contracts/725.sol,725.sol,solhint-6.0.0,solidity,2025/09/14,20260225_2030,1772051450.1933806,3.2773022651672363,1,"{compiler_version,func_visibility,import_path_check,no_global_import,use_natspec}",{},{},{}
contracts_output/contracts_output/gemini_contracts/gemini_contracts/732.sol,732.sol,solhint-6.0.0,solidity,2025/09/14,20260225_2030,1772051485.9380262,3.114995002746582,1,{},{},{},{}
contracts_output/contracts_output/gemini_contracts/gemini_contracts/752.sol,752.sol,solhint-6.0.0,solidity,2025/09/14,20260225_2030,1772051498.750684,3.333204984664917,1,"{compiler_version,func_visibility,import_path_check,no_global_import,use_natspec}",{},{},{}
contracts_output/contracts_output/gemini_contracts/gemini_contracts/761.sol,761.sol,solhint-6.0.0,solidity,2025/09/14,20260225_2030,1772051559.625394,3.647325038909912,1,"{compiler_version,func_visibility,gas_custom_errors,gas_indexed_events,gas_small_strings,gas_strict_inequalities,import_path_check,no_empty_blocks,no_global_import,reason_string,use_natspec}",{},{},{}
contracts_output/contracts_output/gemini_contracts/gemini_contracts/772.sol,772.sol,solhint-6.0.0,solidity,2025/09/14,20260225_2030,1772051447.7594032,3.321180820465088,1,"{compiler_version,func_visibility,import_path_check,no_global_import,use_natspec}",{},{},{}
contracts_output/contracts_output/gemini_contracts/gemini_contracts/780.sol,780.sol,solhint-6.0.0,solidity,2025/09/14,20260225_2030,1772051415.2144115,3.7238104343414307,1,"{compiler_version,gas_custom_errors,gas_small_strings,gas_strict_inequalities,import_path_check,imports_on_top,no_global_import,one_contract_per_file,reason_string,use_natspec}",{},{},{}
contracts_output/contracts_output/gemini_contracts/gemini_contracts/79.sol,79.sol,solhint-6.0.0,solidity,2025/09/14,20260225_2030,1772051442.6884463,3.4315264225006104,1,"{compiler_version,func_visibility,gas_custom_errors,gas_indexed_events,gas_small_strings,gas_strict_inequalities,import_path_check,no_empty_blocks,no_global_import,reason_string,use_natspec}",{},{},{}
contracts_output/contracts_output/gemini_contracts/gemini_contracts/790.sol,790.sol,solhint-6.0.0,solidity,2025/09/14,20260225_2030,1772051487.7900372,3.22446346282959,1,"{compiler_version,func_visibility,gas_custom_errors,gas_small_strings,import_path_check,no_global_import,reason_string,use_natspec}",{},{},{}
contracts_output/contracts_output/gemini_contracts/gemini_contracts/799.sol,799.sol,solhint-6.0.0,solidity,2025/09/14,20260225_2030,1772051504.351553,3.4072444438934326,1,"{compiler_version,func_visibility,gas_custom_errors,gas_increment_by_one,import_path_check,no_global_import,use_natspec}",{},{},{}
contracts_output/contracts_output/gemini_contracts/gemini_contracts/812.sol,812.sol,solhint-6.0.0,solidity,2025/09/14,20260225_2030,1772051466.256439,3.1793909072875977,1,"{compiler_version,func_visibility,gas_custom_errors,gas_small_strings,gas_strict_inequalities,import_path_check,no_global_import,reason_string,use_natspec}",{},{},{}
contracts_output/contracts_output/gemini_contracts/gemini_contracts/827.sol,827.sol,solhint-6.0.0,solidity,2025/09/14,20260225_2030,1772051487.6242523,3.0289368629455566,1,"{compiler_version,func_visibility,gas_custom_errors,import_path_check,no_global_import,use_natspec}",{},{},{}
contracts_output/contracts_output/gemini_contracts/gemini_contracts/86.sol,86.sol,solhint-6.0.0,solidity,2025/09/14,20260225_2030,1772051557.0001867,3.368006944656372,1,"{compiler_version,func_visibility,gas_custom_errors,gas_small_strings,import_path_check,no_global_import,reason_string,use_natspec}",{},{},{}
contracts_output/contracts_output/gemini_contracts/gemini_contracts/868.sol,868.sol,solhint-6.0.0,solidity,2025/09/14,20260225_2030,1772051462.2970579,3.173513889312744,1,"{compiler_version,gas_custom_errors,import_path_check,no_global_import,use_natspec}",{},{},{}
contracts_output/contracts_output/gemini_contracts/gemini_contracts/876.sol,876.sol,solhint-6.0.0,solidity,2025/09/14,20260225_2030,1772051487.9177957,3.3516604900360107,1,"{compiler_version,func_visibility,gas_custom_errors,gas_small_strings,import_path_check,no_global_import,reason_string,use_natspec}",{},{},{}
contracts_output/contracts_output/gemini_contracts/gemini_contracts/883.sol,883.sol,solhint-6.0.0,solidity,2025/09/14,20260225_2030,1772051524.3242738,3.376628875732422,1,"{compiler_version,func_visibility,gas_custom_errors,gas_increment_by_one,gas_small_strings,gas_struct_packing,import_path_check,no_global_import,reason_string,use_natspec}",{},{},{}
contracts_output/contracts_output/gemini_contracts/gemini_contracts/892.sol,892.sol,solhint-6.0.0,solidity,2025/09/14,20260225_2030,1772051492.7563188,3.227226972579956,1,"{compiler_version,gas_custom_errors,import_path_check,no_global_import,use_natspec}",{},{},{}
contracts_output/contracts_output/gemini_contracts/gemini_contracts/906.sol,906.sol,solhint-6.0.0,solidity,2025/09/14,20260225_2030,1772051554.8346155,3.6917779445648193,1,"{compiler_version,func_visibility,gas_custom_errors,gas_small_strings,import_path_check,no_empty_blocks,no_global_import,reason_string,use_natspec}",{},{},{}
contracts_output/contracts_output/gemini_contracts/gemini_contracts/915.sol,915.sol,solhint-6.0.0,solidity,2025/09/14,20260225_2030,1772051444.8089416,3.265737533569336,1,"{compiler_version,func_visibility,gas_custom_errors,gas_increment_by_one,gas_strict_inequalities,import_path_check,no_global_import,use_natspec}",{},{},{}
contracts_output/contracts_output/gemini_contracts/gemini_contracts/949.sol,949.sol,solhint-6.0.0,solidity,2025/09/14,20260225_2030,1772051427.7872632,3.2912328243255615,1,"{compiler_version,func_visibility,gas_custom_errors,gas_indexed_events,gas_small_strings,import_path_check,no_global_import,reason_string,use_natspec}",{},{},{}
contracts_output/contracts_output/gemini_contracts/gemini_contracts/963.sol,963.sol,solhint-6.0.0,solidity,2025/09/14,20260225_2030,1772051541.010954,3.4362564086914062,1,"{compiler_version,func_visibility,import_path_check,no_global_import,use_natspec}",{},{},{}
contracts_output/contracts_output/gemini_contracts/gemini_contracts/967.sol,967.sol,solhint-6.0.0,solidity,2025/09/14,20260225_2030,1772051508.4757495,3.6827874183654785,1,"{compiler_version,func_visibility,gas_custom_errors,import_path_check,no_global_import,use_natspec}",{},{},{}
contracts_output/contracts_output/gemini_contracts/gemini_contracts/97.sol,97.sol,solhint-6.0.0,solidity,2025/09/14,20260225_2030,1772051542.5527136,3.218111515045166,1,"{compiler_version,func_visibility,import_path_check,no_global_import,quotes,use_natspec}",{},{},{}
contracts_output/contracts_output/gemini_contracts/gemini_contracts/971.sol,971.sol,solhint-6.0.0,solidity,2025/09/14,20260225_2030,1772051568.0766304,3.4688994884490967,1,"{compiler_version,func_visibility,gas_indexed_events,import_path_check,no_global_import,use_natspec}",{},{},{}
