filename,basename,toolid,toolmode,parser_version,runid,start,duration,exit_code,findings,infos,errors,fails
contracts_output/contracts_output/codellama_with_rag_contracts/1004.sol,1004.sol,oyente+-060ca34,solidity,2025/06/04,20260213_1744,1771004704.5976162,1.5126545429229736,1,{},{analysis incomplete},{Solidity compilation failed},{}
contracts_output/contracts_output/codellama_with_rag_contracts/1009.sol,1009.sol,oyente+-060ca34,solidity,2025/06/04,20260213_1744,1771004906.8284755,1.2809596061706543,1,{},{analysis incomplete},{Solidity compilation failed},{}
contracts_output/contracts_output/codellama_with_rag_contracts/1010.sol,1010.sol,oyente+-060ca34,solidity,2025/06/04,20260213_1744,1771004880.249576,73.56893277168274,0,{Integer_Underflow},"{coverage OfferFiller 89.4%,coverage SafeMath 98.4%}",{},{}
contracts_output/contracts_output/codellama_with_rag_contracts/1032.sol,1032.sol,oyente+-060ca34,solidity,2025/06/04,20260213_1744,1771004790.5003512,1.676697015762329,1,{},{analysis incomplete},{Solidity compilation failed},{}
contracts_output/contracts_output/codellama_with_rag_contracts/1053.sol,1053.sol,oyente+-060ca34,solidity,2025/06/04,20260213_1744,1771005107.8450148,22.767747402191162,0,"{Integer_Overflow,Integer_Underflow}","{coverage BoardStatus 84.3%,coverage SafeMath 98.4%}",{},{}
contracts_output/contracts_output/codellama_with_rag_contracts/107.sol,107.sol,oyente+-060ca34,solidity,2025/06/04,20260213_1744,1771004982.7347188,1.6184747219085693,1,{},{analysis incomplete},{Solidity compilation failed},{}
contracts_output/contracts_output/codellama_with_rag_contracts/1091.sol,1091.sol,oyente+-060ca34,solidity,2025/06/04,20260213_1744,1771004885.6885552,81.68253827095032,0,{Integer_Underflow},"{coverage Crowdsale 69.4%,coverage SafeMath 98.4%}",{},{}
contracts_output/contracts_output/codellama_with_rag_contracts/1094.sol,1094.sol,oyente+-060ca34,solidity,2025/06/04,20260213_1744,1771005051.1510441,1.70457124710083,1,{},{analysis incomplete},{Solidity compilation failed},{}
contracts_output/contracts_output/codellama_with_rag_contracts/110.sol,110.sol,oyente+-060ca34,solidity,2025/06/04,20260213_1744,1771005083.668716,1.5629947185516357,1,{},{analysis incomplete},{Solidity compilation failed},{}
contracts_output/contracts_output/codellama_with_rag_contracts/1111.sol,1111.sol,oyente+-060ca34,solidity,2025/06/04,20260213_1744,1771004743.0875978,53.27319097518921,0,{Integer_Underflow},"{coverage GasPriceCover 82.8%,coverage SafeMath 98.4%}",{},{}
contracts_output/contracts_output/codellama_with_rag_contracts/1142.sol,1142.sol,oyente+-060ca34,solidity,2025/06/04,20260213_1744,1771004980.7905512,1.9663031101226807,1,{},{analysis incomplete},{Solidity compilation failed},{}
contracts_output/contracts_output/codellama_with_rag_contracts/1147.sol,1147.sol,oyente+-060ca34,solidity,2025/06/04,20260213_1744,1771004980.9938345,1.4728169441223145,1,{},{analysis incomplete},{Solidity compilation failed},{}
contracts_output/contracts_output/codellama_with_rag_contracts/1148.sol,1148.sol,oyente+-060ca34,solidity,2025/06/04,20260213_1744,1771005011.7329469,1.219576120376587,1,{},{analysis incomplete},{Solidity compilation failed},{}
contracts_output/contracts_output/codellama_with_rag_contracts/1160.sol,1160.sol,oyente+-060ca34,solidity,2025/06/04,20260213_1744,1771004686.2352972,2.9824705123901367,1,{},{analysis incomplete},{Solidity compilation failed},{}
contracts_output/contracts_output/codellama_with_rag_contracts/1164.sol,1164.sol,oyente+-060ca34,solidity,2025/06/04,20260213_1744,1771004747.7247424,1.2786383628845215,1,{},{analysis incomplete},{Solidity compilation failed},{}
contracts_output/contracts_output/codellama_with_rag_contracts/1195.sol,1195.sol,oyente+-060ca34,solidity,2025/06/04,20260213_1744,1771004706.4316783,1.6608128547668457,1,{},{analysis incomplete},{Solidity compilation failed},{}
contracts_output/contracts_output/codellama_with_rag_contracts/1213.sol,1213.sol,oyente+-060ca34,solidity,2025/06/04,20260213_1744,1771004833.8732014,1.5599582195281982,1,{},{analysis incomplete},{Solidity compilation failed},{}
contracts_output/contracts_output/codellama_with_rag_contracts/1228.sol,1228.sol,oyente+-060ca34,solidity,2025/06/04,20260213_1744,1771004862.48176,1.908639669418335,1,{},{analysis incomplete},{Solidity compilation failed},{}
contracts_output/contracts_output/codellama_with_rag_contracts/124.sol,124.sol,oyente+-060ca34,solidity,2025/06/04,20260213_1744,1771004769.6314542,1.2821409702301025,1,{},{analysis incomplete},{Solidity compilation failed},{}
contracts_output/contracts_output/codellama_with_rag_contracts/1244.sol,1244.sol,oyente+-060ca34,solidity,2025/06/04,20260213_1744,1771004752.645949,54.0587363243103,0,"{Integer_Overflow,Integer_Underflow}","{coverage Grey 59.4%,coverage SafeMath 98.4%}",{},{}
contracts_output/contracts_output/codellama_with_rag_contracts/1247.sol,1247.sol,oyente+-060ca34,solidity,2025/06/04,20260213_1744,1771004859.8158495,1.855970859527588,1,{},{analysis incomplete},{Solidity compilation failed},{}
contracts_output/contracts_output/codellama_with_rag_contracts/1259.sol,1259.sol,oyente+-060ca34,solidity,2025/06/04,20260213_1744,1771004706.7455542,1.8250846862792969,1,{},{analysis incomplete},{Solidity compilation failed},{}
contracts_output/contracts_output/codellama_with_rag_contracts/1262.sol,1262.sol,oyente+-060ca34,solidity,2025/06/04,20260213_1744,1771005089.475615,1.316556692123413,1,{},{analysis incomplete},{Solidity compilation failed},{}
contracts_output/contracts_output/codellama_with_rag_contracts/1265.sol,1265.sol,oyente+-060ca34,solidity,2025/06/04,20260213_1744,1771004686.3141677,43.13597750663757,0,"{Integer_Overflow,Integer_Underflow}","{coverage CapReached 84.2%,coverage SafeMath 98.4%}",{},{}
contracts_output/contracts_output/codellama_with_rag_contracts/1268.sol,1268.sol,oyente+-060ca34,solidity,2025/06/04,20260213_1744,1771004754.7565207,53.544588804244995,0,"{Integer_Overflow,Integer_Underflow}","{coverage Pledge 73.5%,coverage SafeMath 98.4%}",{},{}
contracts_output/contracts_output/codellama_with_rag_contracts/1281.sol,1281.sol,oyente+-060ca34,solidity,2025/06/04,20260213_1744,1771004745.5346403,57.25615119934082,0,"{Integer_Overflow,Integer_Underflow}","{coverage Attestation 43.7%,coverage SafeMath 98.4%}",{},{}
contracts_output/contracts_output/codellama_with_rag_contracts/1283.sol,1283.sol,oyente+-060ca34,solidity,2025/06/04,20260213_1744,1771004739.0342937,1.505737543106079,1,{},{analysis incomplete},{Solidity compilation failed},{}
contracts_output/contracts_output/codellama_with_rag_contracts/1286.sol,1286.sol,oyente+-060ca34,solidity,2025/06/04,20260213_1744,1771004774.9384866,1.1948952674865723,1,{},{analysis incomplete},{Solidity compilation failed},{}
contracts_output/contracts_output/codellama_with_rag_contracts/1315.sol,1315.sol,oyente+-060ca34,solidity,2025/06/04,20260213_1744,1771004905.408155,1.088531732559204,1,{},{analysis incomplete},{Solidity compilation failed},{}
contracts_output/contracts_output/codellama_with_rag_contracts/1319.sol,1319.sol,oyente+-060ca34,solidity,2025/06/04,20260213_1744,1771004713.0287294,1.3346095085144043,1,{},{analysis incomplete},{Solidity compilation failed},{}
contracts_output/contracts_output/codellama_with_rag_contracts/1334.sol,1334.sol,oyente+-060ca34,solidity,2025/06/04,20260213_1744,1771005070.5122073,55.63762807846069,0,{Integer_Underflow},"{coverage EarlyBacker 81.2%,coverage SafeMath 98.4%}",{},{}
contracts_output/contracts_output/codellama_with_rag_contracts/1335.sol,1335.sol,oyente+-060ca34,solidity,2025/06/04,20260213_1744,1771005077.0535128,1.525374174118042,1,{},{analysis incomplete},{Solidity compilation failed},{}
contracts_output/contracts_output/codellama_with_rag_contracts/1356.sol,1356.sol,oyente+-060ca34,solidity,2025/06/04,20260213_1744,1771004829.7918823,75.18548345565796,0,{Integer_Underflow},"{coverage MyContract 81.5%,coverage SafeMath 98.4%}",{},{}
contracts_output/contracts_output/codellama_with_rag_contracts/1358.sol,1358.sol,oyente+-060ca34,solidity,2025/06/04,20260213_1744,1771004802.792409,1.8702747821807861,1,{},{analysis incomplete},{Solidity compilation failed},{}
contracts_output/contracts_output/codellama_with_rag_contracts/1383.sol,1383.sol,oyente+-060ca34,solidity,2025/06/04,20260213_1744,1771004701.5918016,2.1061477661132812,1,{},{analysis incomplete},{Solidity compilation failed},{}
contracts_output/contracts_output/codellama_with_rag_contracts/1386.sol,1386.sol,oyente+-060ca34,solidity,2025/06/04,20260213_1744,1771005051.243049,70.41008257865906,0,{Integer_Underflow},"{coverage FIFOQueue 83.4%,coverage SafeMath 98.4%}",{},{}
contracts_output/contracts_output/codellama_with_rag_contracts/1398.sol,1398.sol,oyente+-060ca34,solidity,2025/06/04,20260213_1744,1771004867.3346798,1.5151195526123047,1,{},{analysis incomplete},{Solidity compilation failed},{}
contracts_output/contracts_output/codellama_with_rag_contracts/1413.sol,1413.sol,oyente+-060ca34,solidity,2025/06/04,20260213_1744,1771005067.4103756,1.7373735904693604,1,{},{analysis incomplete},{Solidity compilation failed},{}
contracts_output/contracts_output/codellama_with_rag_contracts/1424.sol,1424.sol,oyente+-060ca34,solidity,2025/06/04,20260213_1744,1771004878.50916,1.7111139297485352,1,{},{analysis incomplete},{Solidity compilation failed},{}
contracts_output/contracts_output/codellama_with_rag_contracts/1438.sol,1438.sol,oyente+-060ca34,solidity,2025/06/04,20260213_1744,1771004975.6442533,1.49918532371521,1,{},{analysis incomplete},{Solidity compilation failed},{}
contracts_output/contracts_output/codellama_with_rag_contracts/1443.sol,1443.sol,oyente+-060ca34,solidity,2025/06/04,20260213_1744,1771004716.3890922,1.452465534210205,1,{},{analysis incomplete},{Solidity compilation failed},{}
contracts_output/contracts_output/codellama_with_rag_contracts/146.sol,146.sol,oyente+-060ca34,solidity,2025/06/04,20260213_1744,1771005091.5244436,33.45277118682861,0,{Integer_Underflow},"{coverage Member 79.8%,coverage SafeMath 98.4%}",{},{}
contracts_output/contracts_output/codellama_with_rag_contracts/1493.sol,1493.sol,oyente+-060ca34,solidity,2025/06/04,20260213_1744,1771004686.2157545,1.8016045093536377,1,{},{analysis incomplete},{Solidity compilation failed},{}
contracts_output/contracts_output/codellama_with_rag_contracts/1522.sol,1522.sol,oyente+-060ca34,solidity,2025/06/04,20260213_1744,1771004814.4539025,49.533427715301514,0,"{Integer_Overflow,Integer_Underflow}","{coverage SafeMath 98.4%,coverage SporkToken 65.2%}",{},{}
contracts_output/contracts_output/codellama_with_rag_contracts/153.sol,153.sol,oyente+-060ca34,solidity,2025/06/04,20260213_1744,1771004962.9035044,1.9780330657958984,1,{},{analysis incomplete},{Solidity compilation failed},{}
contracts_output/contracts_output/codellama_with_rag_contracts/1531.sol,1531.sol,oyente+-060ca34,solidity,2025/06/04,20260213_1744,1771004972.8948562,1.7531023025512695,1,{},{analysis incomplete},{Solidity compilation failed},{}
contracts_output/contracts_output/codellama_with_rag_contracts/1558.sol,1558.sol,oyente+-060ca34,solidity,2025/06/04,20260213_1744,1771004842.9723237,1.4492838382720947,1,{},{analysis incomplete},{Solidity compilation failed},{}
contracts_output/contracts_output/codellama_with_rag_contracts/1565.sol,1565.sol,oyente+-060ca34,solidity,2025/06/04,20260213_1744,1771004698.70645,1.9952807426452637,1,{},{analysis incomplete},{Solidity compilation failed},{}
contracts_output/contracts_output/codellama_with_rag_contracts/1587.sol,1587.sol,oyente+-060ca34,solidity,2025/06/04,20260213_1744,1771004697.9824796,2.0773699283599854,1,{},{analysis incomplete},{Solidity compilation failed},{}
contracts_output/contracts_output/codellama_with_rag_contracts/1589.sol,1589.sol,oyente+-060ca34,solidity,2025/06/04,20260213_1744,1771004809.0375144,1.403127908706665,1,{},{analysis incomplete},{Solidity compilation failed},{}
contracts_output/contracts_output/codellama_with_rag_contracts/1597.sol,1597.sol,oyente+-060ca34,solidity,2025/06/04,20260213_1744,1771005069.0276484,45.98445773124695,0,{Integer_Underflow},"{coverage OraclizeQuery 80.3%,coverage SafeMath 98.4%}",{},{}
contracts_output/contracts_output/codellama_with_rag_contracts/1600.sol,1600.sol,oyente+-060ca34,solidity,2025/06/04,20260213_1744,1771004709.1779778,1.8938384056091309,1,{},{analysis incomplete},{Solidity compilation failed},{}
contracts_output/contracts_output/codellama_with_rag_contracts/1609.sol,1609.sol,oyente+-060ca34,solidity,2025/06/04,20260213_1744,1771004811.4320223,1.0530567169189453,1,{},{analysis incomplete},{Solidity compilation failed},{}
contracts_output/contracts_output/codellama_with_rag_contracts/1613.sol,1613.sol,oyente+-060ca34,solidity,2025/06/04,20260213_1744,1771004799.6533105,1.391359567642212,1,{},{analysis incomplete},{Solidity compilation failed},{}
contracts_output/contracts_output/codellama_with_rag_contracts/1617.sol,1617.sol,oyente+-060ca34,solidity,2025/06/04,20260213_1744,1771005049.7475798,1.4937245845794678,1,{},{analysis incomplete},{Solidity compilation failed},{}
contracts_output/contracts_output/codellama_with_rag_contracts/1642.sol,1642.sol,oyente+-060ca34,solidity,2025/06/04,20260213_1744,1771005057.9268062,1.2409076690673828,1,{},{analysis incomplete},{Solidity compilation failed},{}
contracts_output/contracts_output/codellama_with_rag_contracts/1644.sol,1644.sol,oyente+-060ca34,solidity,2025/06/04,20260213_1744,1771004845.0919476,2.0978758335113525,1,{},{analysis incomplete},{Solidity compilation failed},{}
contracts_output/contracts_output/codellama_with_rag_contracts/1662.sol,1662.sol,oyente+-060ca34,solidity,2025/06/04,20260213_1744,1771004877.834865,51.09438753128052,0,{Integer_Underflow},"{coverage MyContract 75.4%,coverage SafeMath 98.4%}",{},{}
contracts_output/contracts_output/codellama_with_rag_contracts/1663.sol,1663.sol,oyente+-060ca34,solidity,2025/06/04,20260213_1744,1771004837.800698,49.68295335769653,0,{Integer_Underflow},"{coverage Oracle 82.6%,coverage SafeMath 98.4%}",{},{}
contracts_output/contracts_output/codellama_with_rag_contracts/170.sol,170.sol,oyente+-060ca34,solidity,2025/06/04,20260213_1744,1771005008.5624328,1.5315742492675781,1,{},{analysis incomplete},{Solidity compilation failed},{}
contracts_output/contracts_output/codellama_with_rag_contracts/1700.sol,1700.sol,oyente+-060ca34,solidity,2025/06/04,20260213_1744,1771004863.9884505,61.60602068901062,0,{Integer_Underflow},"{coverage MyContract 74.1%,coverage SafeMath 98.4%}",{},{}
contracts_output/contracts_output/codellama_with_rag_contracts/1722.sol,1722.sol,oyente+-060ca34,solidity,2025/06/04,20260213_1744,1771004698.6176946,40.415305376052856,0,{Integer_Underflow},"{coverage SafeMath 98.4%,coverage TokenSale 76.5%}",{},{}
contracts_output/contracts_output/codellama_with_rag_contracts/1735.sol,1735.sol,oyente+-060ca34,solidity,2025/06/04,20260213_1744,1771004927.48886,1.492997169494629,1,{},{analysis incomplete},{Solidity compilation failed},{}
contracts_output/contracts_output/codellama_with_rag_contracts/1777.sol,1777.sol,oyente+-060ca34,solidity,2025/06/04,20260213_1744,1771004757.1167467,49.08638834953308,0,{Integer_Underflow},"{coverage SafeMath 98.4%,coverage StakeManager 81.3%}",{},{}
contracts_output/contracts_output/codellama_with_rag_contracts/1782.sol,1782.sol,oyente+-060ca34,solidity,2025/06/04,20260213_1744,1771004744.5482337,1.3618888854980469,1,{},{analysis incomplete},{Solidity compilation failed},{}
contracts_output/contracts_output/codellama_with_rag_contracts/1790.sol,1790.sol,oyente+-060ca34,solidity,2025/06/04,20260213_1744,1771005073.821525,1.599536418914795,1,{},{analysis incomplete},{Solidity compilation failed},{}
contracts_output/contracts_output/codellama_with_rag_contracts/1809.sol,1809.sol,oyente+-060ca34,solidity,2025/06/04,20260213_1744,1771004866.4112933,1.7123799324035645,1,{},{analysis incomplete},{Solidity compilation failed},{}
contracts_output/contracts_output/codellama_with_rag_contracts/1814.sol,1814.sol,oyente+-060ca34,solidity,2025/06/04,20260213_1744,1771004722.820353,1.5545861721038818,1,{},{analysis incomplete},{Solidity compilation failed},{}
contracts_output/contracts_output/codellama_with_rag_contracts/1824.sol,1824.sol,oyente+-060ca34,solidity,2025/06/04,20260213_1744,1771004782.3003461,1.7501893043518066,1,{},{analysis incomplete},{Solidity compilation failed},{}
contracts_output/contracts_output/codellama_with_rag_contracts/1832.sol,1832.sol,oyente+-060ca34,solidity,2025/06/04,20260213_1744,1771004805.7538414,1.0553171634674072,1,{},{analysis incomplete},{Solidity compilation failed},{}
contracts_output/contracts_output/codellama_with_rag_contracts/1838.sol,1838.sol,oyente+-060ca34,solidity,2025/06/04,20260213_1744,1771005025.209738,49.15162754058838,0,"{Integer_Overflow,Integer_Underflow}","{coverage SafeMath 98.4%,coverage TokenKeeper 83.1%}",{},{}
contracts_output/contracts_output/codellama_with_rag_contracts/1872.sol,1872.sol,oyente+-060ca34,solidity,2025/06/04,20260213_1744,1771004961.1081228,1.7940704822540283,1,{},{analysis incomplete},{Solidity compilation failed},{}
contracts_output/contracts_output/codellama_with_rag_contracts/1877.sol,1877.sol,oyente+-060ca34,solidity,2025/06/04,20260213_1744,1771004998.2243536,1.5873308181762695,1,{},{analysis incomplete},{Solidity compilation failed},{}
contracts_output/contracts_output/codellama_with_rag_contracts/189.sol,189.sol,oyente+-060ca34,solidity,2025/06/04,20260213_1744,1771004982.8483584,1.7662081718444824,1,{},{analysis incomplete},{Solidity compilation failed},{}
contracts_output/contracts_output/codellama_with_rag_contracts/1905.sol,1905.sol,oyente+-060ca34,solidity,2025/06/04,20260213_1744,1771004705.272799,1.703125,1,{},{analysis incomplete},{Solidity compilation failed},{}
contracts_output/contracts_output/codellama_with_rag_contracts/191.sol,191.sol,oyente+-060ca34,solidity,2025/06/04,20260213_1744,1771005103.438692,1.8052544593811035,1,{},{analysis incomplete},{Solidity compilation failed},{}
contracts_output/contracts_output/codellama_with_rag_contracts/1924.sol,1924.sol,oyente+-060ca34,solidity,2025/06/04,20260213_1744,1771004700.3673372,1.8830194473266602,1,{},{analysis incomplete},{Solidity compilation failed},{}
contracts_output/contracts_output/codellama_with_rag_contracts/1926.sol,1926.sol,oyente+-060ca34,solidity,2025/06/04,20260213_1744,1771005077.1669943,2.353879451751709,1,{},{analysis incomplete},{Solidity compilation failed},{}
contracts_output/contracts_output/codellama_with_rag_contracts/1932.sol,1932.sol,oyente+-060ca34,solidity,2025/06/04,20260213_1744,1771004688.4234166,49.816516399383545,0,"{Integer_Overflow,Integer_Underflow}","{coverage LoyaltyReward 72.2%,coverage SafeMath 98.4%}",{},{}
contracts_output/contracts_output/codellama_with_rag_contracts/1962.sol,1962.sol,oyente+-060ca34,solidity,2025/06/04,20260213_1744,1771004825.6588342,48.53236675262451,0,"{Integer_Overflow,Integer_Underflow}","{coverage MyContract 81.4%,coverage SafeMath 98.4%}",{},{}
contracts_output/contracts_output/codellama_with_rag_contracts/1979.sol,1979.sol,oyente+-060ca34,solidity,2025/06/04,20260213_1744,1771004951.1826954,1.355600118637085,1,{},{analysis incomplete},{Solidity compilation failed},{}
contracts_output/contracts_output/codellama_with_rag_contracts/1993.sol,1993.sol,oyente+-060ca34,solidity,2025/06/04,20260213_1744,1771004751.4021466,52.45188665390015,0,{Integer_Underflow},"{coverage NFT 60.6%,coverage SafeMath 98.4%}",{},{}
contracts_output/contracts_output/codellama_with_rag_contracts/2003.sol,2003.sol,oyente+-060ca34,solidity,2025/06/04,20260213_1744,1771004855.2424302,1.8396055698394775,1,{},{analysis incomplete},{Solidity compilation failed},{}
contracts_output/contracts_output/codellama_with_rag_contracts/2019.sol,2019.sol,oyente+-060ca34,solidity,2025/06/04,20260213_1744,1771004858.7161508,1.9830162525177002,1,{},{analysis incomplete},{Solidity compilation failed},{}
contracts_output/contracts_output/codellama_with_rag_contracts/2044.sol,2044.sol,oyente+-060ca34,solidity,2025/06/04,20260213_1744,1771005011.038612,0.9693624973297119,1,{},{analysis incomplete},{Solidity compilation failed},{}
contracts_output/contracts_output/codellama_with_rag_contracts/2053.sol,2053.sol,oyente+-060ca34,solidity,2025/06/04,20260213_1744,1771004921.293943,2.029587984085083,1,{},{analysis incomplete},{Solidity compilation failed},{}
contracts_output/contracts_output/codellama_with_rag_contracts/2061.sol,2061.sol,oyente+-060ca34,solidity,2025/06/04,20260213_1744,1771004869.4826152,1.2993524074554443,1,{},{analysis incomplete},{Solidity compilation failed},{}
contracts_output/contracts_output/codellama_with_rag_contracts/2081.sol,2081.sol,oyente+-060ca34,solidity,2025/06/04,20260213_1744,1771004889.464893,83.42875266075134,0,"{Integer_Overflow,Integer_Underflow}","{coverage DeedOwnership 73.1%,coverage SafeMath 98.4%}",{},{}
contracts_output/contracts_output/codellama_with_rag_contracts/2092.sol,2092.sol,oyente+-060ca34,solidity,2025/06/04,20260213_1744,1771005044.1556108,55.072587966918945,0,"{Integer_Overflow,Integer_Underflow}","{coverage InstantPot 65.4%,coverage SafeMath 98.4%}",{},{}
contracts_output/contracts_output/codellama_with_rag_contracts/2093.sol,2093.sol,oyente+-060ca34,solidity,2025/06/04,20260213_1744,1771004691.024422,52.34533619880676,0,"{Integer_Overflow,Integer_Underflow}","{coverage PixelCon 77.3%,coverage SafeMath 98.4%}",{},{}
contracts_output/contracts_output/codellama_with_rag_contracts/211.sol,211.sol,oyente+-060ca34,solidity,2025/06/04,20260213_1744,1771004945.353378,1.4658167362213135,1,{},{analysis incomplete},{Solidity compilation failed},{}
contracts_output/contracts_output/codellama_with_rag_contracts/2110.sol,2110.sol,oyente+-060ca34,solidity,2025/06/04,20260213_1744,1771004918.3143454,1.304943561553955,1,{},{analysis incomplete},{Solidity compilation failed},{}
contracts_output/contracts_output/codellama_with_rag_contracts/2112.sol,2112.sol,oyente+-060ca34,solidity,2025/06/04,20260213_1744,1771004909.581046,1.2177212238311768,1,{},{analysis incomplete},{Solidity compilation failed},{}
contracts_output/contracts_output/codellama_with_rag_contracts/2119.sol,2119.sol,oyente+-060ca34,solidity,2025/06/04,20260213_1744,1771004905.1478295,53.50807332992554,0,"{Integer_Overflow,Integer_Underflow}","{coverage OrderAmount 85.3%,coverage SafeMath 98.4%}",{},{}
contracts_output/contracts_output/codellama_with_rag_contracts/213.sol,213.sol,oyente+-060ca34,solidity,2025/06/04,20260213_1744,1771004703.326796,1.9447236061096191,1,{},{analysis incomplete},{Solidity compilation failed},{}
contracts_output/contracts_output/codellama_with_rag_contracts/2141.sol,2141.sol,oyente+-060ca34,solidity,2025/06/04,20260213_1744,1771004858.9431427,1.7412669658660889,1,{},{analysis incomplete},{Solidity compilation failed},{}
contracts_output/contracts_output/codellama_with_rag_contracts/2199.sol,2199.sol,oyente+-060ca34,solidity,2025/06/04,20260213_1744,1771004879.7559893,1.7382798194885254,1,{},{analysis incomplete},{Solidity compilation failed},{}
contracts_output/contracts_output/codellama_with_rag_contracts/2205.sol,2205.sol,oyente+-060ca34,solidity,2025/06/04,20260213_1744,1771005049.2190702,1.8631062507629395,1,{},{analysis incomplete},{Solidity compilation failed},{}
contracts_output/contracts_output/codellama_with_rag_contracts/2209.sol,2209.sol,oyente+-060ca34,solidity,2025/06/04,20260213_1744,1771004990.257244,1.4765491485595703,1,{},{analysis incomplete},{Solidity compilation failed},{}
contracts_output/contracts_output/codellama_with_rag_contracts/2215.sol,2215.sol,oyente+-060ca34,solidity,2025/06/04,20260213_1744,1771004907.1260874,1.1743512153625488,1,{},{analysis incomplete},{Solidity compilation failed},{}
contracts_output/contracts_output/codellama_with_rag_contracts/2223.sol,2223.sol,oyente+-060ca34,solidity,2025/06/04,20260213_1744,1771005074.1659477,2.620608329772949,1,{},{analysis incomplete},{Solidity compilation failed},{}
contracts_output/contracts_output/codellama_with_rag_contracts/223.sol,223.sol,oyente+-060ca34,solidity,2025/06/04,20260213_1744,1771005027.8411465,50.876548528671265,0,"{Integer_Overflow,Integer_Underflow}","{coverage Card 73.5%,coverage SafeMath 98.4%}",{},{}
contracts_output/contracts_output/codellama_with_rag_contracts/2236.sol,2236.sol,oyente+-060ca34,solidity,2025/06/04,20260213_1744,1771004686.1853173,3.3863465785980225,1,{},{analysis incomplete},{Solidity compilation failed},{}
contracts_output/contracts_output/codellama_with_rag_contracts/2241.sol,2241.sol,oyente+-060ca34,solidity,2025/06/04,20260213_1744,1771004834.4446924,43.38853192329407,0,{Integer_Underflow},"{coverage MyContract 81.9%,coverage SafeMath 98.4%}",{},{}
contracts_output/contracts_output/codellama_with_rag_contracts/2268.sol,2268.sol,oyente+-060ca34,solidity,2025/06/04,20260213_1744,1771004777.1057196,1.3334829807281494,1,{},{analysis incomplete},{Solidity compilation failed},{}
contracts_output/contracts_output/codellama_with_rag_contracts/2271.sol,2271.sol,oyente+-060ca34,solidity,2025/06/04,20260213_1744,1771005084.6583,1.3995628356933594,1,{},{analysis incomplete},{Solidity compilation failed},{}
contracts_output/contracts_output/codellama_with_rag_contracts/2278.sol,2278.sol,oyente+-060ca34,solidity,2025/06/04,20260213_1744,1771004686.3266354,1.9536101818084717,1,{},{analysis incomplete},{Solidity compilation failed},{}
contracts_output/contracts_output/codellama_with_rag_contracts/2295.sol,2295.sol,oyente+-060ca34,solidity,2025/06/04,20260213_1744,1771005065.8942163,1.3611962795257568,1,{},{analysis incomplete},{Solidity compilation failed},{}
contracts_output/contracts_output/codellama_with_rag_contracts/2308.sol,2308.sol,oyente+-060ca34,solidity,2025/06/04,20260213_1744,1771004935.8855565,49.763309478759766,0,{Integer_Underflow},"{coverage IssuerFirmRegistration 73.2%,coverage SafeMath 98.4%}",{},{}
contracts_output/contracts_output/codellama_with_rag_contracts/2313.sol,2313.sol,oyente+-060ca34,solidity,2025/06/04,20260213_1744,1771004939.1360252,56.399375200271606,0,{Integer_Underflow},"{coverage MyContract 84.8%,coverage SafeMath 98.4%}",{},{}
contracts_output/contracts_output/codellama_with_rag_contracts/232.sol,232.sol,oyente+-060ca34,solidity,2025/06/04,20260213_1744,1771004861.1431599,55.659942865371704,0,"{Integer_Overflow,Integer_Underflow}","{coverage SafeMath 98.4%,coverage Token 71.3%}",{},{}
contracts_output/contracts_output/codellama_with_rag_contracts/2321.sol,2321.sol,oyente+-060ca34,solidity,2025/06/04,20260213_1744,1771004864.5546257,1.8553190231323242,1,{},{analysis incomplete},{Solidity compilation failed},{}
contracts_output/contracts_output/codellama_with_rag_contracts/2323.sol,2323.sol,oyente+-060ca34,solidity,2025/06/04,20260213_1744,1771004770.5255742,77.65467715263367,0,{Integer_Underflow},"{coverage DXF 85.5%,coverage SafeMath 98.4%}",{},{}
contracts_output/contracts_output/codellama_with_rag_contracts/2354.sol,2354.sol,oyente+-060ca34,solidity,2025/06/04,20260213_1744,1771004746.360543,1.7362871170043945,1,{},{analysis incomplete},{Solidity compilation failed},{}
contracts_output/contracts_output/codellama_with_rag_contracts/2359.sol,2359.sol,oyente+-060ca34,solidity,2025/06/04,20260213_1744,1771005053.3129268,1.5237090587615967,1,{},{analysis incomplete},{Solidity compilation failed},{}
contracts_output/contracts_output/codellama_with_rag_contracts/2373.sol,2373.sol,oyente+-060ca34,solidity,2025/06/04,20260213_1744,1771004699.6532285,2.0718657970428467,1,{},{analysis incomplete},{Solidity compilation failed},{}
contracts_output/contracts_output/codellama_with_rag_contracts/2380.sol,2380.sol,oyente+-060ca34,solidity,2025/06/04,20260213_1744,1771004740.7887123,1.8484156131744385,1,{},{analysis incomplete},{Solidity compilation failed},{}
contracts_output/contracts_output/codellama_with_rag_contracts/239.sol,239.sol,oyente+-060ca34,solidity,2025/06/04,20260213_1744,1771004969.6823728,1.2759997844696045,1,{},{analysis incomplete},{Solidity compilation failed},{}
contracts_output/contracts_output/codellama_with_rag_contracts/2394.sol,2394.sol,oyente+-060ca34,solidity,2025/06/04,20260213_1744,1771004703.7674813,2.058745861053467,1,{},{analysis incomplete},{Solidity compilation failed},{}
contracts_output/contracts_output/codellama_with_rag_contracts/2396.sol,2396.sol,oyente+-060ca34,solidity,2025/06/04,20260213_1744,1771004888.4663687,1.6565687656402588,1,{},{analysis incomplete},{Solidity compilation failed},{}
contracts_output/contracts_output/codellama_with_rag_contracts/240.sol,240.sol,oyente+-060ca34,solidity,2025/06/04,20260213_1744,1771005091.0445147,1.2672812938690186,1,{},{analysis incomplete},{Solidity compilation failed},{}
contracts_output/contracts_output/codellama_with_rag_contracts/2419.sol,2419.sol,oyente+-060ca34,solidity,2025/06/04,20260213_1744,1771004828.8104165,1.5586011409759521,1,{},{analysis incomplete},{Solidity compilation failed},{}
contracts_output/contracts_output/codellama_with_rag_contracts/242.sol,242.sol,oyente+-060ca34,solidity,2025/06/04,20260213_1744,1771005040.7925813,1.5530407428741455,1,{},{analysis incomplete},{Solidity compilation failed},{}
contracts_output/contracts_output/codellama_with_rag_contracts/2424.sol,2424.sol,oyente+-060ca34,solidity,2025/06/04,20260213_1744,1771004769.3142006,75.47989344596863,0,{Integer_Underflow},"{coverage DApp 75.2%,coverage SafeMath 98.4%}",{},{}
contracts_output/contracts_output/codellama_with_rag_contracts/243.sol,243.sol,oyente+-060ca34,solidity,2025/06/04,20260213_1744,1771005012.3052163,1.336045265197754,1,{},{analysis incomplete},{Solidity compilation failed},{}
contracts_output/contracts_output/codellama_with_rag_contracts/2431.sol,2431.sol,oyente+-060ca34,solidity,2025/06/04,20260213_1744,1771004832.5068922,1.9367551803588867,1,{},{analysis incomplete},{Solidity compilation failed},{}
contracts_output/contracts_output/codellama_with_rag_contracts/2433.sol,2433.sol,oyente+-060ca34,solidity,2025/06/04,20260213_1744,1771004985.7826722,1.6649765968322754,1,{},{analysis incomplete},{Solidity compilation failed},{}
contracts_output/contracts_output/codellama_with_rag_contracts/2436.sol,2436.sol,oyente+-060ca34,solidity,2025/06/04,20260213_1744,1771004798.8382928,1.4618463516235352,1,{},{analysis incomplete},{Solidity compilation failed},{}
contracts_output/contracts_output/codellama_with_rag_contracts/2439.sol,2439.sol,oyente+-060ca34,solidity,2025/06/04,20260213_1744,1771004862.442001,1.5266425609588623,1,{},{analysis incomplete},{Solidity compilation failed},{}
contracts_output/contracts_output/codellama_with_rag_contracts/2463.sol,2463.sol,oyente+-060ca34,solidity,2025/06/04,20260213_1744,1771004842.75793,1.4119210243225098,1,{},{analysis incomplete},{Solidity compilation failed},{}
contracts_output/contracts_output/codellama_with_rag_contracts/2468.sol,2468.sol,oyente+-060ca34,solidity,2025/06/04,20260213_1744,1771004808.2701473,2.072633743286133,1,{},{analysis incomplete},{Solidity compilation failed},{}
contracts_output/contracts_output/codellama_with_rag_contracts/2473.sol,2473.sol,oyente+-060ca34,solidity,2025/06/04,20260213_1744,1771004732.8635087,1.2736291885375977,1,{},{analysis incomplete},{Solidity compilation failed},{}
contracts_output/contracts_output/codellama_with_rag_contracts/2476.sol,2476.sol,oyente+-060ca34,solidity,2025/06/04,20260213_1744,1771004739.9315014,1.5384609699249268,1,{},{analysis incomplete},{Solidity compilation failed},{}
contracts_output/contracts_output/codellama_with_rag_contracts/2481.sol,2481.sol,oyente+-060ca34,solidity,2025/06/04,20260213_1744,1771004761.4748876,1.2169101238250732,1,{},{analysis incomplete},{Solidity compilation failed},{}
contracts_output/contracts_output/codellama_with_rag_contracts/2485.sol,2485.sol,oyente+-060ca34,solidity,2025/06/04,20260213_1744,1771005087.5033212,45.435336112976074,0,{Integer_Underflow},"{coverage EmergencyWithdraw 76.1%,coverage SafeMath 98.4%}",{},{}
contracts_output/contracts_output/codellama_with_rag_contracts/2491.sol,2491.sol,oyente+-060ca34,solidity,2025/06/04,20260213_1744,1771004893.8769119,72.7717354297638,0,{Integer_Underflow},"{coverage SafeMath 98.4%,coverage Token 82.2%}",{},{}
contracts_output/contracts_output/codellama_with_rag_contracts/250.sol,250.sol,oyente+-060ca34,solidity,2025/06/04,20260213_1744,1771005000.2493935,2.007117748260498,1,{},{analysis incomplete},{Solidity compilation failed},{}
contracts_output/contracts_output/codellama_with_rag_contracts/2515.sol,2515.sol,oyente+-060ca34,solidity,2025/06/04,20260213_1744,1771004998.263006,59.832738399505615,0,"{Integer_Overflow,Integer_Underflow}","{coverage AdminDetails 54.3%,coverage SafeMath 98.4%}",{},{}
contracts_output/contracts_output/codellama_with_rag_contracts/2521.sol,2521.sol,oyente+-060ca34,solidity,2025/06/04,20260213_1744,1771005072.7477846,1.4719104766845703,1,{},{analysis incomplete},{Solidity compilation failed},{}
contracts_output/contracts_output/codellama_with_rag_contracts/2524.sol,2524.sol,oyente+-060ca34,solidity,2025/06/04,20260213_1744,1771004703.6075954,1.926865577697754,1,{},{analysis incomplete},{Solidity compilation failed},{}
contracts_output/contracts_output/codellama_with_rag_contracts/2532.sol,2532.sol,oyente+-060ca34,solidity,2025/06/04,20260213_1744,1771004761.215954,1.3604142665863037,1,{},{analysis incomplete},{Solidity compilation failed},{}
contracts_output/contracts_output/codellama_with_rag_contracts/2533.sol,2533.sol,oyente+-060ca34,solidity,2025/06/04,20260213_1744,1771004983.6841266,2.0117359161376953,1,{},{analysis incomplete},{Solidity compilation failed},{}
contracts_output/contracts_output/codellama_with_rag_contracts/2566.sol,2566.sol,oyente+-060ca34,solidity,2025/06/04,20260213_1744,1771004785.2582066,1.7884094715118408,1,{},{analysis incomplete},{Solidity compilation failed},{}
contracts_output/contracts_output/codellama_with_rag_contracts/2581.sol,2581.sol,oyente+-060ca34,solidity,2025/06/04,20260213_1744,1771004699.2378414,52.16253709793091,0,"{Integer_Overflow,Integer_Underflow}","{coverage SafeMath 98.4%,coverage TakePermitWrapper 74.2%}",{},{}
contracts_output/contracts_output/codellama_with_rag_contracts/2600.sol,2600.sol,oyente+-060ca34,solidity,2025/06/04,20260213_1744,1771004760.8369448,49.45728659629822,0,{Integer_Underflow},"{coverage ConversionRate 83.5%,coverage SafeMath 98.4%}",{},{}
contracts_output/contracts_output/codellama_with_rag_contracts/2602.sol,2602.sol,oyente+-060ca34,solidity,2025/06/04,20260213_1744,1771004822.3034236,1.8787693977355957,0,{},"{coverage OwnerOnly 98.3%,coverage SafeMath 98.4%}",{},{}
contracts_output/contracts_output/codellama_with_rag_contracts/2614.sol,2614.sol,oyente+-060ca34,solidity,2025/06/04,20260213_1744,1771004715.8601289,1.6882719993591309,1,{},{analysis incomplete},{Solidity compilation failed},{}
contracts_output/contracts_output/codellama_with_rag_contracts/2617.sol,2617.sol,oyente+-060ca34,solidity,2025/06/04,20260213_1744,1771004827.833814,1.3417026996612549,1,{},{analysis incomplete},{Solidity compilation failed},{}
contracts_output/contracts_output/codellama_with_rag_contracts/2621.sol,2621.sol,oyente+-060ca34,solidity,2025/06/04,20260213_1744,1771005080.6285322,42.11143445968628,0,"{Integer_Overflow,Integer_Underflow}","{coverage Registration 79.1%,coverage SafeMath 98.4%}",{},{}
contracts_output/contracts_output/codellama_with_rag_contracts/2632.sol,2632.sol,oyente+-060ca34,solidity,2025/06/04,20260213_1744,1771004744.9708214,49.177783250808716,0,{Integer_Underflow},"{coverage Campaign 80.9%,coverage SafeMath 98.4%}",{},{}
contracts_output/contracts_output/codellama_with_rag_contracts/2639.sol,2639.sol,oyente+-060ca34,solidity,2025/06/04,20260213_1744,1771004985.934246,1.8101415634155273,1,{},{analysis incomplete},{Solidity compilation failed},{}
contracts_output/contracts_output/codellama_with_rag_contracts/267.sol,267.sol,oyente+-060ca34,solidity,2025/06/04,20260213_1744,1771005076.7671094,1.6347506046295166,1,{},{analysis incomplete},{Solidity compilation failed},{}
contracts_output/contracts_output/codellama_with_rag_contracts/2680.sol,2680.sol,oyente+-060ca34,solidity,2025/06/04,20260213_1744,1771004951.2089841,1.554105281829834,1,{},{analysis incomplete},{Solidity compilation failed},{}
contracts_output/contracts_output/codellama_with_rag_contracts/2712.sol,2712.sol,oyente+-060ca34,solidity,2025/06/04,20260213_1744,1771004686.3031933,1.363330602645874,1,{},{analysis incomplete},{Solidity compilation failed},{}
contracts_output/contracts_output/codellama_with_rag_contracts/2733.sol,2733.sol,oyente+-060ca34,solidity,2025/06/04,20260213_1744,1771005026.6350956,1.2048149108886719,1,{},{analysis incomplete},{Solidity compilation failed},{}
contracts_output/contracts_output/codellama_with_rag_contracts/2749.sol,2749.sol,oyente+-060ca34,solidity,2025/06/04,20260213_1744,1771004728.2294145,1.424774408340454,1,{},{analysis incomplete},{Solidity compilation failed},{}
contracts_output/contracts_output/codellama_with_rag_contracts/2752.sol,2752.sol,oyente+-060ca34,solidity,2025/06/04,20260213_1744,1771005004.205216,31.53636598587036,0,{Integer_Underflow},"{coverage Lockout 82.0%,coverage SafeMath 98.4%}",{},{}
contracts_output/contracts_output/codellama_with_rag_contracts/277.sol,277.sol,oyente+-060ca34,solidity,2025/06/04,20260213_1744,1771004892.0186098,1.578540563583374,1,{},{analysis incomplete},{Solidity compilation failed},{}
contracts_output/contracts_output/codellama_with_rag_contracts/2777.sol,2777.sol,oyente+-060ca34,solidity,2025/06/04,20260213_1744,1771004985.6989105,1.8516960144042969,1,{},{analysis incomplete},{Solidity compilation failed},{}
contracts_output/contracts_output/codellama_with_rag_contracts/281.sol,281.sol,oyente+-060ca34,solidity,2025/06/04,20260213_1744,1771005071.6824853,1.1516680717468262,1,{},{analysis incomplete},{Solidity compilation failed},{}
contracts_output/contracts_output/codellama_with_rag_contracts/2847.sol,2847.sol,oyente+-060ca34,solidity,2025/06/04,20260213_1744,1771004886.9063044,2.5573155879974365,1,{},{analysis incomplete},{Solidity compilation failed},{}
contracts_output/contracts_output/codellama_with_rag_contracts/2851.sol,2851.sol,oyente+-060ca34,solidity,2025/06/04,20260213_1744,1771004987.4487529,79.79794144630432,0,{Integer_Underflow},"{coverage PresaleLimits 84.5%,coverage SafeMath 98.4%}",{},{}
contracts_output/contracts_output/codellama_with_rag_contracts/2869.sol,2869.sol,oyente+-060ca34,solidity,2025/06/04,20260213_1744,1771004707.9844384,1.7635600566864014,1,{},{analysis incomplete},{Solidity compilation failed},{}
contracts_output/contracts_output/codellama_with_rag_contracts/2892.sol,2892.sol,oyente+-060ca34,solidity,2025/06/04,20260213_1744,1771004754.2834635,55.27029275894165,0,"{Integer_Overflow,Integer_Underflow}","{coverage Offer 39.8%,coverage SafeMath 98.4%}",{},{}
contracts_output/contracts_output/codellama_with_rag_contracts/2907.sol,2907.sol,oyente+-060ca34,solidity,2025/06/04,20260213_1744,1771004686.283118,1.6314609050750732,1,{},{analysis incomplete},{Solidity compilation failed},{}
contracts_output/contracts_output/codellama_with_rag_contracts/2948.sol,2948.sol,oyente+-060ca34,solidity,2025/06/04,20260213_1744,1771004898.7992575,65.74625825881958,0,{Integer_Underflow},"{coverage MasterpieceAuction 68.9%,coverage SafeMath 98.4%}",{},{}
contracts_output/contracts_output/codellama_with_rag_contracts/2971.sol,2971.sol,oyente+-060ca34,solidity,2025/06/04,20260213_1744,1771004819.1710656,1.4167811870574951,1,{},{analysis incomplete},{Solidity compilation failed},{}
contracts_output/contracts_output/codellama_with_rag_contracts/2976.sol,2976.sol,oyente+-060ca34,solidity,2025/06/04,20260213_1744,1771004801.4602435,1.6908748149871826,1,{},{analysis incomplete},{Solidity compilation failed},{}
contracts_output/contracts_output/codellama_with_rag_contracts/2989.sol,2989.sol,oyente+-060ca34,solidity,2025/06/04,20260213_1744,1771004741.6860871,1.5647978782653809,1,{},{analysis incomplete},{Solidity compilation failed},{}
contracts_output/contracts_output/codellama_with_rag_contracts/30.sol,30.sol,oyente+-060ca34,solidity,2025/06/04,20260213_1744,1771004983.5320008,49.593754529953,0,{Integer_Underflow},"{coverage Members 78.9%,coverage SafeMath 98.4%}",{},{}
contracts_output/contracts_output/codellama_with_rag_contracts/3024.sol,3024.sol,oyente+-060ca34,solidity,2025/06/04,20260213_1744,1771004704.4164882,2.0101308822631836,1,{},{analysis incomplete},{Solidity compilation failed},{}
contracts_output/contracts_output/codellama_with_rag_contracts/3040.sol,3040.sol,oyente+-060ca34,solidity,2025/06/04,20260213_1744,1771004806.8108294,2.587855815887451,1,{},{analysis incomplete},{Solidity compilation failed},{}
contracts_output/contracts_output/codellama_with_rag_contracts/306.sol,306.sol,oyente+-060ca34,solidity,2025/06/04,20260213_1744,1771004798.5665476,1.4377341270446777,1,{},{analysis incomplete},{Solidity compilation failed},{}
contracts_output/contracts_output/codellama_with_rag_contracts/3060.sol,3060.sol,oyente+-060ca34,solidity,2025/06/04,20260213_1744,1771004989.6671593,1.6944985389709473,1,{},{analysis incomplete},{Solidity compilation failed},{}
contracts_output/contracts_output/codellama_with_rag_contracts/3064.sol,3064.sol,oyente+-060ca34,solidity,2025/06/04,20260213_1744,1771005026.8342044,1.1744215488433838,1,{},{analysis incomplete},{Solidity compilation failed},{}
contracts_output/contracts_output/codellama_with_rag_contracts/3096.sol,3096.sol,oyente+-060ca34,solidity,2025/06/04,20260213_1744,1771004695.0436544,2.167715311050415,1,{},{analysis incomplete},{Solidity compilation failed},{}
contracts_output/contracts_output/codellama_with_rag_contracts/3103.sol,3103.sol,oyente+-060ca34,solidity,2025/06/04,20260213_1744,1771004928.1930254,1.5536363124847412,1,{},{analysis incomplete},{Solidity compilation failed},{}
contracts_output/contracts_output/codellama_with_rag_contracts/312.sol,312.sol,oyente+-060ca34,solidity,2025/06/04,20260213_1744,1771004898.5411768,1.4334545135498047,1,{},{analysis incomplete},{Solidity compilation failed},{}
contracts_output/contracts_output/codellama_with_rag_contracts/3142.sol,3142.sol,oyente+-060ca34,solidity,2025/06/04,20260213_1744,1771004749.072072,1.356370449066162,1,{},{analysis incomplete},{Solidity compilation failed},{}
contracts_output/contracts_output/codellama_with_rag_contracts/3148.sol,3148.sol,oyente+-060ca34,solidity,2025/06/04,20260213_1744,1771004790.026757,1.6428773403167725,1,{},{analysis incomplete},{Solidity compilation failed},{}
contracts_output/contracts_output/codellama_with_rag_contracts/316.sol,316.sol,oyente+-060ca34,solidity,2025/06/04,20260213_1744,1771004797.589938,54.13663363456726,0,"{Integer_Overflow,Integer_Underflow}","{coverage SafeMath 98.4%,coverage Token 69.0%}",{},{}
contracts_output/contracts_output/codellama_with_rag_contracts/3161.sol,3161.sol,oyente+-060ca34,solidity,2025/06/04,20260213_1744,1771005005.9062498,78.60045194625854,0,{Integer_Underflow},"{coverage Auction 80.2%,coverage SafeMath 98.4%}",{},{}
contracts_output/contracts_output/codellama_with_rag_contracts/3163.sol,3163.sol,oyente+-060ca34,solidity,2025/06/04,20260213_1744,1771004744.2558002,3.6773061752319336,1,{},{analysis incomplete},{Solidity compilation failed},{}
contracts_output/contracts_output/codellama_with_rag_contracts/3170.sol,3170.sol,oyente+-060ca34,solidity,2025/06/04,20260213_1744,1771004871.8225574,1.5813953876495361,1,{},{analysis incomplete},{Solidity compilation failed},{}
contracts_output/contracts_output/codellama_with_rag_contracts/3181.sol,3181.sol,oyente+-060ca34,solidity,2025/06/04,20260213_1744,1771004940.8342755,55.679718255996704,0,{Integer_Underflow},"{coverage MyContract 82.4%,coverage SafeMath 98.4%}",{},{}
contracts_output/contracts_output/codellama_with_rag_contracts/3185.sol,3185.sol,oyente+-060ca34,solidity,2025/06/04,20260213_1744,1771004864.5889847,2.155501365661621,0,"{Integer_Overflow,Integer_Underflow}","{coverage ContractChecker 89.4%,coverage SafeMath 98.4%}",{},{}
contracts_output/contracts_output/codellama_with_rag_contracts/3195.sol,3195.sol,oyente+-060ca34,solidity,2025/06/04,20260213_1744,1771004915.7946072,59.51985502243042,0,"{Integer_Overflow,Integer_Underflow}","{coverage Darknode 87.1%,coverage SafeMath 98.4%}",{},{}
contracts_output/contracts_output/codellama_with_rag_contracts/32.sol,32.sol,oyente+-060ca34,solidity,2025/06/04,20260213_1744,1771004988.7121572,1.543550729751587,1,{},{analysis incomplete},{Solidity compilation failed},{}
contracts_output/contracts_output/codellama_with_rag_contracts/3202.sol,3202.sol,oyente+-060ca34,solidity,2025/06/04,20260213_1744,1771005013.368637,1.6222398281097412,1,{},{analysis incomplete},{Solidity compilation failed},{}
contracts_output/contracts_output/codellama_with_rag_contracts/3204.sol,3204.sol,oyente+-060ca34,solidity,2025/06/04,20260213_1744,1771005102.3421693,1.628307819366455,1,{},{analysis incomplete},{Solidity compilation failed},{}
contracts_output/contracts_output/codellama_with_rag_contracts/321.sol,321.sol,oyente+-060ca34,solidity,2025/06/04,20260213_1744,1771004753.0142944,1.030686616897583,1,{},{analysis incomplete},{Solidity compilation failed},{}
contracts_output/contracts_output/codellama_with_rag_contracts/3235.sol,3235.sol,oyente+-060ca34,solidity,2025/06/04,20260213_1744,1771004967.9589856,2.1051998138427734,1,{},{analysis incomplete},{Solidity compilation failed},{}
contracts_output/contracts_output/codellama_with_rag_contracts/3265.sol,3265.sol,oyente+-060ca34,solidity,2025/06/04,20260213_1744,1771004830.3706682,1.4133620262145996,1,{},{analysis incomplete},{Solidity compilation failed},{}
contracts_output/contracts_output/codellama_with_rag_contracts/3277.sol,3277.sol,oyente+-060ca34,solidity,2025/06/04,20260213_1744,1771004917.7414482,81.78298616409302,0,{Integer_Underflow},"{coverage MyContract 64.3%,coverage SafeMath 98.4%}",{},{}
contracts_output/contracts_output/codellama_with_rag_contracts/3285.sol,3285.sol,oyente+-060ca34,solidity,2025/06/04,20260213_1744,1771004974.6499517,1.2435269355773926,1,{},{analysis incomplete},{Solidity compilation failed},{}
contracts_output/contracts_output/codellama_with_rag_contracts/3288.sol,3288.sol,oyente+-060ca34,solidity,2025/06/04,20260213_1744,1771004894.0337827,3.4315948486328125,0,{},"{coverage SafeMath 98.4%,coverage TokenDistributor 62.9%}",{},{}
contracts_output/contracts_output/codellama_with_rag_contracts/3297.sol,3297.sol,oyente+-060ca34,solidity,2025/06/04,20260213_1744,1771004802.2731476,39.40142846107483,0,{Integer_Underflow},"{coverage SafeMath 98.4%,coverage Staking 76.3%}",{},{}
contracts_output/contracts_output/codellama_with_rag_contracts/3314.sol,3314.sol,oyente+-060ca34,solidity,2025/06/04,20260213_1744,1771005062.0347111,1.3095436096191406,1,{},{analysis incomplete},{Solidity compilation failed},{}
contracts_output/contracts_output/codellama_with_rag_contracts/3318.sol,3318.sol,oyente+-060ca34,solidity,2025/06/04,20260213_1744,1771005071.3553581,1.1521930694580078,1,{},{analysis incomplete},{Solidity compilation failed},{}
contracts_output/contracts_output/codellama_with_rag_contracts/3322.sol,3322.sol,oyente+-060ca34,solidity,2025/06/04,20260213_1744,1771004928.9304373,1.4154374599456787,1,{},{analysis incomplete},{Solidity compilation failed},{}
contracts_output/contracts_output/codellama_with_rag_contracts/3332.sol,3332.sol,oyente+-060ca34,solidity,2025/06/04,20260213_1744,1771004825.6127963,2.0098259449005127,1,{},{analysis incomplete},{Solidity compilation failed},{}
contracts_output/contracts_output/codellama_with_rag_contracts/3338.sol,3338.sol,oyente+-060ca34,solidity,2025/06/04,20260213_1744,1771004832.1888304,2.3682661056518555,1,{},{analysis incomplete},{Solidity compilation failed},{}
contracts_output/contracts_output/codellama_with_rag_contracts/3343.sol,3343.sol,oyente+-060ca34,solidity,2025/06/04,20260213_1744,1771004699.8481045,2.012672185897827,1,{},{analysis incomplete},{Solidity compilation failed},{}
contracts_output/contracts_output/codellama_with_rag_contracts/3368.sol,3368.sol,oyente+-060ca34,solidity,2025/06/04,20260213_1744,1771004999.8129008,1.4502437114715576,1,{},{analysis incomplete},{Solidity compilation failed},{}
contracts_output/contracts_output/codellama_with_rag_contracts/3377.sol,3377.sol,oyente+-060ca34,solidity,2025/06/04,20260213_1744,1771004806.4610183,49.33303475379944,0,{Integer_Underflow},"{coverage SafeMath 98.4%,coverage Token 79.3%}",{},{}
contracts_output/contracts_output/codellama_with_rag_contracts/3380.sol,3380.sol,oyente+-060ca34,solidity,2025/06/04,20260213_1744,1771004969.6878755,54.24670624732971,0,{Integer_Underflow},"{coverage SafeMath 98.4%,coverage ValidatorCounter 76.7%}",{},{}
contracts_output/contracts_output/codellama_with_rag_contracts/339.sol,339.sol,oyente+-060ca34,solidity,2025/06/04,20260213_1744,1771004861.3277156,53.961514472961426,0,"{Integer_Overflow,Integer_Underflow}","{coverage Card 76.9%,coverage SafeMath 98.4%}",{},{}
contracts_output/contracts_output/codellama_with_rag_contracts/3416.sol,3416.sol,oyente+-060ca34,solidity,2025/06/04,20260213_1744,1771004708.6906056,59.37636756896973,0,"{Integer_Overflow,Integer_Underflow}","{coverage Property 80.1%,coverage SafeMath 98.4%}",{},{}
contracts_output/contracts_output/codellama_with_rag_contracts/3424.sol,3424.sol,oyente+-060ca34,solidity,2025/06/04,20260213_1744,1771004686.2554183,46.611700773239136,0,"{Integer_Overflow,Integer_Underflow}","{coverage Collection 78.7%,coverage SafeMath 98.4%}",{},{}
contracts_output/contracts_output/codellama_with_rag_contracts/3433.sol,3433.sol,oyente+-060ca34,solidity,2025/06/04,20260213_1744,1771005053.547108,68.80940985679626,0,"{Integer_Overflow,Integer_Underflow}","{coverage NeuroChainAddressSetter 37.1%,coverage SafeMath 98.4%}",{},{}
contracts_output/contracts_output/codellama_with_rag_contracts/3447.sol,3447.sol,oyente+-060ca34,solidity,2025/06/04,20260213_1744,1771004979.8096569,1.2139458656311035,1,{},{analysis incomplete},{Solidity compilation failed},{}
contracts_output/contracts_output/codellama_with_rag_contracts/3452.sol,3452.sol,oyente+-060ca34,solidity,2025/06/04,20260213_1744,1771004875.9532635,1.9941654205322266,1,{},{analysis incomplete},{Solidity compilation failed},{}
contracts_output/contracts_output/codellama_with_rag_contracts/3458.sol,3458.sol,oyente+-060ca34,solidity,2025/06/04,20260213_1744,1771004964.8836298,1.608804702758789,1,{},{analysis incomplete},{Solidity compilation failed},{}
contracts_output/contracts_output/codellama_with_rag_contracts/3464.sol,3464.sol,oyente+-060ca34,solidity,2025/06/04,20260213_1744,1771004994.0532024,1.9325668811798096,1,{},{analysis incomplete},{Solidity compilation failed},{}
contracts_output/contracts_output/codellama_with_rag_contracts/3476.sol,3476.sol,oyente+-060ca34,solidity,2025/06/04,20260213_1744,1771004884.1960614,1.5676836967468262,1,{},{analysis incomplete},{Solidity compilation failed},{}
contracts_output/contracts_output/codellama_with_rag_contracts/3477.sol,3477.sol,oyente+-060ca34,solidity,2025/06/04,20260213_1744,1771004863.9547043,52.683894634246826,0,"{Integer_Overflow,Integer_Underflow}","{coverage LoanMetadata 40.9%,coverage SafeMath 98.4%}",{},{}
contracts_output/contracts_output/codellama_with_rag_contracts/3500.sol,3500.sol,oyente+-060ca34,solidity,2025/06/04,20260213_1744,1771004741.5552723,1.2874200344085693,1,{},{analysis incomplete},{Solidity compilation failed},{}
contracts_output/contracts_output/codellama_with_rag_contracts/3520.sol,3520.sol,oyente+-060ca34,solidity,2025/06/04,20260213_1744,1771004700.924675,80.28228402137756,0,"{Integer_Overflow,Integer_Underflow}","{coverage Arbitration 40.3%,coverage SafeMath 98.4%}",{},{}
contracts_output/contracts_output/codellama_with_rag_contracts/3570.sol,3570.sol,oyente+-060ca34,solidity,2025/06/04,20260213_1744,1771004853.0940032,1.7070131301879883,1,{},{analysis incomplete},{Solidity compilation failed},{}
contracts_output/contracts_output/codellama_with_rag_contracts/3576.sol,3576.sol,oyente+-060ca34,solidity,2025/06/04,20260213_1744,1771004915.3249655,0.9758093357086182,1,{},{analysis incomplete},{Solidity compilation failed},{}
contracts_output/contracts_output/codellama_with_rag_contracts/3580.sol,3580.sol,oyente+-060ca34,solidity,2025/06/04,20260213_1744,1771004799.5819776,1.3318867683410645,1,{},{analysis incomplete},{Solidity compilation failed},{}
contracts_output/contracts_output/codellama_with_rag_contracts/36.sol,36.sol,oyente+-060ca34,solidity,2025/06/04,20260213_1744,1771004697.213183,1.9246985912322998,1,{},{analysis incomplete},{Solidity compilation failed},{}
contracts_output/contracts_output/codellama_with_rag_contracts/3604.sol,3604.sol,oyente+-060ca34,solidity,2025/06/04,20260213_1744,1771004851.625096,1.7922229766845703,1,{},{analysis incomplete},{Solidity compilation failed},{}
contracts_output/contracts_output/codellama_with_rag_contracts/3619.sol,3619.sol,oyente+-060ca34,solidity,2025/06/04,20260213_1744,1771004835.2843318,1.2578825950622559,1,{},{analysis incomplete},{Solidity compilation failed},{}
contracts_output/contracts_output/codellama_with_rag_contracts/3633.sol,3633.sol,oyente+-060ca34,solidity,2025/06/04,20260213_1744,1771005040.615711,62.429224491119385,0,"{Integer_Overflow,Integer_Underflow}","{coverage SafeMath 98.4%,coverage Token 74.8%}",{},{}
contracts_output/contracts_output/codellama_with_rag_contracts/3644.sol,3644.sol,oyente+-060ca34,solidity,2025/06/04,20260213_1744,1771004721.9640374,0.8551046848297119,1,{},{analysis incomplete},{Solidity compilation failed},{}
contracts_output/contracts_output/codellama_with_rag_contracts/3650.sol,3650.sol,oyente+-060ca34,solidity,2025/06/04,20260213_1744,1771004930.3473303,2.0278031826019287,1,{},{analysis incomplete},{Solidity compilation failed},{}
contracts_output/contracts_output/codellama_with_rag_contracts/3662.sol,3662.sol,oyente+-060ca34,solidity,2025/06/04,20260213_1744,1771004992.6568885,1.5369694232940674,1,{},{analysis incomplete},{Solidity compilation failed},{}
contracts_output/contracts_output/codellama_with_rag_contracts/3698.sol,3698.sol,oyente+-060ca34,solidity,2025/06/04,20260213_1744,1771005048.40622,1.3396484851837158,1,{},{analysis incomplete},{Solidity compilation failed},{}
contracts_output/contracts_output/codellama_with_rag_contracts/3704.sol,3704.sol,oyente+-060ca34,solidity,2025/06/04,20260213_1744,1771004747.9344833,1.2155482769012451,1,{},{analysis incomplete},{Solidity compilation failed},{}
contracts_output/contracts_output/codellama_with_rag_contracts/3719.sol,3719.sol,oyente+-060ca34,solidity,2025/06/04,20260213_1744,1771004797.2145,1.8600809574127197,1,{},{analysis incomplete},{Solidity compilation failed},{}
contracts_output/contracts_output/codellama_with_rag_contracts/3727.sol,3727.sol,oyente+-060ca34,solidity,2025/06/04,20260213_1744,1771005052.3144813,1.2311296463012695,1,{},{analysis incomplete},{Solidity compilation failed},{}
contracts_output/contracts_output/codellama_with_rag_contracts/3728.sol,3728.sol,oyente+-060ca34,solidity,2025/06/04,20260213_1744,1771004894.1837664,2.0767619609832764,1,{},{analysis incomplete},{Solidity compilation failed},{}
contracts_output/contracts_output/codellama_with_rag_contracts/3748.sol,3748.sol,oyente+-060ca34,solidity,2025/06/04,20260213_1744,1771005088.8234222,34.31342840194702,0,"{Integer_Overflow,Integer_Underflow}","{coverage DoubleLinkedList 60.2%,coverage SafeMath 98.4%}",{},{}
contracts_output/contracts_output/codellama_with_rag_contracts/3756.sol,3756.sol,oyente+-060ca34,solidity,2025/06/04,20260213_1744,1771004859.6482735,1.5820157527923584,1,{},{analysis incomplete},{Solidity compilation failed},{}
contracts_output/contracts_output/codellama_with_rag_contracts/3776.sol,3776.sol,oyente+-060ca34,solidity,2025/06/04,20260213_1744,1771004781.3164058,1.124326229095459,1,{},{analysis incomplete},{Solidity compilation failed},{}
contracts_output/contracts_output/codellama_with_rag_contracts/3785.sol,3785.sol,oyente+-060ca34,solidity,2025/06/04,20260213_1744,1771005058.9516344,1.281564474105835,1,{},{analysis incomplete},{Solidity compilation failed},{}
contracts_output/contracts_output/codellama_with_rag_contracts/3793.sol,3793.sol,oyente+-060ca34,solidity,2025/06/04,20260213_1744,1771004698.8295147,1.8271996974945068,1,{},{analysis incomplete},{Solidity compilation failed},{}
contracts_output/contracts_output/codellama_with_rag_contracts/381.sol,381.sol,oyente+-060ca34,solidity,2025/06/04,20260213_1744,1771004758.365599,1.202305555343628,1,{},{analysis incomplete},{Solidity compilation failed},{}
contracts_output/contracts_output/codellama_with_rag_contracts/382.sol,382.sol,oyente+-060ca34,solidity,2025/06/04,20260213_1744,1771004861.1624517,53.39712047576904,0,"{Integer_Overflow,Integer_Underflow}","{coverage BlockRental 76.4%,coverage SafeMath 98.4%}",{},{}
contracts_output/contracts_output/codellama_with_rag_contracts/3857.sol,3857.sol,oyente+-060ca34,solidity,2025/06/04,20260213_1744,1771005006.0230145,88.38211846351624,0,{Integer_Underflow},"{coverage Campaign 68.6%,coverage SafeMath 98.4%}",{},{}
contracts_output/contracts_output/codellama_with_rag_contracts/3863.sol,3863.sol,oyente+-060ca34,solidity,2025/06/04,20260213_1744,1771004800.9152806,1.8561813831329346,1,{},{analysis incomplete},{Solidity compilation failed},{}
contracts_output/contracts_output/codellama_with_rag_contracts/3881.sol,3881.sol,oyente+-060ca34,solidity,2025/06/04,20260213_1744,1771004712.9882178,52.624614000320435,0,"{Integer_Overflow,Integer_Underflow}","{coverage Recovery 84.8%,coverage SafeMath 98.4%}",{},{}
contracts_output/contracts_output/codellama_with_rag_contracts/3890.sol,3890.sol,oyente+-060ca34,solidity,2025/06/04,20260213_1744,1771004785.0186636,2.0621304512023926,1,{},{analysis incomplete},{Solidity compilation failed},{}
contracts_output/contracts_output/codellama_with_rag_contracts/3893.sol,3893.sol,oyente+-060ca34,solidity,2025/06/04,20260213_1744,1771004871.4973743,59.49563193321228,0,{Integer_Underflow},"{coverage MyContract 84.0%,coverage SafeMath 98.4%}",{},{}
contracts_output/contracts_output/codellama_with_rag_contracts/3896.sol,3896.sol,oyente+-060ca34,solidity,2025/06/04,20260213_1744,1771004953.8202815,1.0563793182373047,1,{},{analysis incomplete},{Solidity compilation failed},{}
contracts_output/contracts_output/codellama_with_rag_contracts/39.sol,39.sol,oyente+-060ca34,solidity,2025/06/04,20260213_1744,1771004953.6342924,1.279301643371582,1,{},{analysis incomplete},{Solidity compilation failed},{}
contracts_output/contracts_output/codellama_with_rag_contracts/3939.sol,3939.sol,oyente+-060ca34,solidity,2025/06/04,20260213_1744,1771004704.8168368,1.6989130973815918,1,{},{analysis incomplete},{Solidity compilation failed},{}
contracts_output/contracts_output/codellama_with_rag_contracts/3988.sol,3988.sol,oyente+-060ca34,solidity,2025/06/04,20260213_1744,1771005093.1833448,1.5266437530517578,1,{},{analysis incomplete},{Solidity compilation failed},{}
contracts_output/contracts_output/codellama_with_rag_contracts/3990.sol,3990.sol,oyente+-060ca34,solidity,2025/06/04,20260213_1744,1771005086.2314246,1.0624430179595947,1,{},{analysis incomplete},{Solidity compilation failed},{}
contracts_output/contracts_output/codellama_with_rag_contracts/4001.sol,4001.sol,oyente+-060ca34,solidity,2025/06/04,20260213_1744,1771004906.8744156,1.4003612995147705,1,{},{analysis incomplete},{Solidity compilation failed},{}
contracts_output/contracts_output/codellama_with_rag_contracts/4005.sol,4005.sol,oyente+-060ca34,solidity,2025/06/04,20260213_1744,1771004804.9922235,33.919052839279175,0,{Integer_Underflow},"{coverage SafeMath 98.4%,coverage TokenSale 63.4%}",{},{}
contracts_output/contracts_output/codellama_with_rag_contracts/402.sol,402.sol,oyente+-060ca34,solidity,2025/06/04,20260213_1744,1771004744.9950397,1.3638854026794434,1,{},{analysis incomplete},{Solidity compilation failed},{}
contracts_output/contracts_output/codellama_with_rag_contracts/4025.sol,4025.sol,oyente+-060ca34,solidity,2025/06/04,20260213_1744,1771004949.5137136,1.4476432800292969,1,{},{analysis incomplete},{Solidity compilation failed},{}
contracts_output/contracts_output/codellama_with_rag_contracts/4047.sol,4047.sol,oyente+-060ca34,solidity,2025/06/04,20260213_1744,1771004740.2701771,37.10513687133789,0,"{Integer_Overflow,Integer_Underflow}","{coverage OrderChecker 74.9%,coverage SafeMath 98.4%}",{},{}
contracts_output/contracts_output/codellama_with_rag_contracts/4051.sol,4051.sol,oyente+-060ca34,solidity,2025/06/04,20260213_1744,1771004996.13288,52.216986894607544,0,"{Integer_Overflow,Integer_Underflow}","{coverage AuthorizedOperators 77.1%,coverage SafeMath 98.4%}",{},{}
contracts_output/contracts_output/codellama_with_rag_contracts/4079.sol,4079.sol,oyente+-060ca34,solidity,2025/06/04,20260213_1744,1771004725.2583382,1.6827971935272217,1,{},{analysis incomplete},{Solidity compilation failed},{}
contracts_output/contracts_output/codellama_with_rag_contracts/4083.sol,4083.sol,oyente+-060ca34,solidity,2025/06/04,20260213_1744,1771004827.6238809,1.2125277519226074,1,{},{analysis incomplete},{Solidity compilation failed},{}
contracts_output/contracts_output/codellama_with_rag_contracts/4086.sol,4086.sol,oyente+-060ca34,solidity,2025/06/04,20260213_1744,1771004895.1208806,54.62597990036011,0,"{Integer_Overflow,Integer_Underflow}","{coverage AuthorizedOperators 77.1%,coverage SafeMath 98.4%}",{},{}
contracts_output/contracts_output/codellama_with_rag_contracts/4148.sol,4148.sol,oyente+-060ca34,solidity,2025/06/04,20260213_1744,1771004686.2903056,1.403329610824585,1,{},{analysis incomplete},{Solidity compilation failed},{}
contracts_output/contracts_output/codellama_with_rag_contracts/4173.sol,4173.sol,oyente+-060ca34,solidity,2025/06/04,20260213_1744,1771004946.9831946,35.863595485687256,0,{Integer_Underflow},"{coverage MyContract 70.4%,coverage SafeMath 98.4%}",{},{}
contracts_output/contracts_output/codellama_with_rag_contracts/4185.sol,4185.sol,oyente+-060ca34,solidity,2025/06/04,20260213_1744,1771004994.0094523,2.1883158683776855,1,{},{analysis incomplete},{Solidity compilation failed},{}
contracts_output/contracts_output/codellama_with_rag_contracts/4219.sol,4219.sol,oyente+-060ca34,solidity,2025/06/04,20260213_1744,1771004801.046242,1.3477861881256104,1,{},{analysis incomplete},{Solidity compilation failed},{}
contracts_output/contracts_output/codellama_with_rag_contracts/4258.sol,4258.sol,oyente+-060ca34,solidity,2025/06/04,20260213_1744,1771004841.903314,1.3412280082702637,1,{},{analysis incomplete},{Solidity compilation failed},{}
contracts_output/contracts_output/codellama_with_rag_contracts/4267.sol,4267.sol,oyente+-060ca34,solidity,2025/06/04,20260213_1744,1771005038.8547153,1.3473289012908936,1,{},{analysis incomplete},{Solidity compilation failed},{}
contracts_output/contracts_output/codellama_with_rag_contracts/4301.sol,4301.sol,oyente+-060ca34,solidity,2025/06/04,20260213_1744,1771004766.177966,1.4904513359069824,1,{},{analysis incomplete},{Solidity compilation failed},{}
contracts_output/contracts_output/codellama_with_rag_contracts/4311.sol,4311.sol,oyente+-060ca34,solidity,2025/06/04,20260213_1744,1771005080.7742171,1.1267485618591309,1,{},{analysis incomplete},{Solidity compilation failed},{}
contracts_output/contracts_output/codellama_with_rag_contracts/4342.sol,4342.sol,oyente+-060ca34,solidity,2025/06/04,20260213_1744,1771004967.2066948,1.4920756816864014,1,{},{analysis incomplete},{Solidity compilation failed},{}
contracts_output/contracts_output/codellama_with_rag_contracts/4344.sol,4344.sol,oyente+-060ca34,solidity,2025/06/04,20260213_1744,1771004689.7138908,2.146730422973633,1,{},{analysis incomplete},{Solidity compilation failed},{}
contracts_output/contracts_output/codellama_with_rag_contracts/4397.sol,4397.sol,oyente+-060ca34,solidity,2025/06/04,20260213_1744,1771004827.9491208,76.54357695579529,0,{Integer_Underflow},"{coverage SafeMath 98.4%,coverage Token 82.2%}",{},{}
contracts_output/contracts_output/codellama_with_rag_contracts/4411.sol,4411.sol,oyente+-060ca34,solidity,2025/06/04,20260213_1744,1771004802.5724697,21.70136785507202,0,"{Integer_Overflow,Integer_Underflow}","{coverage Recovery 75.8%,coverage SafeMath 98.4%}",{},{}
contracts_output/contracts_output/codellama_with_rag_contracts/4418.sol,4418.sol,oyente+-060ca34,solidity,2025/06/04,20260213_1744,1771004921.18487,1.7065863609313965,1,{},{analysis incomplete},{Solidity compilation failed},{}
contracts_output/contracts_output/codellama_with_rag_contracts/442.sol,442.sol,oyente+-060ca34,solidity,2025/06/04,20260213_1744,1771004803.205798,1.784597635269165,1,{},{analysis incomplete},{Solidity compilation failed},{}
contracts_output/contracts_output/codellama_with_rag_contracts/4437.sol,4437.sol,oyente+-060ca34,solidity,2025/06/04,20260213_1744,1771004853.1056812,1.6503283977508545,1,{},{analysis incomplete},{Solidity compilation failed},{}
contracts_output/contracts_output/codellama_with_rag_contracts/4464.sol,4464.sol,oyente+-060ca34,solidity,2025/06/04,20260213_1744,1771005017.141427,55.99482083320618,0,{Integer_Underflow},"{coverage Cosigner 79.3%,coverage SafeMath 98.4%}",{},{}
contracts_output/contracts_output/codellama_with_rag_contracts/4481.sol,4481.sol,oyente+-060ca34,solidity,2025/06/04,20260213_1744,1771005067.2566435,1.2771327495574951,1,{},{analysis incomplete},{Solidity compilation failed},{}
contracts_output/contracts_output/codellama_with_rag_contracts/4491.sol,4491.sol,oyente+-060ca34,solidity,2025/06/04,20260213_1744,1771004982.4680037,1.8046650886535645,1,{},{analysis incomplete},{Solidity compilation failed},{}
contracts_output/contracts_output/codellama_with_rag_contracts/4496.sol,4496.sol,oyente+-060ca34,solidity,2025/06/04,20260213_1744,1771004711.9475107,1.8365802764892578,1,{},{analysis incomplete},{Solidity compilation failed},{}
contracts_output/contracts_output/codellama_with_rag_contracts/4517.sol,4517.sol,oyente+-060ca34,solidity,2025/06/04,20260213_1744,1771004750.4299276,58.7527174949646,0,{Integer_Underflow},"{coverage OrderModification 82.1%,coverage SafeMath 98.4%}",{},{}
contracts_output/contracts_output/codellama_with_rag_contracts/4527.sol,4527.sol,oyente+-060ca34,solidity,2025/06/04,20260213_1744,1771004799.7014754,1.679945468902588,1,{},{analysis incomplete},{Solidity compilation failed},{}
contracts_output/contracts_output/codellama_with_rag_contracts/4553.sol,4553.sol,oyente+-060ca34,solidity,2025/06/04,20260213_1744,1771004884.494072,1.3007583618164062,1,{},{analysis incomplete},{Solidity compilation failed},{}
contracts_output/contracts_output/codellama_with_rag_contracts/4560.sol,4560.sol,oyente+-060ca34,solidity,2025/06/04,20260213_1744,1771004704.0677812,50.12584567070007,0,{Integer_Underflow},"{coverage MarketListing 79.3%,coverage SafeMath 98.4%}",{},{}
contracts_output/contracts_output/codellama_with_rag_contracts/4562.sol,4562.sol,oyente+-060ca34,solidity,2025/06/04,20260213_1744,1771005088.937781,2.1053411960601807,0,{Integer_Underflow},"{coverage Dividend 54.2%,coverage SafeMath 98.4%}",{},{}
contracts_output/contracts_output/codellama_with_rag_contracts/4567.sol,4567.sol,oyente+-060ca34,solidity,2025/06/04,20260213_1744,1771004984.1685402,1.6991541385650635,1,{},{analysis incomplete},{Solidity compilation failed},{}
contracts_output/contracts_output/codellama_with_rag_contracts/4568.sol,4568.sol,oyente+-060ca34,solidity,2025/06/04,20260213_1744,1771004937.5231783,1.9681906700134277,1,{},{analysis incomplete},{Solidity compilation failed},{}
contracts_output/contracts_output/codellama_with_rag_contracts/4569.sol,4569.sol,oyente+-060ca34,solidity,2025/06/04,20260213_1744,1771004898.5623176,52.95565462112427,0,"{Integer_Overflow,Integer_Underflow}","{coverage SafeMath 98.4%,coverage WhaleInfo 69.0%}",{},{}
contracts_output/contracts_output/codellama_with_rag_contracts/4577.sol,4577.sol,oyente+-060ca34,solidity,2025/06/04,20260213_1744,1771004890.546246,1.922504186630249,1,{},{analysis incomplete},{Solidity compilation failed},{}
contracts_output/contracts_output/codellama_with_rag_contracts/4581.sol,4581.sol,oyente+-060ca34,solidity,2025/06/04,20260213_1744,1771004908.110765,1.4372434616088867,1,{},{analysis incomplete},{Solidity compilation failed},{}
contracts_output/contracts_output/codellama_with_rag_contracts/4592.sol,4592.sol,oyente+-060ca34,solidity,2025/06/04,20260213_1744,1771004877.9486578,1.8394701480865479,1,{},{analysis incomplete},{Solidity compilation failed},{}
contracts_output/contracts_output/codellama_with_rag_contracts/4597.sol,4597.sol,oyente+-060ca34,solidity,2025/06/04,20260213_1744,1771004951.3900332,58.918493032455444,0,{Integer_Underflow},"{coverage PixelCounter 79.3%,coverage SafeMath 98.4%}",{},{}
contracts_output/contracts_output/codellama_with_rag_contracts/4609.sol,4609.sol,oyente+-060ca34,solidity,2025/06/04,20260213_1744,1771004810.7275958,1.6946372985839844,1,{},{analysis incomplete},{Solidity compilation failed},{}
contracts_output/contracts_output/codellama_with_rag_contracts/461.sol,461.sol,oyente+-060ca34,solidity,2025/06/04,20260213_1744,1771004915.290477,1.5935332775115967,1,{},{analysis incomplete},{Solidity compilation failed},{}
contracts_output/contracts_output/codellama_with_rag_contracts/4614.sol,4614.sol,oyente+-060ca34,solidity,2025/06/04,20260213_1744,1771004699.2884293,1.8790664672851562,1,{},{analysis incomplete},{Solidity compilation failed},{}
contracts_output/contracts_output/codellama_with_rag_contracts/4646.sol,4646.sol,oyente+-060ca34,solidity,2025/06/04,20260213_1744,1771004902.1490757,52.61464834213257,0,"{Integer_Overflow,Integer_Underflow}","{coverage DarknodeBond 82.0%,coverage SafeMath 98.4%}",{},{}
contracts_output/contracts_output/codellama_with_rag_contracts/465.sol,465.sol,oyente+-060ca34,solidity,2025/06/04,20260213_1744,1771005050.9394455,1.3739194869995117,1,{},{analysis incomplete},{Solidity compilation failed},{}
contracts_output/contracts_output/codellama_with_rag_contracts/4661.sol,4661.sol,oyente+-060ca34,solidity,2025/06/04,20260213_1744,1771004816.1236043,1.6861584186553955,1,{},{analysis incomplete},{Solidity compilation failed},{}
contracts_output/contracts_output/codellama_with_rag_contracts/4669.sol,4669.sol,oyente+-060ca34,solidity,2025/06/04,20260213_1744,1771004863.9691257,1.5352439880371094,1,{},{analysis incomplete},{Solidity compilation failed},{}
contracts_output/contracts_output/codellama_with_rag_contracts/467.sol,467.sol,oyente+-060ca34,solidity,2025/06/04,20260213_1744,1771004962.3701205,78.42119240760803,0,{Integer_Underflow},"{coverage BeneficiaryDestroyer 74.3%,coverage SafeMath 98.4%}",{},{}
contracts_output/contracts_output/codellama_with_rag_contracts/4675.sol,4675.sol,oyente+-060ca34,solidity,2025/06/04,20260213_1744,1771004900.6317053,1.3127837181091309,1,{},{analysis incomplete},{Solidity compilation failed},{}
contracts_output/contracts_output/codellama_with_rag_contracts/4681.sol,4681.sol,oyente+-060ca34,solidity,2025/06/04,20260213_1744,1771005105.2454045,1.3596220016479492,1,{},{analysis incomplete},{Solidity compilation failed},{}
contracts_output/contracts_output/codellama_with_rag_contracts/4695.sol,4695.sol,oyente+-060ca34,solidity,2025/06/04,20260213_1744,1771004801.3827522,1.2552378177642822,1,{},{analysis incomplete},{Solidity compilation failed},{}
contracts_output/contracts_output/codellama_with_rag_contracts/4726.sol,4726.sol,oyente+-060ca34,solidity,2025/06/04,20260213_1744,1771004971.797206,1.581050157546997,1,{},{analysis incomplete},{Solidity compilation failed},{}
contracts_output/contracts_output/codellama_with_rag_contracts/4727.sol,4727.sol,oyente+-060ca34,solidity,2025/06/04,20260213_1744,1771004966.9568915,1.5251038074493408,1,{},{analysis incomplete},{Solidity compilation failed},{}
contracts_output/contracts_output/codellama_with_rag_contracts/474.sol,474.sol,oyente+-060ca34,solidity,2025/06/04,20260213_1744,1771004823.5905147,2.0207877159118652,1,{},{analysis incomplete},{Solidity compilation failed},{}
contracts_output/contracts_output/codellama_with_rag_contracts/4746.sol,4746.sol,oyente+-060ca34,solidity,2025/06/04,20260213_1744,1771004748.1584227,78.99909019470215,0,{Integer_Underflow},"{coverage Campaign 83.0%,coverage SafeMath 98.4%}",{},{}
contracts_output/contracts_output/codellama_with_rag_contracts/475.sol,475.sol,oyente+-060ca34,solidity,2025/06/04,20260213_1744,1771004977.3448231,1.9704616069793701,1,{},{analysis incomplete},{Solidity compilation failed},{}
contracts_output/contracts_output/codellama_with_rag_contracts/476.sol,476.sol,oyente+-060ca34,solidity,2025/06/04,20260213_1744,1771004726.3247583,55.99106764793396,0,"{Integer_Overflow,Integer_Underflow}","{coverage SafeMath 98.4%,coverage Token 72.8%}",{},{}
contracts_output/contracts_output/codellama_with_rag_contracts/4761.sol,4761.sol,oyente+-060ca34,solidity,2025/06/04,20260213_1744,1771005047.4758537,1.371882677078247,1,{},{analysis incomplete},{Solidity compilation failed},{}
contracts_output/contracts_output/codellama_with_rag_contracts/4775.sol,4775.sol,oyente+-060ca34,solidity,2025/06/04,20260213_1744,1771005053.10556,57.0637891292572,0,{Integer_Underflow},"{coverage CapReached 81.8%,coverage SafeMath 98.4%}",{},{}
contracts_output/contracts_output/codellama_with_rag_contracts/4790.sol,4790.sol,oyente+-060ca34,solidity,2025/06/04,20260213_1744,1771004922.8477192,1.7652757167816162,1,{},{analysis incomplete},{Solidity compilation failed},{}
contracts_output/contracts_output/codellama_with_rag_contracts/4803.sol,4803.sol,oyente+-060ca34,solidity,2025/06/04,20260213_1744,1771005003.206837,1.453432321548462,1,{},{analysis incomplete},{Solidity compilation failed},{}
contracts_output/contracts_output/codellama_with_rag_contracts/4806.sol,4806.sol,oyente+-060ca34,solidity,2025/06/04,20260213_1744,1771004793.380685,1.6957917213439941,1,{},{analysis incomplete},{Solidity compilation failed},{}
contracts_output/contracts_output/codellama_with_rag_contracts/4823.sol,4823.sol,oyente+-060ca34,solidity,2025/06/04,20260213_1744,1771004688.228157,2.7931718826293945,1,{},{analysis incomplete},{Solidity compilation failed},{}
contracts_output/contracts_output/codellama_with_rag_contracts/4839.sol,4839.sol,oyente+-060ca34,solidity,2025/06/04,20260213_1744,1771004994.9456809,1.8818986415863037,1,{},{analysis incomplete},{Solidity compilation failed},{}
contracts_output/contracts_output/codellama_with_rag_contracts/4847.sol,4847.sol,oyente+-060ca34,solidity,2025/06/04,20260213_1744,1771004870.3574135,1.8097255229949951,1,{},{analysis incomplete},{Solidity compilation failed},{}
contracts_output/contracts_output/codellama_with_rag_contracts/4852.sol,4852.sol,oyente+-060ca34,solidity,2025/06/04,20260213_1744,1771004963.2822993,1.1422312259674072,1,{},{analysis incomplete},{Solidity compilation failed},{}
contracts_output/contracts_output/codellama_with_rag_contracts/4854.sol,4854.sol,oyente+-060ca34,solidity,2025/06/04,20260213_1744,1771004830.1663346,1.5512912273406982,1,{},{analysis incomplete},{Solidity compilation failed},{}
contracts_output/contracts_output/codellama_with_rag_contracts/4864.sol,4864.sol,oyente+-060ca34,solidity,2025/06/04,20260213_1744,1771004932.440987,1.8057801723480225,1,{},{analysis incomplete},{Solidity compilation failed},{}
contracts_output/contracts_output/codellama_with_rag_contracts/4877.sol,4877.sol,oyente+-060ca34,solidity,2025/06/04,20260213_1744,1771004905.677944,1.4467239379882812,1,{},{analysis incomplete},{Solidity compilation failed},{}
contracts_output/contracts_output/codellama_with_rag_contracts/4896.sol,4896.sol,oyente+-060ca34,solidity,2025/06/04,20260213_1744,1771004710.4566147,86.19365501403809,0,{Integer_Underflow},"{coverage PriceChangeManager 67.3%,coverage SafeMath 98.4%}",{},{}
contracts_output/contracts_output/codellama_with_rag_contracts/4898.sol,4898.sol,oyente+-060ca34,solidity,2025/06/04,20260213_1744,1771005070.0232382,1.3685758113861084,1,{},{analysis incomplete},{Solidity compilation failed},{}
contracts_output/contracts_output/codellama_with_rag_contracts/4912.sol,4912.sol,oyente+-060ca34,solidity,2025/06/04,20260213_1744,1771004686.2954416,2.1322150230407715,1,{},{analysis incomplete},{Solidity compilation failed},{}
contracts_output/contracts_output/codellama_with_rag_contracts/4928.sol,4928.sol,oyente+-060ca34,solidity,2025/06/04,20260213_1744,1771005094.711651,1.3773350715637207,1,{},{analysis incomplete},{Solidity compilation failed},{}
contracts_output/contracts_output/codellama_with_rag_contracts/4942.sol,4942.sol,oyente+-060ca34,solidity,2025/06/04,20260213_1744,1771004839.2514591,1.9814143180847168,1,{},{analysis incomplete},{Solidity compilation failed},{}
contracts_output/contracts_output/codellama_with_rag_contracts/497.sol,497.sol,oyente+-060ca34,solidity,2025/06/04,20260213_1744,1771004993.6134257,1.8026022911071777,1,{},{analysis incomplete},{Solidity compilation failed},{}
contracts_output/contracts_output/codellama_with_rag_contracts/4986.sol,4986.sol,oyente+-060ca34,solidity,2025/06/04,20260213_1744,1771005076.787756,44.960264682769775,0,{Integer_Underflow},"{coverage MyContract 78.5%,coverage SafeMath 98.4%}",{},{}
contracts_output/contracts_output/codellama_with_rag_contracts/4993.sol,4993.sol,oyente+-060ca34,solidity,2025/06/04,20260213_1744,1771004698.6517055,77.80781483650208,0,"{Integer_Overflow,Integer_Underflow}","{coverage ReclaimExpiredSwap 65.8%,coverage SafeMath 98.4%}",{},{}
contracts_output/contracts_output/codellama_with_rag_contracts/5005.sol,5005.sol,oyente+-060ca34,solidity,2025/06/04,20260213_1744,1771004892.6189158,1.5634212493896484,1,{},{analysis incomplete},{Solidity compilation failed},{}
contracts_output/contracts_output/codellama_with_rag_contracts/5007.sol,5007.sol,oyente+-060ca34,solidity,2025/06/04,20260213_1744,1771004837.3721216,47.00068116188049,0,{Integer_Underflow},"{coverage PixelCon 76.0%,coverage SafeMath 98.4%}",{},{}
contracts_output/contracts_output/codellama_with_rag_contracts/5030.sol,5030.sol,oyente+-060ca34,solidity,2025/06/04,20260213_1744,1771004801.4024568,1.2479469776153564,1,{},{analysis incomplete},{Solidity compilation failed},{}
contracts_output/contracts_output/codellama_with_rag_contracts/5033.sol,5033.sol,oyente+-060ca34,solidity,2025/06/04,20260213_1744,1771005063.9697554,45.05729699134827,0,{Integer_Underflow},"{coverage PropertyContract 79.3%,coverage SafeMath 98.4%}",{},{}
contracts_output/contracts_output/codellama_with_rag_contracts/5043.sol,5043.sol,oyente+-060ca34,solidity,2025/06/04,20260213_1744,1771004694.896045,2.0835742950439453,1,{},{analysis incomplete},{Solidity compilation failed},{}
contracts_output/contracts_output/codellama_with_rag_contracts/5070.sol,5070.sol,oyente+-060ca34,solidity,2025/06/04,20260213_1744,1771004877.9809058,1.77347731590271,1,{},{analysis incomplete},{Solidity compilation failed},{}
contracts_output/contracts_output/codellama_with_rag_contracts/5074.sol,5074.sol,oyente+-060ca34,solidity,2025/06/04,20260213_1744,1771004695.9512389,2.699108362197876,1,{},{analysis incomplete},{Solidity compilation failed},{}
contracts_output/contracts_output/codellama_with_rag_contracts/5098.sol,5098.sol,oyente+-060ca34,solidity,2025/06/04,20260213_1744,1771004758.8827963,1.5601458549499512,1,{},{analysis incomplete},{Solidity compilation failed},{}
contracts_output/contracts_output/codellama_with_rag_contracts/5099.sol,5099.sol,oyente+-060ca34,solidity,2025/06/04,20260213_1744,1771004789.0318542,81.32408380508423,0,"{Integer_Overflow,Integer_Underflow}","{coverage MyContract 68.3%,coverage SafeMath 98.4%}",{},{}
contracts_output/contracts_output/codellama_with_rag_contracts/5101.sol,5101.sol,oyente+-060ca34,solidity,2025/06/04,20260213_1744,1771004995.4174461,1.6858727931976318,1,{},{analysis incomplete},{Solidity compilation failed},{}
contracts_output/contracts_output/codellama_with_rag_contracts/5131.sol,5131.sol,oyente+-060ca34,solidity,2025/06/04,20260213_1744,1771004997.10449,49.35594725608826,0,{Integer_Underflow},"{coverage MyContract 79.3%,coverage SafeMath 98.4%}",{},{}
contracts_output/contracts_output/codellama_with_rag_contracts/5169.sol,5169.sol,oyente+-060ca34,solidity,2025/06/04,20260213_1744,1771005023.9360774,1.5257577896118164,1,{},{analysis incomplete},{Solidity compilation failed},{}
contracts_output/contracts_output/codellama_with_rag_contracts/517.sol,517.sol,oyente+-060ca34,solidity,2025/06/04,20260213_1744,1771004972.084488,31.009196758270264,0,"{Integer_Overflow,Integer_Underflow}","{coverage MyContract 68.2%,coverage SafeMath 98.4%}",{},{}
contracts_output/contracts_output/codellama_with_rag_contracts/5173.sol,5173.sol,oyente+-060ca34,solidity,2025/06/04,20260213_1744,1771005058.0971935,1.5571913719177246,1,{},{analysis incomplete},{Solidity compilation failed},{}
contracts_output/contracts_output/codellama_with_rag_contracts/5181.sol,5181.sol,oyente+-060ca34,solidity,2025/06/04,20260213_1744,1771004923.5057878,49.0341374874115,0,"{Integer_Overflow,Integer_Underflow}","{coverage OwnerChecker 80.5%,coverage SafeMath 98.4%}",{},{}
contracts_output/contracts_output/codellama_with_rag_contracts/5188.sol,5188.sol,oyente+-060ca34,solidity,2025/06/04,20260213_1744,1771004893.4170163,1.5836584568023682,1,{},{analysis incomplete},{Solidity compilation failed},{}
contracts_output/contracts_output/codellama_with_rag_contracts/52.sol,52.sol,oyente+-060ca34,solidity,2025/06/04,20260213_1744,1771004689.7175496,2.5645015239715576,1,{},{analysis incomplete},{Solidity compilation failed},{}
contracts_output/contracts_output/codellama_with_rag_contracts/5200.sol,5200.sol,oyente+-060ca34,solidity,2025/06/04,20260213_1744,1771004699.463633,2.1831414699554443,1,{},{analysis incomplete},{Solidity compilation failed},{}
contracts_output/contracts_output/codellama_with_rag_contracts/521.sol,521.sol,oyente+-060ca34,solidity,2025/06/04,20260213_1744,1771004724.3761582,1.3978326320648193,1,{},{analysis incomplete},{Solidity compilation failed},{}
contracts_output/contracts_output/codellama_with_rag_contracts/5228.sol,5228.sol,oyente+-060ca34,solidity,2025/06/04,20260213_1744,1771004987.8370123,1.3590590953826904,1,{},{analysis incomplete},{Solidity compilation failed},{}
contracts_output/contracts_output/codellama_with_rag_contracts/5253.sol,5253.sol,oyente+-060ca34,solidity,2025/06/04,20260213_1744,1771005013.6426501,25.691938400268555,0,{},"{coverage Ownable 74.8%,coverage SafeMath 98.4%}",{},{}
contracts_output/contracts_output/codellama_with_rag_contracts/527.sol,527.sol,oyente+-060ca34,solidity,2025/06/04,20260213_1744,1771004920.1696293,1.9676063060760498,1,{},{analysis incomplete},{Solidity compilation failed},{}
contracts_output/contracts_output/codellama_with_rag_contracts/5294.sol,5294.sol,oyente+-060ca34,solidity,2025/06/04,20260213_1744,1771004906.6492715,1.4532616138458252,1,{},{analysis incomplete},{Solidity compilation failed},{}
contracts_output/contracts_output/codellama_with_rag_contracts/5296.sol,5296.sol,oyente+-060ca34,solidity,2025/06/04,20260213_1744,1771004869.4287398,1.1101787090301514,1,{},{analysis incomplete},{Solidity compilation failed},{}
contracts_output/contracts_output/codellama_with_rag_contracts/5300.sol,5300.sol,oyente+-060ca34,solidity,2025/06/04,20260213_1744,1771004809.5552993,1.456010341644287,1,{},{analysis incomplete},{Solidity compilation failed},{}
contracts_output/contracts_output/codellama_with_rag_contracts/5313.sol,5313.sol,oyente+-060ca34,solidity,2025/06/04,20260213_1744,1771004878.6080368,1.489654302597046,1,{},{analysis incomplete},{Solidity compilation failed},{}
contracts_output/contracts_output/codellama_with_rag_contracts/5314.sol,5314.sol,oyente+-060ca34,solidity,2025/06/04,20260213_1744,1771004711.4228206,1.7934129238128662,1,{},{analysis incomplete},{Solidity compilation failed},{}
contracts_output/contracts_output/codellama_with_rag_contracts/5346.sol,5346.sol,oyente+-060ca34,solidity,2025/06/04,20260213_1744,1771005086.6999846,1.4035108089447021,1,{},{analysis incomplete},{Solidity compilation failed},{}
contracts_output/contracts_output/codellama_with_rag_contracts/5392.sol,5392.sol,oyente+-060ca34,solidity,2025/06/04,20260213_1744,1771005038.7863684,1.1756260395050049,1,{},{analysis incomplete},{Solidity compilation failed},{}
contracts_output/contracts_output/codellama_with_rag_contracts/5397.sol,5397.sol,oyente+-060ca34,solidity,2025/06/04,20260213_1744,1771004724.8626835,1.3392913341522217,1,{},{analysis incomplete},{Solidity compilation failed},{}
contracts_output/contracts_output/codellama_with_rag_contracts/5406.sol,5406.sol,oyente+-060ca34,solidity,2025/06/04,20260213_1744,1771004777.9187953,2.2045278549194336,1,{},{analysis incomplete},{Solidity compilation failed},{}
contracts_output/contracts_output/codellama_with_rag_contracts/5414.sol,5414.sol,oyente+-060ca34,solidity,2025/06/04,20260213_1744,1771004771.3897543,1.2090938091278076,1,{},{analysis incomplete},{Solidity compilation failed},{}
contracts_output/contracts_output/codellama_with_rag_contracts/5432.sol,5432.sol,oyente+-060ca34,solidity,2025/06/04,20260213_1744,1771004862.751341,73.1327440738678,0,{Integer_Underflow},"{coverage MotionStanding 83.2%,coverage SafeMath 98.4%}",{},{}
contracts_output/contracts_output/codellama_with_rag_contracts/5444.sol,5444.sol,oyente+-060ca34,solidity,2025/06/04,20260213_1744,1771004949.4926274,1.688946008682251,1,{},{analysis incomplete},{Solidity compilation failed},{}
contracts_output/contracts_output/codellama_with_rag_contracts/5459.sol,5459.sol,oyente+-060ca34,solidity,2025/06/04,20260213_1744,1771004993.2659006,1.822556495666504,1,{},{analysis incomplete},{Solidity compilation failed},{}
contracts_output/contracts_output/codellama_with_rag_contracts/5466.sol,5466.sol,oyente+-060ca34,solidity,2025/06/04,20260213_1744,1771004995.0903263,58.2209415435791,0,"{Integer_Overflow,Integer_Underflow}","{coverage Pool 71.7%,coverage SafeMath 98.4%}",{},{}
contracts_output/contracts_output/codellama_with_rag_contracts/5478.sol,5478.sol,oyente+-060ca34,solidity,2025/06/04,20260213_1744,1771004938.0373194,1.8249523639678955,1,{},{analysis incomplete},{Solidity compilation failed},{}
contracts_output/contracts_output/codellama_with_rag_contracts/5480.sol,5480.sol,oyente+-060ca34,solidity,2025/06/04,20260213_1744,1771004903.6968381,1.4668636322021484,1,{},{analysis incomplete},{Solidity compilation failed},{}
contracts_output/contracts_output/codellama_with_rag_contracts/5481.sol,5481.sol,oyente+-060ca34,solidity,2025/06/04,20260213_1744,1771004775.7963867,1.307892084121704,1,{},{analysis incomplete},{Solidity compilation failed},{}
contracts_output/contracts_output/codellama_with_rag_contracts/5497.sol,5497.sol,oyente+-060ca34,solidity,2025/06/04,20260213_1744,1771004805.6570847,1.8649487495422363,1,{},{analysis incomplete},{Solidity compilation failed},{}
contracts_output/contracts_output/codellama_with_rag_contracts/5500.sol,5500.sol,oyente+-060ca34,solidity,2025/06/04,20260213_1744,1771004875.641381,1.5100681781768799,1,{},{analysis incomplete},{Solidity compilation failed},{}
contracts_output/contracts_output/codellama_with_rag_contracts/5527.sol,5527.sol,oyente+-060ca34,solidity,2025/06/04,20260213_1744,1771004810.9993,1.7376971244812012,1,{},{analysis incomplete},{Solidity compilation failed},{}
contracts_output/contracts_output/codellama_with_rag_contracts/5531.sol,5531.sol,oyente+-060ca34,solidity,2025/06/04,20260213_1744,1771004771.5868106,54.674936294555664,0,{Integer_Underflow},"{coverage SafeMath 98.4%,coverage VoteRevocation 59.7%}",{},{}
contracts_output/contracts_output/codellama_with_rag_contracts/5534.sol,5534.sol,oyente+-060ca34,solidity,2025/06/04,20260213_1744,1771005053.5819304,1.8828940391540527,1,{},{analysis incomplete},{Solidity compilation failed},{}
contracts_output/contracts_output/codellama_with_rag_contracts/5542.sol,5542.sol,oyente+-060ca34,solidity,2025/06/04,20260213_1744,1771004776.9863656,1.0722105503082275,1,{},{analysis incomplete},{Solidity compilation failed},{}
contracts_output/contracts_output/codellama_with_rag_contracts/5584.sol,5584.sol,oyente+-060ca34,solidity,2025/06/04,20260213_1744,1771004757.8408039,50.89144206047058,0,{Integer_Underflow},"{coverage SafeMath 98.4%,coverage Synth 77.1%}",{},{}
contracts_output/contracts_output/codellama_with_rag_contracts/5602.sol,5602.sol,oyente+-060ca34,solidity,2025/06/04,20260213_1744,1771004953.4146898,1.0764727592468262,1,{},{analysis incomplete},{Solidity compilation failed},{}
contracts_output/contracts_output/codellama_with_rag_contracts/5609.sol,5609.sol,oyente+-060ca34,solidity,2025/06/04,20260213_1744,1771004972.3990695,52.00565528869629,0,{},"{coverage Registration 40.8%,coverage SafeMath 98.4%}",{},{}
contracts_output/contracts_output/codellama_with_rag_contracts/5627.sol,5627.sol,oyente+-060ca34,solidity,2025/06/04,20260213_1744,1771004860.685645,1.7553472518920898,1,{},{analysis incomplete},{Solidity compilation failed},{}
contracts_output/contracts_output/codellama_with_rag_contracts/5639.sol,5639.sol,oyente+-060ca34,solidity,2025/06/04,20260213_1744,1771004691.3264873,2.147718906402588,1,{},{analysis incomplete},{Solidity compilation failed},{}
contracts_output/contracts_output/codellama_with_rag_contracts/5641.sol,5641.sol,oyente+-060ca34,solidity,2025/06/04,20260213_1744,1771004856.4912877,2.138979434967041,1,{},{analysis incomplete},{Solidity compilation failed},{}
contracts_output/contracts_output/codellama_with_rag_contracts/5648.sol,5648.sol,oyente+-060ca34,solidity,2025/06/04,20260213_1744,1771004737.88225,1.4731132984161377,1,{},{analysis incomplete},{Solidity compilation failed},{}
contracts_output/contracts_output/codellama_with_rag_contracts/565.sol,565.sol,oyente+-060ca34,solidity,2025/06/04,20260213_1744,1771004897.4669125,1.0943310260772705,1,{},{analysis incomplete},{Solidity compilation failed},{}
contracts_output/contracts_output/codellama_with_rag_contracts/5667.sol,5667.sol,oyente+-060ca34,solidity,2025/06/04,20260213_1744,1771004717.169921,57.7672221660614,0,"{Integer_Overflow,Integer_Underflow}","{coverage SafeMath 98.4%,coverage TokenOwnership 80.2%}",{},{}
contracts_output/contracts_output/codellama_with_rag_contracts/5679.sol,5679.sol,oyente+-060ca34,solidity,2025/06/04,20260213_1744,1771004715.9286253,1.4756906032562256,1,{},{analysis incomplete},{Solidity compilation failed},{}
contracts_output/contracts_output/codellama_with_rag_contracts/5691.sol,5691.sol,oyente+-060ca34,solidity,2025/06/04,20260213_1744,1771005016.3741007,1.7010586261749268,1,{},{analysis incomplete},{Solidity compilation failed},{}
contracts_output/contracts_output/codellama_with_rag_contracts/5701.sol,5701.sol,oyente+-060ca34,solidity,2025/06/04,20260213_1744,1771004703.9331224,53.18218779563904,0,"{Integer_Overflow,Integer_Underflow}","{coverage Division 84.5%,coverage SafeMath 98.4%}",{},{}
contracts_output/contracts_output/codellama_with_rag_contracts/5707.sol,5707.sol,oyente+-060ca34,solidity,2025/06/04,20260213_1744,1771004995.5368462,1.9952046871185303,1,{},{analysis incomplete},{Solidity compilation failed},{}
contracts_output/contracts_output/codellama_with_rag_contracts/5732.sol,5732.sol,oyente+-060ca34,solidity,2025/06/04,20260213_1744,1771005032.0022655,75.13771033287048,0,{Integer_Underflow},"{coverage SafeMath 98.4%,coverage WithdrawalContract 75.9%}",{},{}
contracts_output/contracts_output/codellama_with_rag_contracts/5733.sol,5733.sol,oyente+-060ca34,solidity,2025/06/04,20260213_1744,1771005025.464449,25.574790239334106,0,{Integer_Underflow},"{coverage Decoder 54.3%,coverage SafeMath 98.4%}",{},{}
contracts_output/contracts_output/codellama_with_rag_contracts/5740.sol,5740.sol,oyente+-060ca34,solidity,2025/06/04,20260213_1744,1771004726.2033355,77.00074529647827,0,{Integer_Underflow},"{coverage SafeMath 98.4%,coverage TokenExchange 85.9%}",{},{}
contracts_output/contracts_output/codellama_with_rag_contracts/5759.sol,5759.sol,oyente+-060ca34,solidity,2025/06/04,20260213_1744,1771004907.300308,55.60324168205261,0,{Integer_Underflow},"{coverage AllowanceChecker 79.4%,coverage SafeMath 98.4%}",{},{}
contracts_output/contracts_output/codellama_with_rag_contracts/5765.sol,5765.sol,oyente+-060ca34,solidity,2025/06/04,20260213_1744,1771005015.1141338,105.87012219429016,0,{Integer_Underflow},"{coverage SafeMath 98.4%,coverage TokenSale 86.3%}",{},{}
contracts_output/contracts_output/codellama_with_rag_contracts/5767.sol,5767.sol,oyente+-060ca34,solidity,2025/06/04,20260213_1744,1771004998.9529173,1.73176908493042,1,{},{analysis incomplete},{Solidity compilation failed},{}
contracts_output/contracts_output/codellama_with_rag_contracts/5781.sol,5781.sol,oyente+-060ca34,solidity,2025/06/04,20260213_1744,1771005072.5087187,1.2317628860473633,1,{},{analysis incomplete},{Solidity compilation failed},{}
contracts_output/contracts_output/codellama_with_rag_contracts/5791.sol,5791.sol,oyente+-060ca34,solidity,2025/06/04,20260213_1744,1771004993.915452,1.8303215503692627,1,{},{analysis incomplete},{Solidity compilation failed},{}
contracts_output/contracts_output/codellama_with_rag_contracts/5799.sol,5799.sol,oyente+-060ca34,solidity,2025/06/04,20260213_1744,1771004872.1625912,1.355351209640503,1,{},{analysis incomplete},{Solidity compilation failed},{}
contracts_output/contracts_output/codellama_with_rag_contracts/5800.sol,5800.sol,oyente+-060ca34,solidity,2025/06/04,20260213_1744,1771004909.550286,1.1038625240325928,1,{},{analysis incomplete},{Solidity compilation failed},{}
contracts_output/contracts_output/codellama_with_rag_contracts/5804.sol,5804.sol,oyente+-060ca34,solidity,2025/06/04,20260213_1744,1771004814.2267554,1.5484662055969238,1,{},{analysis incomplete},{Solidity compilation failed},{}
contracts_output/contracts_output/codellama_with_rag_contracts/5822.sol,5822.sol,oyente+-060ca34,solidity,2025/06/04,20260213_1744,1771004849.4514081,1.350548267364502,1,{},{analysis incomplete},{Solidity compilation failed},{}
contracts_output/contracts_output/codellama_with_rag_contracts/5836.sol,5836.sol,oyente+-060ca34,solidity,2025/06/04,20260213_1744,1771004852.611506,1.7204985618591309,1,{},{analysis incomplete},{Solidity compilation failed},{}
contracts_output/contracts_output/codellama_with_rag_contracts/5894.sol,5894.sol,oyente+-060ca34,solidity,2025/06/04,20260213_1744,1771005081.2691557,1.4177143573760986,1,{},{analysis incomplete},{Solidity compilation failed},{}
contracts_output/contracts_output/codellama_with_rag_contracts/5915.sol,5915.sol,oyente+-060ca34,solidity,2025/06/04,20260213_1744,1771004818.1409273,1.2324976921081543,1,{},{analysis incomplete},{Solidity compilation failed},{}
contracts_output/contracts_output/codellama_with_rag_contracts/5919.sol,5919.sol,oyente+-060ca34,solidity,2025/06/04,20260213_1744,1771005109.0249894,1.5890448093414307,1,{},{analysis incomplete},{Solidity compilation failed},{}
contracts_output/contracts_output/codellama_with_rag_contracts/5921.sol,5921.sol,oyente+-060ca34,solidity,2025/06/04,20260213_1744,1771004822.6597376,2.2071218490600586,1,{},{analysis incomplete},{Solidity compilation failed},{}
contracts_output/contracts_output/codellama_with_rag_contracts/5927.sol,5927.sol,oyente+-060ca34,solidity,2025/06/04,20260213_1744,1771005018.1947942,1.2833173274993896,1,{},{analysis incomplete},{Solidity compilation failed},{}
contracts_output/contracts_output/codellama_with_rag_contracts/5928.sol,5928.sol,oyente+-060ca34,solidity,2025/06/04,20260213_1744,1771004738.2421222,1.5091965198516846,1,{},{analysis incomplete},{Solidity compilation failed},{}
contracts_output/contracts_output/codellama_with_rag_contracts/5946.sol,5946.sol,oyente+-060ca34,solidity,2025/06/04,20260213_1744,1771004932.3762283,1.6145858764648438,1,{},{analysis incomplete},{Solidity compilation failed},{}
contracts_output/contracts_output/codellama_with_rag_contracts/5952.sol,5952.sol,oyente+-060ca34,solidity,2025/06/04,20260213_1744,1771004808.3035026,71.94472599029541,0,{Integer_Underflow},"{coverage InterfaceHandler 69.1%,coverage SafeMath 98.4%}",{},{}
contracts_output/contracts_output/codellama_with_rag_contracts/5953.sol,5953.sol,oyente+-060ca34,solidity,2025/06/04,20260213_1744,1771004792.1803532,75.31017923355103,0,{Integer_Underflow},"{coverage Oracle 81.9%,coverage SafeMath 98.4%}",{},{}
contracts_output/contracts_output/codellama_with_rag_contracts/598.sol,598.sol,oyente+-060ca34,solidity,2025/06/04,20260213_1744,1771004815.6674933,1.6332695484161377,1,{},{analysis incomplete},{Solidity compilation failed},{}
contracts_output/contracts_output/codellama_with_rag_contracts/5993.sol,5993.sol,oyente+-060ca34,solidity,2025/06/04,20260213_1744,1771004866.2428877,1.7586445808410645,1,{},{analysis incomplete},{Solidity compilation failed},{}
contracts_output/contracts_output/codellama_with_rag_contracts/6003.sol,6003.sol,oyente+-060ca34,solidity,2025/06/04,20260213_1744,1771004823.7986884,22.960803985595703,1,"{Callstack_Depth_Attack_Vulnerability,Integer_Overflow,Integer_Underflow}","{coverage Proxy 64.7%,coverage SafeMath 98.4%}",{},{}
contracts_output/contracts_output/codellama_with_rag_contracts/6025.sol,6025.sol,oyente+-060ca34,solidity,2025/06/04,20260213_1744,1771004968.2216759,79.25272822380066,0,{Integer_Underflow},"{coverage SafeMath 98.4%,coverage TokenDeposit 76.3%}",{},{}
contracts_output/contracts_output/codellama_with_rag_contracts/6042.sol,6042.sol,oyente+-060ca34,solidity,2025/06/04,20260213_1744,1771005080.119402,42.34567856788635,0,{Integer_Underflow},"{coverage Library 39.1%,coverage SafeMath 98.4%}",{},{}
contracts_output/contracts_output/codellama_with_rag_contracts/6047.sol,6047.sol,oyente+-060ca34,solidity,2025/06/04,20260213_1744,1771005053.4183512,2.0269269943237305,1,{},{analysis incomplete},{Solidity compilation failed},{}
contracts_output/contracts_output/codellama_with_rag_contracts/6054.sol,6054.sol,oyente+-060ca34,solidity,2025/06/04,20260213_1744,1771004977.4700346,1.7416801452636719,1,{},{analysis incomplete},{Solidity compilation failed},{}
contracts_output/contracts_output/codellama_with_rag_contracts/6060.sol,6060.sol,oyente+-060ca34,solidity,2025/06/04,20260213_1744,1771005005.372415,1.9657018184661865,1,{},{analysis incomplete},{Solidity compilation failed},{}
contracts_output/contracts_output/codellama_with_rag_contracts/6063.sol,6063.sol,oyente+-060ca34,solidity,2025/06/04,20260213_1744,1771004754.1953843,1.4527764320373535,1,{},{analysis incomplete},{Solidity compilation failed},{}
contracts_output/contracts_output/codellama_with_rag_contracts/609.sol,609.sol,oyente+-060ca34,solidity,2025/06/04,20260213_1744,1771005085.2329926,40.83214282989502,0,"{Integer_Overflow,Integer_Underflow}","{coverage KittenBreeding 68.7%,coverage SafeMath 98.4%}",{},{}
contracts_output/contracts_output/codellama_with_rag_contracts/6100.sol,6100.sol,oyente+-060ca34,solidity,2025/06/04,20260213_1744,1771005062.5167093,1.4513099193572998,1,{},{analysis incomplete},{Solidity compilation failed},{}
contracts_output/contracts_output/codellama_with_rag_contracts/6110.sol,6110.sol,oyente+-060ca34,solidity,2025/06/04,20260213_1744,1771004721.630047,1.4141924381256104,1,{},{analysis incomplete},{Solidity compilation failed},{}
contracts_output/contracts_output/codellama_with_rag_contracts/6123.sol,6123.sol,oyente+-060ca34,solidity,2025/06/04,20260213_1744,1771005095.889554,1.1715748310089111,1,{},{analysis incomplete},{Solidity compilation failed},{}
contracts_output/contracts_output/codellama_with_rag_contracts/6152.sol,6152.sol,oyente+-060ca34,solidity,2025/06/04,20260213_1744,1771004984.950714,116.18883228302002,0,{Integer_Underflow},"{coverage AssetPrice 88.4%,coverage SafeMath 98.4%}",{},{}
contracts_output/contracts_output/codellama_with_rag_contracts/6178.sol,6178.sol,oyente+-060ca34,solidity,2025/06/04,20260213_1744,1771004968.4548664,1.477278709411621,1,{},{analysis incomplete},{Solidity compilation failed},{}
contracts_output/contracts_output/codellama_with_rag_contracts/6206.sol,6206.sol,oyente+-060ca34,solidity,2025/06/04,20260213_1744,1771004840.8305173,1.0702521800994873,1,{},{analysis incomplete},{Solidity compilation failed},{}
contracts_output/contracts_output/codellama_with_rag_contracts/6236.sol,6236.sol,oyente+-060ca34,solidity,2025/06/04,20260213_1744,1771004708.573159,1.8823139667510986,1,{},{analysis incomplete},{Solidity compilation failed},{}
contracts_output/contracts_output/codellama_with_rag_contracts/6249.sol,6249.sol,oyente+-060ca34,solidity,2025/06/04,20260213_1744,1771004965.017805,82.18664145469666,0,{Integer_Underflow},"{coverage PaymentThreshold 83.4%,coverage SafeMath 98.4%}",{},{}
contracts_output/contracts_output/codellama_with_rag_contracts/6260.sol,6260.sol,oyente+-060ca34,solidity,2025/06/04,20260213_1744,1771004805.60737,54.136417865753174,0,"{Integer_Overflow,Integer_Underflow}","{coverage ChannelManager 80.4%,coverage SafeMath 98.4%}",{},{}
contracts_output/contracts_output/codellama_with_rag_contracts/6276.sol,6276.sol,oyente+-060ca34,solidity,2025/06/04,20260213_1744,1771004741.007606,113.35869574546814,0,{Integer_Underflow},"{coverage MyContract 76.1%,coverage SafeMath 98.4%}",{},{}
contracts_output/contracts_output/codellama_with_rag_contracts/629.sol,629.sol,oyente+-060ca34,solidity,2025/06/04,20260213_1744,1771004955.403211,40.72751069068909,0,{Integer_Underflow},"{coverage SafeMath 98.4%,coverage Vesting 70.5%}",{},{}
contracts_output/contracts_output/codellama_with_rag_contracts/6310.sol,6310.sol,oyente+-060ca34,solidity,2025/06/04,20260213_1744,1771004987.7323833,1.3910737037658691,1,{},{analysis incomplete},{Solidity compilation failed},{}
contracts_output/contracts_output/codellama_with_rag_contracts/6311.sol,6311.sol,oyente+-060ca34,solidity,2025/06/04,20260213_1744,1771004726.0406423,1.7817301750183105,1,{},{analysis incomplete},{Solidity compilation failed},{}
contracts_output/contracts_output/codellama_with_rag_contracts/6317.sol,6317.sol,oyente+-060ca34,solidity,2025/06/04,20260213_1744,1771004975.3161163,1.3418359756469727,1,{},{analysis incomplete},{Solidity compilation failed},{}
contracts_output/contracts_output/codellama_with_rag_contracts/6318.sol,6318.sol,oyente+-060ca34,solidity,2025/06/04,20260213_1744,1771004854.2136579,1.4648447036743164,1,{},{analysis incomplete},{Solidity compilation failed},{}
contracts_output/contracts_output/codellama_with_rag_contracts/6330.sol,6330.sol,oyente+-060ca34,solidity,2025/06/04,20260213_1744,1771005087.4397023,1.38234281539917,1,{},{analysis incomplete},{Solidity compilation failed},{}
contracts_output/contracts_output/codellama_with_rag_contracts/6348.sol,6348.sol,oyente+-060ca34,solidity,2025/06/04,20260213_1744,1771004890.8150587,1.4110932350158691,1,{},{analysis incomplete},{Solidity compilation failed},{}
contracts_output/contracts_output/codellama_with_rag_contracts/6370.sol,6370.sol,oyente+-060ca34,solidity,2025/06/04,20260213_1744,1771004715.3606462,1.9774928092956543,1,{},{analysis incomplete},{Solidity compilation failed},{}
contracts_output/contracts_output/codellama_with_rag_contracts/6381.sol,6381.sol,oyente+-060ca34,solidity,2025/06/04,20260213_1744,1771005078.4451346,1.557314157485962,1,{},{analysis incomplete},{Solidity compilation failed},{}
contracts_output/contracts_output/codellama_with_rag_contracts/6383.sol,6383.sol,oyente+-060ca34,solidity,2025/06/04,20260213_1744,1771005026.0946453,78.50178527832031,0,{Integer_Underflow},"{coverage PackCreator 81.9%,coverage SafeMath 98.4%}",{},{}
contracts_output/contracts_output/codellama_with_rag_contracts/6386.sol,6386.sol,oyente+-060ca34,solidity,2025/06/04,20260213_1744,1771004880.426258,1.4206886291503906,1,{},{analysis incomplete},{Solidity compilation failed},{}
contracts_output/contracts_output/codellama_with_rag_contracts/6399.sol,6399.sol,oyente+-060ca34,solidity,2025/06/04,20260213_1744,1771004696.3831239,80.0037043094635,0,{Integer_Underflow},"{coverage Manager 81.4%,coverage SafeMath 98.4%}",{},{}
contracts_output/contracts_output/codellama_with_rag_contracts/6404.sol,6404.sol,oyente+-060ca34,solidity,2025/06/04,20260213_1744,1771004943.7283604,1.4208190441131592,1,{},{analysis incomplete},{Solidity compilation failed},{}
contracts_output/contracts_output/codellama_with_rag_contracts/6408.sol,6408.sol,oyente+-060ca34,solidity,2025/06/04,20260213_1744,1771004970.0654418,1.4396324157714844,1,{},{analysis incomplete},{Solidity compilation failed},{}
contracts_output/contracts_output/codellama_with_rag_contracts/6427.sol,6427.sol,oyente+-060ca34,solidity,2025/06/04,20260213_1744,1771005098.741151,1.648231029510498,1,{},{analysis incomplete},{Solidity compilation failed},{}
contracts_output/contracts_output/codellama_with_rag_contracts/6429.sol,6429.sol,oyente+-060ca34,solidity,2025/06/04,20260213_1744,1771005088.3824513,43.34609937667847,0,{Integer_Underflow},"{coverage PoaTokenMasterUpdater 62.2%,coverage SafeMath 98.4%}",{},{}
contracts_output/contracts_output/codellama_with_rag_contracts/6434.sol,6434.sol,oyente+-060ca34,solidity,2025/06/04,20260213_1744,1771004850.803026,2.289506196975708,1,{},{analysis incomplete},{Solidity compilation failed},{}
contracts_output/contracts_output/codellama_with_rag_contracts/6458.sol,6458.sol,oyente+-060ca34,solidity,2025/06/04,20260213_1744,1771004966.7748713,1.4260497093200684,1,{},{analysis incomplete},{Solidity compilation failed},{}
contracts_output/contracts_output/codellama_with_rag_contracts/6503.sol,6503.sol,oyente+-060ca34,solidity,2025/06/04,20260213_1744,1771004741.4493766,1.6364610195159912,1,{},{analysis incomplete},{Solidity compilation failed},{}
contracts_output/contracts_output/codellama_with_rag_contracts/6513.sol,6513.sol,oyente+-060ca34,solidity,2025/06/04,20260213_1744,1771004695.0004375,2.1198694705963135,1,{},{analysis incomplete},{Solidity compilation failed},{}
contracts_output/contracts_output/codellama_with_rag_contracts/6515.sol,6515.sol,oyente+-060ca34,solidity,2025/06/04,20260213_1744,1771004945.435755,51.7503879070282,0,{Integer_Underflow},"{coverage GroveIndex 83.4%,coverage SafeMath 98.4%}",{},{}
contracts_output/contracts_output/codellama_with_rag_contracts/6517.sol,6517.sol,oyente+-060ca34,solidity,2025/06/04,20260213_1744,1771004794.1633523,1.2989416122436523,1,{},{analysis incomplete},{Solidity compilation failed},{}
contracts_output/contracts_output/codellama_with_rag_contracts/6519.sol,6519.sol,oyente+-060ca34,solidity,2025/06/04,20260213_1744,1771004959.0637937,1.2801804542541504,1,{},{analysis incomplete},{Solidity compilation failed},{}
contracts_output/contracts_output/codellama_with_rag_contracts/6528.sol,6528.sol,oyente+-060ca34,solidity,2025/06/04,20260213_1744,1771004708.1435726,1.9964163303375244,1,{},{analysis incomplete},{Solidity compilation failed},{}
contracts_output/contracts_output/codellama_with_rag_contracts/6552.sol,6552.sol,oyente+-060ca34,solidity,2025/06/04,20260213_1744,1771005047.18732,51.55160665512085,0,{Integer_Underflow},"{coverage SafeMath 98.4%,coverage SnapshotSeries 84.8%}",{},{}
contracts_output/contracts_output/codellama_with_rag_contracts/6562.sol,6562.sol,oyente+-060ca34,solidity,2025/06/04,20260213_1744,1771004898.1590006,1.50433349609375,1,{},{analysis incomplete},{Solidity compilation failed},{}
contracts_output/contracts_output/codellama_with_rag_contracts/6593.sol,6593.sol,oyente+-060ca34,solidity,2025/06/04,20260213_1744,1771004705.0106096,1.7843806743621826,1,{},{analysis incomplete},{Solidity compilation failed},{}
contracts_output/contracts_output/codellama_with_rag_contracts/6613.sol,6613.sol,oyente+-060ca34,solidity,2025/06/04,20260213_1744,1771005002.1471293,82.81160545349121,0,{Integer_Underflow},"{coverage Manager 82.3%,coverage SafeMath 98.4%}",{},{}
contracts_output/contracts_output/codellama_with_rag_contracts/6641.sol,6641.sol,oyente+-060ca34,solidity,2025/06/04,20260213_1744,1771004755.5584366,1.3828303813934326,1,{},{analysis incomplete},{Solidity compilation failed},{}
contracts_output/contracts_output/codellama_with_rag_contracts/6644.sol,6644.sol,oyente+-060ca34,solidity,2025/06/04,20260213_1744,1771005072.2848275,1.5353670120239258,1,{},{analysis incomplete},{Solidity compilation failed},{}
contracts_output/contracts_output/codellama_with_rag_contracts/6660.sol,6660.sol,oyente+-060ca34,solidity,2025/06/04,20260213_1744,1771004716.5266163,52.588274240493774,0,{Integer_Underflow},"{coverage Deed 76.9%,coverage SafeMath 98.4%}",{},{}
contracts_output/contracts_output/codellama_with_rag_contracts/6667.sol,6667.sol,oyente+-060ca34,solidity,2025/06/04,20260213_1744,1771004701.7276127,2.038499116897583,1,{},{analysis incomplete},{Solidity compilation failed},{}
contracts_output/contracts_output/codellama_with_rag_contracts/6671.sol,6671.sol,oyente+-060ca34,solidity,2025/06/04,20260213_1744,1771004799.9737623,1.6453685760498047,1,{},{analysis incomplete},{Solidity compilation failed},{}
contracts_output/contracts_output/codellama_with_rag_contracts/6724.sol,6724.sol,oyente+-060ca34,solidity,2025/06/04,20260213_1744,1771004944.706075,31.017111778259277,0,{},"{coverage ManualBlockings 81.3%,coverage SafeMath 98.4%}",{},{}
contracts_output/contracts_output/codellama_with_rag_contracts/6726.sol,6726.sol,oyente+-060ca34,solidity,2025/06/04,20260213_1744,1771004967.8393414,1.8461384773254395,1,{},{analysis incomplete},{Solidity compilation failed},{}
contracts_output/contracts_output/codellama_with_rag_contracts/6728.sol,6728.sol,oyente+-060ca34,solidity,2025/06/04,20260213_1744,1771004818.4829395,1.5710890293121338,1,{},{analysis incomplete},{Solidity compilation failed},{}
contracts_output/contracts_output/codellama_with_rag_contracts/6735.sol,6735.sol,oyente+-060ca34,solidity,2025/06/04,20260213_1744,1771004879.7904081,80.08457231521606,0,{Integer_Underflow},"{coverage Profiterole 77.6%,coverage SafeMath 98.4%}",{},{}
contracts_output/contracts_output/codellama_with_rag_contracts/6751.sol,6751.sol,oyente+-060ca34,solidity,2025/06/04,20260213_1744,1771004787.2127945,1.817711591720581,1,{},{analysis incomplete},{Solidity compilation failed},{}
contracts_output/contracts_output/codellama_with_rag_contracts/6764.sol,6764.sol,oyente+-060ca34,solidity,2025/06/04,20260213_1744,1771004975.9142673,79.72975468635559,0,{Integer_Underflow},"{coverage RefundContract 77.9%,coverage SafeMath 98.4%}",{},{}
contracts_output/contracts_output/codellama_with_rag_contracts/6774.sol,6774.sol,oyente+-060ca34,solidity,2025/06/04,20260213_1744,1771005079.9083831,1.321709156036377,1,{},{analysis incomplete},{Solidity compilation failed},{}
contracts_output/contracts_output/codellama_with_rag_contracts/6776.sol,6776.sol,oyente+-060ca34,solidity,2025/06/04,20260213_1744,1771004789.0817976,1.6745035648345947,1,{},{analysis incomplete},{Solidity compilation failed},{}
contracts_output/contracts_output/codellama_with_rag_contracts/6786.sol,6786.sol,oyente+-060ca34,solidity,2025/06/04,20260213_1744,1771005088.1049478,1.0930335521697998,1,{},{analysis incomplete},{Solidity compilation failed},{}
contracts_output/contracts_output/codellama_with_rag_contracts/6808.sol,6808.sol,oyente+-060ca34,solidity,2025/06/04,20260213_1744,1771005037.4948735,1.12363862991333,1,{},{analysis incomplete},{Solidity compilation failed},{}
contracts_output/contracts_output/codellama_with_rag_contracts/6826.sol,6826.sol,oyente+-060ca34,solidity,2025/06/04,20260213_1744,1771004888.022002,1.6984491348266602,1,{},{analysis incomplete},{Solidity compilation failed},{}
contracts_output/contracts_output/codellama_with_rag_contracts/6848.sol,6848.sol,oyente+-060ca34,solidity,2025/06/04,20260213_1744,1771004705.8501508,2.148993968963623,1,{},{analysis incomplete},{Solidity compilation failed},{}
contracts_output/contracts_output/codellama_with_rag_contracts/6875.sol,6875.sol,oyente+-060ca34,solidity,2025/06/04,20260213_1744,1771004713.2186975,1.2737953662872314,1,{},{analysis incomplete},{Solidity compilation failed},{}
contracts_output/contracts_output/codellama_with_rag_contracts/689.sol,689.sol,oyente+-060ca34,solidity,2025/06/04,20260213_1744,1771005069.9564447,1.5200309753417969,1,{},{analysis incomplete},{Solidity compilation failed},{}
contracts_output/contracts_output/codellama_with_rag_contracts/691.sol,691.sol,oyente+-060ca34,solidity,2025/06/04,20260213_1744,1771004836.54353,1.255796194076538,1,{},{analysis incomplete},{Solidity compilation failed},{}
contracts_output/contracts_output/codellama_with_rag_contracts/694.sol,694.sol,oyente+-060ca34,solidity,2025/06/04,20260213_1744,1771004699.427585,82.28741955757141,0,{Integer_Underflow},"{coverage FeeWithdrawal 83.6%,coverage SafeMath 98.4%}",{},{}
contracts_output/contracts_output/codellama_with_rag_contracts/714.sol,714.sol,oyente+-060ca34,solidity,2025/06/04,20260213_1744,1771004816.2129297,1.8740572929382324,1,{},{analysis incomplete},{Solidity compilation failed},{}
contracts_output/contracts_output/codellama_with_rag_contracts/725.sol,725.sol,oyente+-060ca34,solidity,2025/06/04,20260213_1744,1771004757.3551009,1.2929353713989258,1,{},{analysis incomplete},{Solidity compilation failed},{}
contracts_output/contracts_output/codellama_with_rag_contracts/732.sol,732.sol,oyente+-060ca34,solidity,2025/06/04,20260213_1744,1771004706.6033142,1.9680652618408203,1,{},{analysis incomplete},{Solidity compilation failed},{}
contracts_output/contracts_output/codellama_with_rag_contracts/752.sol,752.sol,oyente+-060ca34,solidity,2025/06/04,20260213_1744,1771004785.032823,2.09367299079895,1,{},{analysis incomplete},{Solidity compilation failed},{}
contracts_output/contracts_output/codellama_with_rag_contracts/761.sol,761.sol,oyente+-060ca34,solidity,2025/06/04,20260213_1744,1771004983.5745716,80.69446039199829,0,{Integer_Underflow},"{coverage SafeMath 98.4%,coverage Token 82.2%}",{},{}
contracts_output/contracts_output/codellama_with_rag_contracts/772.sol,772.sol,oyente+-060ca34,solidity,2025/06/04,20260213_1744,1771005057.120498,74.11683821678162,0,{Integer_Underflow},"{coverage MyContract 85.1%,coverage SafeMath 98.4%}",{},{}
contracts_output/contracts_output/codellama_with_rag_contracts/780.sol,780.sol,oyente+-060ca34,solidity,2025/06/04,20260213_1744,1771004964.5474968,1.774890422821045,1,{},{analysis incomplete},{Solidity compilation failed},{}
contracts_output/contracts_output/codellama_with_rag_contracts/79.sol,79.sol,oyente+-060ca34,solidity,2025/06/04,20260213_1744,1771005073.1375475,2.107661008834839,1,{},{analysis incomplete},{Solidity compilation failed},{}
contracts_output/contracts_output/codellama_with_rag_contracts/790.sol,790.sol,oyente+-060ca34,solidity,2025/06/04,20260213_1744,1771005097.2443724,20.25794005393982,0,{Integer_Underflow},"{coverage OwnerUpdatableRenExBrokerVerifier 88.1%,coverage SafeMath 98.4%}",{},{}
contracts_output/contracts_output/codellama_with_rag_contracts/799.sol,799.sol,oyente+-060ca34,solidity,2025/06/04,20260213_1744,1771004865.683204,50.247923851013184,0,"{Integer_Overflow,Integer_Underflow}","{coverage Collectible 81.1%,coverage SafeMath 98.4%}",{},{}
contracts_output/contracts_output/codellama_with_rag_contracts/812.sol,812.sol,oyente+-060ca34,solidity,2025/06/04,20260213_1744,1771004784.0516496,1.3563127517700195,1,{},{analysis incomplete},{Solidity compilation failed},{}
contracts_output/contracts_output/codellama_with_rag_contracts/827.sol,827.sol,oyente+-060ca34,solidity,2025/06/04,20260213_1744,1771004857.3811746,81.98916625976562,0,{Integer_Underflow},"{coverage ImageApproval 77.8%,coverage SafeMath 98.4%}",{},{}
contracts_output/contracts_output/codellama_with_rag_contracts/86.sol,86.sol,oyente+-060ca34,solidity,2025/06/04,20260213_1744,1771004794.1481946,1.389665126800537,1,{},{analysis incomplete},{Solidity compilation failed},{}
contracts_output/contracts_output/codellama_with_rag_contracts/868.sol,868.sol,oyente+-060ca34,solidity,2025/06/04,20260213_1744,1771004695.0254617,2.313507080078125,1,{},{analysis incomplete},{Solidity compilation failed},{}
contracts_output/contracts_output/codellama_with_rag_contracts/876.sol,876.sol,oyente+-060ca34,solidity,2025/06/04,20260213_1744,1771004917.5355065,82.75283217430115,0,{Integer_Underflow},"{coverage FinanceApp 75.4%,coverage SafeMath 98.4%}",{},{}
contracts_output/contracts_output/codellama_with_rag_contracts/883.sol,883.sol,oyente+-060ca34,solidity,2025/06/04,20260213_1744,1771004782.4419272,1.7063031196594238,1,{},{analysis incomplete},{Solidity compilation failed},{}
contracts_output/contracts_output/codellama_with_rag_contracts/892.sol,892.sol,oyente+-060ca34,solidity,2025/06/04,20260213_1744,1771005077.3449852,1.4725725650787354,1,{},{analysis incomplete},{Solidity compilation failed},{}
contracts_output/contracts_output/codellama_with_rag_contracts/906.sol,906.sol,oyente+-060ca34,solidity,2025/06/04,20260213_1744,1771005093.608416,1.685819387435913,1,{},{analysis incomplete},{Solidity compilation failed},{}
contracts_output/contracts_output/codellama_with_rag_contracts/915.sol,915.sol,oyente+-060ca34,solidity,2025/06/04,20260213_1744,1771004708.2661698,53.704282999038696,0,"{Integer_Overflow,Integer_Underflow}","{coverage CampaignBudget 81.2%,coverage SafeMath 98.4%}",{},{}
contracts_output/contracts_output/codellama_with_rag_contracts/949.sol,949.sol,oyente+-060ca34,solidity,2025/06/04,20260213_1744,1771005046.4618337,1.299516201019287,1,{},{analysis incomplete},{Solidity compilation failed},{}
contracts_output/contracts_output/codellama_with_rag_contracts/963.sol,963.sol,oyente+-060ca34,solidity,2025/06/04,20260213_1744,1771005024.1190765,50.92224836349487,0,{Integer_Underflow},"{coverage AuthorizedOperators 76.2%,coverage SafeMath 98.4%}",{},{}
contracts_output/contracts_output/codellama_with_rag_contracts/967.sol,967.sol,oyente+-060ca34,solidity,2025/06/04,20260213_1744,1771004939.4927087,33.2870991230011,0,{Integer_Underflow},"{coverage HuntWinner 81.8%,coverage SafeMath 98.4%}",{},{}
contracts_output/contracts_output/codellama_with_rag_contracts/97.sol,97.sol,oyente+-060ca34,solidity,2025/06/04,20260213_1744,1771004935.961707,1.5604493618011475,1,{},{analysis incomplete},{Solidity compilation failed},{}
contracts_output/contracts_output/codellama_with_rag_contracts/971.sol,971.sol,oyente+-060ca34,solidity,2025/06/04,20260213_1744,1771004734.4272072,1.7966008186340332,1,{},{analysis incomplete},{Solidity compilation failed},{}
contracts_output/contracts_output/codellama_with_rag_contracts/1004.sol,1004.sol,slither-0.11.3,solidity,2025/09/14,20260213_1744,1771004802.3953679,2.3300156593322754,1,{},{},{EXIT_CODE_1},"{""analysis unsuccessful, check output.json"",""error parsing results: file could not be opened successfully:
- method gz: ReadError('empty file')
- method bz2: ReadError('not a bzip2 file')
- method xz: ReadError('not an lzma file')
- method tar: ReadError('empty file')"",""exception (crytic_compile.platform.exceptions.InvalidCompilation: Invalid solc compilation Warning: SPDX license identifier not provided in source file. Before publishing, consider adding a comment containing \""SPDX-License-Identifier: <SPDX-License>\"" to each source file. Use \""SPDX-License-Identifier: UNLICENSED\"" for non-open-source code. Please see https://spdx.org for more information.)"",exception (json.decoder.JSONDecodeError: Expecting value: line 1 column 1 (char 0))}"
contracts_output/contracts_output/codellama_with_rag_contracts/1009.sol,1009.sol,slither-0.11.3,solidity,2025/09/14,20260213_1744,1771004788.9532106,2.0971319675445557,1,{},{},{EXIT_CODE_1},"{""analysis unsuccessful, check output.json"",""error parsing results: file could not be opened successfully:
- method gz: ReadError('empty file')
- method bz2: ReadError('not a bzip2 file')
- method xz: ReadError('not an lzma file')
- method tar: ReadError('empty file')"",""exception (crytic_compile.platform.exceptions.InvalidCompilation: Invalid solc compilation Warning: SPDX license identifier not provided in source file. Before publishing, consider adding a comment containing \""SPDX-License-Identifier: <SPDX-License>\"" to each source file. Use \""SPDX-License-Identifier: UNLICENSED\"" for non-open-source code. Please see https://spdx.org for more information.)"",exception (json.decoder.JSONDecodeError: Expecting value: line 1 column 1 (char 0))}"
contracts_output/contracts_output/codellama_with_rag_contracts/1010.sol,1010.sol,slither-0.11.3,solidity,2025/09/14,20260213_1744,1771004787.8675122,2.1569316387176514,255,"{dead_code,naming_convention,solc_version}",{},{},{}
contracts_output/contracts_output/codellama_with_rag_contracts/1032.sol,1032.sol,slither-0.11.3,solidity,2025/09/14,20260213_1744,1771004888.5701885,1.973642349243164,1,{},{},{EXIT_CODE_1},"{""analysis unsuccessful, check output.json"",""error parsing results: file could not be opened successfully:
- method gz: ReadError('empty file')
- method bz2: ReadError('not a bzip2 file')
- method xz: ReadError('not an lzma file')
- method tar: ReadError('empty file')"",exception (crytic_compile.platform.exceptions.InvalidCompilation: Invalid solc compilation Error: Expected primary expression.),exception (json.decoder.JSONDecodeError: Expecting value: line 1 column 1 (char 0))}"
contracts_output/contracts_output/codellama_with_rag_contracts/1053.sol,1053.sol,slither-0.11.3,solidity,2025/09/14,20260213_1744,1771004691.7157335,2.484225034713745,255,"{dead_code,solc_version}",{},{},{}
contracts_output/contracts_output/codellama_with_rag_contracts/107.sol,107.sol,slither-0.11.3,solidity,2025/09/14,20260213_1744,1771004690.56251,2.369410276412964,1,{},{},{EXIT_CODE_1},"{""analysis unsuccessful, check output.json"",""error parsing results: file could not be opened successfully:
- method gz: ReadError('empty file')
- method bz2: ReadError('not a bzip2 file')
- method xz: ReadError('not an lzma file')
- method tar: ReadError('empty file')"",""exception (crytic_compile.platform.exceptions.InvalidCompilation: Invalid solc compilation Warning: SPDX license identifier not provided in source file. Before publishing, consider adding a comment containing \""SPDX-License-Identifier: <SPDX-License>\"" to each source file. Use \""SPDX-License-Identifier: UNLICENSED\"" for non-open-source code. Please see https://spdx.org for more information.)"",exception (json.decoder.JSONDecodeError: Expecting value: line 1 column 1 (char 0))}"
contracts_output/contracts_output/codellama_with_rag_contracts/1091.sol,1091.sol,slither-0.11.3,solidity,2025/09/14,20260213_1744,1771004985.7670517,1.9634058475494385,255,"{cache_array_length,calls_loop,dead_code,msg_value_loop,solc_version}",{},{},{}
contracts_output/contracts_output/codellama_with_rag_contracts/1094.sol,1094.sol,slither-0.11.3,solidity,2025/09/14,20260213_1744,1771004886.7274914,2.3588669300079346,1,{},{},{EXIT_CODE_1},"{""analysis unsuccessful, check output.json"",""error parsing results: file could not be opened successfully:
- method gz: ReadError('empty file')
- method bz2: ReadError('not a bzip2 file')
- method xz: ReadError('not an lzma file')
- method tar: ReadError('empty file')"",""exception (crytic_compile.platform.exceptions.InvalidCompilation: Invalid solc compilation Warning: SPDX license identifier not provided in source file. Before publishing, consider adding a comment containing \""SPDX-License-Identifier: <SPDX-License>\"" to each source file. Use \""SPDX-License-Identifier: UNLICENSED\"" for non-open-source code. Please see https://spdx.org for more information.)"",exception (json.decoder.JSONDecodeError: Expecting value: line 1 column 1 (char 0))}"
contracts_output/contracts_output/codellama_with_rag_contracts/110.sol,110.sol,slither-0.11.3,solidity,2025/09/14,20260213_1744,1771005012.953732,2.105518341064453,1,{},{},{EXIT_CODE_1},"{""analysis unsuccessful, check output.json"",""error parsing results: file could not be opened successfully:
- method gz: ReadError('empty file')
- method bz2: ReadError('not a bzip2 file')
- method xz: ReadError('not an lzma file')
- method tar: ReadError('empty file')"",""exception (crytic_compile.platform.exceptions.InvalidCompilation: Invalid solc compilation Warning: SPDX license identifier not provided in source file. Before publishing, consider adding a comment containing \""SPDX-License-Identifier: <SPDX-License>\"" to each source file. Use \""SPDX-License-Identifier: UNLICENSED\"" for non-open-source code. Please see https://spdx.org for more information.)"",exception (json.decoder.JSONDecodeError: Expecting value: line 1 column 1 (char 0))}"
contracts_output/contracts_output/codellama_with_rag_contracts/1111.sol,1111.sol,slither-0.11.3,solidity,2025/09/14,20260213_1744,1771005042.748692,1.4053170680999756,255,"{dead_code,immutable_states,locked_ether,solc_version}",{},{},{}
contracts_output/contracts_output/codellama_with_rag_contracts/1142.sol,1142.sol,slither-0.11.3,solidity,2025/09/14,20260213_1744,1771004997.533241,1.885211706161499,1,{},{},{EXIT_CODE_1},"{""analysis unsuccessful, check output.json"",""error parsing results: file could not be opened successfully:
- method gz: ReadError('empty file')
- method bz2: ReadError('not a bzip2 file')
- method xz: ReadError('not an lzma file')
- method tar: ReadError('empty file')"",""exception (crytic_compile.platform.exceptions.InvalidCompilation: Invalid solc compilation Warning: SPDX license identifier not provided in source file. Before publishing, consider adding a comment containing \""SPDX-License-Identifier: <SPDX-License>\"" to each source file. Use \""SPDX-License-Identifier: UNLICENSED\"" for non-open-source code. Please see https://spdx.org for more information.)"",exception (json.decoder.JSONDecodeError: Expecting value: line 1 column 1 (char 0))}"
contracts_output/contracts_output/codellama_with_rag_contracts/1147.sol,1147.sol,slither-0.11.3,solidity,2025/09/14,20260213_1744,1771005007.5492685,1.4192349910736084,1,{},{},{EXIT_CODE_1},"{""analysis unsuccessful, check output.json"",""error parsing results: file could not be opened successfully:
- method gz: ReadError('empty file')
- method bz2: ReadError('not a bzip2 file')
- method xz: ReadError('not an lzma file')
- method tar: ReadError('empty file')"",""exception (crytic_compile.platform.exceptions.InvalidCompilation: Invalid solc compilation Warning: SPDX license identifier not provided in source file. Before publishing, consider adding a comment containing \""SPDX-License-Identifier: <SPDX-License>\"" to each source file. Use \""SPDX-License-Identifier: UNLICENSED\"" for non-open-source code. Please see https://spdx.org for more information.)"",exception (json.decoder.JSONDecodeError: Expecting value: line 1 column 1 (char 0))}"
contracts_output/contracts_output/codellama_with_rag_contracts/1148.sol,1148.sol,slither-0.11.3,solidity,2025/09/14,20260213_1744,1771004917.9520903,1.8135344982147217,1,{},{},{EXIT_CODE_1},"{""analysis unsuccessful, check output.json"",""error parsing results: file could not be opened successfully:
- method gz: ReadError('empty file')
- method bz2: ReadError('not a bzip2 file')
- method xz: ReadError('not an lzma file')
- method tar: ReadError('empty file')"",""exception (crytic_compile.platform.exceptions.InvalidCompilation: Invalid solc compilation Error: Expected '{' but got 'constant')"",exception (json.decoder.JSONDecodeError: Expecting value: line 1 column 1 (char 0))}"
contracts_output/contracts_output/codellama_with_rag_contracts/1160.sol,1160.sol,slither-0.11.3,solidity,2025/09/14,20260213_1744,1771004903.7176948,1.7706584930419922,1,{},{},{EXIT_CODE_1},"{""analysis unsuccessful, check output.json"",""error parsing results: file could not be opened successfully:
- method gz: ReadError('empty file')
- method bz2: ReadError('not a bzip2 file')
- method xz: ReadError('not an lzma file')
- method tar: ReadError('empty file')"",""exception (crytic_compile.platform.exceptions.InvalidCompilation: Invalid solc compilation Warning: SPDX license identifier not provided in source file. Before publishing, consider adding a comment containing \""SPDX-License-Identifier: <SPDX-License>\"" to each source file. Use \""SPDX-License-Identifier: UNLICENSED\"" for non-open-source code. Please see https://spdx.org for more information.)"",exception (json.decoder.JSONDecodeError: Expecting value: line 1 column 1 (char 0))}"
contracts_output/contracts_output/codellama_with_rag_contracts/1164.sol,1164.sol,slither-0.11.3,solidity,2025/09/14,20260213_1744,1771004919.427056,1.4774069786071777,1,{},{},{EXIT_CODE_1},"{""analysis unsuccessful, check output.json"",""error parsing results: file could not be opened successfully:
- method gz: ReadError('empty file')
- method bz2: ReadError('not a bzip2 file')
- method xz: ReadError('not an lzma file')
- method tar: ReadError('empty file')"",""exception (crytic_compile.platform.exceptions.InvalidCompilation: Invalid solc compilation Warning: SPDX license identifier not provided in source file. Before publishing, consider adding a comment containing \""SPDX-License-Identifier: <SPDX-License>\"" to each source file. Use \""SPDX-License-Identifier: UNLICENSED\"" for non-open-source code. Please see https://spdx.org for more information.)"",exception (json.decoder.JSONDecodeError: Expecting value: line 1 column 1 (char 0))}"
contracts_output/contracts_output/codellama_with_rag_contracts/1195.sol,1195.sol,slither-0.11.3,solidity,2025/09/14,20260213_1744,1771004826.2646658,1.9856092929840088,1,{},{},{EXIT_CODE_1},"{""analysis unsuccessful, check output.json"",""error parsing results: file could not be opened successfully:
- method gz: ReadError('empty file')
- method bz2: ReadError('not a bzip2 file')
- method xz: ReadError('not an lzma file')
- method tar: ReadError('empty file')"",""exception (crytic_compile.platform.exceptions.InvalidCompilation: Invalid solc compilation Warning: SPDX license identifier not provided in source file. Before publishing, consider adding a comment containing \""SPDX-License-Identifier: <SPDX-License>\"" to each source file. Use \""SPDX-License-Identifier: UNLICENSED\"" for non-open-source code. Please see https://spdx.org for more information.)"",exception (json.decoder.JSONDecodeError: Expecting value: line 1 column 1 (char 0))}"
contracts_output/contracts_output/codellama_with_rag_contracts/1213.sol,1213.sol,slither-0.11.3,solidity,2025/09/14,20260213_1744,1771004748.437297,1.5813329219818115,1,{},{},{EXIT_CODE_1},"{""analysis unsuccessful, check output.json"",""error parsing results: file could not be opened successfully:
- method gz: ReadError('empty file')
- method bz2: ReadError('not a bzip2 file')
- method xz: ReadError('not an lzma file')
- method tar: ReadError('empty file')"",""exception (crytic_compile.platform.exceptions.InvalidCompilation: Invalid solc compilation Warning: SPDX license identifier not provided in source file. Before publishing, consider adding a comment containing \""SPDX-License-Identifier: <SPDX-License>\"" to each source file. Use \""SPDX-License-Identifier: UNLICENSED\"" for non-open-source code. Please see https://spdx.org for more information.)"",exception (json.decoder.JSONDecodeError: Expecting value: line 1 column 1 (char 0))}"
contracts_output/contracts_output/codellama_with_rag_contracts/1228.sol,1228.sol,slither-0.11.3,solidity,2025/09/14,20260213_1744,1771004796.1542623,1.5271587371826172,1,{},{},{EXIT_CODE_1},"{""analysis unsuccessful, check output.json"",""error parsing results: file could not be opened successfully:
- method gz: ReadError('empty file')
- method bz2: ReadError('not a bzip2 file')
- method xz: ReadError('not an lzma file')
- method tar: ReadError('empty file')"",""exception (crytic_compile.platform.exceptions.InvalidCompilation: Invalid solc compilation Warning: SPDX license identifier not provided in source file. Before publishing, consider adding a comment containing \""SPDX-License-Identifier: <SPDX-License>\"" to each source file. Use \""SPDX-License-Identifier: UNLICENSED\"" for non-open-source code. Please see https://spdx.org for more information.)"",exception (json.decoder.JSONDecodeError: Expecting value: line 1 column 1 (char 0))}"
contracts_output/contracts_output/codellama_with_rag_contracts/124.sol,124.sol,slither-0.11.3,solidity,2025/09/14,20260213_1744,1771004817.5855434,1.5839817523956299,1,{},{},{EXIT_CODE_1},"{""analysis unsuccessful, check output.json"",""error parsing results: file could not be opened successfully:
- method gz: ReadError('empty file')
- method bz2: ReadError('not a bzip2 file')
- method xz: ReadError('not an lzma file')
- method tar: ReadError('empty file')"",exception (crytic_compile.platform.exceptions.InvalidCompilation: Invalid solc compilation Error: Expected primary expression.),exception (json.decoder.JSONDecodeError: Expecting value: line 1 column 1 (char 0))}"
contracts_output/contracts_output/codellama_with_rag_contracts/1244.sol,1244.sol,slither-0.11.3,solidity,2025/09/14,20260213_1744,1771004950.9626892,1.5649397373199463,255,"{dead_code,naming_convention,solc_version}",{},{},{}
contracts_output/contracts_output/codellama_with_rag_contracts/1247.sol,1247.sol,slither-0.11.3,solidity,2025/09/14,20260213_1744,1771004849.740596,2.0707411766052246,1,{},{},{EXIT_CODE_1},"{""analysis unsuccessful, check output.json"",""error parsing results: file could not be opened successfully:
- method gz: ReadError('empty file')
- method bz2: ReadError('not a bzip2 file')
- method xz: ReadError('not an lzma file')
- method tar: ReadError('empty file')"",""exception (crytic_compile.platform.exceptions.InvalidCompilation: Invalid solc compilation Warning: SPDX license identifier not provided in source file. Before publishing, consider adding a comment containing \""SPDX-License-Identifier: <SPDX-License>\"" to each source file. Use \""SPDX-License-Identifier: UNLICENSED\"" for non-open-source code. Please see https://spdx.org for more information.)"",exception (json.decoder.JSONDecodeError: Expecting value: line 1 column 1 (char 0))}"
contracts_output/contracts_output/codellama_with_rag_contracts/1259.sol,1259.sol,slither-0.11.3,solidity,2025/09/14,20260213_1744,1771004892.6471806,1.3854269981384277,1,{},{},{EXIT_CODE_1},"{""analysis unsuccessful, check output.json"",""error parsing results: file could not be opened successfully:
- method gz: ReadError('empty file')
- method bz2: ReadError('not a bzip2 file')
- method xz: ReadError('not an lzma file')
- method tar: ReadError('empty file')"",""exception (crytic_compile.platform.exceptions.InvalidCompilation: Invalid solc compilation Warning: SPDX license identifier not provided in source file. Before publishing, consider adding a comment containing \""SPDX-License-Identifier: <SPDX-License>\"" to each source file. Use \""SPDX-License-Identifier: UNLICENSED\"" for non-open-source code. Please see https://spdx.org for more information.)"",exception (json.decoder.JSONDecodeError: Expecting value: line 1 column 1 (char 0))}"
contracts_output/contracts_output/codellama_with_rag_contracts/1262.sol,1262.sol,slither-0.11.3,solidity,2025/09/14,20260213_1744,1771004825.1362977,1.9532392024993896,1,{},{},{EXIT_CODE_1},"{""analysis unsuccessful, check output.json"",""error parsing results: file could not be opened successfully:
- method gz: ReadError('empty file')
- method bz2: ReadError('not a bzip2 file')
- method xz: ReadError('not an lzma file')
- method tar: ReadError('empty file')"",""exception (crytic_compile.platform.exceptions.InvalidCompilation: Invalid solc compilation Warning: SPDX license identifier not provided in source file. Before publishing, consider adding a comment containing \""SPDX-License-Identifier: <SPDX-License>\"" to each source file. Use \""SPDX-License-Identifier: UNLICENSED\"" for non-open-source code. Please see https://spdx.org for more information.)"",exception (json.decoder.JSONDecodeError: Expecting value: line 1 column 1 (char 0))}"
contracts_output/contracts_output/codellama_with_rag_contracts/1265.sol,1265.sol,slither-0.11.3,solidity,2025/09/14,20260213_1744,1771005068.5349982,2.001577138900757,255,"{constable_states,dead_code,immutable_states,solc_version,too_many_digits}",{},{},{}
contracts_output/contracts_output/codellama_with_rag_contracts/1268.sol,1268.sol,slither-0.11.3,solidity,2025/09/14,20260213_1744,1771004954.384597,1.679638385772705,255,"{dead_code,naming_convention,shadowing_local,solc_version}",{},{},{}
contracts_output/contracts_output/codellama_with_rag_contracts/1281.sol,1281.sol,slither-0.11.3,solidity,2025/09/14,20260213_1744,1771004724.1965785,1.841980218887329,255,"{dead_code,solc_version}",{},{},{}
contracts_output/contracts_output/codellama_with_rag_contracts/1283.sol,1283.sol,slither-0.11.3,solidity,2025/09/14,20260213_1744,1771005059.7656667,1.9110641479492188,1,{},{},{EXIT_CODE_1},"{""analysis unsuccessful, check output.json"",""error parsing results: file could not be opened successfully:
- method gz: ReadError('empty file')
- method bz2: ReadError('not a bzip2 file')
- method xz: ReadError('not an lzma file')
- method tar: ReadError('empty file')"",""exception (crytic_compile.platform.exceptions.InvalidCompilation: Invalid solc compilation Warning: SPDX license identifier not provided in source file. Before publishing, consider adding a comment containing \""SPDX-License-Identifier: <SPDX-License>\"" to each source file. Use \""SPDX-License-Identifier: UNLICENSED\"" for non-open-source code. Please see https://spdx.org for more information.)"",exception (json.decoder.JSONDecodeError: Expecting value: line 1 column 1 (char 0))}"
contracts_output/contracts_output/codellama_with_rag_contracts/1286.sol,1286.sol,slither-0.11.3,solidity,2025/09/14,20260213_1744,1771004697.1222699,2.302971839904785,1,{},{},{EXIT_CODE_1},"{""analysis unsuccessful, check output.json"",""error parsing results: file could not be opened successfully:
- method gz: ReadError('empty file')
- method bz2: ReadError('not a bzip2 file')
- method xz: ReadError('not an lzma file')
- method tar: ReadError('empty file')"",""exception (crytic_compile.platform.exceptions.InvalidCompilation: Invalid solc compilation Warning: SPDX license identifier not provided in source file. Before publishing, consider adding a comment containing \""SPDX-License-Identifier: <SPDX-License>\"" to each source file. Use \""SPDX-License-Identifier: UNLICENSED\"" for non-open-source code. Please see https://spdx.org for more information.)"",exception (json.decoder.JSONDecodeError: Expecting value: line 1 column 1 (char 0))}"
contracts_output/contracts_output/codellama_with_rag_contracts/1315.sol,1315.sol,slither-0.11.3,solidity,2025/09/14,20260213_1744,1771004987.7462413,2.0440146923065186,1,{},{},{EXIT_CODE_1},"{""analysis unsuccessful, check output.json"",""error parsing results: file could not be opened successfully:
- method gz: ReadError('empty file')
- method bz2: ReadError('not a bzip2 file')
- method xz: ReadError('not an lzma file')
- method tar: ReadError('empty file')"",""exception (crytic_compile.platform.exceptions.InvalidCompilation: Invalid solc compilation Warning: SPDX license identifier not provided in source file. Before publishing, consider adding a comment containing \""SPDX-License-Identifier: <SPDX-License>\"" to each source file. Use \""SPDX-License-Identifier: UNLICENSED\"" for non-open-source code. Please see https://spdx.org for more information.)"",exception (json.decoder.JSONDecodeError: Expecting value: line 1 column 1 (char 0))}"
contracts_output/contracts_output/codellama_with_rag_contracts/1319.sol,1319.sol,slither-0.11.3,solidity,2025/09/14,20260213_1744,1771004869.1668913,1.6744129657745361,1,{},{},{EXIT_CODE_1},"{""analysis unsuccessful, check output.json"",""error parsing results: file could not be opened successfully:
- method gz: ReadError('empty file')
- method bz2: ReadError('not a bzip2 file')
- method xz: ReadError('not an lzma file')
- method tar: ReadError('empty file')"",""exception (crytic_compile.platform.exceptions.InvalidCompilation: Invalid solc compilation Warning: SPDX license identifier not provided in source file. Before publishing, consider adding a comment containing \""SPDX-License-Identifier: <SPDX-License>\"" to each source file. Use \""SPDX-License-Identifier: UNLICENSED\"" for non-open-source code. Please see https://spdx.org for more information.)"",exception (json.decoder.JSONDecodeError: Expecting value: line 1 column 1 (char 0))}"
contracts_output/contracts_output/codellama_with_rag_contracts/1334.sol,1334.sol,slither-0.11.3,solidity,2025/09/14,20260213_1744,1771004885.6135828,2.604639768600464,255,"{dead_code,immutable_states,missing_zero_check,solc_version}",{},{},{}
contracts_output/contracts_output/codellama_with_rag_contracts/1335.sol,1335.sol,slither-0.11.3,solidity,2025/09/14,20260213_1744,1771004971.8313968,1.7513542175292969,1,{},{},{EXIT_CODE_1},"{""analysis unsuccessful, check output.json"",""error parsing results: file could not be opened successfully:
- method gz: ReadError('empty file')
- method bz2: ReadError('not a bzip2 file')
- method xz: ReadError('not an lzma file')
- method tar: ReadError('empty file')"",""exception (crytic_compile.platform.exceptions.InvalidCompilation: Invalid solc compilation Warning: SPDX license identifier not provided in source file. Before publishing, consider adding a comment containing \""SPDX-License-Identifier: <SPDX-License>\"" to each source file. Use \""SPDX-License-Identifier: UNLICENSED\"" for non-open-source code. Please see https://spdx.org for more information.)"",exception (json.decoder.JSONDecodeError: Expecting value: line 1 column 1 (char 0))}"
contracts_output/contracts_output/codellama_with_rag_contracts/1356.sol,1356.sol,slither-0.11.3,solidity,2025/09/14,20260213_1744,1771005008.1259909,1.7178843021392822,255,"{dead_code,solc_version}",{},{},{}
contracts_output/contracts_output/codellama_with_rag_contracts/1358.sol,1358.sol,slither-0.11.3,solidity,2025/09/14,20260213_1744,1771004920.906239,1.450538158416748,1,{},{},{EXIT_CODE_1},"{""analysis unsuccessful, check output.json"",""error parsing results: file could not be opened successfully:
- method gz: ReadError('empty file')
- method bz2: ReadError('not a bzip2 file')
- method xz: ReadError('not an lzma file')
- method tar: ReadError('empty file')"",""exception (crytic_compile.platform.exceptions.InvalidCompilation: Invalid solc compilation Warning: SPDX license identifier not provided in source file. Before publishing, consider adding a comment containing \""SPDX-License-Identifier: <SPDX-License>\"" to each source file. Use \""SPDX-License-Identifier: UNLICENSED\"" for non-open-source code. Please see https://spdx.org for more information.)"",exception (json.decoder.JSONDecodeError: Expecting value: line 1 column 1 (char 0))}"
contracts_output/contracts_output/codellama_with_rag_contracts/1383.sol,1383.sol,slither-0.11.3,solidity,2025/09/14,20260213_1744,1771004884.3743494,2.351086378097534,1,{},{},{EXIT_CODE_1},"{""analysis unsuccessful, check output.json"",""error parsing results: file could not be opened successfully:
- method gz: ReadError('empty file')
- method bz2: ReadError('not a bzip2 file')
- method xz: ReadError('not an lzma file')
- method tar: ReadError('empty file')"",""exception (crytic_compile.platform.exceptions.InvalidCompilation: Invalid solc compilation Warning: SPDX license identifier not provided in source file. Before publishing, consider adding a comment containing \""SPDX-License-Identifier: <SPDX-License>\"" to each source file. Use \""SPDX-License-Identifier: UNLICENSED\"" for non-open-source code. Please see https://spdx.org for more information.)"",exception (json.decoder.JSONDecodeError: Expecting value: line 1 column 1 (char 0))}"
contracts_output/contracts_output/codellama_with_rag_contracts/1386.sol,1386.sol,slither-0.11.3,solidity,2025/09/14,20260213_1744,1771004743.695753,1.2974951267242432,255,"{dead_code,naming_convention,solc_version}",{},{},{}
contracts_output/contracts_output/codellama_with_rag_contracts/1398.sol,1398.sol,slither-0.11.3,solidity,2025/09/14,20260213_1744,1771004754.046508,1.7331032752990723,1,{},{},{EXIT_CODE_1},"{""analysis unsuccessful, check output.json"",""error parsing results: file could not be opened successfully:
- method gz: ReadError('empty file')
- method bz2: ReadError('not a bzip2 file')
- method xz: ReadError('not an lzma file')
- method tar: ReadError('empty file')"",exception (crytic_compile.platform.exceptions.InvalidCompilation: Invalid solc compilation Error: Expected identifier but got reserved keyword 'reference'),exception (json.decoder.JSONDecodeError: Expecting value: line 1 column 1 (char 0))}"
contracts_output/contracts_output/codellama_with_rag_contracts/1413.sol,1413.sol,slither-0.11.3,solidity,2025/09/14,20260213_1744,1771004836.0942588,1.7168915271759033,1,{},{},{EXIT_CODE_1},"{""analysis unsuccessful, check output.json"",""error parsing results: file could not be opened successfully:
- method gz: ReadError('empty file')
- method bz2: ReadError('not a bzip2 file')
- method xz: ReadError('not an lzma file')
- method tar: ReadError('empty file')"",""exception (crytic_compile.platform.exceptions.InvalidCompilation: Invalid solc compilation Warning: SPDX license identifier not provided in source file. Before publishing, consider adding a comment containing \""SPDX-License-Identifier: <SPDX-License>\"" to each source file. Use \""SPDX-License-Identifier: UNLICENSED\"" for non-open-source code. Please see https://spdx.org for more information.)"",exception (json.decoder.JSONDecodeError: Expecting value: line 1 column 1 (char 0))}"
contracts_output/contracts_output/codellama_with_rag_contracts/1424.sol,1424.sol,slither-0.11.3,solidity,2025/09/14,20260213_1744,1771005088.645896,1.5186967849731445,1,{},{},{EXIT_CODE_1},"{""analysis unsuccessful, check output.json"",""error parsing results: file could not be opened successfully:
- method gz: ReadError('empty file')
- method bz2: ReadError('not a bzip2 file')
- method xz: ReadError('not an lzma file')
- method tar: ReadError('empty file')"",""exception (crytic_compile.platform.exceptions.InvalidCompilation: Invalid solc compilation Warning: SPDX license identifier not provided in source file. Before publishing, consider adding a comment containing \""SPDX-License-Identifier: <SPDX-License>\"" to each source file. Use \""SPDX-License-Identifier: UNLICENSED\"" for non-open-source code. Please see https://spdx.org for more information.)"",exception (json.decoder.JSONDecodeError: Expecting value: line 1 column 1 (char 0))}"
contracts_output/contracts_output/codellama_with_rag_contracts/1438.sol,1438.sol,slither-0.11.3,solidity,2025/09/14,20260213_1744,1771004725.996253,1.730905294418335,1,{},{},{EXIT_CODE_1},"{""analysis unsuccessful, check output.json"",""error parsing results: file could not be opened successfully:
- method gz: ReadError('empty file')
- method bz2: ReadError('not a bzip2 file')
- method xz: ReadError('not an lzma file')
- method tar: ReadError('empty file')"",""exception (crytic_compile.platform.exceptions.InvalidCompilation: Invalid solc compilation Warning: SPDX license identifier not provided in source file. Before publishing, consider adding a comment containing \""SPDX-License-Identifier: <SPDX-License>\"" to each source file. Use \""SPDX-License-Identifier: UNLICENSED\"" for non-open-source code. Please see https://spdx.org for more information.)"",exception (json.decoder.JSONDecodeError: Expecting value: line 1 column 1 (char 0))}"
contracts_output/contracts_output/codellama_with_rag_contracts/1443.sol,1443.sol,slither-0.11.3,solidity,2025/09/14,20260213_1744,1771004790.758028,1.962578535079956,1,{},{},{EXIT_CODE_1},"{""analysis unsuccessful, check output.json"",""error parsing results: file could not be opened successfully:
- method gz: ReadError('empty file')
- method bz2: ReadError('not a bzip2 file')
- method xz: ReadError('not an lzma file')
- method tar: ReadError('empty file')"",""exception (crytic_compile.platform.exceptions.InvalidCompilation: Invalid solc compilation Warning: SPDX license identifier not provided in source file. Before publishing, consider adding a comment containing \""SPDX-License-Identifier: <SPDX-License>\"" to each source file. Use \""SPDX-License-Identifier: UNLICENSED\"" for non-open-source code. Please see https://spdx.org for more information.)"",exception (json.decoder.JSONDecodeError: Expecting value: line 1 column 1 (char 0))}"
contracts_output/contracts_output/codellama_with_rag_contracts/146.sol,146.sol,slither-0.11.3,solidity,2025/09/14,20260213_1744,1771004690.2565222,2.5135209560394287,255,"{dead_code,solc_version}",{},{},{}
contracts_output/contracts_output/codellama_with_rag_contracts/1493.sol,1493.sol,slither-0.11.3,solidity,2025/09/14,20260213_1744,1771004686.275193,1.9481666088104248,1,{},{},{EXIT_CODE_1},"{""analysis unsuccessful, check output.json"",""error parsing results: file could not be opened successfully:
- method gz: ReadError('empty file')
- method bz2: ReadError('not a bzip2 file')
- method xz: ReadError('not an lzma file')
- method tar: ReadError('empty file')"",""exception (crytic_compile.platform.exceptions.InvalidCompilation: Invalid solc compilation Warning: SPDX license identifier not provided in source file. Before publishing, consider adding a comment containing \""SPDX-License-Identifier: <SPDX-License>\"" to each source file. Use \""SPDX-License-Identifier: UNLICENSED\"" for non-open-source code. Please see https://spdx.org for more information.)"",exception (json.decoder.JSONDecodeError: Expecting value: line 1 column 1 (char 0))}"
contracts_output/contracts_output/codellama_with_rag_contracts/1522.sol,1522.sol,slither-0.11.3,solidity,2025/09/14,20260213_1744,1771004794.0333931,1.6663622856140137,255,"{dead_code,naming_convention,solc_version}",{},{},{}
contracts_output/contracts_output/codellama_with_rag_contracts/153.sol,153.sol,slither-0.11.3,solidity,2025/09/14,20260213_1744,1771004908.2759454,1.4529807567596436,1,{},{},{EXIT_CODE_1},"{""analysis unsuccessful, check output.json"",""error parsing results: file could not be opened successfully:
- method gz: ReadError('empty file')
- method bz2: ReadError('not a bzip2 file')
- method xz: ReadError('not an lzma file')
- method tar: ReadError('empty file')"",""exception (crytic_compile.platform.exceptions.InvalidCompilation: Invalid solc compilation Warning: SPDX license identifier not provided in source file. Before publishing, consider adding a comment containing \""SPDX-License-Identifier: <SPDX-License>\"" to each source file. Use \""SPDX-License-Identifier: UNLICENSED\"" for non-open-source code. Please see https://spdx.org for more information.)"",exception (json.decoder.JSONDecodeError: Expecting value: line 1 column 1 (char 0))}"
contracts_output/contracts_output/codellama_with_rag_contracts/1531.sol,1531.sol,slither-0.11.3,solidity,2025/09/14,20260213_1744,1771004796.0158916,1.4501523971557617,1,{},{},{EXIT_CODE_1},"{""analysis unsuccessful, check output.json"",""error parsing results: file could not be opened successfully:
- method gz: ReadError('empty file')
- method bz2: ReadError('not a bzip2 file')
- method xz: ReadError('not an lzma file')
- method tar: ReadError('empty file')"",""exception (crytic_compile.platform.exceptions.InvalidCompilation: Invalid solc compilation Warning: SPDX license identifier not provided in source file. Before publishing, consider adding a comment containing \""SPDX-License-Identifier: <SPDX-License>\"" to each source file. Use \""SPDX-License-Identifier: UNLICENSED\"" for non-open-source code. Please see https://spdx.org for more information.)"",exception (json.decoder.JSONDecodeError: Expecting value: line 1 column 1 (char 0))}"
contracts_output/contracts_output/codellama_with_rag_contracts/1558.sol,1558.sol,slither-0.11.3,solidity,2025/09/14,20260213_1744,1771004939.8634214,1.5395491123199463,1,{},{},{EXIT_CODE_1},"{""analysis unsuccessful, check output.json"",""error parsing results: file could not be opened successfully:
- method gz: ReadError('empty file')
- method bz2: ReadError('not a bzip2 file')
- method xz: ReadError('not an lzma file')
- method tar: ReadError('empty file')"",""exception (crytic_compile.platform.exceptions.InvalidCompilation: Invalid solc compilation Warning: SPDX license identifier not provided in source file. Before publishing, consider adding a comment containing \""SPDX-License-Identifier: <SPDX-License>\"" to each source file. Use \""SPDX-License-Identifier: UNLICENSED\"" for non-open-source code. Please see https://spdx.org for more information.)"",exception (json.decoder.JSONDecodeError: Expecting value: line 1 column 1 (char 0))}"
contracts_output/contracts_output/codellama_with_rag_contracts/1565.sol,1565.sol,slither-0.11.3,solidity,2025/09/14,20260213_1744,1771004771.0115604,1.6351759433746338,1,{},{},{EXIT_CODE_1},"{""analysis unsuccessful, check output.json"",""error parsing results: file could not be opened successfully:
- method gz: ReadError('empty file')
- method bz2: ReadError('not a bzip2 file')
- method xz: ReadError('not an lzma file')
- method tar: ReadError('empty file')"",""exception (crytic_compile.platform.exceptions.InvalidCompilation: Invalid solc compilation Warning: SPDX license identifier not provided in source file. Before publishing, consider adding a comment containing \""SPDX-License-Identifier: <SPDX-License>\"" to each source file. Use \""SPDX-License-Identifier: UNLICENSED\"" for non-open-source code. Please see https://spdx.org for more information.)"",exception (json.decoder.JSONDecodeError: Expecting value: line 1 column 1 (char 0))}"
contracts_output/contracts_output/codellama_with_rag_contracts/1587.sol,1587.sol,slither-0.11.3,solidity,2025/09/14,20260213_1744,1771004936.774768,2.255129337310791,1,{},{},{EXIT_CODE_1},"{""analysis unsuccessful, check output.json"",""error parsing results: file could not be opened successfully:
- method gz: ReadError('empty file')
- method bz2: ReadError('not a bzip2 file')
- method xz: ReadError('not an lzma file')
- method tar: ReadError('empty file')"",""exception (crytic_compile.platform.exceptions.InvalidCompilation: Invalid solc compilation Warning: SPDX license identifier not provided in source file. Before publishing, consider adding a comment containing \""SPDX-License-Identifier: <SPDX-License>\"" to each source file. Use \""SPDX-License-Identifier: UNLICENSED\"" for non-open-source code. Please see https://spdx.org for more information.)"",exception (json.decoder.JSONDecodeError: Expecting value: line 1 column 1 (char 0))}"
contracts_output/contracts_output/codellama_with_rag_contracts/1589.sol,1589.sol,slither-0.11.3,solidity,2025/09/14,20260213_1744,1771004857.5182867,2.48549222946167,1,{},{},{EXIT_CODE_1},"{""analysis unsuccessful, check output.json"",""error parsing results: file could not be opened successfully:
- method gz: ReadError('empty file')
- method bz2: ReadError('not a bzip2 file')
- method xz: ReadError('not an lzma file')
- method tar: ReadError('empty file')"",""exception (crytic_compile.platform.exceptions.InvalidCompilation: Invalid solc compilation Warning: SPDX license identifier not provided in source file. Before publishing, consider adding a comment containing \""SPDX-License-Identifier: <SPDX-License>\"" to each source file. Use \""SPDX-License-Identifier: UNLICENSED\"" for non-open-source code. Please see https://spdx.org for more information.)"",exception (json.decoder.JSONDecodeError: Expecting value: line 1 column 1 (char 0))}"
contracts_output/contracts_output/codellama_with_rag_contracts/1597.sol,1597.sol,slither-0.11.3,solidity,2025/09/14,20260213_1744,1771004786.0802479,1.785449743270874,255,"{dead_code,locked_ether,solc_version}",{},{},{}
contracts_output/contracts_output/codellama_with_rag_contracts/1600.sol,1600.sol,slither-0.11.3,solidity,2025/09/14,20260213_1744,1771004952.5415857,1.841470718383789,1,{},{},{EXIT_CODE_1},"{""analysis unsuccessful, check output.json"",""error parsing results: file could not be opened successfully:
- method gz: ReadError('empty file')
- method bz2: ReadError('not a bzip2 file')
- method xz: ReadError('not an lzma file')
- method tar: ReadError('empty file')"",""exception (crytic_compile.platform.exceptions.InvalidCompilation: Invalid solc compilation Warning: SPDX license identifier not provided in source file. Before publishing, consider adding a comment containing \""SPDX-License-Identifier: <SPDX-License>\"" to each source file. Use \""SPDX-License-Identifier: UNLICENSED\"" for non-open-source code. Please see https://spdx.org for more information.)"",exception (json.decoder.JSONDecodeError: Expecting value: line 1 column 1 (char 0))}"
contracts_output/contracts_output/codellama_with_rag_contracts/1609.sol,1609.sol,slither-0.11.3,solidity,2025/09/14,20260213_1744,1771004949.4266195,1.7809386253356934,1,{},{},{EXIT_CODE_1},"{""analysis unsuccessful, check output.json"",""error parsing results: file could not be opened successfully:
- method gz: ReadError('empty file')
- method bz2: ReadError('not a bzip2 file')
- method xz: ReadError('not an lzma file')
- method tar: ReadError('empty file')"",""exception (crytic_compile.platform.exceptions.InvalidCompilation: Invalid solc compilation Warning: SPDX license identifier not provided in source file. Before publishing, consider adding a comment containing \""SPDX-License-Identifier: <SPDX-License>\"" to each source file. Use \""SPDX-License-Identifier: UNLICENSED\"" for non-open-source code. Please see https://spdx.org for more information.)"",exception (json.decoder.JSONDecodeError: Expecting value: line 1 column 1 (char 0))}"
contracts_output/contracts_output/codellama_with_rag_contracts/1613.sol,1613.sol,slither-0.11.3,solidity,2025/09/14,20260213_1744,1771005070.7961833,1.4868125915527344,1,{},{},{EXIT_CODE_1},"{""analysis unsuccessful, check output.json"",""error parsing results: file could not be opened successfully:
- method gz: ReadError('empty file')
- method bz2: ReadError('not a bzip2 file')
- method xz: ReadError('not an lzma file')
- method tar: ReadError('empty file')"",""exception (crytic_compile.platform.exceptions.InvalidCompilation: Invalid solc compilation Warning: SPDX license identifier not provided in source file. Before publishing, consider adding a comment containing \""SPDX-License-Identifier: <SPDX-License>\"" to each source file. Use \""SPDX-License-Identifier: UNLICENSED\"" for non-open-source code. Please see https://spdx.org for more information.)"",exception (json.decoder.JSONDecodeError: Expecting value: line 1 column 1 (char 0))}"
contracts_output/contracts_output/codellama_with_rag_contracts/1617.sol,1617.sol,slither-0.11.3,solidity,2025/09/14,20260213_1744,1771005065.6824846,1.7265212535858154,1,{},{},{EXIT_CODE_1},"{""analysis unsuccessful, check output.json"",""error parsing results: file could not be opened successfully:
- method gz: ReadError('empty file')
- method bz2: ReadError('not a bzip2 file')
- method xz: ReadError('not an lzma file')
- method tar: ReadError('empty file')"",""exception (crytic_compile.platform.exceptions.InvalidCompilation: Invalid solc compilation Warning: SPDX license identifier not provided in source file. Before publishing, consider adding a comment containing \""SPDX-License-Identifier: <SPDX-License>\"" to each source file. Use \""SPDX-License-Identifier: UNLICENSED\"" for non-open-source code. Please see https://spdx.org for more information.)"",exception (json.decoder.JSONDecodeError: Expecting value: line 1 column 1 (char 0))}"
contracts_output/contracts_output/codellama_with_rag_contracts/1642.sol,1642.sol,slither-0.11.3,solidity,2025/09/14,20260213_1744,1771005101.7134504,1.5726497173309326,1,{},{},{EXIT_CODE_1},"{""analysis unsuccessful, check output.json"",""error parsing results: file could not be opened successfully:
- method gz: ReadError('empty file')
- method bz2: ReadError('not a bzip2 file')
- method xz: ReadError('not an lzma file')
- method tar: ReadError('empty file')"",""exception (crytic_compile.platform.exceptions.InvalidCompilation: Invalid solc compilation Warning: SPDX license identifier not provided in source file. Before publishing, consider adding a comment containing \""SPDX-License-Identifier: <SPDX-License>\"" to each source file. Use \""SPDX-License-Identifier: UNLICENSED\"" for non-open-source code. Please see https://spdx.org for more information.)"",exception (json.decoder.JSONDecodeError: Expecting value: line 1 column 1 (char 0))}"
contracts_output/contracts_output/codellama_with_rag_contracts/1644.sol,1644.sol,slither-0.11.3,solidity,2025/09/14,20260213_1744,1771005063.6544843,1.4952800273895264,1,{},{},{EXIT_CODE_1},"{""analysis unsuccessful, check output.json"",""error parsing results: file could not be opened successfully:
- method gz: ReadError('empty file')
- method bz2: ReadError('not a bzip2 file')
- method xz: ReadError('not an lzma file')
- method tar: ReadError('empty file')"",""exception (crytic_compile.platform.exceptions.InvalidCompilation: Invalid solc compilation Warning: SPDX license identifier not provided in source file. Before publishing, consider adding a comment containing \""SPDX-License-Identifier: <SPDX-License>\"" to each source file. Use \""SPDX-License-Identifier: UNLICENSED\"" for non-open-source code. Please see https://spdx.org for more information.)"",exception (json.decoder.JSONDecodeError: Expecting value: line 1 column 1 (char 0))}"
contracts_output/contracts_output/codellama_with_rag_contracts/1662.sol,1662.sol,slither-0.11.3,solidity,2025/09/14,20260213_1744,1771004875.9700382,2.6361799240112305,255,"{constable_states,dead_code,solc_version}",{},{},{}
contracts_output/contracts_output/codellama_with_rag_contracts/1663.sol,1663.sol,slither-0.11.3,solidity,2025/09/14,20260213_1744,1771004689.574869,2.680081367492676,255,"{dead_code,immutable_states,solc_version,timestamp}",{},{},{}
contracts_output/contracts_output/codellama_with_rag_contracts/170.sol,170.sol,slither-0.11.3,solidity,2025/09/14,20260213_1744,1771005070.8106139,1.9355559349060059,1,{},{},{EXIT_CODE_1},"{""analysis unsuccessful, check output.json"",""error parsing results: file could not be opened successfully:
- method gz: ReadError('empty file')
- method bz2: ReadError('not a bzip2 file')
- method xz: ReadError('not an lzma file')
- method tar: ReadError('empty file')"",""exception (crytic_compile.platform.exceptions.InvalidCompilation: Invalid solc compilation Warning: SPDX license identifier not provided in source file. Before publishing, consider adding a comment containing \""SPDX-License-Identifier: <SPDX-License>\"" to each source file. Use \""SPDX-License-Identifier: UNLICENSED\"" for non-open-source code. Please see https://spdx.org for more information.)"",exception (json.decoder.JSONDecodeError: Expecting value: line 1 column 1 (char 0))}"
contracts_output/contracts_output/codellama_with_rag_contracts/1700.sol,1700.sol,slither-0.11.3,solidity,2025/09/14,20260213_1744,1771004872.1685996,2.5926146507263184,255,"{dead_code,immutable_states,missing_zero_check,solc_version}",{},{},{}
contracts_output/contracts_output/codellama_with_rag_contracts/1722.sol,1722.sol,slither-0.11.3,solidity,2025/09/14,20260213_1744,1771004835.272617,1.8631114959716797,255,"{dead_code,locked_ether,solc_version}",{},{},{}
contracts_output/contracts_output/codellama_with_rag_contracts/1735.sol,1735.sol,slither-0.11.3,solidity,2025/09/14,20260213_1744,1771004966.651071,1.8023889064788818,1,{},{},{EXIT_CODE_1},"{""analysis unsuccessful, check output.json"",""error parsing results: file could not be opened successfully:
- method gz: ReadError('empty file')
- method bz2: ReadError('not a bzip2 file')
- method xz: ReadError('not an lzma file')
- method tar: ReadError('empty file')"",""exception (crytic_compile.platform.exceptions.InvalidCompilation: Invalid solc compilation Warning: SPDX license identifier not provided in source file. Before publishing, consider adding a comment containing \""SPDX-License-Identifier: <SPDX-License>\"" to each source file. Use \""SPDX-License-Identifier: UNLICENSED\"" for non-open-source code. Please see https://spdx.org for more information.)"",exception (json.decoder.JSONDecodeError: Expecting value: line 1 column 1 (char 0))}"
contracts_output/contracts_output/codellama_with_rag_contracts/1777.sol,1777.sol,slither-0.11.3,solidity,2025/09/14,20260213_1744,1771005058.3057635,2.2583725452423096,255,"{dead_code,naming_convention,solc_version}",{},{},{}
contracts_output/contracts_output/codellama_with_rag_contracts/1782.sol,1782.sol,slither-0.11.3,solidity,2025/09/14,20260213_1744,1771004869.6068146,1.6033923625946045,1,{},{},{EXIT_CODE_1},"{""analysis unsuccessful, check output.json"",""error parsing results: file could not be opened successfully:
- method gz: ReadError('empty file')
- method bz2: ReadError('not a bzip2 file')
- method xz: ReadError('not an lzma file')
- method tar: ReadError('empty file')"",""exception (crytic_compile.platform.exceptions.InvalidCompilation: Invalid solc compilation Warning: SPDX license identifier not provided in source file. Before publishing, consider adding a comment containing \""SPDX-License-Identifier: <SPDX-License>\"" to each source file. Use \""SPDX-License-Identifier: UNLICENSED\"" for non-open-source code. Please see https://spdx.org for more information.)"",exception (json.decoder.JSONDecodeError: Expecting value: line 1 column 1 (char 0))}"
contracts_output/contracts_output/codellama_with_rag_contracts/1790.sol,1790.sol,slither-0.11.3,solidity,2025/09/14,20260213_1744,1771005002.2576985,1.945836067199707,1,{},{},{EXIT_CODE_1},"{""analysis unsuccessful, check output.json"",""error parsing results: file could not be opened successfully:
- method gz: ReadError('empty file')
- method bz2: ReadError('not a bzip2 file')
- method xz: ReadError('not an lzma file')
- method tar: ReadError('empty file')"",exception (crytic_compile.platform.exceptions.InvalidCompilation: Invalid solc compilation Error: Expected ';' but got reserved keyword 'in'),exception (json.decoder.JSONDecodeError: Expecting value: line 1 column 1 (char 0))}"
contracts_output/contracts_output/codellama_with_rag_contracts/1809.sol,1809.sol,slither-0.11.3,solidity,2025/09/14,20260213_1744,1771004736.9297872,1.1723425388336182,1,{},{},{EXIT_CODE_1},"{""analysis unsuccessful, check output.json"",""error parsing results: file could not be opened successfully:
- method gz: ReadError('empty file')
- method bz2: ReadError('not a bzip2 file')
- method xz: ReadError('not an lzma file')
- method tar: ReadError('empty file')"",""exception (crytic_compile.platform.exceptions.InvalidCompilation: Invalid solc compilation Warning: SPDX license identifier not provided in source file. Before publishing, consider adding a comment containing \""SPDX-License-Identifier: <SPDX-License>\"" to each source file. Use \""SPDX-License-Identifier: UNLICENSED\"" for non-open-source code. Please see https://spdx.org for more information.)"",exception (json.decoder.JSONDecodeError: Expecting value: line 1 column 1 (char 0))}"
contracts_output/contracts_output/codellama_with_rag_contracts/1814.sol,1814.sol,slither-0.11.3,solidity,2025/09/14,20260213_1744,1771004804.1428664,1.6092753410339355,1,{},{},{EXIT_CODE_1},"{""analysis unsuccessful, check output.json"",""error parsing results: file could not be opened successfully:
- method gz: ReadError('empty file')
- method bz2: ReadError('not a bzip2 file')
- method xz: ReadError('not an lzma file')
- method tar: ReadError('empty file')"",""exception (crytic_compile.platform.exceptions.InvalidCompilation: Invalid solc compilation Warning: SPDX license identifier not provided in source file. Before publishing, consider adding a comment containing \""SPDX-License-Identifier: <SPDX-License>\"" to each source file. Use \""SPDX-License-Identifier: UNLICENSED\"" for non-open-source code. Please see https://spdx.org for more information.)"",exception (json.decoder.JSONDecodeError: Expecting value: line 1 column 1 (char 0))}"
contracts_output/contracts_output/codellama_with_rag_contracts/1824.sol,1824.sol,slither-0.11.3,solidity,2025/09/14,20260213_1744,1771004901.170178,1.5947420597076416,1,{},{},{EXIT_CODE_1},"{""analysis unsuccessful, check output.json"",""error parsing results: file could not be opened successfully:
- method gz: ReadError('empty file')
- method bz2: ReadError('not a bzip2 file')
- method xz: ReadError('not an lzma file')
- method tar: ReadError('empty file')"",""exception (crytic_compile.platform.exceptions.InvalidCompilation: Invalid solc compilation Warning: SPDX license identifier not provided in source file. Before publishing, consider adding a comment containing \""SPDX-License-Identifier: <SPDX-License>\"" to each source file. Use \""SPDX-License-Identifier: UNLICENSED\"" for non-open-source code. Please see https://spdx.org for more information.)"",exception (json.decoder.JSONDecodeError: Expecting value: line 1 column 1 (char 0))}"
contracts_output/contracts_output/codellama_with_rag_contracts/1832.sol,1832.sol,slither-0.11.3,solidity,2025/09/14,20260213_1744,1771005049.2333796,1.5510358810424805,1,{},{},{EXIT_CODE_1},"{""analysis unsuccessful, check output.json"",""error parsing results: file could not be opened successfully:
- method gz: ReadError('empty file')
- method bz2: ReadError('not a bzip2 file')
- method xz: ReadError('not an lzma file')
- method tar: ReadError('empty file')"",""exception (crytic_compile.platform.exceptions.InvalidCompilation: Invalid solc compilation Warning: SPDX license identifier not provided in source file. Before publishing, consider adding a comment containing \""SPDX-License-Identifier: <SPDX-License>\"" to each source file. Use \""SPDX-License-Identifier: UNLICENSED\"" for non-open-source code. Please see https://spdx.org for more information.)"",exception (json.decoder.JSONDecodeError: Expecting value: line 1 column 1 (char 0))}"
contracts_output/contracts_output/codellama_with_rag_contracts/1838.sol,1838.sol,slither-0.11.3,solidity,2025/09/14,20260213_1744,1771004965.3415537,1.8632445335388184,255,"{dead_code,solc_version,too_many_digits}",{},{},{}
contracts_output/contracts_output/codellama_with_rag_contracts/1872.sol,1872.sol,slither-0.11.3,solidity,2025/09/14,20260213_1744,1771004925.0319595,1.9361231327056885,1,{},{},{EXIT_CODE_1},"{""analysis unsuccessful, check output.json"",""error parsing results: file could not be opened successfully:
- method gz: ReadError('empty file')
- method bz2: ReadError('not a bzip2 file')
- method xz: ReadError('not an lzma file')
- method tar: ReadError('empty file')"",""exception (crytic_compile.platform.exceptions.InvalidCompilation: Invalid solc compilation Warning: SPDX license identifier not provided in source file. Before publishing, consider adding a comment containing \""SPDX-License-Identifier: <SPDX-License>\"" to each source file. Use \""SPDX-License-Identifier: UNLICENSED\"" for non-open-source code. Please see https://spdx.org for more information.)"",exception (json.decoder.JSONDecodeError: Expecting value: line 1 column 1 (char 0))}"
contracts_output/contracts_output/codellama_with_rag_contracts/1877.sol,1877.sol,slither-0.11.3,solidity,2025/09/14,20260213_1744,1771004932.21981,1.9246952533721924,1,{},{},{EXIT_CODE_1},"{""analysis unsuccessful, check output.json"",""error parsing results: file could not be opened successfully:
- method gz: ReadError('empty file')
- method bz2: ReadError('not a bzip2 file')
- method xz: ReadError('not an lzma file')
- method tar: ReadError('empty file')"",""exception (crytic_compile.platform.exceptions.InvalidCompilation: Invalid solc compilation Warning: SPDX license identifier not provided in source file. Before publishing, consider adding a comment containing \""SPDX-License-Identifier: <SPDX-License>\"" to each source file. Use \""SPDX-License-Identifier: UNLICENSED\"" for non-open-source code. Please see https://spdx.org for more information.)"",exception (json.decoder.JSONDecodeError: Expecting value: line 1 column 1 (char 0))}"
contracts_output/contracts_output/codellama_with_rag_contracts/189.sol,189.sol,slither-0.11.3,solidity,2025/09/14,20260213_1744,1771004854.8491614,2.3132998943328857,1,{},{},{EXIT_CODE_1},"{""analysis unsuccessful, check output.json"",""error parsing results: file could not be opened successfully:
- method gz: ReadError('empty file')
- method bz2: ReadError('not a bzip2 file')
- method xz: ReadError('not an lzma file')
- method tar: ReadError('empty file')"",""exception (crytic_compile.platform.exceptions.InvalidCompilation: Invalid solc compilation Warning: SPDX license identifier not provided in source file. Before publishing, consider adding a comment containing \""SPDX-License-Identifier: <SPDX-License>\"" to each source file. Use \""SPDX-License-Identifier: UNLICENSED\"" for non-open-source code. Please see https://spdx.org for more information.)"",exception (json.decoder.JSONDecodeError: Expecting value: line 1 column 1 (char 0))}"
contracts_output/contracts_output/codellama_with_rag_contracts/1905.sol,1905.sol,slither-0.11.3,solidity,2025/09/14,20260213_1744,1771004826.5847864,1.6403958797454834,1,{},{},{EXIT_CODE_1},"{""analysis unsuccessful, check output.json"",""error parsing results: file could not be opened successfully:
- method gz: ReadError('empty file')
- method bz2: ReadError('not a bzip2 file')
- method xz: ReadError('not an lzma file')
- method tar: ReadError('empty file')"",""exception (crytic_compile.platform.exceptions.InvalidCompilation: Invalid solc compilation Warning: SPDX license identifier not provided in source file. Before publishing, consider adding a comment containing \""SPDX-License-Identifier: <SPDX-License>\"" to each source file. Use \""SPDX-License-Identifier: UNLICENSED\"" for non-open-source code. Please see https://spdx.org for more information.)"",exception (json.decoder.JSONDecodeError: Expecting value: line 1 column 1 (char 0))}"
contracts_output/contracts_output/codellama_with_rag_contracts/191.sol,191.sol,slither-0.11.3,solidity,2025/09/14,20260213_1744,1771005054.461051,2.096475839614868,1,{},{},{EXIT_CODE_1},"{""analysis unsuccessful, check output.json"",""error parsing results: file could not be opened successfully:
- method gz: ReadError('empty file')
- method bz2: ReadError('not a bzip2 file')
- method xz: ReadError('not an lzma file')
- method tar: ReadError('empty file')"",""exception (crytic_compile.platform.exceptions.InvalidCompilation: Invalid solc compilation Warning: SPDX license identifier not provided in source file. Before publishing, consider adding a comment containing \""SPDX-License-Identifier: <SPDX-License>\"" to each source file. Use \""SPDX-License-Identifier: UNLICENSED\"" for non-open-source code. Please see https://spdx.org for more information.)"",exception (json.decoder.JSONDecodeError: Expecting value: line 1 column 1 (char 0))}"
contracts_output/contracts_output/codellama_with_rag_contracts/1924.sol,1924.sol,slither-0.11.3,solidity,2025/09/14,20260213_1744,1771004769.9062483,1.679147481918335,1,{},{},{EXIT_CODE_1},"{""analysis unsuccessful, check output.json"",""error parsing results: file could not be opened successfully:
- method gz: ReadError('empty file')
- method bz2: ReadError('not a bzip2 file')
- method xz: ReadError('not an lzma file')
- method tar: ReadError('empty file')"",""exception (crytic_compile.platform.exceptions.InvalidCompilation: Invalid solc compilation Warning: SPDX license identifier not provided in source file. Before publishing, consider adding a comment containing \""SPDX-License-Identifier: <SPDX-License>\"" to each source file. Use \""SPDX-License-Identifier: UNLICENSED\"" for non-open-source code. Please see https://spdx.org for more information.)"",exception (json.decoder.JSONDecodeError: Expecting value: line 1 column 1 (char 0))}"
contracts_output/contracts_output/codellama_with_rag_contracts/1926.sol,1926.sol,slither-0.11.3,solidity,2025/09/14,20260213_1744,1771005055.4466975,2.071223258972168,1,{},{},{EXIT_CODE_1},"{""analysis unsuccessful, check output.json"",""error parsing results: file could not be opened successfully:
- method gz: ReadError('empty file')
- method bz2: ReadError('not a bzip2 file')
- method xz: ReadError('not an lzma file')
- method tar: ReadError('empty file')"",""exception (crytic_compile.platform.exceptions.InvalidCompilation: Invalid solc compilation Warning: SPDX license identifier not provided in source file. Before publishing, consider adding a comment containing \""SPDX-License-Identifier: <SPDX-License>\"" to each source file. Use \""SPDX-License-Identifier: UNLICENSED\"" for non-open-source code. Please see https://spdx.org for more information.)"",exception (json.decoder.JSONDecodeError: Expecting value: line 1 column 1 (char 0))}"
contracts_output/contracts_output/codellama_with_rag_contracts/1932.sol,1932.sol,slither-0.11.3,solidity,2025/09/14,20260213_1744,1771005051.2074683,1.8960871696472168,255,"{dead_code,solc_version}",{},{},{}
contracts_output/contracts_output/codellama_with_rag_contracts/1962.sol,1962.sol,slither-0.11.3,solidity,2025/09/14,20260213_1744,1771005098.2295399,1.9493670463562012,255,"{dead_code,naming_convention,solc_version}",{},{},{}
contracts_output/contracts_output/codellama_with_rag_contracts/1979.sol,1979.sol,slither-0.11.3,solidity,2025/09/14,20260213_1744,1771004705.5357878,2.2308127880096436,1,{},{},{EXIT_CODE_1},"{""analysis unsuccessful, check output.json"",""error parsing results: file could not be opened successfully:
- method gz: ReadError('empty file')
- method bz2: ReadError('not a bzip2 file')
- method xz: ReadError('not an lzma file')
- method tar: ReadError('empty file')"",""exception (crytic_compile.platform.exceptions.InvalidCompilation: Invalid solc compilation Warning: SPDX license identifier not provided in source file. Before publishing, consider adding a comment containing \""SPDX-License-Identifier: <SPDX-License>\"" to each source file. Use \""SPDX-License-Identifier: UNLICENSED\"" for non-open-source code. Please see https://spdx.org for more information.)"",exception (json.decoder.JSONDecodeError: Expecting value: line 1 column 1 (char 0))}"
contracts_output/contracts_output/codellama_with_rag_contracts/1993.sol,1993.sol,slither-0.11.3,solidity,2025/09/14,20260213_1744,1771005038.0284295,2.226308584213257,255,"{dead_code,naming_convention,solc_version}",{},{},{}
contracts_output/contracts_output/codellama_with_rag_contracts/2003.sol,2003.sol,slither-0.11.3,solidity,2025/09/14,20260213_1744,1771004686.3202775,2.060591459274292,1,{},{},{EXIT_CODE_1},"{""analysis unsuccessful, check output.json"",""error parsing results: file could not be opened successfully:
- method gz: ReadError('empty file')
- method bz2: ReadError('not a bzip2 file')
- method xz: ReadError('not an lzma file')
- method tar: ReadError('empty file')"",""exception (crytic_compile.platform.exceptions.InvalidCompilation: Invalid solc compilation Warning: SPDX license identifier not provided in source file. Before publishing, consider adding a comment containing \""SPDX-License-Identifier: <SPDX-License>\"" to each source file. Use \""SPDX-License-Identifier: UNLICENSED\"" for non-open-source code. Please see https://spdx.org for more information.)"",exception (json.decoder.JSONDecodeError: Expecting value: line 1 column 1 (char 0))}"
contracts_output/contracts_output/codellama_with_rag_contracts/2019.sol,2019.sol,slither-0.11.3,solidity,2025/09/14,20260213_1744,1771005063.3459394,1.6912593841552734,1,{},{},{EXIT_CODE_1},"{""analysis unsuccessful, check output.json"",""error parsing results: file could not be opened successfully:
- method gz: ReadError('empty file')
- method bz2: ReadError('not a bzip2 file')
- method xz: ReadError('not an lzma file')
- method tar: ReadError('empty file')"",""exception (crytic_compile.platform.exceptions.InvalidCompilation: Invalid solc compilation Warning: SPDX license identifier not provided in source file. Before publishing, consider adding a comment containing \""SPDX-License-Identifier: <SPDX-License>\"" to each source file. Use \""SPDX-License-Identifier: UNLICENSED\"" for non-open-source code. Please see https://spdx.org for more information.)"",exception (json.decoder.JSONDecodeError: Expecting value: line 1 column 1 (char 0))}"
contracts_output/contracts_output/codellama_with_rag_contracts/2044.sol,2044.sol,slither-0.11.3,solidity,2025/09/14,20260213_1744,1771005034.4709036,1.7411401271820068,1,{},{},{EXIT_CODE_1},"{""analysis unsuccessful, check output.json"",""error parsing results: file could not be opened successfully:
- method gz: ReadError('empty file')
- method bz2: ReadError('not a bzip2 file')
- method xz: ReadError('not an lzma file')
- method tar: ReadError('empty file')"",""exception (crytic_compile.platform.exceptions.InvalidCompilation: Invalid solc compilation Warning: SPDX license identifier not provided in source file. Before publishing, consider adding a comment containing \""SPDX-License-Identifier: <SPDX-License>\"" to each source file. Use \""SPDX-License-Identifier: UNLICENSED\"" for non-open-source code. Please see https://spdx.org for more information.)"",exception (json.decoder.JSONDecodeError: Expecting value: line 1 column 1 (char 0))}"
contracts_output/contracts_output/codellama_with_rag_contracts/2053.sol,2053.sol,slither-0.11.3,solidity,2025/09/14,20260213_1744,1771004885.585721,2.663208246231079,1,{},{},{EXIT_CODE_1},"{""analysis unsuccessful, check output.json"",""error parsing results: file could not be opened successfully:
- method gz: ReadError('empty file')
- method bz2: ReadError('not a bzip2 file')
- method xz: ReadError('not an lzma file')
- method tar: ReadError('empty file')"",exception (crytic_compile.platform.exceptions.InvalidCompilation: Invalid solc compilation Error: Expected primary expression.),exception (json.decoder.JSONDecodeError: Expecting value: line 1 column 1 (char 0))}"
contracts_output/contracts_output/codellama_with_rag_contracts/2061.sol,2061.sol,slither-0.11.3,solidity,2025/09/14,20260213_1744,1771005099.7771957,1.9343931674957275,1,{},{},{EXIT_CODE_1},"{""analysis unsuccessful, check output.json"",""error parsing results: file could not be opened successfully:
- method gz: ReadError('empty file')
- method bz2: ReadError('not a bzip2 file')
- method xz: ReadError('not an lzma file')
- method tar: ReadError('empty file')"",""exception (crytic_compile.platform.exceptions.InvalidCompilation: Invalid solc compilation Warning: SPDX license identifier not provided in source file. Before publishing, consider adding a comment containing \""SPDX-License-Identifier: <SPDX-License>\"" to each source file. Use \""SPDX-License-Identifier: UNLICENSED\"" for non-open-source code. Please see https://spdx.org for more information.)"",exception (json.decoder.JSONDecodeError: Expecting value: line 1 column 1 (char 0))}"
contracts_output/contracts_output/codellama_with_rag_contracts/2081.sol,2081.sol,slither-0.11.3,solidity,2025/09/14,20260213_1744,1771004926.4396677,1.628316879272461,255,"{dead_code,naming_convention,solc_version}",{},{},{}
contracts_output/contracts_output/codellama_with_rag_contracts/2092.sol,2092.sol,slither-0.11.3,solidity,2025/09/14,20260213_1744,1771004963.628993,1.7797484397888184,255,"{dead_code,solc_version}",{},{},{}
contracts_output/contracts_output/codellama_with_rag_contracts/2093.sol,2093.sol,slither-0.11.3,solidity,2025/09/14,20260213_1744,1771004969.933259,2.0056231021881104,255,"{dead_code,naming_convention,solc_version}",{},{},{}
contracts_output/contracts_output/codellama_with_rag_contracts/211.sol,211.sol,slither-0.11.3,solidity,2025/09/14,20260213_1744,1771004898.2597923,1.9033782482147217,1,{},{},{EXIT_CODE_1},"{""analysis unsuccessful, check output.json"",""error parsing results: file could not be opened successfully:
- method gz: ReadError('empty file')
- method bz2: ReadError('not a bzip2 file')
- method xz: ReadError('not an lzma file')
- method tar: ReadError('empty file')"",""exception (crytic_compile.platform.exceptions.InvalidCompilation: Invalid solc compilation Warning: SPDX license identifier not provided in source file. Before publishing, consider adding a comment containing \""SPDX-License-Identifier: <SPDX-License>\"" to each source file. Use \""SPDX-License-Identifier: UNLICENSED\"" for non-open-source code. Please see https://spdx.org for more information.)"",exception (json.decoder.JSONDecodeError: Expecting value: line 1 column 1 (char 0))}"
contracts_output/contracts_output/codellama_with_rag_contracts/2110.sol,2110.sol,slither-0.11.3,solidity,2025/09/14,20260213_1744,1771004854.2003875,2.018648862838745,1,{},{},{EXIT_CODE_1},"{""analysis unsuccessful, check output.json"",""error parsing results: file could not be opened successfully:
- method gz: ReadError('empty file')
- method bz2: ReadError('not a bzip2 file')
- method xz: ReadError('not an lzma file')
- method tar: ReadError('empty file')"",""exception (crytic_compile.platform.exceptions.InvalidCompilation: Invalid solc compilation Warning: SPDX license identifier not provided in source file. Before publishing, consider adding a comment containing \""SPDX-License-Identifier: <SPDX-License>\"" to each source file. Use \""SPDX-License-Identifier: UNLICENSED\"" for non-open-source code. Please see https://spdx.org for more information.)"",exception (json.decoder.JSONDecodeError: Expecting value: line 1 column 1 (char 0))}"
contracts_output/contracts_output/codellama_with_rag_contracts/2112.sol,2112.sol,slither-0.11.3,solidity,2025/09/14,20260213_1744,1771004904.9792356,1.668625831604004,1,{},{},{EXIT_CODE_1},"{""analysis unsuccessful, check output.json"",""error parsing results: file could not be opened successfully:
- method gz: ReadError('empty file')
- method bz2: ReadError('not a bzip2 file')
- method xz: ReadError('not an lzma file')
- method tar: ReadError('empty file')"",""exception (crytic_compile.platform.exceptions.InvalidCompilation: Invalid solc compilation Warning: SPDX license identifier not provided in source file. Before publishing, consider adding a comment containing \""SPDX-License-Identifier: <SPDX-License>\"" to each source file. Use \""SPDX-License-Identifier: UNLICENSED\"" for non-open-source code. Please see https://spdx.org for more information.)"",exception (json.decoder.JSONDecodeError: Expecting value: line 1 column 1 (char 0))}"
contracts_output/contracts_output/codellama_with_rag_contracts/2119.sol,2119.sol,slither-0.11.3,solidity,2025/09/14,20260213_1744,1771004711.3933527,1.6331634521484375,255,"{constable_states,dead_code,immutable_states,naming_convention,shadowing_local,solc_version,too_many_digits,unused_state}",{},{},{}
contracts_output/contracts_output/codellama_with_rag_contracts/213.sol,213.sol,slither-0.11.3,solidity,2025/09/14,20260213_1744,1771004862.5172768,2.0697553157806396,1,{},{},{EXIT_CODE_1},"{""analysis unsuccessful, check output.json"",""error parsing results: file could not be opened successfully:
- method gz: ReadError('empty file')
- method bz2: ReadError('not a bzip2 file')
- method xz: ReadError('not an lzma file')
- method tar: ReadError('empty file')"",""exception (crytic_compile.platform.exceptions.InvalidCompilation: Invalid solc compilation Warning: SPDX license identifier not provided in source file. Before publishing, consider adding a comment containing \""SPDX-License-Identifier: <SPDX-License>\"" to each source file. Use \""SPDX-License-Identifier: UNLICENSED\"" for non-open-source code. Please see https://spdx.org for more information.)"",exception (json.decoder.JSONDecodeError: Expecting value: line 1 column 1 (char 0))}"
contracts_output/contracts_output/codellama_with_rag_contracts/2141.sol,2141.sol,slither-0.11.3,solidity,2025/09/14,20260213_1744,1771005033.1273592,1.3419840335845947,1,{},{},{EXIT_CODE_1},"{""analysis unsuccessful, check output.json"",""error parsing results: file could not be opened successfully:
- method gz: ReadError('empty file')
- method bz2: ReadError('not a bzip2 file')
- method xz: ReadError('not an lzma file')
- method tar: ReadError('empty file')"",""exception (crytic_compile.platform.exceptions.InvalidCompilation: Invalid solc compilation Warning: SPDX license identifier not provided in source file. Before publishing, consider adding a comment containing \""SPDX-License-Identifier: <SPDX-License>\"" to each source file. Use \""SPDX-License-Identifier: UNLICENSED\"" for non-open-source code. Please see https://spdx.org for more information.)"",exception (json.decoder.JSONDecodeError: Expecting value: line 1 column 1 (char 0))}"
contracts_output/contracts_output/codellama_with_rag_contracts/2199.sol,2199.sol,slither-0.11.3,solidity,2025/09/14,20260213_1744,1771004911.4395776,1.7776074409484863,1,{},{},{EXIT_CODE_1},"{""analysis unsuccessful, check output.json"",""error parsing results: file could not be opened successfully:
- method gz: ReadError('empty file')
- method bz2: ReadError('not a bzip2 file')
- method xz: ReadError('not an lzma file')
- method tar: ReadError('empty file')"",""exception (crytic_compile.platform.exceptions.InvalidCompilation: Invalid solc compilation Warning: SPDX license identifier not provided in source file. Before publishing, consider adding a comment containing \""SPDX-License-Identifier: <SPDX-License>\"" to each source file. Use \""SPDX-License-Identifier: UNLICENSED\"" for non-open-source code. Please see https://spdx.org for more information.)"",exception (json.decoder.JSONDecodeError: Expecting value: line 1 column 1 (char 0))}"
contracts_output/contracts_output/codellama_with_rag_contracts/2205.sol,2205.sol,slither-0.11.3,solidity,2025/09/14,20260213_1744,1771004808.6744177,1.9254772663116455,1,{},{},{EXIT_CODE_1},"{""analysis unsuccessful, check output.json"",""error parsing results: file could not be opened successfully:
- method gz: ReadError('empty file')
- method bz2: ReadError('not a bzip2 file')
- method xz: ReadError('not an lzma file')
- method tar: ReadError('empty file')"",""exception (crytic_compile.platform.exceptions.InvalidCompilation: Invalid solc compilation Warning: SPDX license identifier not provided in source file. Before publishing, consider adding a comment containing \""SPDX-License-Identifier: <SPDX-License>\"" to each source file. Use \""SPDX-License-Identifier: UNLICENSED\"" for non-open-source code. Please see https://spdx.org for more information.)"",exception (json.decoder.JSONDecodeError: Expecting value: line 1 column 1 (char 0))}"
contracts_output/contracts_output/codellama_with_rag_contracts/2209.sol,2209.sol,slither-0.11.3,solidity,2025/09/14,20260213_1744,1771004859.0090578,2.280632257461548,1,{},{},{EXIT_CODE_1},"{""analysis unsuccessful, check output.json"",""error parsing results: file could not be opened successfully:
- method gz: ReadError('empty file')
- method bz2: ReadError('not a bzip2 file')
- method xz: ReadError('not an lzma file')
- method tar: ReadError('empty file')"",""exception (crytic_compile.platform.exceptions.InvalidCompilation: Invalid solc compilation Warning: SPDX license identifier not provided in source file. Before publishing, consider adding a comment containing \""SPDX-License-Identifier: <SPDX-License>\"" to each source file. Use \""SPDX-License-Identifier: UNLICENSED\"" for non-open-source code. Please see https://spdx.org for more information.)"",exception (json.decoder.JSONDecodeError: Expecting value: line 1 column 1 (char 0))}"
contracts_output/contracts_output/codellama_with_rag_contracts/2215.sol,2215.sol,slither-0.11.3,solidity,2025/09/14,20260213_1744,1771004970.0425272,1.7633042335510254,1,{},{},{EXIT_CODE_1},"{""analysis unsuccessful, check output.json"",""error parsing results: file could not be opened successfully:
- method gz: ReadError('empty file')
- method bz2: ReadError('not a bzip2 file')
- method xz: ReadError('not an lzma file')
- method tar: ReadError('empty file')"",""exception (crytic_compile.platform.exceptions.InvalidCompilation: Invalid solc compilation Warning: SPDX license identifier not provided in source file. Before publishing, consider adding a comment containing \""SPDX-License-Identifier: <SPDX-License>\"" to each source file. Use \""SPDX-License-Identifier: UNLICENSED\"" for non-open-source code. Please see https://spdx.org for more information.)"",exception (json.decoder.JSONDecodeError: Expecting value: line 1 column 1 (char 0))}"
contracts_output/contracts_output/codellama_with_rag_contracts/2223.sol,2223.sol,slither-0.11.3,solidity,2025/09/14,20260213_1744,1771004993.1102018,1.8340096473693848,1,{},{},{EXIT_CODE_1},"{""analysis unsuccessful, check output.json"",""error parsing results: file could not be opened successfully:
- method gz: ReadError('empty file')
- method bz2: ReadError('not a bzip2 file')
- method xz: ReadError('not an lzma file')
- method tar: ReadError('empty file')"",""exception (crytic_compile.platform.exceptions.InvalidCompilation: Invalid solc compilation Warning: SPDX license identifier not provided in source file. Before publishing, consider adding a comment containing \""SPDX-License-Identifier: <SPDX-License>\"" to each source file. Use \""SPDX-License-Identifier: UNLICENSED\"" for non-open-source code. Please see https://spdx.org for more information.)"",exception (json.decoder.JSONDecodeError: Expecting value: line 1 column 1 (char 0))}"
contracts_output/contracts_output/codellama_with_rag_contracts/223.sol,223.sol,slither-0.11.3,solidity,2025/09/14,20260213_1744,1771004821.7538967,1.5974609851837158,255,"{dead_code,solc_version,tautology}",{},{},{}
contracts_output/contracts_output/codellama_with_rag_contracts/2236.sol,2236.sol,slither-0.11.3,solidity,2025/09/14,20260213_1744,1771004735.7340293,1.9304430484771729,1,{},{},{EXIT_CODE_1},"{""analysis unsuccessful, check output.json"",""error parsing results: file could not be opened successfully:
- method gz: ReadError('empty file')
- method bz2: ReadError('not a bzip2 file')
- method xz: ReadError('not an lzma file')
- method tar: ReadError('empty file')"",""exception (crytic_compile.platform.exceptions.InvalidCompilation: Invalid solc compilation Warning: SPDX license identifier not provided in source file. Before publishing, consider adding a comment containing \""SPDX-License-Identifier: <SPDX-License>\"" to each source file. Use \""SPDX-License-Identifier: UNLICENSED\"" for non-open-source code. Please see https://spdx.org for more information.)"",exception (json.decoder.JSONDecodeError: Expecting value: line 1 column 1 (char 0))}"
contracts_output/contracts_output/codellama_with_rag_contracts/2241.sol,2241.sol,slither-0.11.3,solidity,2025/09/14,20260213_1744,1771004967.3724988,2.307507038116455,255,"{constable_states,dead_code,solc_version}",{},{},{}
contracts_output/contracts_output/codellama_with_rag_contracts/2268.sol,2268.sol,slither-0.11.3,solidity,2025/09/14,20260213_1744,1771004814.7633152,1.560664176940918,1,{},{},{EXIT_CODE_1},"{""analysis unsuccessful, check output.json"",""error parsing results: file could not be opened successfully:
- method gz: ReadError('empty file')
- method bz2: ReadError('not a bzip2 file')
- method xz: ReadError('not an lzma file')
- method tar: ReadError('empty file')"",""exception (crytic_compile.platform.exceptions.InvalidCompilation: Invalid solc compilation Warning: SPDX license identifier not provided in source file. Before publishing, consider adding a comment containing \""SPDX-License-Identifier: <SPDX-License>\"" to each source file. Use \""SPDX-License-Identifier: UNLICENSED\"" for non-open-source code. Please see https://spdx.org for more information.)"",exception (json.decoder.JSONDecodeError: Expecting value: line 1 column 1 (char 0))}"
contracts_output/contracts_output/codellama_with_rag_contracts/2271.sol,2271.sol,slither-0.11.3,solidity,2025/09/14,20260213_1744,1771004772.5998747,1.4601764678955078,1,{},{},{EXIT_CODE_1},"{""analysis unsuccessful, check output.json"",""error parsing results: file could not be opened successfully:
- method gz: ReadError('empty file')
- method bz2: ReadError('not a bzip2 file')
- method xz: ReadError('not an lzma file')
- method tar: ReadError('empty file')"",""exception (crytic_compile.platform.exceptions.InvalidCompilation: Invalid solc compilation Warning: SPDX license identifier not provided in source file. Before publishing, consider adding a comment containing \""SPDX-License-Identifier: <SPDX-License>\"" to each source file. Use \""SPDX-License-Identifier: UNLICENSED\"" for non-open-source code. Please see https://spdx.org for more information.)"",exception (json.decoder.JSONDecodeError: Expecting value: line 1 column 1 (char 0))}"
contracts_output/contracts_output/codellama_with_rag_contracts/2278.sol,2278.sol,slither-0.11.3,solidity,2025/09/14,20260213_1744,1771004782.5470552,2.484380006790161,1,{},{},{EXIT_CODE_1},"{""analysis unsuccessful, check output.json"",""error parsing results: file could not be opened successfully:
- method gz: ReadError('empty file')
- method bz2: ReadError('not a bzip2 file')
- method xz: ReadError('not an lzma file')
- method tar: ReadError('empty file')"",""exception (crytic_compile.platform.exceptions.InvalidCompilation: Invalid solc compilation Warning: SPDX license identifier not provided in source file. Before publishing, consider adding a comment containing \""SPDX-License-Identifier: <SPDX-License>\"" to each source file. Use \""SPDX-License-Identifier: UNLICENSED\"" for non-open-source code. Please see https://spdx.org for more information.)"",exception (json.decoder.JSONDecodeError: Expecting value: line 1 column 1 (char 0))}"
contracts_output/contracts_output/codellama_with_rag_contracts/2295.sol,2295.sol,slither-0.11.3,solidity,2025/09/14,20260213_1744,1771005103.046789,2.3070507049560547,1,{},{},{EXIT_CODE_1},"{""analysis unsuccessful, check output.json"",""error parsing results: file could not be opened successfully:
- method gz: ReadError('empty file')
- method bz2: ReadError('not a bzip2 file')
- method xz: ReadError('not an lzma file')
- method tar: ReadError('empty file')"",""exception (crytic_compile.platform.exceptions.InvalidCompilation: Invalid solc compilation Warning: SPDX license identifier not provided in source file. Before publishing, consider adding a comment containing \""SPDX-License-Identifier: <SPDX-License>\"" to each source file. Use \""SPDX-License-Identifier: UNLICENSED\"" for non-open-source code. Please see https://spdx.org for more information.)"",exception (json.decoder.JSONDecodeError: Expecting value: line 1 column 1 (char 0))}"
contracts_output/contracts_output/codellama_with_rag_contracts/2308.sol,2308.sol,slither-0.11.3,solidity,2025/09/14,20260213_1744,1771004900.4846268,1.8775591850280762,255,"{dead_code,solc_version}",{},{},{}
contracts_output/contracts_output/codellama_with_rag_contracts/2313.sol,2313.sol,slither-0.11.3,solidity,2025/09/14,20260213_1744,1771004918.5451746,1.6222238540649414,255,"{dead_code,naming_convention,solc_version}",{},{},{}
contracts_output/contracts_output/codellama_with_rag_contracts/232.sol,232.sol,slither-0.11.3,solidity,2025/09/14,20260213_1744,1771004865.324879,2.096592664718628,255,"{dead_code,naming_convention,solc_version,timestamp}",{},{},{}
contracts_output/contracts_output/codellama_with_rag_contracts/2321.sol,2321.sol,slither-0.11.3,solidity,2025/09/14,20260213_1744,1771004881.3617551,1.4817595481872559,1,{},{},{EXIT_CODE_1},"{""analysis unsuccessful, check output.json"",""error parsing results: file could not be opened successfully:
- method gz: ReadError('empty file')
- method bz2: ReadError('not a bzip2 file')
- method xz: ReadError('not an lzma file')
- method tar: ReadError('empty file')"",""exception (crytic_compile.platform.exceptions.InvalidCompilation: Invalid solc compilation Warning: SPDX license identifier not provided in source file. Before publishing, consider adding a comment containing \""SPDX-License-Identifier: <SPDX-License>\"" to each source file. Use \""SPDX-License-Identifier: UNLICENSED\"" for non-open-source code. Please see https://spdx.org for more information.)"",exception (json.decoder.JSONDecodeError: Expecting value: line 1 column 1 (char 0))}"
contracts_output/contracts_output/codellama_with_rag_contracts/2323.sol,2323.sol,slither-0.11.3,solidity,2025/09/14,20260213_1744,1771004710.002321,2.0472469329833984,255,"{dead_code,solc_version}",{},{},{}
contracts_output/contracts_output/codellama_with_rag_contracts/2354.sol,2354.sol,slither-0.11.3,solidity,2025/09/14,20260213_1744,1771004933.7781312,2.161146640777588,1,{},{},{EXIT_CODE_1},"{""analysis unsuccessful, check output.json"",""error parsing results: file could not be opened successfully:
- method gz: ReadError('empty file')
- method bz2: ReadError('not a bzip2 file')
- method xz: ReadError('not an lzma file')
- method tar: ReadError('empty file')"",""exception (crytic_compile.platform.exceptions.InvalidCompilation: Invalid solc compilation Warning: SPDX license identifier not provided in source file. Before publishing, consider adding a comment containing \""SPDX-License-Identifier: <SPDX-License>\"" to each source file. Use \""SPDX-License-Identifier: UNLICENSED\"" for non-open-source code. Please see https://spdx.org for more information.)"",exception (json.decoder.JSONDecodeError: Expecting value: line 1 column 1 (char 0))}"
contracts_output/contracts_output/codellama_with_rag_contracts/2359.sol,2359.sol,slither-0.11.3,solidity,2025/09/14,20260213_1744,1771004719.855183,1.773106336593628,1,{},{},{EXIT_CODE_1},"{""analysis unsuccessful, check output.json"",""error parsing results: file could not be opened successfully:
- method gz: ReadError('empty file')
- method bz2: ReadError('not a bzip2 file')
- method xz: ReadError('not an lzma file')
- method tar: ReadError('empty file')"",""exception (crytic_compile.platform.exceptions.InvalidCompilation: Invalid solc compilation Warning: SPDX license identifier not provided in source file. Before publishing, consider adding a comment containing \""SPDX-License-Identifier: <SPDX-License>\"" to each source file. Use \""SPDX-License-Identifier: UNLICENSED\"" for non-open-source code. Please see https://spdx.org for more information.)"",exception (json.decoder.JSONDecodeError: Expecting value: line 1 column 1 (char 0))}"
contracts_output/contracts_output/codellama_with_rag_contracts/2373.sol,2373.sol,slither-0.11.3,solidity,2025/09/14,20260213_1744,1771004696.9829097,2.3025307655334473,1,{},{},{EXIT_CODE_1},"{""analysis unsuccessful, check output.json"",""error parsing results: file could not be opened successfully:
- method gz: ReadError('empty file')
- method bz2: ReadError('not a bzip2 file')
- method xz: ReadError('not an lzma file')
- method tar: ReadError('empty file')"",""exception (crytic_compile.platform.exceptions.InvalidCompilation: Invalid solc compilation Warning: SPDX license identifier not provided in source file. Before publishing, consider adding a comment containing \""SPDX-License-Identifier: <SPDX-License>\"" to each source file. Use \""SPDX-License-Identifier: UNLICENSED\"" for non-open-source code. Please see https://spdx.org for more information.)"",exception (json.decoder.JSONDecodeError: Expecting value: line 1 column 1 (char 0))}"
contracts_output/contracts_output/codellama_with_rag_contracts/2380.sol,2380.sol,slither-0.11.3,solidity,2025/09/14,20260213_1744,1771004928.1756039,1.621525764465332,1,{},{},{EXIT_CODE_1},"{""analysis unsuccessful, check output.json"",""error parsing results: file could not be opened successfully:
- method gz: ReadError('empty file')
- method bz2: ReadError('not a bzip2 file')
- method xz: ReadError('not an lzma file')
- method tar: ReadError('empty file')"",""exception (crytic_compile.platform.exceptions.InvalidCompilation: Invalid solc compilation Warning: SPDX license identifier not provided in source file. Before publishing, consider adding a comment containing \""SPDX-License-Identifier: <SPDX-License>\"" to each source file. Use \""SPDX-License-Identifier: UNLICENSED\"" for non-open-source code. Please see https://spdx.org for more information.)"",exception (json.decoder.JSONDecodeError: Expecting value: line 1 column 1 (char 0))}"
contracts_output/contracts_output/codellama_with_rag_contracts/239.sol,239.sol,slither-0.11.3,solidity,2025/09/14,20260213_1744,1771004950.82582,1.539339303970337,1,{},{},{EXIT_CODE_1},"{""analysis unsuccessful, check output.json"",""error parsing results: file could not be opened successfully:
- method gz: ReadError('empty file')
- method bz2: ReadError('not a bzip2 file')
- method xz: ReadError('not an lzma file')
- method tar: ReadError('empty file')"",""exception (crytic_compile.platform.exceptions.InvalidCompilation: Invalid solc compilation Warning: SPDX license identifier not provided in source file. Before publishing, consider adding a comment containing \""SPDX-License-Identifier: <SPDX-License>\"" to each source file. Use \""SPDX-License-Identifier: UNLICENSED\"" for non-open-source code. Please see https://spdx.org for more information.)"",exception (json.decoder.JSONDecodeError: Expecting value: line 1 column 1 (char 0))}"
contracts_output/contracts_output/codellama_with_rag_contracts/2394.sol,2394.sol,slither-0.11.3,solidity,2025/09/14,20260213_1744,1771004938.3961864,1.7159037590026855,1,{},{},{EXIT_CODE_1},"{""analysis unsuccessful, check output.json"",""error parsing results: file could not be opened successfully:
- method gz: ReadError('empty file')
- method bz2: ReadError('not a bzip2 file')
- method xz: ReadError('not an lzma file')
- method tar: ReadError('empty file')"",""exception (crytic_compile.platform.exceptions.InvalidCompilation: Invalid solc compilation Warning: SPDX license identifier not provided in source file. Before publishing, consider adding a comment containing \""SPDX-License-Identifier: <SPDX-License>\"" to each source file. Use \""SPDX-License-Identifier: UNLICENSED\"" for non-open-source code. Please see https://spdx.org for more information.)"",exception (json.decoder.JSONDecodeError: Expecting value: line 1 column 1 (char 0))}"
contracts_output/contracts_output/codellama_with_rag_contracts/2396.sol,2396.sol,slither-0.11.3,solidity,2025/09/14,20260213_1744,1771004952.5297813,1.6799356937408447,1,{},{},{EXIT_CODE_1},"{""analysis unsuccessful, check output.json"",""error parsing results: file could not be opened successfully:
- method gz: ReadError('empty file')
- method bz2: ReadError('not a bzip2 file')
- method xz: ReadError('not an lzma file')
- method tar: ReadError('empty file')"",""exception (crytic_compile.platform.exceptions.InvalidCompilation: Invalid solc compilation Warning: SPDX license identifier not provided in source file. Before publishing, consider adding a comment containing \""SPDX-License-Identifier: <SPDX-License>\"" to each source file. Use \""SPDX-License-Identifier: UNLICENSED\"" for non-open-source code. Please see https://spdx.org for more information.)"",exception (json.decoder.JSONDecodeError: Expecting value: line 1 column 1 (char 0))}"
contracts_output/contracts_output/codellama_with_rag_contracts/240.sol,240.sol,slither-0.11.3,solidity,2025/09/14,20260213_1744,1771004861.2322311,2.735224485397339,1,{},{},{EXIT_CODE_1},"{""analysis unsuccessful, check output.json"",""error parsing results: file could not be opened successfully:
- method gz: ReadError('empty file')
- method bz2: ReadError('not a bzip2 file')
- method xz: ReadError('not an lzma file')
- method tar: ReadError('empty file')"",""exception (crytic_compile.platform.exceptions.InvalidCompilation: Invalid solc compilation Warning: SPDX license identifier not provided in source file. Before publishing, consider adding a comment containing \""SPDX-License-Identifier: <SPDX-License>\"" to each source file. Use \""SPDX-License-Identifier: UNLICENSED\"" for non-open-source code. Please see https://spdx.org for more information.)"",exception (json.decoder.JSONDecodeError: Expecting value: line 1 column 1 (char 0))}"
contracts_output/contracts_output/codellama_with_rag_contracts/2419.sol,2419.sol,slither-0.11.3,solidity,2025/09/14,20260213_1744,1771004826.796748,1.6891133785247803,1,{},{},{EXIT_CODE_1},"{""analysis unsuccessful, check output.json"",""error parsing results: file could not be opened successfully:
- method gz: ReadError('empty file')
- method bz2: ReadError('not a bzip2 file')
- method xz: ReadError('not an lzma file')
- method tar: ReadError('empty file')"",""exception (crytic_compile.platform.exceptions.InvalidCompilation: Invalid solc compilation Warning: SPDX license identifier not provided in source file. Before publishing, consider adding a comment containing \""SPDX-License-Identifier: <SPDX-License>\"" to each source file. Use \""SPDX-License-Identifier: UNLICENSED\"" for non-open-source code. Please see https://spdx.org for more information.)"",exception (json.decoder.JSONDecodeError: Expecting value: line 1 column 1 (char 0))}"
contracts_output/contracts_output/codellama_with_rag_contracts/242.sol,242.sol,slither-0.11.3,solidity,2025/09/14,20260213_1744,1771004901.9461384,1.7692666053771973,1,{},{},{EXIT_CODE_1},"{""analysis unsuccessful, check output.json"",""error parsing results: file could not be opened successfully:
- method gz: ReadError('empty file')
- method bz2: ReadError('not a bzip2 file')
- method xz: ReadError('not an lzma file')
- method tar: ReadError('empty file')"",exception (crytic_compile.platform.exceptions.InvalidCompilation: Invalid solc compilation Error: Expected ';' but got identifier),exception (json.decoder.JSONDecodeError: Expecting value: line 1 column 1 (char 0))}"
contracts_output/contracts_output/codellama_with_rag_contracts/2424.sol,2424.sol,slither-0.11.3,solidity,2025/09/14,20260213_1744,1771004759.4121583,1.4228718280792236,255,"{dead_code,events_access,solc_version}",{},{},{}
contracts_output/contracts_output/codellama_with_rag_contracts/243.sol,243.sol,slither-0.11.3,solidity,2025/09/14,20260213_1744,1771005098.400314,1.7928287982940674,1,{},{},{EXIT_CODE_1},"{""analysis unsuccessful, check output.json"",""error parsing results: file could not be opened successfully:
- method gz: ReadError('empty file')
- method bz2: ReadError('not a bzip2 file')
- method xz: ReadError('not an lzma file')
- method tar: ReadError('empty file')"",""exception (crytic_compile.platform.exceptions.InvalidCompilation: Invalid solc compilation Warning: SPDX license identifier not provided in source file. Before publishing, consider adding a comment containing \""SPDX-License-Identifier: <SPDX-License>\"" to each source file. Use \""SPDX-License-Identifier: UNLICENSED\"" for non-open-source code. Please see https://spdx.org for more information.)"",exception (json.decoder.JSONDecodeError: Expecting value: line 1 column 1 (char 0))}"
contracts_output/contracts_output/codellama_with_rag_contracts/2431.sol,2431.sol,slither-0.11.3,solidity,2025/09/14,20260213_1744,1771004706.978136,1.8789417743682861,1,{},{},{EXIT_CODE_1},"{""analysis unsuccessful, check output.json"",""error parsing results: file could not be opened successfully:
- method gz: ReadError('empty file')
- method bz2: ReadError('not a bzip2 file')
- method xz: ReadError('not an lzma file')
- method tar: ReadError('empty file')"",""exception (crytic_compile.platform.exceptions.InvalidCompilation: Invalid solc compilation Error: Expected pragma, import directive or contract/interface/library/struct/enum/constant/function/error definition.)"",exception (json.decoder.JSONDecodeError: Expecting value: line 1 column 1 (char 0))}"
contracts_output/contracts_output/codellama_with_rag_contracts/2433.sol,2433.sol,slither-0.11.3,solidity,2025/09/14,20260213_1744,1771005047.2061849,2.0109596252441406,1,{},{},{EXIT_CODE_1},"{""analysis unsuccessful, check output.json"",""error parsing results: file could not be opened successfully:
- method gz: ReadError('empty file')
- method bz2: ReadError('not a bzip2 file')
- method xz: ReadError('not an lzma file')
- method tar: ReadError('empty file')"",exception (crytic_compile.platform.exceptions.InvalidCompilation: Invalid solc compilation Error: Expected primary expression.),exception (json.decoder.JSONDecodeError: Expecting value: line 1 column 1 (char 0))}"
contracts_output/contracts_output/codellama_with_rag_contracts/2436.sol,2436.sol,slither-0.11.3,solidity,2025/09/14,20260213_1744,1771004931.8731754,1.9029614925384521,1,{},{},{EXIT_CODE_1},"{""analysis unsuccessful, check output.json"",""error parsing results: file could not be opened successfully:
- method gz: ReadError('empty file')
- method bz2: ReadError('not a bzip2 file')
- method xz: ReadError('not an lzma file')
- method tar: ReadError('empty file')"",""exception (crytic_compile.platform.exceptions.InvalidCompilation: Invalid solc compilation Warning: SPDX license identifier not provided in source file. Before publishing, consider adding a comment containing \""SPDX-License-Identifier: <SPDX-License>\"" to each source file. Use \""SPDX-License-Identifier: UNLICENSED\"" for non-open-source code. Please see https://spdx.org for more information.)"",exception (json.decoder.JSONDecodeError: Expecting value: line 1 column 1 (char 0))}"
contracts_output/contracts_output/codellama_with_rag_contracts/2439.sol,2439.sol,slither-0.11.3,solidity,2025/09/14,20260213_1744,1771005052.8569763,1.602830410003662,1,{},{},{EXIT_CODE_1},"{""analysis unsuccessful, check output.json"",""error parsing results: file could not be opened successfully:
- method gz: ReadError('empty file')
- method bz2: ReadError('not a bzip2 file')
- method xz: ReadError('not an lzma file')
- method tar: ReadError('empty file')"",""exception (crytic_compile.platform.exceptions.InvalidCompilation: Invalid solc compilation Warning: SPDX license identifier not provided in source file. Before publishing, consider adding a comment containing \""SPDX-License-Identifier: <SPDX-License>\"" to each source file. Use \""SPDX-License-Identifier: UNLICENSED\"" for non-open-source code. Please see https://spdx.org for more information.)"",exception (json.decoder.JSONDecodeError: Expecting value: line 1 column 1 (char 0))}"
contracts_output/contracts_output/codellama_with_rag_contracts/2463.sol,2463.sol,slither-0.11.3,solidity,2025/09/14,20260213_1744,1771004996.920835,1.8820767402648926,1,{},{},{EXIT_CODE_1},"{""analysis unsuccessful, check output.json"",""error parsing results: file could not be opened successfully:
- method gz: ReadError('empty file')
- method bz2: ReadError('not a bzip2 file')
- method xz: ReadError('not an lzma file')
- method tar: ReadError('empty file')"",""exception (crytic_compile.platform.exceptions.InvalidCompilation: Invalid solc compilation Warning: SPDX license identifier not provided in source file. Before publishing, consider adding a comment containing \""SPDX-License-Identifier: <SPDX-License>\"" to each source file. Use \""SPDX-License-Identifier: UNLICENSED\"" for non-open-source code. Please see https://spdx.org for more information.)"",exception (json.decoder.JSONDecodeError: Expecting value: line 1 column 1 (char 0))}"
contracts_output/contracts_output/codellama_with_rag_contracts/2468.sol,2468.sol,slither-0.11.3,solidity,2025/09/14,20260213_1744,1771004882.8449688,1.6476640701293945,1,{},{},{EXIT_CODE_1},"{""analysis unsuccessful, check output.json"",""error parsing results: file could not be opened successfully:
- method gz: ReadError('empty file')
- method bz2: ReadError('not a bzip2 file')
- method xz: ReadError('not an lzma file')
- method tar: ReadError('empty file')"",""exception (crytic_compile.platform.exceptions.InvalidCompilation: Invalid solc compilation Warning: SPDX license identifier not provided in source file. Before publishing, consider adding a comment containing \""SPDX-License-Identifier: <SPDX-License>\"" to each source file. Use \""SPDX-License-Identifier: UNLICENSED\"" for non-open-source code. Please see https://spdx.org for more information.)"",exception (json.decoder.JSONDecodeError: Expecting value: line 1 column 1 (char 0))}"
contracts_output/contracts_output/codellama_with_rag_contracts/2473.sol,2473.sol,slither-0.11.3,solidity,2025/09/14,20260213_1744,1771004911.7041423,1.581409215927124,1,{},{},{EXIT_CODE_1},"{""analysis unsuccessful, check output.json"",""error parsing results: file could not be opened successfully:
- method gz: ReadError('empty file')
- method bz2: ReadError('not a bzip2 file')
- method xz: ReadError('not an lzma file')
- method tar: ReadError('empty file')"",""exception (crytic_compile.platform.exceptions.InvalidCompilation: Invalid solc compilation Warning: SPDX license identifier not provided in source file. Before publishing, consider adding a comment containing \""SPDX-License-Identifier: <SPDX-License>\"" to each source file. Use \""SPDX-License-Identifier: UNLICENSED\"" for non-open-source code. Please see https://spdx.org for more information.)"",exception (json.decoder.JSONDecodeError: Expecting value: line 1 column 1 (char 0))}"
contracts_output/contracts_output/codellama_with_rag_contracts/2476.sol,2476.sol,slither-0.11.3,solidity,2025/09/14,20260213_1744,1771004783.257166,1.7849273681640625,1,{},{},{EXIT_CODE_1},"{""analysis unsuccessful, check output.json"",""error parsing results: file could not be opened successfully:
- method gz: ReadError('empty file')
- method bz2: ReadError('not a bzip2 file')
- method xz: ReadError('not an lzma file')
- method tar: ReadError('empty file')"",""exception (crytic_compile.platform.exceptions.InvalidCompilation: Invalid solc compilation Warning: SPDX license identifier not provided in source file. Before publishing, consider adding a comment containing \""SPDX-License-Identifier: <SPDX-License>\"" to each source file. Use \""SPDX-License-Identifier: UNLICENSED\"" for non-open-source code. Please see https://spdx.org for more information.)"",exception (json.decoder.JSONDecodeError: Expecting value: line 1 column 1 (char 0))}"
contracts_output/contracts_output/codellama_with_rag_contracts/2481.sol,2481.sol,slither-0.11.3,solidity,2025/09/14,20260213_1744,1771004706.1450334,1.9972014427185059,1,{},{},{EXIT_CODE_1},"{""analysis unsuccessful, check output.json"",""error parsing results: file could not be opened successfully:
- method gz: ReadError('empty file')
- method bz2: ReadError('not a bzip2 file')
- method xz: ReadError('not an lzma file')
- method tar: ReadError('empty file')"",""exception (crytic_compile.platform.exceptions.InvalidCompilation: Invalid solc compilation Warning: SPDX license identifier not provided in source file. Before publishing, consider adding a comment containing \""SPDX-License-Identifier: <SPDX-License>\"" to each source file. Use \""SPDX-License-Identifier: UNLICENSED\"" for non-open-source code. Please see https://spdx.org for more information.)"",exception (json.decoder.JSONDecodeError: Expecting value: line 1 column 1 (char 0))}"
contracts_output/contracts_output/codellama_with_rag_contracts/2485.sol,2485.sol,slither-0.11.3,solidity,2025/09/14,20260213_1744,1771004745.9111466,2.245011329650879,255,"{dead_code,immutable_states,naming_convention,solc_version}",{},{},{}
contracts_output/contracts_output/codellama_with_rag_contracts/2491.sol,2491.sol,slither-0.11.3,solidity,2025/09/14,20260213_1744,1771005020.774663,1.6155271530151367,255,"{dead_code,naming_convention,solc_version}",{},{},{}
contracts_output/contracts_output/codellama_with_rag_contracts/250.sol,250.sol,slither-0.11.3,solidity,2025/09/14,20260213_1744,1771004815.844222,1.7499289512634277,1,{},{},{EXIT_CODE_1},"{""analysis unsuccessful, check output.json"",""error parsing results: file could not be opened successfully:
- method gz: ReadError('empty file')
- method bz2: ReadError('not a bzip2 file')
- method xz: ReadError('not an lzma file')
- method tar: ReadError('empty file')"",""exception (crytic_compile.platform.exceptions.InvalidCompilation: Invalid solc compilation Warning: SPDX license identifier not provided in source file. Before publishing, consider adding a comment containing \""SPDX-License-Identifier: <SPDX-License>\"" to each source file. Use \""SPDX-License-Identifier: UNLICENSED\"" for non-open-source code. Please see https://spdx.org for more information.)"",exception (json.decoder.JSONDecodeError: Expecting value: line 1 column 1 (char 0))}"
contracts_output/contracts_output/codellama_with_rag_contracts/2515.sol,2515.sol,slither-0.11.3,solidity,2025/09/14,20260213_1744,1771005043.8239179,1.8544516563415527,255,"{dead_code,naming_convention,solc_version}",{},{},{}
contracts_output/contracts_output/codellama_with_rag_contracts/2521.sol,2521.sol,slither-0.11.3,solidity,2025/09/14,20260213_1744,1771005029.9826958,1.4740915298461914,1,{},{},{EXIT_CODE_1},"{""analysis unsuccessful, check output.json"",""error parsing results: file could not be opened successfully:
- method gz: ReadError('empty file')
- method bz2: ReadError('not a bzip2 file')
- method xz: ReadError('not an lzma file')
- method tar: ReadError('empty file')"",""exception (crytic_compile.platform.exceptions.InvalidCompilation: Invalid solc compilation Warning: SPDX license identifier not provided in source file. Before publishing, consider adding a comment containing \""SPDX-License-Identifier: <SPDX-License>\"" to each source file. Use \""SPDX-License-Identifier: UNLICENSED\"" for non-open-source code. Please see https://spdx.org for more information.)"",exception (json.decoder.JSONDecodeError: Expecting value: line 1 column 1 (char 0))}"
contracts_output/contracts_output/codellama_with_rag_contracts/2524.sol,2524.sol,slither-0.11.3,solidity,2025/09/14,20260213_1744,1771004849.6253355,2.627150774002075,1,{},{},{EXIT_CODE_1},"{""analysis unsuccessful, check output.json"",""error parsing results: file could not be opened successfully:
- method gz: ReadError('empty file')
- method bz2: ReadError('not a bzip2 file')
- method xz: ReadError('not an lzma file')
- method tar: ReadError('empty file')"",""exception (crytic_compile.platform.exceptions.InvalidCompilation: Invalid solc compilation Warning: SPDX license identifier not provided in source file. Before publishing, consider adding a comment containing \""SPDX-License-Identifier: <SPDX-License>\"" to each source file. Use \""SPDX-License-Identifier: UNLICENSED\"" for non-open-source code. Please see https://spdx.org for more information.)"",exception (json.decoder.JSONDecodeError: Expecting value: line 1 column 1 (char 0))}"
contracts_output/contracts_output/codellama_with_rag_contracts/2532.sol,2532.sol,slither-0.11.3,solidity,2025/09/14,20260213_1744,1771004699.5383632,2.3093161582946777,1,{},{},{EXIT_CODE_1},"{""analysis unsuccessful, check output.json"",""error parsing results: file could not be opened successfully:
- method gz: ReadError('empty file')
- method bz2: ReadError('not a bzip2 file')
- method xz: ReadError('not an lzma file')
- method tar: ReadError('empty file')"",""exception (crytic_compile.platform.exceptions.InvalidCompilation: Invalid solc compilation Warning: SPDX license identifier not provided in source file. Before publishing, consider adding a comment containing \""SPDX-License-Identifier: <SPDX-License>\"" to each source file. Use \""SPDX-License-Identifier: UNLICENSED\"" for non-open-source code. Please see https://spdx.org for more information.)"",exception (json.decoder.JSONDecodeError: Expecting value: line 1 column 1 (char 0))}"
contracts_output/contracts_output/codellama_with_rag_contracts/2533.sol,2533.sol,slither-0.11.3,solidity,2025/09/14,20260213_1744,1771005019.4796307,1.3578202724456787,1,{},{},{EXIT_CODE_1},"{""analysis unsuccessful, check output.json"",""error parsing results: file could not be opened successfully:
- method gz: ReadError('empty file')
- method bz2: ReadError('not a bzip2 file')
- method xz: ReadError('not an lzma file')
- method tar: ReadError('empty file')"",""exception (crytic_compile.platform.exceptions.InvalidCompilation: Invalid solc compilation Warning: SPDX license identifier not provided in source file. Before publishing, consider adding a comment containing \""SPDX-License-Identifier: <SPDX-License>\"" to each source file. Use \""SPDX-License-Identifier: UNLICENSED\"" for non-open-source code. Please see https://spdx.org for more information.)"",exception (json.decoder.JSONDecodeError: Expecting value: line 1 column 1 (char 0))}"
contracts_output/contracts_output/codellama_with_rag_contracts/2566.sol,2566.sol,slither-0.11.3,solidity,2025/09/14,20260213_1744,1771004990.5032506,1.7106499671936035,1,{},{},{EXIT_CODE_1},"{""analysis unsuccessful, check output.json"",""error parsing results: file could not be opened successfully:
- method gz: ReadError('empty file')
- method bz2: ReadError('not a bzip2 file')
- method xz: ReadError('not an lzma file')
- method tar: ReadError('empty file')"",""exception (crytic_compile.platform.exceptions.InvalidCompilation: Invalid solc compilation Warning: SPDX license identifier not provided in source file. Before publishing, consider adding a comment containing \""SPDX-License-Identifier: <SPDX-License>\"" to each source file. Use \""SPDX-License-Identifier: UNLICENSED\"" for non-open-source code. Please see https://spdx.org for more information.)"",exception (json.decoder.JSONDecodeError: Expecting value: line 1 column 1 (char 0))}"
contracts_output/contracts_output/codellama_with_rag_contracts/2581.sol,2581.sol,slither-0.11.3,solidity,2025/09/14,20260213_1744,1771005078.403296,2.2233409881591797,255,"{dead_code,immutable_states,solc_version,too_many_digits}",{},{},{}
contracts_output/contracts_output/codellama_with_rag_contracts/2600.sol,2600.sol,slither-0.11.3,solidity,2025/09/14,20260213_1744,1771005066.7380252,1.6995713710784912,255,"{dead_code,naming_convention,solc_version}",{},{},{}
contracts_output/contracts_output/codellama_with_rag_contracts/2602.sol,2602.sol,slither-0.11.3,solidity,2025/09/14,20260213_1744,1771004985.560845,1.6303839683532715,255,"{immutable_states,solc_version}",{},{},{}
contracts_output/contracts_output/codellama_with_rag_contracts/2614.sol,2614.sol,slither-0.11.3,solidity,2025/09/14,20260213_1744,1771004686.2953029,3.415876626968384,1,{},{},{EXIT_CODE_1},"{""analysis unsuccessful, check output.json"",""error parsing results: file could not be opened successfully:
- method gz: ReadError('empty file')
- method bz2: ReadError('not a bzip2 file')
- method xz: ReadError('not an lzma file')
- method tar: ReadError('empty file')"",""exception (crytic_compile.platform.exceptions.InvalidCompilation: Invalid solc compilation Warning: SPDX license identifier not provided in source file. Before publishing, consider adding a comment containing \""SPDX-License-Identifier: <SPDX-License>\"" to each source file. Use \""SPDX-License-Identifier: UNLICENSED\"" for non-open-source code. Please see https://spdx.org for more information.)"",exception (json.decoder.JSONDecodeError: Expecting value: line 1 column 1 (char 0))}"
contracts_output/contracts_output/codellama_with_rag_contracts/2617.sol,2617.sol,slither-0.11.3,solidity,2025/09/14,20260213_1744,1771005048.351567,1.550358533859253,1,{},{},{EXIT_CODE_1},"{""analysis unsuccessful, check output.json"",""error parsing results: file could not be opened successfully:
- method gz: ReadError('empty file')
- method bz2: ReadError('not a bzip2 file')
- method xz: ReadError('not an lzma file')
- method tar: ReadError('empty file')"",""exception (crytic_compile.platform.exceptions.InvalidCompilation: Invalid solc compilation Warning: SPDX license identifier not provided in source file. Before publishing, consider adding a comment containing \""SPDX-License-Identifier: <SPDX-License>\"" to each source file. Use \""SPDX-License-Identifier: UNLICENSED\"" for non-open-source code. Please see https://spdx.org for more information.)"",exception (json.decoder.JSONDecodeError: Expecting value: line 1 column 1 (char 0))}"
contracts_output/contracts_output/codellama_with_rag_contracts/2621.sol,2621.sol,slither-0.11.3,solidity,2025/09/14,20260213_1744,1771005007.2664442,2.1719894409179688,255,"{dead_code,naming_convention,shadowing_local,solc_version,timestamp}",{},{},{}
contracts_output/contracts_output/codellama_with_rag_contracts/2632.sol,2632.sol,slither-0.11.3,solidity,2025/09/14,20260213_1744,1771004741.5320573,1.8003764152526855,255,"{dead_code,immutable_states,solc_version}",{},{},{}
contracts_output/contracts_output/codellama_with_rag_contracts/2639.sol,2639.sol,slither-0.11.3,solidity,2025/09/14,20260213_1744,1771004803.1522691,2.5032169818878174,1,{},{},{EXIT_CODE_1},"{""analysis unsuccessful, check output.json"",""error parsing results: file could not be opened successfully:
- method gz: ReadError('empty file')
- method bz2: ReadError('not a bzip2 file')
- method xz: ReadError('not an lzma file')
- method tar: ReadError('empty file')"",""exception (crytic_compile.platform.exceptions.InvalidCompilation: Invalid solc compilation Warning: SPDX license identifier not provided in source file. Before publishing, consider adding a comment containing \""SPDX-License-Identifier: <SPDX-License>\"" to each source file. Use \""SPDX-License-Identifier: UNLICENSED\"" for non-open-source code. Please see https://spdx.org for more information.)"",exception (json.decoder.JSONDecodeError: Expecting value: line 1 column 1 (char 0))}"
contracts_output/contracts_output/codellama_with_rag_contracts/267.sol,267.sol,slither-0.11.3,solidity,2025/09/14,20260213_1744,1771005009.4404101,1.7430107593536377,1,{},{},{EXIT_CODE_1},"{""analysis unsuccessful, check output.json"",""error parsing results: file could not be opened successfully:
- method gz: ReadError('empty file')
- method bz2: ReadError('not a bzip2 file')
- method xz: ReadError('not an lzma file')
- method tar: ReadError('empty file')"",""exception (crytic_compile.platform.exceptions.InvalidCompilation: Invalid solc compilation Warning: SPDX license identifier not provided in source file. Before publishing, consider adding a comment containing \""SPDX-License-Identifier: <SPDX-License>\"" to each source file. Use \""SPDX-License-Identifier: UNLICENSED\"" for non-open-source code. Please see https://spdx.org for more information.)"",exception (json.decoder.JSONDecodeError: Expecting value: line 1 column 1 (char 0))}"
contracts_output/contracts_output/codellama_with_rag_contracts/2680.sol,2680.sol,slither-0.11.3,solidity,2025/09/14,20260213_1744,1771004743.2522066,2.2806692123413086,1,{},{},{EXIT_CODE_1},"{""analysis unsuccessful, check output.json"",""error parsing results: file could not be opened successfully:
- method gz: ReadError('empty file')
- method bz2: ReadError('not a bzip2 file')
- method xz: ReadError('not an lzma file')
- method tar: ReadError('empty file')"",""exception (crytic_compile.platform.exceptions.InvalidCompilation: Invalid solc compilation Warning: SPDX license identifier not provided in source file. Before publishing, consider adding a comment containing \""SPDX-License-Identifier: <SPDX-License>\"" to each source file. Use \""SPDX-License-Identifier: UNLICENSED\"" for non-open-source code. Please see https://spdx.org for more information.)"",exception (json.decoder.JSONDecodeError: Expecting value: line 1 column 1 (char 0))}"
contracts_output/contracts_output/codellama_with_rag_contracts/2712.sol,2712.sol,slither-0.11.3,solidity,2025/09/14,20260213_1744,1771005109.0286856,1.9702284336090088,1,{},{},{EXIT_CODE_1},"{""analysis unsuccessful, check output.json"",""error parsing results: file could not be opened successfully:
- method gz: ReadError('empty file')
- method bz2: ReadError('not a bzip2 file')
- method xz: ReadError('not an lzma file')
- method tar: ReadError('empty file')"",""exception (crytic_compile.platform.exceptions.InvalidCompilation: Invalid solc compilation Warning: SPDX license identifier not provided in source file. Before publishing, consider adding a comment containing \""SPDX-License-Identifier: <SPDX-License>\"" to each source file. Use \""SPDX-License-Identifier: UNLICENSED\"" for non-open-source code. Please see https://spdx.org for more information.)"",exception (json.decoder.JSONDecodeError: Expecting value: line 1 column 1 (char 0))}"
contracts_output/contracts_output/codellama_with_rag_contracts/2733.sol,2733.sol,slither-0.11.3,solidity,2025/09/14,20260213_1744,1771004691.255184,2.3217661380767822,1,{},{},{EXIT_CODE_1},"{""analysis unsuccessful, check output.json"",""error parsing results: file could not be opened successfully:
- method gz: ReadError('empty file')
- method bz2: ReadError('not a bzip2 file')
- method xz: ReadError('not an lzma file')
- method tar: ReadError('empty file')"",""exception (crytic_compile.platform.exceptions.InvalidCompilation: Invalid solc compilation Warning: SPDX license identifier not provided in source file. Before publishing, consider adding a comment containing \""SPDX-License-Identifier: <SPDX-License>\"" to each source file. Use \""SPDX-License-Identifier: UNLICENSED\"" for non-open-source code. Please see https://spdx.org for more information.)"",exception (json.decoder.JSONDecodeError: Expecting value: line 1 column 1 (char 0))}"
contracts_output/contracts_output/codellama_with_rag_contracts/2749.sol,2749.sol,slither-0.11.3,solidity,2025/09/14,20260213_1744,1771004733.499991,1.7425894737243652,1,{},{},{EXIT_CODE_1},"{""analysis unsuccessful, check output.json"",""error parsing results: file could not be opened successfully:
- method gz: ReadError('empty file')
- method bz2: ReadError('not a bzip2 file')
- method xz: ReadError('not an lzma file')
- method tar: ReadError('empty file')"",""exception (crytic_compile.platform.exceptions.InvalidCompilation: Invalid solc compilation Warning: SPDX license identifier not provided in source file. Before publishing, consider adding a comment containing \""SPDX-License-Identifier: <SPDX-License>\"" to each source file. Use \""SPDX-License-Identifier: UNLICENSED\"" for non-open-source code. Please see https://spdx.org for more information.)"",exception (json.decoder.JSONDecodeError: Expecting value: line 1 column 1 (char 0))}"
contracts_output/contracts_output/codellama_with_rag_contracts/2752.sol,2752.sol,slither-0.11.3,solidity,2025/09/14,20260213_1744,1771004986.1090016,2.415292978286743,255,"{dead_code,divide_before_multiply,immutable_states,naming_convention,solc_version}",{},{},{}
contracts_output/contracts_output/codellama_with_rag_contracts/277.sol,277.sol,slither-0.11.3,solidity,2025/09/14,20260213_1744,1771005069.830687,1.4936857223510742,1,{},{},{EXIT_CODE_1},"{""analysis unsuccessful, check output.json"",""error parsing results: file could not be opened successfully:
- method gz: ReadError('empty file')
- method bz2: ReadError('not a bzip2 file')
- method xz: ReadError('not an lzma file')
- method tar: ReadError('empty file')"",""exception (crytic_compile.platform.exceptions.InvalidCompilation: Invalid solc compilation Warning: SPDX license identifier not provided in source file. Before publishing, consider adding a comment containing \""SPDX-License-Identifier: <SPDX-License>\"" to each source file. Use \""SPDX-License-Identifier: UNLICENSED\"" for non-open-source code. Please see https://spdx.org for more information.)"",exception (json.decoder.JSONDecodeError: Expecting value: line 1 column 1 (char 0))}"
contracts_output/contracts_output/codellama_with_rag_contracts/2777.sol,2777.sol,slither-0.11.3,solidity,2025/09/14,20260213_1744,1771004959.4556794,1.7794723510742188,1,{},{},{EXIT_CODE_1},"{""analysis unsuccessful, check output.json"",""error parsing results: file could not be opened successfully:
- method gz: ReadError('empty file')
- method bz2: ReadError('not a bzip2 file')
- method xz: ReadError('not an lzma file')
- method tar: ReadError('empty file')"",""exception (crytic_compile.platform.exceptions.InvalidCompilation: Invalid solc compilation Warning: SPDX license identifier not provided in source file. Before publishing, consider adding a comment containing \""SPDX-License-Identifier: <SPDX-License>\"" to each source file. Use \""SPDX-License-Identifier: UNLICENSED\"" for non-open-source code. Please see https://spdx.org for more information.)"",exception (json.decoder.JSONDecodeError: Expecting value: line 1 column 1 (char 0))}"
contracts_output/contracts_output/codellama_with_rag_contracts/281.sol,281.sol,slither-0.11.3,solidity,2025/09/14,20260213_1744,1771004816.9240203,1.557588815689087,1,{},{},{EXIT_CODE_1},"{""analysis unsuccessful, check output.json"",""error parsing results: file could not be opened successfully:
- method gz: ReadError('empty file')
- method bz2: ReadError('not a bzip2 file')
- method xz: ReadError('not an lzma file')
- method tar: ReadError('empty file')"",""exception (crytic_compile.platform.exceptions.InvalidCompilation: Invalid solc compilation Warning: SPDX license identifier not provided in source file. Before publishing, consider adding a comment containing \""SPDX-License-Identifier: <SPDX-License>\"" to each source file. Use \""SPDX-License-Identifier: UNLICENSED\"" for non-open-source code. Please see https://spdx.org for more information.)"",exception (json.decoder.JSONDecodeError: Expecting value: line 1 column 1 (char 0))}"
contracts_output/contracts_output/codellama_with_rag_contracts/2847.sol,2847.sol,slither-0.11.3,solidity,2025/09/14,20260213_1744,1771004893.23607,1.8830702304840088,1,{},{},{EXIT_CODE_1},"{""analysis unsuccessful, check output.json"",""error parsing results: file could not be opened successfully:
- method gz: ReadError('empty file')
- method bz2: ReadError('not a bzip2 file')
- method xz: ReadError('not an lzma file')
- method tar: ReadError('empty file')"",""exception (crytic_compile.platform.exceptions.InvalidCompilation: Invalid solc compilation Warning: SPDX license identifier not provided in source file. Before publishing, consider adding a comment containing \""SPDX-License-Identifier: <SPDX-License>\"" to each source file. Use \""SPDX-License-Identifier: UNLICENSED\"" for non-open-source code. Please see https://spdx.org for more information.)"",exception (json.decoder.JSONDecodeError: Expecting value: line 1 column 1 (char 0))}"
contracts_output/contracts_output/codellama_with_rag_contracts/2851.sol,2851.sol,slither-0.11.3,solidity,2025/09/14,20260213_1744,1771004697.5298934,2.2638099193573,255,"{dead_code,solc_version}",{},{},{}
contracts_output/contracts_output/codellama_with_rag_contracts/2869.sol,2869.sol,slither-0.11.3,solidity,2025/09/14,20260213_1744,1771004916.6371017,1.6751513481140137,1,{},{},{EXIT_CODE_1},"{""analysis unsuccessful, check output.json"",""error parsing results: file could not be opened successfully:
- method gz: ReadError('empty file')
- method bz2: ReadError('not a bzip2 file')
- method xz: ReadError('not an lzma file')
- method tar: ReadError('empty file')"",""exception (crytic_compile.platform.exceptions.InvalidCompilation: Invalid solc compilation Warning: SPDX license identifier not provided in source file. Before publishing, consider adding a comment containing \""SPDX-License-Identifier: <SPDX-License>\"" to each source file. Use \""SPDX-License-Identifier: UNLICENSED\"" for non-open-source code. Please see https://spdx.org for more information.)"",exception (json.decoder.JSONDecodeError: Expecting value: line 1 column 1 (char 0))}"
contracts_output/contracts_output/codellama_with_rag_contracts/2892.sol,2892.sol,slither-0.11.3,solidity,2025/09/14,20260213_1744,1771004935.940839,2.707423210144043,255,"{arbitrary_send_eth,dead_code,missing_zero_check,solc_version}",{},{},{}
contracts_output/contracts_output/codellama_with_rag_contracts/2907.sol,2907.sol,slither-0.11.3,solidity,2025/09/14,20260213_1744,1771004697.6307006,2.214097738265991,1,{},{},{EXIT_CODE_1},"{""analysis unsuccessful, check output.json"",""error parsing results: file could not be opened successfully:
- method gz: ReadError('empty file')
- method bz2: ReadError('not a bzip2 file')
- method xz: ReadError('not an lzma file')
- method tar: ReadError('empty file')"",""exception (crytic_compile.platform.exceptions.InvalidCompilation: Invalid solc compilation Warning: SPDX license identifier not provided in source file. Before publishing, consider adding a comment containing \""SPDX-License-Identifier: <SPDX-License>\"" to each source file. Use \""SPDX-License-Identifier: UNLICENSED\"" for non-open-source code. Please see https://spdx.org for more information.)"",exception (json.decoder.JSONDecodeError: Expecting value: line 1 column 1 (char 0))}"
contracts_output/contracts_output/codellama_with_rag_contracts/2948.sol,2948.sol,slither-0.11.3,solidity,2025/09/14,20260213_1744,1771004686.2591157,2.161022663116455,255,"{dead_code,immutable_states,solc_version}",{},{},{}
contracts_output/contracts_output/codellama_with_rag_contracts/2971.sol,2971.sol,slither-0.11.3,solidity,2025/09/14,20260213_1744,1771005016.347905,1.8450937271118164,1,{},{},{EXIT_CODE_1},"{""analysis unsuccessful, check output.json"",""error parsing results: file could not be opened successfully:
- method gz: ReadError('empty file')
- method bz2: ReadError('not a bzip2 file')
- method xz: ReadError('not an lzma file')
- method tar: ReadError('empty file')"",""exception (crytic_compile.platform.exceptions.InvalidCompilation: Invalid solc compilation Warning: SPDX license identifier not provided in source file. Before publishing, consider adding a comment containing \""SPDX-License-Identifier: <SPDX-License>\"" to each source file. Use \""SPDX-License-Identifier: UNLICENSED\"" for non-open-source code. Please see https://spdx.org for more information.)"",exception (json.decoder.JSONDecodeError: Expecting value: line 1 column 1 (char 0))}"
contracts_output/contracts_output/codellama_with_rag_contracts/2976.sol,2976.sol,slither-0.11.3,solidity,2025/09/14,20260213_1744,1771004872.3645136,1.8148798942565918,1,{},{},{EXIT_CODE_1},"{""analysis unsuccessful, check output.json"",""error parsing results: file could not be opened successfully:
- method gz: ReadError('empty file')
- method bz2: ReadError('not a bzip2 file')
- method xz: ReadError('not an lzma file')
- method tar: ReadError('empty file')"",""exception (crytic_compile.platform.exceptions.InvalidCompilation: Invalid solc compilation Warning: SPDX license identifier not provided in source file. Before publishing, consider adding a comment containing \""SPDX-License-Identifier: <SPDX-License>\"" to each source file. Use \""SPDX-License-Identifier: UNLICENSED\"" for non-open-source code. Please see https://spdx.org for more information.)"",exception (json.decoder.JSONDecodeError: Expecting value: line 1 column 1 (char 0))}"
contracts_output/contracts_output/codellama_with_rag_contracts/2989.sol,2989.sol,slither-0.11.3,solidity,2025/09/14,20260213_1744,1771004866.1995587,1.9233698844909668,1,{},{},{EXIT_CODE_1},"{""analysis unsuccessful, check output.json"",""error parsing results: file could not be opened successfully:
- method gz: ReadError('empty file')
- method bz2: ReadError('not a bzip2 file')
- method xz: ReadError('not an lzma file')
- method tar: ReadError('empty file')"",""exception (crytic_compile.platform.exceptions.InvalidCompilation: Invalid solc compilation Error: Expected ',' but got ';')"",exception (json.decoder.JSONDecodeError: Expecting value: line 1 column 1 (char 0))}"
contracts_output/contracts_output/codellama_with_rag_contracts/30.sol,30.sol,slither-0.11.3,solidity,2025/09/14,20260213_1744,1771004865.1202989,1.6078636646270752,255,"{dead_code,immutable_states,solc_version}",{},{},{}
contracts_output/contracts_output/codellama_with_rag_contracts/3024.sol,3024.sol,slither-0.11.3,solidity,2025/09/14,20260213_1744,1771004689.2209666,2.244769334793091,1,{},{},{EXIT_CODE_1},"{""analysis unsuccessful, check output.json"",""error parsing results: file could not be opened successfully:
- method gz: ReadError('empty file')
- method bz2: ReadError('not a bzip2 file')
- method xz: ReadError('not an lzma file')
- method tar: ReadError('empty file')"",""exception (crytic_compile.platform.exceptions.InvalidCompilation: Invalid solc compilation Warning: SPDX license identifier not provided in source file. Before publishing, consider adding a comment containing \""SPDX-License-Identifier: <SPDX-License>\"" to each source file. Use \""SPDX-License-Identifier: UNLICENSED\"" for non-open-source code. Please see https://spdx.org for more information.)"",exception (json.decoder.JSONDecodeError: Expecting value: line 1 column 1 (char 0))}"
contracts_output/contracts_output/codellama_with_rag_contracts/3040.sol,3040.sol,slither-0.11.3,solidity,2025/09/14,20260213_1744,1771004883.7956836,1.7886567115783691,1,{},{},{EXIT_CODE_1},"{""analysis unsuccessful, check output.json"",""error parsing results: file could not be opened successfully:
- method gz: ReadError('empty file')
- method bz2: ReadError('not a bzip2 file')
- method xz: ReadError('not an lzma file')
- method tar: ReadError('empty file')"",""exception (crytic_compile.platform.exceptions.InvalidCompilation: Invalid solc compilation Warning: SPDX license identifier not provided in source file. Before publishing, consider adding a comment containing \""SPDX-License-Identifier: <SPDX-License>\"" to each source file. Use \""SPDX-License-Identifier: UNLICENSED\"" for non-open-source code. Please see https://spdx.org for more information.)"",exception (json.decoder.JSONDecodeError: Expecting value: line 1 column 1 (char 0))}"
contracts_output/contracts_output/codellama_with_rag_contracts/306.sol,306.sol,slither-0.11.3,solidity,2025/09/14,20260213_1744,1771004707.7688046,2.205239772796631,1,{},{},{EXIT_CODE_1},"{""analysis unsuccessful, check output.json"",""error parsing results: file could not be opened successfully:
- method gz: ReadError('empty file')
- method bz2: ReadError('not a bzip2 file')
- method xz: ReadError('not an lzma file')
- method tar: ReadError('empty file')"",""exception (crytic_compile.platform.exceptions.InvalidCompilation: Invalid solc compilation Warning: SPDX license identifier not provided in source file. Before publishing, consider adding a comment containing \""SPDX-License-Identifier: <SPDX-License>\"" to each source file. Use \""SPDX-License-Identifier: UNLICENSED\"" for non-open-source code. Please see https://spdx.org for more information.)"",exception (json.decoder.JSONDecodeError: Expecting value: line 1 column 1 (char 0))}"
contracts_output/contracts_output/codellama_with_rag_contracts/3060.sol,3060.sol,slither-0.11.3,solidity,2025/09/14,20260213_1744,1771005039.457017,1.530083179473877,1,{},{},{EXIT_CODE_1},"{""analysis unsuccessful, check output.json"",""error parsing results: file could not be opened successfully:
- method gz: ReadError('empty file')
- method bz2: ReadError('not a bzip2 file')
- method xz: ReadError('not an lzma file')
- method tar: ReadError('empty file')"",exception (crytic_compile.platform.exceptions.InvalidCompilation: Invalid solc compilation Error: Expected ';' but got reserved keyword 'in'),exception (json.decoder.JSONDecodeError: Expecting value: line 1 column 1 (char 0))}"
contracts_output/contracts_output/codellama_with_rag_contracts/3064.sol,3064.sol,slither-0.11.3,solidity,2025/09/14,20260213_1744,1771004849.344461,1.5339341163635254,1,{},{},{EXIT_CODE_1},"{""analysis unsuccessful, check output.json"",""error parsing results: file could not be opened successfully:
- method gz: ReadError('empty file')
- method bz2: ReadError('not a bzip2 file')
- method xz: ReadError('not an lzma file')
- method tar: ReadError('empty file')"",""exception (crytic_compile.platform.exceptions.InvalidCompilation: Invalid solc compilation Warning: SPDX license identifier not provided in source file. Before publishing, consider adding a comment containing \""SPDX-License-Identifier: <SPDX-License>\"" to each source file. Use \""SPDX-License-Identifier: UNLICENSED\"" for non-open-source code. Please see https://spdx.org for more information.)"",exception (json.decoder.JSONDecodeError: Expecting value: line 1 column 1 (char 0))}"
contracts_output/contracts_output/codellama_with_rag_contracts/3096.sol,3096.sol,slither-0.11.3,solidity,2025/09/14,20260213_1744,1771004990.5457482,1.61572265625,1,{},{},{EXIT_CODE_1},"{""analysis unsuccessful, check output.json"",""error parsing results: file could not be opened successfully:
- method gz: ReadError('empty file')
- method bz2: ReadError('not a bzip2 file')
- method xz: ReadError('not an lzma file')
- method tar: ReadError('empty file')"",""exception (crytic_compile.platform.exceptions.InvalidCompilation: Invalid solc compilation Warning: SPDX license identifier not provided in source file. Before publishing, consider adding a comment containing \""SPDX-License-Identifier: <SPDX-License>\"" to each source file. Use \""SPDX-License-Identifier: UNLICENSED\"" for non-open-source code. Please see https://spdx.org for more information.)"",exception (json.decoder.JSONDecodeError: Expecting value: line 1 column 1 (char 0))}"
contracts_output/contracts_output/codellama_with_rag_contracts/3103.sol,3103.sol,slither-0.11.3,solidity,2025/09/14,20260213_1744,1771004724.6809447,1.6424140930175781,1,{},{},{EXIT_CODE_1},"{""analysis unsuccessful, check output.json"",""error parsing results: file could not be opened successfully:
- method gz: ReadError('empty file')
- method bz2: ReadError('not a bzip2 file')
- method xz: ReadError('not an lzma file')
- method tar: ReadError('empty file')"",""exception (crytic_compile.platform.exceptions.InvalidCompilation: Invalid solc compilation Warning: SPDX license identifier not provided in source file. Before publishing, consider adding a comment containing \""SPDX-License-Identifier: <SPDX-License>\"" to each source file. Use \""SPDX-License-Identifier: UNLICENSED\"" for non-open-source code. Please see https://spdx.org for more information.)"",exception (json.decoder.JSONDecodeError: Expecting value: line 1 column 1 (char 0))}"
contracts_output/contracts_output/codellama_with_rag_contracts/312.sol,312.sol,slither-0.11.3,solidity,2025/09/14,20260213_1744,1771004934.0135183,2.2118027210235596,1,{},{},{EXIT_CODE_1},"{""analysis unsuccessful, check output.json"",""error parsing results: file could not be opened successfully:
- method gz: ReadError('empty file')
- method bz2: ReadError('not a bzip2 file')
- method xz: ReadError('not an lzma file')
- method tar: ReadError('empty file')"",""exception (crytic_compile.platform.exceptions.InvalidCompilation: Invalid solc compilation Warning: SPDX license identifier not provided in source file. Before publishing, consider adding a comment containing \""SPDX-License-Identifier: <SPDX-License>\"" to each source file. Use \""SPDX-License-Identifier: UNLICENSED\"" for non-open-source code. Please see https://spdx.org for more information.)"",exception (json.decoder.JSONDecodeError: Expecting value: line 1 column 1 (char 0))}"
contracts_output/contracts_output/codellama_with_rag_contracts/3142.sol,3142.sol,slither-0.11.3,solidity,2025/09/14,20260213_1744,1771004800.0054874,1.395538568496704,1,{},{},{EXIT_CODE_1},"{""analysis unsuccessful, check output.json"",""error parsing results: file could not be opened successfully:
- method gz: ReadError('empty file')
- method bz2: ReadError('not a bzip2 file')
- method xz: ReadError('not an lzma file')
- method tar: ReadError('empty file')"",""exception (crytic_compile.platform.exceptions.InvalidCompilation: Invalid solc compilation Warning: SPDX license identifier not provided in source file. Before publishing, consider adding a comment containing \""SPDX-License-Identifier: <SPDX-License>\"" to each source file. Use \""SPDX-License-Identifier: UNLICENSED\"" for non-open-source code. Please see https://spdx.org for more information.)"",exception (json.decoder.JSONDecodeError: Expecting value: line 1 column 1 (char 0))}"
contracts_output/contracts_output/codellama_with_rag_contracts/3148.sol,3148.sol,slither-0.11.3,solidity,2025/09/14,20260213_1744,1771004951.5196676,1.5594298839569092,1,{},{},{EXIT_CODE_1},"{""analysis unsuccessful, check output.json"",""error parsing results: file could not be opened successfully:
- method gz: ReadError('empty file')
- method bz2: ReadError('not a bzip2 file')
- method xz: ReadError('not an lzma file')
- method tar: ReadError('empty file')"",""exception (crytic_compile.platform.exceptions.InvalidCompilation: Invalid solc compilation Warning: SPDX license identifier not provided in source file. Before publishing, consider adding a comment containing \""SPDX-License-Identifier: <SPDX-License>\"" to each source file. Use \""SPDX-License-Identifier: UNLICENSED\"" for non-open-source code. Please see https://spdx.org for more information.)"",exception (json.decoder.JSONDecodeError: Expecting value: line 1 column 1 (char 0))}"
contracts_output/contracts_output/codellama_with_rag_contracts/316.sol,316.sol,slither-0.11.3,solidity,2025/09/14,20260213_1744,1771004946.4282336,1.7518155574798584,255,"{dead_code,naming_convention,solc_version}",{},{},{}
contracts_output/contracts_output/codellama_with_rag_contracts/3161.sol,3161.sol,slither-0.11.3,solidity,2025/09/14,20260213_1744,1771005075.3610575,1.8041167259216309,255,"{dead_code,naming_convention,solc_version}",{},{},{}
contracts_output/contracts_output/codellama_with_rag_contracts/3163.sol,3163.sol,slither-0.11.3,solidity,2025/09/14,20260213_1744,1771005092.6299922,1.1949443817138672,1,{},{},{EXIT_CODE_1},"{""analysis unsuccessful, check output.json"",""error parsing results: file could not be opened successfully:
- method gz: ReadError('empty file')
- method bz2: ReadError('not a bzip2 file')
- method xz: ReadError('not an lzma file')
- method tar: ReadError('empty file')"",""exception (crytic_compile.platform.exceptions.InvalidCompilation: Invalid solc compilation Warning: SPDX license identifier not provided in source file. Before publishing, consider adding a comment containing \""SPDX-License-Identifier: <SPDX-License>\"" to each source file. Use \""SPDX-License-Identifier: UNLICENSED\"" for non-open-source code. Please see https://spdx.org for more information.)"",exception (json.decoder.JSONDecodeError: Expecting value: line 1 column 1 (char 0))}"
contracts_output/contracts_output/codellama_with_rag_contracts/3170.sol,3170.sol,slither-0.11.3,solidity,2025/09/14,20260213_1744,1771004873.8666093,1.97043776512146,1,{},{},{EXIT_CODE_1},"{""analysis unsuccessful, check output.json"",""error parsing results: file could not be opened successfully:
- method gz: ReadError('empty file')
- method bz2: ReadError('not a bzip2 file')
- method xz: ReadError('not an lzma file')
- method tar: ReadError('empty file')"",""exception (crytic_compile.platform.exceptions.InvalidCompilation: Invalid solc compilation Warning: SPDX license identifier not provided in source file. Before publishing, consider adding a comment containing \""SPDX-License-Identifier: <SPDX-License>\"" to each source file. Use \""SPDX-License-Identifier: UNLICENSED\"" for non-open-source code. Please see https://spdx.org for more information.)"",exception (json.decoder.JSONDecodeError: Expecting value: line 1 column 1 (char 0))}"
contracts_output/contracts_output/codellama_with_rag_contracts/3181.sol,3181.sol,slither-0.11.3,solidity,2025/09/14,20260213_1744,1771004703.7008486,2.145657777786255,255,"{dead_code,immutable_states,solc_version}",{},{},{}
contracts_output/contracts_output/codellama_with_rag_contracts/3185.sol,3185.sol,slither-0.11.3,solidity,2025/09/14,20260213_1744,1771004844.4228601,1.4034967422485352,255,"{assembly,constable_states,immutable_states,naming_convention,shadowing_local,solc_version}",{},{},{}
contracts_output/contracts_output/codellama_with_rag_contracts/3195.sol,3195.sol,slither-0.11.3,solidity,2025/09/14,20260213_1744,1771004849.3283608,1.656477928161621,255,"{dead_code,solc_version}",{},{},{}
contracts_output/contracts_output/codellama_with_rag_contracts/32.sol,32.sol,slither-0.11.3,solidity,2025/09/14,20260213_1744,1771004908.3018408,1.4024488925933838,1,{},{},{EXIT_CODE_1},"{""analysis unsuccessful, check output.json"",""error parsing results: file could not be opened successfully:
- method gz: ReadError('empty file')
- method bz2: ReadError('not a bzip2 file')
- method xz: ReadError('not an lzma file')
- method tar: ReadError('empty file')"",""exception (crytic_compile.platform.exceptions.InvalidCompilation: Invalid solc compilation Warning: SPDX license identifier not provided in source file. Before publishing, consider adding a comment containing \""SPDX-License-Identifier: <SPDX-License>\"" to each source file. Use \""SPDX-License-Identifier: UNLICENSED\"" for non-open-source code. Please see https://spdx.org for more information.)"",exception (json.decoder.JSONDecodeError: Expecting value: line 1 column 1 (char 0))}"
contracts_output/contracts_output/codellama_with_rag_contracts/3202.sol,3202.sol,slither-0.11.3,solidity,2025/09/14,20260213_1744,1771004922.7418423,1.9057607650756836,1,{},{},{EXIT_CODE_1},"{""analysis unsuccessful, check output.json"",""error parsing results: file could not be opened successfully:
- method gz: ReadError('empty file')
- method bz2: ReadError('not a bzip2 file')
- method xz: ReadError('not an lzma file')
- method tar: ReadError('empty file')"",""exception (crytic_compile.platform.exceptions.InvalidCompilation: Invalid solc compilation Warning: SPDX license identifier not provided in source file. Before publishing, consider adding a comment containing \""SPDX-License-Identifier: <SPDX-License>\"" to each source file. Use \""SPDX-License-Identifier: UNLICENSED\"" for non-open-source code. Please see https://spdx.org for more information.)"",exception (json.decoder.JSONDecodeError: Expecting value: line 1 column 1 (char 0))}"
contracts_output/contracts_output/codellama_with_rag_contracts/3204.sol,3204.sol,slither-0.11.3,solidity,2025/09/14,20260213_1744,1771005077.827618,1.6706616878509521,1,{},{},{EXIT_CODE_1},"{""analysis unsuccessful, check output.json"",""error parsing results: file could not be opened successfully:
- method gz: ReadError('empty file')
- method bz2: ReadError('not a bzip2 file')
- method xz: ReadError('not an lzma file')
- method tar: ReadError('empty file')"",""exception (crytic_compile.platform.exceptions.InvalidCompilation: Invalid solc compilation Warning: SPDX license identifier not provided in source file. Before publishing, consider adding a comment containing \""SPDX-License-Identifier: <SPDX-License>\"" to each source file. Use \""SPDX-License-Identifier: UNLICENSED\"" for non-open-source code. Please see https://spdx.org for more information.)"",exception (json.decoder.JSONDecodeError: Expecting value: line 1 column 1 (char 0))}"
contracts_output/contracts_output/codellama_with_rag_contracts/321.sol,321.sol,slither-0.11.3,solidity,2025/09/14,20260213_1744,1771005060.2343621,1.4153618812561035,1,{},{},{EXIT_CODE_1},"{""analysis unsuccessful, check output.json"",""error parsing results: file could not be opened successfully:
- method gz: ReadError('empty file')
- method bz2: ReadError('not a bzip2 file')
- method xz: ReadError('not an lzma file')
- method tar: ReadError('empty file')"",""exception (crytic_compile.platform.exceptions.InvalidCompilation: Invalid solc compilation Error: Expected pragma, import directive or contract/interface/library/struct/enum/constant/function/error definition.)"",exception (json.decoder.JSONDecodeError: Expecting value: line 1 column 1 (char 0))}"
contracts_output/contracts_output/codellama_with_rag_contracts/3235.sol,3235.sol,slither-0.11.3,solidity,2025/09/14,20260213_1744,1771005092.0922983,1.5139572620391846,1,{},{},{EXIT_CODE_1},"{""analysis unsuccessful, check output.json"",""error parsing results: file could not be opened successfully:
- method gz: ReadError('empty file')
- method bz2: ReadError('not a bzip2 file')
- method xz: ReadError('not an lzma file')
- method tar: ReadError('empty file')"",""exception (crytic_compile.platform.exceptions.InvalidCompilation: Invalid solc compilation Warning: SPDX license identifier not provided in source file. Before publishing, consider adding a comment containing \""SPDX-License-Identifier: <SPDX-License>\"" to each source file. Use \""SPDX-License-Identifier: UNLICENSED\"" for non-open-source code. Please see https://spdx.org for more information.)"",exception (json.decoder.JSONDecodeError: Expecting value: line 1 column 1 (char 0))}"
contracts_output/contracts_output/codellama_with_rag_contracts/3265.sol,3265.sol,slither-0.11.3,solidity,2025/09/14,20260213_1744,1771004871.4897556,2.0388383865356445,1,{},{},{EXIT_CODE_1},"{""analysis unsuccessful, check output.json"",""error parsing results: file could not be opened successfully:
- method gz: ReadError('empty file')
- method bz2: ReadError('not a bzip2 file')
- method xz: ReadError('not an lzma file')
- method tar: ReadError('empty file')"",""exception (crytic_compile.platform.exceptions.InvalidCompilation: Invalid solc compilation Warning: SPDX license identifier not provided in source file. Before publishing, consider adding a comment containing \""SPDX-License-Identifier: <SPDX-License>\"" to each source file. Use \""SPDX-License-Identifier: UNLICENSED\"" for non-open-source code. Please see https://spdx.org for more information.)"",exception (json.decoder.JSONDecodeError: Expecting value: line 1 column 1 (char 0))}"
contracts_output/contracts_output/codellama_with_rag_contracts/3277.sol,3277.sol,slither-0.11.3,solidity,2025/09/14,20260213_1744,1771004799.868985,1.5874106884002686,255,"{constable_states,dead_code,divide_before_multiply,solc_version}",{},{},{}
contracts_output/contracts_output/codellama_with_rag_contracts/3285.sol,3285.sol,slither-0.11.3,solidity,2025/09/14,20260213_1744,1771004813.094359,2.5714738368988037,1,{},{},{EXIT_CODE_1},"{""analysis unsuccessful, check output.json"",""error parsing results: file could not be opened successfully:
- method gz: ReadError('empty file')
- method bz2: ReadError('not a bzip2 file')
- method xz: ReadError('not an lzma file')
- method tar: ReadError('empty file')"",""exception (crytic_compile.platform.exceptions.InvalidCompilation: Invalid solc compilation Warning: SPDX license identifier not provided in source file. Before publishing, consider adding a comment containing \""SPDX-License-Identifier: <SPDX-License>\"" to each source file. Use \""SPDX-License-Identifier: UNLICENSED\"" for non-open-source code. Please see https://spdx.org for more information.)"",exception (json.decoder.JSONDecodeError: Expecting value: line 1 column 1 (char 0))}"
contracts_output/contracts_output/codellama_with_rag_contracts/3288.sol,3288.sol,slither-0.11.3,solidity,2025/09/14,20260213_1744,1771004881.660491,1.503899335861206,255,"{cache_array_length,shadowing_local,solc_version}",{},{},{}
contracts_output/contracts_output/codellama_with_rag_contracts/3297.sol,3297.sol,slither-0.11.3,solidity,2025/09/14,20260213_1744,1771004938.6498432,1.8519694805145264,255,"{dead_code,divide_before_multiply,reentrancy_unlimited_gas,solc_version}",{},{},{}
contracts_output/contracts_output/codellama_with_rag_contracts/3314.sol,3314.sol,slither-0.11.3,solidity,2025/09/14,20260213_1744,1771004927.1111152,1.225799322128296,1,{},{},{EXIT_CODE_1},"{""analysis unsuccessful, check output.json"",""error parsing results: file could not be opened successfully:
- method gz: ReadError('empty file')
- method bz2: ReadError('not a bzip2 file')
- method xz: ReadError('not an lzma file')
- method tar: ReadError('empty file')"",""exception (crytic_compile.platform.exceptions.InvalidCompilation: Invalid solc compilation Warning: SPDX license identifier not provided in source file. Before publishing, consider adding a comment containing \""SPDX-License-Identifier: <SPDX-License>\"" to each source file. Use \""SPDX-License-Identifier: UNLICENSED\"" for non-open-source code. Please see https://spdx.org for more information.)"",exception (json.decoder.JSONDecodeError: Expecting value: line 1 column 1 (char 0))}"
contracts_output/contracts_output/codellama_with_rag_contracts/3318.sol,3318.sol,slither-0.11.3,solidity,2025/09/14,20260213_1744,1771004975.8950233,1.8352274894714355,1,{},{},{EXIT_CODE_1},"{""analysis unsuccessful, check output.json"",""error parsing results: file could not be opened successfully:
- method gz: ReadError('empty file')
- method bz2: ReadError('not a bzip2 file')
- method xz: ReadError('not an lzma file')
- method tar: ReadError('empty file')"",""exception (crytic_compile.platform.exceptions.InvalidCompilation: Invalid solc compilation Warning: SPDX license identifier not provided in source file. Before publishing, consider adding a comment containing \""SPDX-License-Identifier: <SPDX-License>\"" to each source file. Use \""SPDX-License-Identifier: UNLICENSED\"" for non-open-source code. Please see https://spdx.org for more information.)"",exception (json.decoder.JSONDecodeError: Expecting value: line 1 column 1 (char 0))}"
contracts_output/contracts_output/codellama_with_rag_contracts/3322.sol,3322.sol,slither-0.11.3,solidity,2025/09/14,20260213_1744,1771004734.0655768,1.6725218296051025,1,{},{},{EXIT_CODE_1},"{""analysis unsuccessful, check output.json"",""error parsing results: file could not be opened successfully:
- method gz: ReadError('empty file')
- method bz2: ReadError('not a bzip2 file')
- method xz: ReadError('not an lzma file')
- method tar: ReadError('empty file')"",""exception (crytic_compile.platform.exceptions.InvalidCompilation: Invalid solc compilation Warning: SPDX license identifier not provided in source file. Before publishing, consider adding a comment containing \""SPDX-License-Identifier: <SPDX-License>\"" to each source file. Use \""SPDX-License-Identifier: UNLICENSED\"" for non-open-source code. Please see https://spdx.org for more information.)"",exception (json.decoder.JSONDecodeError: Expecting value: line 1 column 1 (char 0))}"
contracts_output/contracts_output/codellama_with_rag_contracts/3332.sol,3332.sol,slither-0.11.3,solidity,2025/09/14,20260213_1744,1771004799.1232414,1.6618351936340332,1,{},{},{EXIT_CODE_1},"{""analysis unsuccessful, check output.json"",""error parsing results: file could not be opened successfully:
- method gz: ReadError('empty file')
- method bz2: ReadError('not a bzip2 file')
- method xz: ReadError('not an lzma file')
- method tar: ReadError('empty file')"",""exception (crytic_compile.platform.exceptions.InvalidCompilation: Invalid solc compilation Warning: SPDX license identifier not provided in source file. Before publishing, consider adding a comment containing \""SPDX-License-Identifier: <SPDX-License>\"" to each source file. Use \""SPDX-License-Identifier: UNLICENSED\"" for non-open-source code. Please see https://spdx.org for more information.)"",exception (json.decoder.JSONDecodeError: Expecting value: line 1 column 1 (char 0))}"
contracts_output/contracts_output/codellama_with_rag_contracts/3338.sol,3338.sol,slither-0.11.3,solidity,2025/09/14,20260213_1744,1771004686.2624266,3.257049560546875,1,{},{},{EXIT_CODE_1},"{""analysis unsuccessful, check output.json"",""error parsing results: file could not be opened successfully:
- method gz: ReadError('empty file')
- method bz2: ReadError('not a bzip2 file')
- method xz: ReadError('not an lzma file')
- method tar: ReadError('empty file')"",""exception (crytic_compile.platform.exceptions.InvalidCompilation: Invalid solc compilation Warning: SPDX license identifier not provided in source file. Before publishing, consider adding a comment containing \""SPDX-License-Identifier: <SPDX-License>\"" to each source file. Use \""SPDX-License-Identifier: UNLICENSED\"" for non-open-source code. Please see https://spdx.org for more information.)"",exception (json.decoder.JSONDecodeError: Expecting value: line 1 column 1 (char 0))}"
contracts_output/contracts_output/codellama_with_rag_contracts/3343.sol,3343.sol,slither-0.11.3,solidity,2025/09/14,20260213_1744,1771004702.5370216,2.27817702293396,1,{},{},{EXIT_CODE_1},"{""analysis unsuccessful, check output.json"",""error parsing results: file could not be opened successfully:
- method gz: ReadError('empty file')
- method bz2: ReadError('not a bzip2 file')
- method xz: ReadError('not an lzma file')
- method tar: ReadError('empty file')"",""exception (crytic_compile.platform.exceptions.InvalidCompilation: Invalid solc compilation Warning: SPDX license identifier not provided in source file. Before publishing, consider adding a comment containing \""SPDX-License-Identifier: <SPDX-License>\"" to each source file. Use \""SPDX-License-Identifier: UNLICENSED\"" for non-open-source code. Please see https://spdx.org for more information.)"",exception (json.decoder.JSONDecodeError: Expecting value: line 1 column 1 (char 0))}"
contracts_output/contracts_output/codellama_with_rag_contracts/3368.sol,3368.sol,slither-0.11.3,solidity,2025/09/14,20260213_1744,1771004934.2493017,1.7102229595184326,1,{},{},{EXIT_CODE_1},"{""analysis unsuccessful, check output.json"",""error parsing results: file could not be opened successfully:
- method gz: ReadError('empty file')
- method bz2: ReadError('not a bzip2 file')
- method xz: ReadError('not an lzma file')
- method tar: ReadError('empty file')"",""exception (crytic_compile.platform.exceptions.InvalidCompilation: Invalid solc compilation Error: Expected '{' but got 'private')"",exception (json.decoder.JSONDecodeError: Expecting value: line 1 column 1 (char 0))}"
contracts_output/contracts_output/codellama_with_rag_contracts/3377.sol,3377.sol,slither-0.11.3,solidity,2025/09/14,20260213_1744,1771004788.1157966,2.3828446865081787,255,"{dead_code,immutable_states,solc_version,too_many_digits}",{},{},{}
contracts_output/contracts_output/codellama_with_rag_contracts/3380.sol,3380.sol,slither-0.11.3,solidity,2025/09/14,20260213_1744,1771004888.2429996,2.181180953979492,255,"{dead_code,solc_version}",{},{},{}
contracts_output/contracts_output/codellama_with_rag_contracts/339.sol,339.sol,slither-0.11.3,solidity,2025/09/14,20260213_1744,1771004957.5471547,1.8727514743804932,255,"{dead_code,solc_version,tautology}",{},{},{}
contracts_output/contracts_output/codellama_with_rag_contracts/3416.sol,3416.sol,slither-0.11.3,solidity,2025/09/14,20260213_1744,1771004914.171441,2.463707208633423,255,"{dead_code,solc_version}",{},{},{}
contracts_output/contracts_output/codellama_with_rag_contracts/3424.sol,3424.sol,slither-0.11.3,solidity,2025/09/14,20260213_1744,1771004761.9717453,2.3764097690582275,255,"{dead_code,naming_convention,solc_version}",{},{},{}
contracts_output/contracts_output/codellama_with_rag_contracts/3433.sol,3433.sol,slither-0.11.3,solidity,2025/09/14,20260213_1744,1771005097.7927947,1.982642412185669,255,"{dead_code,solc_version}",{},{},{}
contracts_output/contracts_output/codellama_with_rag_contracts/3447.sol,3447.sol,slither-0.11.3,solidity,2025/09/14,20260213_1744,1771004755.7815328,1.777970790863037,1,{},{},{EXIT_CODE_1},"{""analysis unsuccessful, check output.json"",""error parsing results: file could not be opened successfully:
- method gz: ReadError('empty file')
- method bz2: ReadError('not a bzip2 file')
- method xz: ReadError('not an lzma file')
- method tar: ReadError('empty file')"",""exception (crytic_compile.platform.exceptions.InvalidCompilation: Invalid solc compilation Warning: SPDX license identifier not provided in source file. Before publishing, consider adding a comment containing \""SPDX-License-Identifier: <SPDX-License>\"" to each source file. Use \""SPDX-License-Identifier: UNLICENSED\"" for non-open-source code. Please see https://spdx.org for more information.)"",exception (json.decoder.JSONDecodeError: Expecting value: line 1 column 1 (char 0))}"
contracts_output/contracts_output/codellama_with_rag_contracts/3452.sol,3452.sol,slither-0.11.3,solidity,2025/09/14,20260213_1744,1771005071.393609,1.861138105392456,1,{},{},{EXIT_CODE_1},"{""analysis unsuccessful, check output.json"",""error parsing results: file could not be opened successfully:
- method gz: ReadError('empty file')
- method bz2: ReadError('not a bzip2 file')
- method xz: ReadError('not an lzma file')
- method tar: ReadError('empty file')"",""exception (crytic_compile.platform.exceptions.InvalidCompilation: Invalid solc compilation Warning: SPDX license identifier not provided in source file. Before publishing, consider adding a comment containing \""SPDX-License-Identifier: <SPDX-License>\"" to each source file. Use \""SPDX-License-Identifier: UNLICENSED\"" for non-open-source code. Please see https://spdx.org for more information.)"",exception (json.decoder.JSONDecodeError: Expecting value: line 1 column 1 (char 0))}"
contracts_output/contracts_output/codellama_with_rag_contracts/3458.sol,3458.sol,slither-0.11.3,solidity,2025/09/14,20260213_1744,1771004770.9148378,1.4428987503051758,1,{},{},{EXIT_CODE_1},"{""analysis unsuccessful, check output.json"",""error parsing results: file could not be opened successfully:
- method gz: ReadError('empty file')
- method bz2: ReadError('not a bzip2 file')
- method xz: ReadError('not an lzma file')
- method tar: ReadError('empty file')"",exception (crytic_compile.platform.exceptions.InvalidCompilation: Invalid solc compilation Error: No matching declaration found after argument-dependent lookup.),exception (json.decoder.JSONDecodeError: Expecting value: line 1 column 1 (char 0))}"
contracts_output/contracts_output/codellama_with_rag_contracts/3464.sol,3464.sol,slither-0.11.3,solidity,2025/09/14,20260213_1744,1771005032.7465196,1.55800461769104,1,{},{},{EXIT_CODE_1},"{""analysis unsuccessful, check output.json"",""error parsing results: file could not be opened successfully:
- method gz: ReadError('empty file')
- method bz2: ReadError('not a bzip2 file')
- method xz: ReadError('not an lzma file')
- method tar: ReadError('empty file')"",""exception (crytic_compile.platform.exceptions.InvalidCompilation: Invalid solc compilation Warning: SPDX license identifier not provided in source file. Before publishing, consider adding a comment containing \""SPDX-License-Identifier: <SPDX-License>\"" to each source file. Use \""SPDX-License-Identifier: UNLICENSED\"" for non-open-source code. Please see https://spdx.org for more information.)"",exception (json.decoder.JSONDecodeError: Expecting value: line 1 column 1 (char 0))}"
contracts_output/contracts_output/codellama_with_rag_contracts/3476.sol,3476.sol,slither-0.11.3,solidity,2025/09/14,20260213_1744,1771004920.3038597,1.8449206352233887,1,{},{},{EXIT_CODE_1},"{""analysis unsuccessful, check output.json"",""error parsing results: file could not be opened successfully:
- method gz: ReadError('empty file')
- method bz2: ReadError('not a bzip2 file')
- method xz: ReadError('not an lzma file')
- method tar: ReadError('empty file')"",exception (crytic_compile.platform.exceptions.InvalidCompilation: Invalid solc compilation Error: Expected ';' but got '('),exception (json.decoder.JSONDecodeError: Expecting value: line 1 column 1 (char 0))}"
contracts_output/contracts_output/codellama_with_rag_contracts/3477.sol,3477.sol,slither-0.11.3,solidity,2025/09/14,20260213_1744,1771005068.3531353,1.6012539863586426,255,"{dead_code,naming_convention,solc_version}",{},{},{}
contracts_output/contracts_output/codellama_with_rag_contracts/3500.sol,3500.sol,slither-0.11.3,solidity,2025/09/14,20260213_1744,1771004833.6261835,1.7985150814056396,1,{},{},{EXIT_CODE_1},"{""analysis unsuccessful, check output.json"",""error parsing results: file could not be opened successfully:
- method gz: ReadError('empty file')
- method bz2: ReadError('not a bzip2 file')
- method xz: ReadError('not an lzma file')
- method tar: ReadError('empty file')"",exception (crytic_compile.platform.exceptions.InvalidCompilation: Invalid solc compilation Error: Expected ';' but got 'public'),exception (json.decoder.JSONDecodeError: Expecting value: line 1 column 1 (char 0))}"
contracts_output/contracts_output/codellama_with_rag_contracts/3520.sol,3520.sol,slither-0.11.3,solidity,2025/09/14,20260213_1744,1771005090.7939067,1.834061622619629,255,"{dead_code,solc_version,timestamp}",{},{},{}
contracts_output/contracts_output/codellama_with_rag_contracts/3570.sol,3570.sol,slither-0.11.3,solidity,2025/09/14,20260213_1744,1771005020.044338,1.8482038974761963,1,{},{},{EXIT_CODE_1},"{""analysis unsuccessful, check output.json"",""error parsing results: file could not be opened successfully:
- method gz: ReadError('empty file')
- method bz2: ReadError('not a bzip2 file')
- method xz: ReadError('not an lzma file')
- method tar: ReadError('empty file')"",""exception (crytic_compile.platform.exceptions.InvalidCompilation: Invalid solc compilation Warning: SPDX license identifier not provided in source file. Before publishing, consider adding a comment containing \""SPDX-License-Identifier: <SPDX-License>\"" to each source file. Use \""SPDX-License-Identifier: UNLICENSED\"" for non-open-source code. Please see https://spdx.org for more information.)"",exception (json.decoder.JSONDecodeError: Expecting value: line 1 column 1 (char 0))}"
contracts_output/contracts_output/codellama_with_rag_contracts/3576.sol,3576.sol,slither-0.11.3,solidity,2025/09/14,20260213_1744,1771005018.5625641,1.4804892539978027,1,{},{},{EXIT_CODE_1},"{""analysis unsuccessful, check output.json"",""error parsing results: file could not be opened successfully:
- method gz: ReadError('empty file')
- method bz2: ReadError('not a bzip2 file')
- method xz: ReadError('not an lzma file')
- method tar: ReadError('empty file')"",""exception (crytic_compile.platform.exceptions.InvalidCompilation: Invalid solc compilation Warning: SPDX license identifier not provided in source file. Before publishing, consider adding a comment containing \""SPDX-License-Identifier: <SPDX-License>\"" to each source file. Use \""SPDX-License-Identifier: UNLICENSED\"" for non-open-source code. Please see https://spdx.org for more information.)"",exception (json.decoder.JSONDecodeError: Expecting value: line 1 column 1 (char 0))}"
contracts_output/contracts_output/codellama_with_rag_contracts/3580.sol,3580.sol,slither-0.11.3,solidity,2025/09/14,20260213_1744,1771005065.0388005,1.6977722644805908,1,{},{},{EXIT_CODE_1},"{""analysis unsuccessful, check output.json"",""error parsing results: file could not be opened successfully:
- method gz: ReadError('empty file')
- method bz2: ReadError('not a bzip2 file')
- method xz: ReadError('not an lzma file')
- method tar: ReadError('empty file')"",""exception (crytic_compile.platform.exceptions.InvalidCompilation: Invalid solc compilation Warning: SPDX license identifier not provided in source file. Before publishing, consider adding a comment containing \""SPDX-License-Identifier: <SPDX-License>\"" to each source file. Use \""SPDX-License-Identifier: UNLICENSED\"" for non-open-source code. Please see https://spdx.org for more information.)"",exception (json.decoder.JSONDecodeError: Expecting value: line 1 column 1 (char 0))}"
contracts_output/contracts_output/codellama_with_rag_contracts/36.sol,36.sol,slither-0.11.3,solidity,2025/09/14,20260213_1744,1771004839.951648,1.5129315853118896,1,{},{},{EXIT_CODE_1},"{""analysis unsuccessful, check output.json"",""error parsing results: file could not be opened successfully:
- method gz: ReadError('empty file')
- method bz2: ReadError('not a bzip2 file')
- method xz: ReadError('not an lzma file')
- method tar: ReadError('empty file')"",""exception (crytic_compile.platform.exceptions.InvalidCompilation: Invalid solc compilation Warning: SPDX license identifier not provided in source file. Before publishing, consider adding a comment containing \""SPDX-License-Identifier: <SPDX-License>\"" to each source file. Use \""SPDX-License-Identifier: UNLICENSED\"" for non-open-source code. Please see https://spdx.org for more information.)"",exception (json.decoder.JSONDecodeError: Expecting value: line 1 column 1 (char 0))}"
contracts_output/contracts_output/codellama_with_rag_contracts/3604.sol,3604.sol,slither-0.11.3,solidity,2025/09/14,20260213_1744,1771004963.7207196,1.7091898918151855,1,{},{},{EXIT_CODE_1},"{""analysis unsuccessful, check output.json"",""error parsing results: file could not be opened successfully:
- method gz: ReadError('empty file')
- method bz2: ReadError('not a bzip2 file')
- method xz: ReadError('not an lzma file')
- method tar: ReadError('empty file')"",exception (crytic_compile.platform.exceptions.InvalidCompilation: Invalid solc compilation Error: Expected primary expression.),exception (json.decoder.JSONDecodeError: Expecting value: line 1 column 1 (char 0))}"
contracts_output/contracts_output/codellama_with_rag_contracts/3619.sol,3619.sol,slither-0.11.3,solidity,2025/09/14,20260213_1744,1771004842.2572231,1.7882039546966553,1,{},{},{EXIT_CODE_1},"{""analysis unsuccessful, check output.json"",""error parsing results: file could not be opened successfully:
- method gz: ReadError('empty file')
- method bz2: ReadError('not a bzip2 file')
- method xz: ReadError('not an lzma file')
- method tar: ReadError('empty file')"",""exception (crytic_compile.platform.exceptions.InvalidCompilation: Invalid solc compilation Warning: SPDX license identifier not provided in source file. Before publishing, consider adding a comment containing \""SPDX-License-Identifier: <SPDX-License>\"" to each source file. Use \""SPDX-License-Identifier: UNLICENSED\"" for non-open-source code. Please see https://spdx.org for more information.)"",exception (json.decoder.JSONDecodeError: Expecting value: line 1 column 1 (char 0))}"
contracts_output/contracts_output/codellama_with_rag_contracts/3633.sol,3633.sol,slither-0.11.3,solidity,2025/09/14,20260213_1744,1771004696.2433462,2.5818285942077637,255,"{dead_code,naming_convention,solc_version}",{},{},{}
contracts_output/contracts_output/codellama_with_rag_contracts/3644.sol,3644.sol,slither-0.11.3,solidity,2025/09/14,20260213_1744,1771004867.5912545,1.8357999324798584,1,{},{},{EXIT_CODE_1},"{""analysis unsuccessful, check output.json"",""error parsing results: file could not be opened successfully:
- method gz: ReadError('empty file')
- method bz2: ReadError('not a bzip2 file')
- method xz: ReadError('not an lzma file')
- method tar: ReadError('empty file')"",""exception (crytic_compile.platform.exceptions.InvalidCompilation: Invalid solc compilation Warning: SPDX license identifier not provided in source file. Before publishing, consider adding a comment containing \""SPDX-License-Identifier: <SPDX-License>\"" to each source file. Use \""SPDX-License-Identifier: UNLICENSED\"" for non-open-source code. Please see https://spdx.org for more information.)"",exception (json.decoder.JSONDecodeError: Expecting value: line 1 column 1 (char 0))}"
contracts_output/contracts_output/codellama_with_rag_contracts/3650.sol,3650.sol,slither-0.11.3,solidity,2025/09/14,20260213_1744,1771004841.2344027,1.3961687088012695,1,{},{},{EXIT_CODE_1},"{""analysis unsuccessful, check output.json"",""error parsing results: file could not be opened successfully:
- method gz: ReadError('empty file')
- method bz2: ReadError('not a bzip2 file')
- method xz: ReadError('not an lzma file')
- method tar: ReadError('empty file')"",""exception (crytic_compile.platform.exceptions.InvalidCompilation: Invalid solc compilation Warning: SPDX license identifier not provided in source file. Before publishing, consider adding a comment containing \""SPDX-License-Identifier: <SPDX-License>\"" to each source file. Use \""SPDX-License-Identifier: UNLICENSED\"" for non-open-source code. Please see https://spdx.org for more information.)"",exception (json.decoder.JSONDecodeError: Expecting value: line 1 column 1 (char 0))}"
contracts_output/contracts_output/codellama_with_rag_contracts/3662.sol,3662.sol,slither-0.11.3,solidity,2025/09/14,20260213_1744,1771004773.5564294,1.4672818183898926,1,{},{},{EXIT_CODE_1},"{""analysis unsuccessful, check output.json"",""error parsing results: file could not be opened successfully:
- method gz: ReadError('empty file')
- method bz2: ReadError('not a bzip2 file')
- method xz: ReadError('not an lzma file')
- method tar: ReadError('empty file')"",""exception (crytic_compile.platform.exceptions.InvalidCompilation: Invalid solc compilation Warning: SPDX license identifier not provided in source file. Before publishing, consider adding a comment containing \""SPDX-License-Identifier: <SPDX-License>\"" to each source file. Use \""SPDX-License-Identifier: UNLICENSED\"" for non-open-source code. Please see https://spdx.org for more information.)"",exception (json.decoder.JSONDecodeError: Expecting value: line 1 column 1 (char 0))}"
contracts_output/contracts_output/codellama_with_rag_contracts/3698.sol,3698.sol,slither-0.11.3,solidity,2025/09/14,20260213_1744,1771004980.8069637,1.9260022640228271,1,{},{},{EXIT_CODE_1},"{""analysis unsuccessful, check output.json"",""error parsing results: file could not be opened successfully:
- method gz: ReadError('empty file')
- method bz2: ReadError('not a bzip2 file')
- method xz: ReadError('not an lzma file')
- method tar: ReadError('empty file')"",""exception (crytic_compile.platform.exceptions.InvalidCompilation: Invalid solc compilation Warning: SPDX license identifier not provided in source file. Before publishing, consider adding a comment containing \""SPDX-License-Identifier: <SPDX-License>\"" to each source file. Use \""SPDX-License-Identifier: UNLICENSED\"" for non-open-source code. Please see https://spdx.org for more information.)"",exception (json.decoder.JSONDecodeError: Expecting value: line 1 column 1 (char 0))}"
contracts_output/contracts_output/codellama_with_rag_contracts/3704.sol,3704.sol,slither-0.11.3,solidity,2025/09/14,20260213_1744,1771004723.0113587,2.14461088180542,1,{},{},{EXIT_CODE_1},"{""analysis unsuccessful, check output.json"",""error parsing results: file could not be opened successfully:
- method gz: ReadError('empty file')
- method bz2: ReadError('not a bzip2 file')
- method xz: ReadError('not an lzma file')
- method tar: ReadError('empty file')"",""exception (crytic_compile.platform.exceptions.InvalidCompilation: Invalid solc compilation Warning: SPDX license identifier not provided in source file. Before publishing, consider adding a comment containing \""SPDX-License-Identifier: <SPDX-License>\"" to each source file. Use \""SPDX-License-Identifier: UNLICENSED\"" for non-open-source code. Please see https://spdx.org for more information.)"",exception (json.decoder.JSONDecodeError: Expecting value: line 1 column 1 (char 0))}"
contracts_output/contracts_output/codellama_with_rag_contracts/3719.sol,3719.sol,slither-0.11.3,solidity,2025/09/14,20260213_1744,1771004901.785172,1.9101448059082031,1,{},{},{EXIT_CODE_1},"{""analysis unsuccessful, check output.json"",""error parsing results: file could not be opened successfully:
- method gz: ReadError('empty file')
- method bz2: ReadError('not a bzip2 file')
- method xz: ReadError('not an lzma file')
- method tar: ReadError('empty file')"",""exception (crytic_compile.platform.exceptions.InvalidCompilation: Invalid solc compilation Warning: SPDX license identifier not provided in source file. Before publishing, consider adding a comment containing \""SPDX-License-Identifier: <SPDX-License>\"" to each source file. Use \""SPDX-License-Identifier: UNLICENSED\"" for non-open-source code. Please see https://spdx.org for more information.)"",exception (json.decoder.JSONDecodeError: Expecting value: line 1 column 1 (char 0))}"
contracts_output/contracts_output/codellama_with_rag_contracts/3727.sol,3727.sol,slither-0.11.3,solidity,2025/09/14,20260213_1744,1771004776.1423464,1.7746191024780273,1,{},{},{EXIT_CODE_1},"{""analysis unsuccessful, check output.json"",""error parsing results: file could not be opened successfully:
- method gz: ReadError('empty file')
- method bz2: ReadError('not a bzip2 file')
- method xz: ReadError('not an lzma file')
- method tar: ReadError('empty file')"",""exception (crytic_compile.platform.exceptions.InvalidCompilation: Invalid solc compilation Warning: SPDX license identifier not provided in source file. Before publishing, consider adding a comment containing \""SPDX-License-Identifier: <SPDX-License>\"" to each source file. Use \""SPDX-License-Identifier: UNLICENSED\"" for non-open-source code. Please see https://spdx.org for more information.)"",exception (json.decoder.JSONDecodeError: Expecting value: line 1 column 1 (char 0))}"
contracts_output/contracts_output/codellama_with_rag_contracts/3728.sol,3728.sol,slither-0.11.3,solidity,2025/09/14,20260213_1744,1771004825.960116,1.987445592880249,1,{},{},{EXIT_CODE_1},"{""analysis unsuccessful, check output.json"",""error parsing results: file could not be opened successfully:
- method gz: ReadError('empty file')
- method bz2: ReadError('not a bzip2 file')
- method xz: ReadError('not an lzma file')
- method tar: ReadError('empty file')"",""exception (crytic_compile.platform.exceptions.InvalidCompilation: Invalid solc compilation Warning: SPDX license identifier not provided in source file. Before publishing, consider adding a comment containing \""SPDX-License-Identifier: <SPDX-License>\"" to each source file. Use \""SPDX-License-Identifier: UNLICENSED\"" for non-open-source code. Please see https://spdx.org for more information.)"",exception (json.decoder.JSONDecodeError: Expecting value: line 1 column 1 (char 0))}"
contracts_output/contracts_output/codellama_with_rag_contracts/3748.sol,3748.sol,slither-0.11.3,solidity,2025/09/14,20260213_1744,1771005045.1202683,2.065061569213867,255,"{dead_code,solc_version}",{},{},{}
contracts_output/contracts_output/codellama_with_rag_contracts/3756.sol,3756.sol,slither-0.11.3,solidity,2025/09/14,20260213_1744,1771004697.3218644,2.214698314666748,1,{},{},{EXIT_CODE_1},"{""analysis unsuccessful, check output.json"",""error parsing results: file could not be opened successfully:
- method gz: ReadError('empty file')
- method bz2: ReadError('not a bzip2 file')
- method xz: ReadError('not an lzma file')
- method tar: ReadError('empty file')"",""exception (crytic_compile.platform.exceptions.InvalidCompilation: Invalid solc compilation Warning: SPDX license identifier not provided in source file. Before publishing, consider adding a comment containing \""SPDX-License-Identifier: <SPDX-License>\"" to each source file. Use \""SPDX-License-Identifier: UNLICENSED\"" for non-open-source code. Please see https://spdx.org for more information.)"",exception (json.decoder.JSONDecodeError: Expecting value: line 1 column 1 (char 0))}"
contracts_output/contracts_output/codellama_with_rag_contracts/3776.sol,3776.sol,slither-0.11.3,solidity,2025/09/14,20260213_1744,1771004695.6801746,2.4604711532592773,1,{},{},{EXIT_CODE_1},"{""analysis unsuccessful, check output.json"",""error parsing results: file could not be opened successfully:
- method gz: ReadError('empty file')
- method bz2: ReadError('not a bzip2 file')
- method xz: ReadError('not an lzma file')
- method tar: ReadError('empty file')"",""exception (crytic_compile.platform.exceptions.InvalidCompilation: Invalid solc compilation Warning: SPDX license identifier not provided in source file. Before publishing, consider adding a comment containing \""SPDX-License-Identifier: <SPDX-License>\"" to each source file. Use \""SPDX-License-Identifier: UNLICENSED\"" for non-open-source code. Please see https://spdx.org for more information.)"",exception (json.decoder.JSONDecodeError: Expecting value: line 1 column 1 (char 0))}"
contracts_output/contracts_output/codellama_with_rag_contracts/3785.sol,3785.sol,slither-0.11.3,solidity,2025/09/14,20260213_1744,1771004778.0608528,2.3249924182891846,1,{},{},{EXIT_CODE_1},"{""analysis unsuccessful, check output.json"",""error parsing results: file could not be opened successfully:
- method gz: ReadError('empty file')
- method bz2: ReadError('not a bzip2 file')
- method xz: ReadError('not an lzma file')
- method tar: ReadError('empty file')"",""exception (crytic_compile.platform.exceptions.InvalidCompilation: Invalid solc compilation Warning: SPDX license identifier not provided in source file. Before publishing, consider adding a comment containing \""SPDX-License-Identifier: <SPDX-License>\"" to each source file. Use \""SPDX-License-Identifier: UNLICENSED\"" for non-open-source code. Please see https://spdx.org for more information.)"",exception (json.decoder.JSONDecodeError: Expecting value: line 1 column 1 (char 0))}"
contracts_output/contracts_output/codellama_with_rag_contracts/3793.sol,3793.sol,slither-0.11.3,solidity,2025/09/14,20260213_1744,1771005003.2059844,2.211336135864258,1,{},{},{EXIT_CODE_1},"{""analysis unsuccessful, check output.json"",""error parsing results: file could not be opened successfully:
- method gz: ReadError('empty file')
- method bz2: ReadError('not a bzip2 file')
- method xz: ReadError('not an lzma file')
- method tar: ReadError('empty file')"",""exception (crytic_compile.platform.exceptions.InvalidCompilation: Invalid solc compilation Warning: SPDX license identifier not provided in source file. Before publishing, consider adding a comment containing \""SPDX-License-Identifier: <SPDX-License>\"" to each source file. Use \""SPDX-License-Identifier: UNLICENSED\"" for non-open-source code. Please see https://spdx.org for more information.)"",exception (json.decoder.JSONDecodeError: Expecting value: line 1 column 1 (char 0))}"
contracts_output/contracts_output/codellama_with_rag_contracts/381.sol,381.sol,slither-0.11.3,solidity,2025/09/14,20260213_1744,1771004787.0481555,2.0286922454833984,1,{},{},{EXIT_CODE_1},"{""analysis unsuccessful, check output.json"",""error parsing results: file could not be opened successfully:
- method gz: ReadError('empty file')
- method bz2: ReadError('not a bzip2 file')
- method xz: ReadError('not an lzma file')
- method tar: ReadError('empty file')"",""exception (crytic_compile.platform.exceptions.InvalidCompilation: Invalid solc compilation Error: Expected '{' but got 'constant')"",exception (json.decoder.JSONDecodeError: Expecting value: line 1 column 1 (char 0))}"
contracts_output/contracts_output/codellama_with_rag_contracts/382.sol,382.sol,slither-0.11.3,solidity,2025/09/14,20260213_1744,1771004696.1530566,1.4741027355194092,255,"{arbitrary_send_eth,dead_code,immutable_states,naming_convention,solc_version,too_many_digits}",{},{},{}
contracts_output/contracts_output/codellama_with_rag_contracts/3857.sol,3857.sol,slither-0.11.3,solidity,2025/09/14,20260213_1744,1771004725.1605854,2.024369239807129,255,"{dead_code,immutable_states,missing_zero_check,solc_version}",{},{},{}
contracts_output/contracts_output/codellama_with_rag_contracts/3863.sol,3863.sol,slither-0.11.3,solidity,2025/09/14,20260213_1744,1771004830.241578,2.2635836601257324,1,{},{},{EXIT_CODE_1},"{""analysis unsuccessful, check output.json"",""error parsing results: file could not be opened successfully:
- method gz: ReadError('empty file')
- method bz2: ReadError('not a bzip2 file')
- method xz: ReadError('not an lzma file')
- method tar: ReadError('empty file')"",""exception (crytic_compile.platform.exceptions.InvalidCompilation: Invalid solc compilation Warning: SPDX license identifier not provided in source file. Before publishing, consider adding a comment containing \""SPDX-License-Identifier: <SPDX-License>\"" to each source file. Use \""SPDX-License-Identifier: UNLICENSED\"" for non-open-source code. Please see https://spdx.org for more information.)"",exception (json.decoder.JSONDecodeError: Expecting value: line 1 column 1 (char 0))}"
contracts_output/contracts_output/codellama_with_rag_contracts/3881.sol,3881.sol,slither-0.11.3,solidity,2025/09/14,20260213_1744,1771005079.5222242,1.7436656951904297,255,"{dead_code,naming_convention,solc_version}",{},{},{}
contracts_output/contracts_output/codellama_with_rag_contracts/3890.sol,3890.sol,slither-0.11.3,solidity,2025/09/14,20260213_1744,1771004691.6878722,2.7146875858306885,1,{},{},{EXIT_CODE_1},"{""analysis unsuccessful, check output.json"",""error parsing results: file could not be opened successfully:
- method gz: ReadError('empty file')
- method bz2: ReadError('not a bzip2 file')
- method xz: ReadError('not an lzma file')
- method tar: ReadError('empty file')"",""exception (crytic_compile.platform.exceptions.InvalidCompilation: Invalid solc compilation Warning: SPDX license identifier not provided in source file. Before publishing, consider adding a comment containing \""SPDX-License-Identifier: <SPDX-License>\"" to each source file. Use \""SPDX-License-Identifier: UNLICENSED\"" for non-open-source code. Please see https://spdx.org for more information.)"",exception (json.decoder.JSONDecodeError: Expecting value: line 1 column 1 (char 0))}"
contracts_output/contracts_output/codellama_with_rag_contracts/3893.sol,3893.sol,slither-0.11.3,solidity,2025/09/14,20260213_1744,1771004837.137374,2.1120049953460693,255,"{dead_code,events_maths,naming_convention,solc_version,too_many_digits}",{},{},{}
contracts_output/contracts_output/codellama_with_rag_contracts/3896.sol,3896.sol,slither-0.11.3,solidity,2025/09/14,20260213_1744,1771005089.200144,2.030378580093384,1,{},{},{EXIT_CODE_1},"{""analysis unsuccessful, check output.json"",""error parsing results: file could not be opened successfully:
- method gz: ReadError('empty file')
- method bz2: ReadError('not a bzip2 file')
- method xz: ReadError('not an lzma file')
- method tar: ReadError('empty file')"",""exception (crytic_compile.platform.exceptions.InvalidCompilation: Invalid solc compilation Warning: SPDX license identifier not provided in source file. Before publishing, consider adding a comment containing \""SPDX-License-Identifier: <SPDX-License>\"" to each source file. Use \""SPDX-License-Identifier: UNLICENSED\"" for non-open-source code. Please see https://spdx.org for more information.)"",exception (json.decoder.JSONDecodeError: Expecting value: line 1 column 1 (char 0))}"
contracts_output/contracts_output/codellama_with_rag_contracts/39.sol,39.sol,slither-0.11.3,solidity,2025/09/14,20260213_1744,1771005052.7644928,1.7661590576171875,1,{},{},{EXIT_CODE_1},"{""analysis unsuccessful, check output.json"",""error parsing results: file could not be opened successfully:
- method gz: ReadError('empty file')
- method bz2: ReadError('not a bzip2 file')
- method xz: ReadError('not an lzma file')
- method tar: ReadError('empty file')"",""exception (crytic_compile.platform.exceptions.InvalidCompilation: Invalid solc compilation Warning: SPDX license identifier not provided in source file. Before publishing, consider adding a comment containing \""SPDX-License-Identifier: <SPDX-License>\"" to each source file. Use \""SPDX-License-Identifier: UNLICENSED\"" for non-open-source code. Please see https://spdx.org for more information.)"",exception (json.decoder.JSONDecodeError: Expecting value: line 1 column 1 (char 0))}"
contracts_output/contracts_output/codellama_with_rag_contracts/3939.sol,3939.sol,slither-0.11.3,solidity,2025/09/14,20260213_1744,1771005001.2647045,1.7761313915252686,1,{},{},{EXIT_CODE_1},"{""analysis unsuccessful, check output.json"",""error parsing results: file could not be opened successfully:
- method gz: ReadError('empty file')
- method bz2: ReadError('not a bzip2 file')
- method xz: ReadError('not an lzma file')
- method tar: ReadError('empty file')"",""exception (crytic_compile.platform.exceptions.InvalidCompilation: Invalid solc compilation Warning: SPDX license identifier not provided in source file. Before publishing, consider adding a comment containing \""SPDX-License-Identifier: <SPDX-License>\"" to each source file. Use \""SPDX-License-Identifier: UNLICENSED\"" for non-open-source code. Please see https://spdx.org for more information.)"",exception (json.decoder.JSONDecodeError: Expecting value: line 1 column 1 (char 0))}"
contracts_output/contracts_output/codellama_with_rag_contracts/3988.sol,3988.sol,slither-0.11.3,solidity,2025/09/14,20260213_1744,1771004904.1714823,1.5047619342803955,1,{},{},{EXIT_CODE_1},"{""analysis unsuccessful, check output.json"",""error parsing results: file could not be opened successfully:
- method gz: ReadError('empty file')
- method bz2: ReadError('not a bzip2 file')
- method xz: ReadError('not an lzma file')
- method tar: ReadError('empty file')"",""exception (crytic_compile.platform.exceptions.InvalidCompilation: Invalid solc compilation Warning: SPDX license identifier not provided in source file. Before publishing, consider adding a comment containing \""SPDX-License-Identifier: <SPDX-License>\"" to each source file. Use \""SPDX-License-Identifier: UNLICENSED\"" for non-open-source code. Please see https://spdx.org for more information.)"",exception (json.decoder.JSONDecodeError: Expecting value: line 1 column 1 (char 0))}"
contracts_output/contracts_output/codellama_with_rag_contracts/3990.sol,3990.sol,slither-0.11.3,solidity,2025/09/14,20260213_1744,1771004824.1806455,2.5535430908203125,1,{},{},{EXIT_CODE_1},"{""analysis unsuccessful, check output.json"",""error parsing results: file could not be opened successfully:
- method gz: ReadError('empty file')
- method bz2: ReadError('not a bzip2 file')
- method xz: ReadError('not an lzma file')
- method tar: ReadError('empty file')"",""exception (crytic_compile.platform.exceptions.InvalidCompilation: Invalid solc compilation Warning: SPDX license identifier not provided in source file. Before publishing, consider adding a comment containing \""SPDX-License-Identifier: <SPDX-License>\"" to each source file. Use \""SPDX-License-Identifier: UNLICENSED\"" for non-open-source code. Please see https://spdx.org for more information.)"",exception (json.decoder.JSONDecodeError: Expecting value: line 1 column 1 (char 0))}"
contracts_output/contracts_output/codellama_with_rag_contracts/4001.sol,4001.sol,slither-0.11.3,solidity,2025/09/14,20260213_1744,1771004859.134649,2.0073046684265137,1,{},{},{EXIT_CODE_1},"{""analysis unsuccessful, check output.json"",""error parsing results: file could not be opened successfully:
- method gz: ReadError('empty file')
- method bz2: ReadError('not a bzip2 file')
- method xz: ReadError('not an lzma file')
- method tar: ReadError('empty file')"",""exception (crytic_compile.platform.exceptions.InvalidCompilation: Invalid solc compilation Warning: SPDX license identifier not provided in source file. Before publishing, consider adding a comment containing \""SPDX-License-Identifier: <SPDX-License>\"" to each source file. Use \""SPDX-License-Identifier: UNLICENSED\"" for non-open-source code. Please see https://spdx.org for more information.)"",exception (json.decoder.JSONDecodeError: Expecting value: line 1 column 1 (char 0))}"
contracts_output/contracts_output/codellama_with_rag_contracts/4005.sol,4005.sol,slither-0.11.3,solidity,2025/09/14,20260213_1744,1771005073.0221627,1.8014910221099854,255,"{dead_code,immutable_states,locked_ether,missing_zero_check,reentrancy_benign,reentrancy_no_eth,solc_version,unchecked_transfer}",{},{},{}
contracts_output/contracts_output/codellama_with_rag_contracts/402.sol,402.sol,slither-0.11.3,solidity,2025/09/14,20260213_1744,1771004698.5009422,2.3610477447509766,1,{},{},{EXIT_CODE_1},"{""analysis unsuccessful, check output.json"",""error parsing results: file could not be opened successfully:
- method gz: ReadError('empty file')
- method bz2: ReadError('not a bzip2 file')
- method xz: ReadError('not an lzma file')
- method tar: ReadError('empty file')"",""exception (crytic_compile.platform.exceptions.InvalidCompilation: Invalid solc compilation Warning: SPDX license identifier not provided in source file. Before publishing, consider adding a comment containing \""SPDX-License-Identifier: <SPDX-License>\"" to each source file. Use \""SPDX-License-Identifier: UNLICENSED\"" for non-open-source code. Please see https://spdx.org for more information.)"",exception (json.decoder.JSONDecodeError: Expecting value: line 1 column 1 (char 0))}"
contracts_output/contracts_output/codellama_with_rag_contracts/4025.sol,4025.sol,slither-0.11.3,solidity,2025/09/14,20260213_1744,1771005053.2367053,2.2370412349700928,1,{},{},{EXIT_CODE_1},"{""analysis unsuccessful, check output.json"",""error parsing results: file could not be opened successfully:
- method gz: ReadError('empty file')
- method bz2: ReadError('not a bzip2 file')
- method xz: ReadError('not an lzma file')
- method tar: ReadError('empty file')"",""exception (crytic_compile.platform.exceptions.InvalidCompilation: Invalid solc compilation Warning: SPDX license identifier not provided in source file. Before publishing, consider adding a comment containing \""SPDX-License-Identifier: <SPDX-License>\"" to each source file. Use \""SPDX-License-Identifier: UNLICENSED\"" for non-open-source code. Please see https://spdx.org for more information.)"",exception (json.decoder.JSONDecodeError: Expecting value: line 1 column 1 (char 0))}"
contracts_output/contracts_output/codellama_with_rag_contracts/4047.sol,4047.sol,slither-0.11.3,solidity,2025/09/14,20260213_1744,1771004991.7356534,1.873598337173462,255,"{dead_code,immutable_states,naming_convention,solc_version}",{},{},{}
contracts_output/contracts_output/codellama_with_rag_contracts/4051.sol,4051.sol,slither-0.11.3,solidity,2025/09/14,20260213_1744,1771004702.5547273,2.4539997577667236,255,"{dead_code,immutable_states,solc_version,too_many_digits,uninitialized_state}",{},{},{}
contracts_output/contracts_output/codellama_with_rag_contracts/4079.sol,4079.sol,slither-0.11.3,solidity,2025/09/14,20260213_1744,1771005099.3719792,1.691291093826294,1,{},{},{EXIT_CODE_1},"{""analysis unsuccessful, check output.json"",""error parsing results: file could not be opened successfully:
- method gz: ReadError('empty file')
- method bz2: ReadError('not a bzip2 file')
- method xz: ReadError('not an lzma file')
- method tar: ReadError('empty file')"",""exception (crytic_compile.platform.exceptions.InvalidCompilation: Invalid solc compilation Warning: SPDX license identifier not provided in source file. Before publishing, consider adding a comment containing \""SPDX-License-Identifier: <SPDX-License>\"" to each source file. Use \""SPDX-License-Identifier: UNLICENSED\"" for non-open-source code. Please see https://spdx.org for more information.)"",exception (json.decoder.JSONDecodeError: Expecting value: line 1 column 1 (char 0))}"
contracts_output/contracts_output/codellama_with_rag_contracts/4083.sol,4083.sol,slither-0.11.3,solidity,2025/09/14,20260213_1744,1771004717.8432386,1.7773311138153076,1,{},{},{EXIT_CODE_1},"{""analysis unsuccessful, check output.json"",""error parsing results: file could not be opened successfully:
- method gz: ReadError('empty file')
- method bz2: ReadError('not a bzip2 file')
- method xz: ReadError('not an lzma file')
- method tar: ReadError('empty file')"",""exception (crytic_compile.platform.exceptions.InvalidCompilation: Invalid solc compilation Warning: SPDX license identifier not provided in source file. Before publishing, consider adding a comment containing \""SPDX-License-Identifier: <SPDX-License>\"" to each source file. Use \""SPDX-License-Identifier: UNLICENSED\"" for non-open-source code. Please see https://spdx.org for more information.)"",exception (json.decoder.JSONDecodeError: Expecting value: line 1 column 1 (char 0))}"
contracts_output/contracts_output/codellama_with_rag_contracts/4086.sol,4086.sol,slither-0.11.3,solidity,2025/09/14,20260213_1744,1771005028.6862826,1.294102668762207,255,"{dead_code,immutable_states,solc_version,too_many_digits,uninitialized_state}",{},{},{}
contracts_output/contracts_output/codellama_with_rag_contracts/4148.sol,4148.sol,slither-0.11.3,solidity,2025/09/14,20260213_1744,1771004977.4952855,2.1225297451019287,1,{},{},{EXIT_CODE_1},"{""analysis unsuccessful, check output.json"",""error parsing results: file could not be opened successfully:
- method gz: ReadError('empty file')
- method bz2: ReadError('not a bzip2 file')
- method xz: ReadError('not an lzma file')
- method tar: ReadError('empty file')"",""exception (crytic_compile.platform.exceptions.InvalidCompilation: Invalid solc compilation Warning: SPDX license identifier not provided in source file. Before publishing, consider adding a comment containing \""SPDX-License-Identifier: <SPDX-License>\"" to each source file. Use \""SPDX-License-Identifier: UNLICENSED\"" for non-open-source code. Please see https://spdx.org for more information.)"",exception (json.decoder.JSONDecodeError: Expecting value: line 1 column 1 (char 0))}"
contracts_output/contracts_output/codellama_with_rag_contracts/4173.sol,4173.sol,slither-0.11.3,solidity,2025/09/14,20260213_1744,1771004686.2152326,2.6640989780426025,255,"{constable_states,dead_code,solc_version}",{},{},{}
contracts_output/contracts_output/codellama_with_rag_contracts/4185.sol,4185.sol,slither-0.11.3,solidity,2025/09/14,20260213_1744,1771004705.1012619,2.116603374481201,1,{},{},{EXIT_CODE_1},"{""analysis unsuccessful, check output.json"",""error parsing results: file could not be opened successfully:
- method gz: ReadError('empty file')
- method bz2: ReadError('not a bzip2 file')
- method xz: ReadError('not an lzma file')
- method tar: ReadError('empty file')"",exception (crytic_compile.platform.exceptions.InvalidCompilation: Invalid solc compilation Error: Expected primary expression.),exception (json.decoder.JSONDecodeError: Expecting value: line 1 column 1 (char 0))}"
contracts_output/contracts_output/codellama_with_rag_contracts/4219.sol,4219.sol,slither-0.11.3,solidity,2025/09/14,20260213_1744,1771004693.337301,2.317211151123047,1,{},{},{EXIT_CODE_1},"{""analysis unsuccessful, check output.json"",""error parsing results: file could not be opened successfully:
- method gz: ReadError('empty file')
- method bz2: ReadError('not a bzip2 file')
- method xz: ReadError('not an lzma file')
- method tar: ReadError('empty file')"",""exception (crytic_compile.platform.exceptions.InvalidCompilation: Invalid solc compilation Warning: SPDX license identifier not provided in source file. Before publishing, consider adding a comment containing \""SPDX-License-Identifier: <SPDX-License>\"" to each source file. Use \""SPDX-License-Identifier: UNLICENSED\"" for non-open-source code. Please see https://spdx.org for more information.)"",exception (json.decoder.JSONDecodeError: Expecting value: line 1 column 1 (char 0))}"
contracts_output/contracts_output/codellama_with_rag_contracts/4258.sol,4258.sol,slither-0.11.3,solidity,2025/09/14,20260213_1744,1771004852.9446561,1.7459266185760498,1,{},{},{EXIT_CODE_1},"{""analysis unsuccessful, check output.json"",""error parsing results: file could not be opened successfully:
- method gz: ReadError('empty file')
- method bz2: ReadError('not a bzip2 file')
- method xz: ReadError('not an lzma file')
- method tar: ReadError('empty file')"",""exception (crytic_compile.platform.exceptions.InvalidCompilation: Invalid solc compilation Warning: SPDX license identifier not provided in source file. Before publishing, consider adding a comment containing \""SPDX-License-Identifier: <SPDX-License>\"" to each source file. Use \""SPDX-License-Identifier: UNLICENSED\"" for non-open-source code. Please see https://spdx.org for more information.)"",exception (json.decoder.JSONDecodeError: Expecting value: line 1 column 1 (char 0))}"
contracts_output/contracts_output/codellama_with_rag_contracts/4267.sol,4267.sol,slither-0.11.3,solidity,2025/09/14,20260213_1744,1771004850.8797493,2.5045711994171143,1,{},{},{EXIT_CODE_1},"{""analysis unsuccessful, check output.json"",""error parsing results: file could not be opened successfully:
- method gz: ReadError('empty file')
- method bz2: ReadError('not a bzip2 file')
- method xz: ReadError('not an lzma file')
- method tar: ReadError('empty file')"",""exception (crytic_compile.platform.exceptions.InvalidCompilation: Invalid solc compilation Warning: SPDX license identifier not provided in source file. Before publishing, consider adding a comment containing \""SPDX-License-Identifier: <SPDX-License>\"" to each source file. Use \""SPDX-License-Identifier: UNLICENSED\"" for non-open-source code. Please see https://spdx.org for more information.)"",exception (json.decoder.JSONDecodeError: Expecting value: line 1 column 1 (char 0))}"
contracts_output/contracts_output/codellama_with_rag_contracts/4301.sol,4301.sol,slither-0.11.3,solidity,2025/09/14,20260213_1744,1771004786.0343258,1.972517728805542,1,{},{},{EXIT_CODE_1},"{""analysis unsuccessful, check output.json"",""error parsing results: file could not be opened successfully:
- method gz: ReadError('empty file')
- method bz2: ReadError('not a bzip2 file')
- method xz: ReadError('not an lzma file')
- method tar: ReadError('empty file')"",exception (crytic_compile.platform.exceptions.InvalidCompilation: Invalid solc compilation Error: Expected identifier but got 'address'),exception (json.decoder.JSONDecodeError: Expecting value: line 1 column 1 (char 0))}"
contracts_output/contracts_output/codellama_with_rag_contracts/4311.sol,4311.sol,slither-0.11.3,solidity,2025/09/14,20260213_1744,1771004992.2155473,1.6979625225067139,1,{},{},{EXIT_CODE_1},"{""analysis unsuccessful, check output.json"",""error parsing results: file could not be opened successfully:
- method gz: ReadError('empty file')
- method bz2: ReadError('not a bzip2 file')
- method xz: ReadError('not an lzma file')
- method tar: ReadError('empty file')"",""exception (crytic_compile.platform.exceptions.InvalidCompilation: Invalid solc compilation Warning: SPDX license identifier not provided in source file. Before publishing, consider adding a comment containing \""SPDX-License-Identifier: <SPDX-License>\"" to each source file. Use \""SPDX-License-Identifier: UNLICENSED\"" for non-open-source code. Please see https://spdx.org for more information.)"",exception (json.decoder.JSONDecodeError: Expecting value: line 1 column 1 (char 0))}"
contracts_output/contracts_output/codellama_with_rag_contracts/4342.sol,4342.sol,slither-0.11.3,solidity,2025/09/14,20260213_1744,1771004855.6905358,1.8260297775268555,1,{},{},{EXIT_CODE_1},"{""analysis unsuccessful, check output.json"",""error parsing results: file could not be opened successfully:
- method gz: ReadError('empty file')
- method bz2: ReadError('not a bzip2 file')
- method xz: ReadError('not an lzma file')
- method tar: ReadError('empty file')"",""exception (crytic_compile.platform.exceptions.InvalidCompilation: Invalid solc compilation Warning: SPDX license identifier not provided in source file. Before publishing, consider adding a comment containing \""SPDX-License-Identifier: <SPDX-License>\"" to each source file. Use \""SPDX-License-Identifier: UNLICENSED\"" for non-open-source code. Please see https://spdx.org for more information.)"",exception (json.decoder.JSONDecodeError: Expecting value: line 1 column 1 (char 0))}"
contracts_output/contracts_output/codellama_with_rag_contracts/4344.sol,4344.sol,slither-0.11.3,solidity,2025/09/14,20260213_1744,1771004864.391657,1.8064014911651611,1,{},{},{EXIT_CODE_1},"{""analysis unsuccessful, check output.json"",""error parsing results: file could not be opened successfully:
- method gz: ReadError('empty file')
- method bz2: ReadError('not a bzip2 file')
- method xz: ReadError('not an lzma file')
- method tar: ReadError('empty file')"",""exception (crytic_compile.platform.exceptions.InvalidCompilation: Invalid solc compilation Warning: SPDX license identifier not provided in source file. Before publishing, consider adding a comment containing \""SPDX-License-Identifier: <SPDX-License>\"" to each source file. Use \""SPDX-License-Identifier: UNLICENSED\"" for non-open-source code. Please see https://spdx.org for more information.)"",exception (json.decoder.JSONDecodeError: Expecting value: line 1 column 1 (char 0))}"
contracts_output/contracts_output/codellama_with_rag_contracts/4397.sol,4397.sol,slither-0.11.3,solidity,2025/09/14,20260213_1744,1771005094.406496,1.6058592796325684,255,"{dead_code,naming_convention,solc_version}",{},{},{}
contracts_output/contracts_output/codellama_with_rag_contracts/4411.sol,4411.sol,slither-0.11.3,solidity,2025/09/14,20260213_1744,1771005023.2900934,1.6316533088684082,255,"{dead_code,naming_convention,solc_version}",{},{},{}
contracts_output/contracts_output/codellama_with_rag_contracts/4418.sol,4418.sol,slither-0.11.3,solidity,2025/09/14,20260213_1744,1771004763.8259048,1.2482941150665283,1,{},{},{EXIT_CODE_1},"{""analysis unsuccessful, check output.json"",""error parsing results: file could not be opened successfully:
- method gz: ReadError('empty file')
- method bz2: ReadError('not a bzip2 file')
- method xz: ReadError('not an lzma file')
- method tar: ReadError('empty file')"",""exception (crytic_compile.platform.exceptions.InvalidCompilation: Invalid solc compilation Warning: SPDX license identifier not provided in source file. Before publishing, consider adding a comment containing \""SPDX-License-Identifier: <SPDX-License>\"" to each source file. Use \""SPDX-License-Identifier: UNLICENSED\"" for non-open-source code. Please see https://spdx.org for more information.)"",exception (json.decoder.JSONDecodeError: Expecting value: line 1 column 1 (char 0))}"
contracts_output/contracts_output/codellama_with_rag_contracts/442.sol,442.sol,slither-0.11.3,solidity,2025/09/14,20260213_1744,1771004934.20351,2.097315788269043,1,{},{},{EXIT_CODE_1},"{""analysis unsuccessful, check output.json"",""error parsing results: file could not be opened successfully:
- method gz: ReadError('empty file')
- method bz2: ReadError('not a bzip2 file')
- method xz: ReadError('not an lzma file')
- method tar: ReadError('empty file')"",""exception (crytic_compile.platform.exceptions.InvalidCompilation: Invalid solc compilation Warning: SPDX license identifier not provided in source file. Before publishing, consider adding a comment containing \""SPDX-License-Identifier: <SPDX-License>\"" to each source file. Use \""SPDX-License-Identifier: UNLICENSED\"" for non-open-source code. Please see https://spdx.org for more information.)"",exception (json.decoder.JSONDecodeError: Expecting value: line 1 column 1 (char 0))}"
contracts_output/contracts_output/codellama_with_rag_contracts/4437.sol,4437.sol,slither-0.11.3,solidity,2025/09/14,20260213_1744,1771004837.5545967,1.599787712097168,1,{},{},{EXIT_CODE_1},"{""analysis unsuccessful, check output.json"",""error parsing results: file could not be opened successfully:
- method gz: ReadError('empty file')
- method bz2: ReadError('not a bzip2 file')
- method xz: ReadError('not an lzma file')
- method tar: ReadError('empty file')"",""exception (crytic_compile.platform.exceptions.InvalidCompilation: Invalid solc compilation Warning: SPDX license identifier not provided in source file. Before publishing, consider adding a comment containing \""SPDX-License-Identifier: <SPDX-License>\"" to each source file. Use \""SPDX-License-Identifier: UNLICENSED\"" for non-open-source code. Please see https://spdx.org for more information.)"",exception (json.decoder.JSONDecodeError: Expecting value: line 1 column 1 (char 0))}"
contracts_output/contracts_output/codellama_with_rag_contracts/4464.sol,4464.sol,slither-0.11.3,solidity,2025/09/14,20260213_1744,1771005054.8382246,2.2807323932647705,255,"{dead_code,immutable_states,solc_version}",{},{},{}
contracts_output/contracts_output/codellama_with_rag_contracts/4481.sol,4481.sol,slither-0.11.3,solidity,2025/09/14,20260213_1744,1771004991.248246,1.8604168891906738,1,{},{},{EXIT_CODE_1},"{""analysis unsuccessful, check output.json"",""error parsing results: file could not be opened successfully:
- method gz: ReadError('empty file')
- method bz2: ReadError('not a bzip2 file')
- method xz: ReadError('not an lzma file')
- method tar: ReadError('empty file')"",""exception (crytic_compile.platform.exceptions.InvalidCompilation: Invalid solc compilation Warning: SPDX license identifier not provided in source file. Before publishing, consider adding a comment containing \""SPDX-License-Identifier: <SPDX-License>\"" to each source file. Use \""SPDX-License-Identifier: UNLICENSED\"" for non-open-source code. Please see https://spdx.org for more information.)"",exception (json.decoder.JSONDecodeError: Expecting value: line 1 column 1 (char 0))}"
contracts_output/contracts_output/codellama_with_rag_contracts/4491.sol,4491.sol,slither-0.11.3,solidity,2025/09/14,20260213_1744,1771004695.4749186,2.6130261421203613,1,{},{},{EXIT_CODE_1},"{""analysis unsuccessful, check output.json"",""error parsing results: file could not be opened successfully:
- method gz: ReadError('empty file')
- method bz2: ReadError('not a bzip2 file')
- method xz: ReadError('not an lzma file')
- method tar: ReadError('empty file')"",""exception (crytic_compile.platform.exceptions.InvalidCompilation: Invalid solc compilation Warning: SPDX license identifier not provided in source file. Before publishing, consider adding a comment containing \""SPDX-License-Identifier: <SPDX-License>\"" to each source file. Use \""SPDX-License-Identifier: UNLICENSED\"" for non-open-source code. Please see https://spdx.org for more information.)"",exception (json.decoder.JSONDecodeError: Expecting value: line 1 column 1 (char 0))}"
contracts_output/contracts_output/codellama_with_rag_contracts/4496.sol,4496.sol,slither-0.11.3,solidity,2025/09/14,20260213_1744,1771005081.3345635,1.5609545707702637,1,{},{},{EXIT_CODE_1},"{""analysis unsuccessful, check output.json"",""error parsing results: file could not be opened successfully:
- method gz: ReadError('empty file')
- method bz2: ReadError('not a bzip2 file')
- method xz: ReadError('not an lzma file')
- method tar: ReadError('empty file')"",""exception (crytic_compile.platform.exceptions.InvalidCompilation: Invalid solc compilation Warning: SPDX license identifier not provided in source file. Before publishing, consider adding a comment containing \""SPDX-License-Identifier: <SPDX-License>\"" to each source file. Use \""SPDX-License-Identifier: UNLICENSED\"" for non-open-source code. Please see https://spdx.org for more information.)"",exception (json.decoder.JSONDecodeError: Expecting value: line 1 column 1 (char 0))}"
contracts_output/contracts_output/codellama_with_rag_contracts/4517.sol,4517.sol,slither-0.11.3,solidity,2025/09/14,20260213_1744,1771004795.4639144,1.4890573024749756,255,"{dead_code,solc_version}",{},{},{}
contracts_output/contracts_output/codellama_with_rag_contracts/4527.sol,4527.sol,slither-0.11.3,solidity,2025/09/14,20260213_1744,1771004689.561883,2.26450777053833,1,{},{},{EXIT_CODE_1},"{""analysis unsuccessful, check output.json"",""error parsing results: file could not be opened successfully:
- method gz: ReadError('empty file')
- method bz2: ReadError('not a bzip2 file')
- method xz: ReadError('not an lzma file')
- method tar: ReadError('empty file')"",""exception (crytic_compile.platform.exceptions.InvalidCompilation: Invalid solc compilation Warning: SPDX license identifier not provided in source file. Before publishing, consider adding a comment containing \""SPDX-License-Identifier: <SPDX-License>\"" to each source file. Use \""SPDX-License-Identifier: UNLICENSED\"" for non-open-source code. Please see https://spdx.org for more information.)"",exception (json.decoder.JSONDecodeError: Expecting value: line 1 column 1 (char 0))}"
contracts_output/contracts_output/codellama_with_rag_contracts/4553.sol,4553.sol,slither-0.11.3,solidity,2025/09/14,20260213_1744,1771005101.06627,1.2741246223449707,1,{},{},{EXIT_CODE_1},"{""analysis unsuccessful, check output.json"",""error parsing results: file could not be opened successfully:
- method gz: ReadError('empty file')
- method bz2: ReadError('not a bzip2 file')
- method xz: ReadError('not an lzma file')
- method tar: ReadError('empty file')"",""exception (crytic_compile.platform.exceptions.InvalidCompilation: Invalid solc compilation Warning: SPDX license identifier not provided in source file. Before publishing, consider adding a comment containing \""SPDX-License-Identifier: <SPDX-License>\"" to each source file. Use \""SPDX-License-Identifier: UNLICENSED\"" for non-open-source code. Please see https://spdx.org for more information.)"",exception (json.decoder.JSONDecodeError: Expecting value: line 1 column 1 (char 0))}"
contracts_output/contracts_output/codellama_with_rag_contracts/4560.sol,4560.sol,slither-0.11.3,solidity,2025/09/14,20260213_1744,1771005012.0091207,2.03167986869812,255,"{dead_code,immutable_states,solc_version}",{},{},{}
contracts_output/contracts_output/codellama_with_rag_contracts/4562.sol,4562.sol,slither-0.11.3,solidity,2025/09/14,20260213_1744,1771004891.7172995,1.8362672328948975,255,"{immutable_states,missing_zero_check,naming_convention,solc_version}",{},{},{}
contracts_output/contracts_output/codellama_with_rag_contracts/4567.sol,4567.sol,slither-0.11.3,solidity,2025/09/14,20260213_1744,1771004938.3999102,2.459486961364746,1,{},{},{EXIT_CODE_1},"{""analysis unsuccessful, check output.json"",""error parsing results: file could not be opened successfully:
- method gz: ReadError('empty file')
- method bz2: ReadError('not a bzip2 file')
- method xz: ReadError('not an lzma file')
- method tar: ReadError('empty file')"",""exception (crytic_compile.platform.exceptions.InvalidCompilation: Invalid solc compilation Warning: SPDX license identifier not provided in source file. Before publishing, consider adding a comment containing \""SPDX-License-Identifier: <SPDX-License>\"" to each source file. Use \""SPDX-License-Identifier: UNLICENSED\"" for non-open-source code. Please see https://spdx.org for more information.)"",exception (json.decoder.JSONDecodeError: Expecting value: line 1 column 1 (char 0))}"
contracts_output/contracts_output/codellama_with_rag_contracts/4568.sol,4568.sol,slither-0.11.3,solidity,2025/09/14,20260213_1744,1771004706.1142218,2.150576114654541,1,{},{},{EXIT_CODE_1},"{""analysis unsuccessful, check output.json"",""error parsing results: file could not be opened successfully:
- method gz: ReadError('empty file')
- method bz2: ReadError('not a bzip2 file')
- method xz: ReadError('not an lzma file')
- method tar: ReadError('empty file')"",""exception (crytic_compile.platform.exceptions.InvalidCompilation: Invalid solc compilation Warning: SPDX license identifier not provided in source file. Before publishing, consider adding a comment containing \""SPDX-License-Identifier: <SPDX-License>\"" to each source file. Use \""SPDX-License-Identifier: UNLICENSED\"" for non-open-source code. Please see https://spdx.org for more information.)"",exception (json.decoder.JSONDecodeError: Expecting value: line 1 column 1 (char 0))}"
contracts_output/contracts_output/codellama_with_rag_contracts/4569.sol,4569.sol,slither-0.11.3,solidity,2025/09/14,20260213_1744,1771004912.7136552,1.6764945983886719,255,"{dead_code,naming_convention,solc_version}",{},{},{}
contracts_output/contracts_output/codellama_with_rag_contracts/4577.sol,4577.sol,slither-0.11.3,solidity,2025/09/14,20260213_1744,1771004912.7117252,1.696805715560913,1,{},{},{EXIT_CODE_1},"{""analysis unsuccessful, check output.json"",""error parsing results: file could not be opened successfully:
- method gz: ReadError('empty file')
- method bz2: ReadError('not a bzip2 file')
- method xz: ReadError('not an lzma file')
- method tar: ReadError('empty file')"",""exception (crytic_compile.platform.exceptions.InvalidCompilation: Invalid solc compilation Warning: SPDX license identifier not provided in source file. Before publishing, consider adding a comment containing \""SPDX-License-Identifier: <SPDX-License>\"" to each source file. Use \""SPDX-License-Identifier: UNLICENSED\"" for non-open-source code. Please see https://spdx.org for more information.)"",exception (json.decoder.JSONDecodeError: Expecting value: line 1 column 1 (char 0))}"
contracts_output/contracts_output/codellama_with_rag_contracts/4581.sol,4581.sol,slither-0.11.3,solidity,2025/09/14,20260213_1744,1771004992.1628056,1.8450117111206055,1,{},{},{EXIT_CODE_1},"{""analysis unsuccessful, check output.json"",""error parsing results: file could not be opened successfully:
- method gz: ReadError('empty file')
- method bz2: ReadError('not a bzip2 file')
- method xz: ReadError('not an lzma file')
- method tar: ReadError('empty file')"",""exception (crytic_compile.platform.exceptions.InvalidCompilation: Invalid solc compilation Error: Expected pragma, import directive or contract/interface/library/struct/enum/constant/function/error definition.)"",exception (json.decoder.JSONDecodeError: Expecting value: line 1 column 1 (char 0))}"
contracts_output/contracts_output/codellama_with_rag_contracts/4592.sol,4592.sol,slither-0.11.3,solidity,2025/09/14,20260213_1744,1771004931.124745,1.8888084888458252,1,{},{},{EXIT_CODE_1},"{""analysis unsuccessful, check output.json"",""error parsing results: file could not be opened successfully:
- method gz: ReadError('empty file')
- method bz2: ReadError('not a bzip2 file')
- method xz: ReadError('not an lzma file')
- method tar: ReadError('empty file')"",""exception (crytic_compile.platform.exceptions.InvalidCompilation: Invalid solc compilation Warning: SPDX license identifier not provided in source file. Before publishing, consider adding a comment containing \""SPDX-License-Identifier: <SPDX-License>\"" to each source file. Use \""SPDX-License-Identifier: UNLICENSED\"" for non-open-source code. Please see https://spdx.org for more information.)"",exception (json.decoder.JSONDecodeError: Expecting value: line 1 column 1 (char 0))}"
contracts_output/contracts_output/codellama_with_rag_contracts/4597.sol,4597.sol,slither-0.11.3,solidity,2025/09/14,20260213_1744,1771004862.9115717,2.4591450691223145,255,"{dead_code,immutable_states,solc_version}",{},{},{}
contracts_output/contracts_output/codellama_with_rag_contracts/4609.sol,4609.sol,slither-0.11.3,solidity,2025/09/14,20260213_1744,1771004705.4356534,2.5473434925079346,1,{},{},{EXIT_CODE_1},"{""analysis unsuccessful, check output.json"",""error parsing results: file could not be opened successfully:
- method gz: ReadError('empty file')
- method bz2: ReadError('not a bzip2 file')
- method xz: ReadError('not an lzma file')
- method tar: ReadError('empty file')"",""exception (crytic_compile.platform.exceptions.InvalidCompilation: Invalid solc compilation Warning: SPDX license identifier not provided in source file. Before publishing, consider adding a comment containing \""SPDX-License-Identifier: <SPDX-License>\"" to each source file. Use \""SPDX-License-Identifier: UNLICENSED\"" for non-open-source code. Please see https://spdx.org for more information.)"",exception (json.decoder.JSONDecodeError: Expecting value: line 1 column 1 (char 0))}"
contracts_output/contracts_output/codellama_with_rag_contracts/461.sol,461.sol,slither-0.11.3,solidity,2025/09/14,20260213_1744,1771004768.0690694,1.2438969612121582,1,{},{},{EXIT_CODE_1},"{""analysis unsuccessful, check output.json"",""error parsing results: file could not be opened successfully:
- method gz: ReadError('empty file')
- method bz2: ReadError('not a bzip2 file')
- method xz: ReadError('not an lzma file')
- method tar: ReadError('empty file')"",""exception (crytic_compile.platform.exceptions.InvalidCompilation: Invalid solc compilation Warning: SPDX license identifier not provided in source file. Before publishing, consider adding a comment containing \""SPDX-License-Identifier: <SPDX-License>\"" to each source file. Use \""SPDX-License-Identifier: UNLICENSED\"" for non-open-source code. Please see https://spdx.org for more information.)"",exception (json.decoder.JSONDecodeError: Expecting value: line 1 column 1 (char 0))}"
contracts_output/contracts_output/codellama_with_rag_contracts/4614.sol,4614.sol,slither-0.11.3,solidity,2025/09/14,20260213_1744,1771005080.0034995,2.1114957332611084,1,{},{},{EXIT_CODE_1},"{""analysis unsuccessful, check output.json"",""error parsing results: file could not be opened successfully:
- method gz: ReadError('empty file')
- method bz2: ReadError('not a bzip2 file')
- method xz: ReadError('not an lzma file')
- method tar: ReadError('empty file')"",""exception (crytic_compile.platform.exceptions.InvalidCompilation: Invalid solc compilation Warning: SPDX license identifier not provided in source file. Before publishing, consider adding a comment containing \""SPDX-License-Identifier: <SPDX-License>\"" to each source file. Use \""SPDX-License-Identifier: UNLICENSED\"" for non-open-source code. Please see https://spdx.org for more information.)"",exception (json.decoder.JSONDecodeError: Expecting value: line 1 column 1 (char 0))}"
contracts_output/contracts_output/codellama_with_rag_contracts/4646.sol,4646.sol,slither-0.11.3,solidity,2025/09/14,20260213_1744,1771004983.4578974,2.3227717876434326,255,"{dead_code,naming_convention,solc_version,uninitialized_state}",{},{},{}
contracts_output/contracts_output/codellama_with_rag_contracts/465.sol,465.sol,slither-0.11.3,solidity,2025/09/14,20260213_1744,1771004813.3746603,2.467723846435547,1,{},{},{EXIT_CODE_1},"{""analysis unsuccessful, check output.json"",""error parsing results: file could not be opened successfully:
- method gz: ReadError('empty file')
- method bz2: ReadError('not a bzip2 file')
- method xz: ReadError('not an lzma file')
- method tar: ReadError('empty file')"",""exception (crytic_compile.platform.exceptions.InvalidCompilation: Invalid solc compilation Error: Expected pragma, import directive or contract/interface/library/struct/enum/constant/function/error definition.)"",exception (json.decoder.JSONDecodeError: Expecting value: line 1 column 1 (char 0))}"
contracts_output/contracts_output/codellama_with_rag_contracts/4661.sol,4661.sol,slither-0.11.3,solidity,2025/09/14,20260213_1744,1771004704.863329,1.9881558418273926,1,{},{},{EXIT_CODE_1},"{""analysis unsuccessful, check output.json"",""error parsing results: file could not be opened successfully:
- method gz: ReadError('empty file')
- method bz2: ReadError('not a bzip2 file')
- method xz: ReadError('not an lzma file')
- method tar: ReadError('empty file')"",""exception (crytic_compile.platform.exceptions.InvalidCompilation: Invalid solc compilation Warning: SPDX license identifier not provided in source file. Before publishing, consider adding a comment containing \""SPDX-License-Identifier: <SPDX-License>\"" to each source file. Use \""SPDX-License-Identifier: UNLICENSED\"" for non-open-source code. Please see https://spdx.org for more information.)"",exception (json.decoder.JSONDecodeError: Expecting value: line 1 column 1 (char 0))}"
contracts_output/contracts_output/codellama_with_rag_contracts/4669.sol,4669.sol,slither-0.11.3,solidity,2025/09/14,20260213_1744,1771004934.3861868,1.6816766262054443,1,{},{},{EXIT_CODE_1},"{""analysis unsuccessful, check output.json"",""error parsing results: file could not be opened successfully:
- method gz: ReadError('empty file')
- method bz2: ReadError('not a bzip2 file')
- method xz: ReadError('not an lzma file')
- method tar: ReadError('empty file')"",""exception (crytic_compile.platform.exceptions.InvalidCompilation: Invalid solc compilation Warning: SPDX license identifier not provided in source file. Before publishing, consider adding a comment containing \""SPDX-License-Identifier: <SPDX-License>\"" to each source file. Use \""SPDX-License-Identifier: UNLICENSED\"" for non-open-source code. Please see https://spdx.org for more information.)"",exception (json.decoder.JSONDecodeError: Expecting value: line 1 column 1 (char 0))}"
contracts_output/contracts_output/codellama_with_rag_contracts/467.sol,467.sol,slither-0.11.3,solidity,2025/09/14,20260213_1744,1771004873.5194757,2.449047565460205,255,"{dead_code,solc_version}",{},{},{}
contracts_output/contracts_output/codellama_with_rag_contracts/4675.sol,4675.sol,slither-0.11.3,solidity,2025/09/14,20260213_1744,1771004719.6225736,1.631746530532837,1,{},{},{EXIT_CODE_1},"{""analysis unsuccessful, check output.json"",""error parsing results: file could not be opened successfully:
- method gz: ReadError('empty file')
- method bz2: ReadError('not a bzip2 file')
- method xz: ReadError('not an lzma file')
- method tar: ReadError('empty file')"",""exception (crytic_compile.platform.exceptions.InvalidCompilation: Invalid solc compilation Warning: SPDX license identifier not provided in source file. Before publishing, consider adding a comment containing \""SPDX-License-Identifier: <SPDX-License>\"" to each source file. Use \""SPDX-License-Identifier: UNLICENSED\"" for non-open-source code. Please see https://spdx.org for more information.)"",exception (json.decoder.JSONDecodeError: Expecting value: line 1 column 1 (char 0))}"
contracts_output/contracts_output/codellama_with_rag_contracts/4681.sol,4681.sol,slither-0.11.3,solidity,2025/09/14,20260213_1744,1771004695.2963758,2.40439510345459,1,{},{},{EXIT_CODE_1},"{""analysis unsuccessful, check output.json"",""error parsing results: file could not be opened successfully:
- method gz: ReadError('empty file')
- method bz2: ReadError('not a bzip2 file')
- method xz: ReadError('not an lzma file')
- method tar: ReadError('empty file')"",""exception (crytic_compile.platform.exceptions.InvalidCompilation: Invalid solc compilation Warning: SPDX license identifier not provided in source file. Before publishing, consider adding a comment containing \""SPDX-License-Identifier: <SPDX-License>\"" to each source file. Use \""SPDX-License-Identifier: UNLICENSED\"" for non-open-source code. Please see https://spdx.org for more information.)"",exception (json.decoder.JSONDecodeError: Expecting value: line 1 column 1 (char 0))}"
contracts_output/contracts_output/codellama_with_rag_contracts/4695.sol,4695.sol,slither-0.11.3,solidity,2025/09/14,20260213_1744,1771004701.863786,2.3023457527160645,1,{},{},{EXIT_CODE_1},"{""analysis unsuccessful, check output.json"",""error parsing results: file could not be opened successfully:
- method gz: ReadError('empty file')
- method bz2: ReadError('not a bzip2 file')
- method xz: ReadError('not an lzma file')
- method tar: ReadError('empty file')"",""exception (crytic_compile.platform.exceptions.InvalidCompilation: Invalid solc compilation Warning: SPDX license identifier not provided in source file. Before publishing, consider adding a comment containing \""SPDX-License-Identifier: <SPDX-License>\"" to each source file. Use \""SPDX-License-Identifier: UNLICENSED\"" for non-open-source code. Please see https://spdx.org for more information.)"",exception (json.decoder.JSONDecodeError: Expecting value: line 1 column 1 (char 0))}"
contracts_output/contracts_output/codellama_with_rag_contracts/4726.sol,4726.sol,slither-0.11.3,solidity,2025/09/14,20260213_1744,1771004707.7486608,1.9614918231964111,1,{},{},{EXIT_CODE_1},"{""analysis unsuccessful, check output.json"",""error parsing results: file could not be opened successfully:
- method gz: ReadError('empty file')
- method bz2: ReadError('not a bzip2 file')
- method xz: ReadError('not an lzma file')
- method tar: ReadError('empty file')"",""exception (crytic_compile.platform.exceptions.InvalidCompilation: Invalid solc compilation Warning: SPDX license identifier not provided in source file. Before publishing, consider adding a comment containing \""SPDX-License-Identifier: <SPDX-License>\"" to each source file. Use \""SPDX-License-Identifier: UNLICENSED\"" for non-open-source code. Please see https://spdx.org for more information.)"",exception (json.decoder.JSONDecodeError: Expecting value: line 1 column 1 (char 0))}"
contracts_output/contracts_output/codellama_with_rag_contracts/4727.sol,4727.sol,slither-0.11.3,solidity,2025/09/14,20260213_1744,1771004975.1557198,3.099776029586792,1,{},{},{EXIT_CODE_1},"{""analysis unsuccessful, check output.json"",""error parsing results: file could not be opened successfully:
- method gz: ReadError('empty file')
- method bz2: ReadError('not a bzip2 file')
- method xz: ReadError('not an lzma file')
- method tar: ReadError('empty file')"",exception (crytic_compile.platform.exceptions.InvalidCompilation: Invalid solc compilation Error: Expected ';' but got 'public'),exception (json.decoder.JSONDecodeError: Expecting value: line 1 column 1 (char 0))}"
contracts_output/contracts_output/codellama_with_rag_contracts/474.sol,474.sol,slither-0.11.3,solidity,2025/09/14,20260213_1744,1771004925.603025,1.8797378540039062,1,{},{},{EXIT_CODE_1},"{""analysis unsuccessful, check output.json"",""error parsing results: file could not be opened successfully:
- method gz: ReadError('empty file')
- method bz2: ReadError('not a bzip2 file')
- method xz: ReadError('not an lzma file')
- method tar: ReadError('empty file')"",""exception (crytic_compile.platform.exceptions.InvalidCompilation: Invalid solc compilation Warning: SPDX license identifier not provided in source file. Before publishing, consider adding a comment containing \""SPDX-License-Identifier: <SPDX-License>\"" to each source file. Use \""SPDX-License-Identifier: UNLICENSED\"" for non-open-source code. Please see https://spdx.org for more information.)"",exception (json.decoder.JSONDecodeError: Expecting value: line 1 column 1 (char 0))}"
contracts_output/contracts_output/codellama_with_rag_contracts/4746.sol,4746.sol,slither-0.11.3,solidity,2025/09/14,20260213_1744,1771004700.353603,2.1980228424072266,255,"{dead_code,immutable_states,naming_convention,shadowing_local,solc_version}",{},{},{}
contracts_output/contracts_output/codellama_with_rag_contracts/475.sol,475.sol,slither-0.11.3,solidity,2025/09/14,20260213_1744,1771005090.296002,1.36027193069458,1,{},{},{EXIT_CODE_1},"{""analysis unsuccessful, check output.json"",""error parsing results: file could not be opened successfully:
- method gz: ReadError('empty file')
- method bz2: ReadError('not a bzip2 file')
- method xz: ReadError('not an lzma file')
- method tar: ReadError('empty file')"",""exception (crytic_compile.platform.exceptions.InvalidCompilation: Invalid solc compilation Warning: SPDX license identifier not provided in source file. Before publishing, consider adding a comment containing \""SPDX-License-Identifier: <SPDX-License>\"" to each source file. Use \""SPDX-License-Identifier: UNLICENSED\"" for non-open-source code. Please see https://spdx.org for more information.)"",exception (json.decoder.JSONDecodeError: Expecting value: line 1 column 1 (char 0))}"
contracts_output/contracts_output/codellama_with_rag_contracts/476.sol,476.sol,slither-0.11.3,solidity,2025/09/14,20260213_1744,1771004700.19798,2.336787462234497,255,"{dead_code,naming_convention,solc_version}",{},{},{}
contracts_output/contracts_output/codellama_with_rag_contracts/4761.sol,4761.sol,slither-0.11.3,solidity,2025/09/14,20260213_1744,1771005051.085315,1.6773016452789307,1,{},{},{EXIT_CODE_1},"{""analysis unsuccessful, check output.json"",""error parsing results: file could not be opened successfully:
- method gz: ReadError('empty file')
- method bz2: ReadError('not a bzip2 file')
- method xz: ReadError('not an lzma file')
- method tar: ReadError('empty file')"",""exception (crytic_compile.platform.exceptions.InvalidCompilation: Invalid solc compilation Warning: SPDX license identifier not provided in source file. Before publishing, consider adding a comment containing \""SPDX-License-Identifier: <SPDX-License>\"" to each source file. Use \""SPDX-License-Identifier: UNLICENSED\"" for non-open-source code. Please see https://spdx.org for more information.)"",exception (json.decoder.JSONDecodeError: Expecting value: line 1 column 1 (char 0))}"
contracts_output/contracts_output/codellama_with_rag_contracts/4775.sol,4775.sol,slither-0.11.3,solidity,2025/09/14,20260213_1744,1771005102.2117405,1.7813479900360107,255,"{constable_states,dead_code,immutable_states,solc_version}",{},{},{}
contracts_output/contracts_output/codellama_with_rag_contracts/4790.sol,4790.sol,slither-0.11.3,solidity,2025/09/14,20260213_1744,1771004973.587603,2.054915428161621,1,{},{},{EXIT_CODE_1},"{""analysis unsuccessful, check output.json"",""error parsing results: file could not be opened successfully:
- method gz: ReadError('empty file')
- method bz2: ReadError('not a bzip2 file')
- method xz: ReadError('not an lzma file')
- method tar: ReadError('empty file')"",""exception (crytic_compile.platform.exceptions.InvalidCompilation: Invalid solc compilation Warning: SPDX license identifier not provided in source file. Before publishing, consider adding a comment containing \""SPDX-License-Identifier: <SPDX-License>\"" to each source file. Use \""SPDX-License-Identifier: UNLICENSED\"" for non-open-source code. Please see https://spdx.org for more information.)"",exception (json.decoder.JSONDecodeError: Expecting value: line 1 column 1 (char 0))}"
contracts_output/contracts_output/codellama_with_rag_contracts/4803.sol,4803.sol,slither-0.11.3,solidity,2025/09/14,20260213_1744,1771004815.7768114,2.091787338256836,1,{},{},{EXIT_CODE_1},"{""analysis unsuccessful, check output.json"",""error parsing results: file could not be opened successfully:
- method gz: ReadError('empty file')
- method bz2: ReadError('not a bzip2 file')
- method xz: ReadError('not an lzma file')
- method tar: ReadError('empty file')"",""exception (crytic_compile.platform.exceptions.InvalidCompilation: Invalid solc compilation Warning: SPDX license identifier not provided in source file. Before publishing, consider adding a comment containing \""SPDX-License-Identifier: <SPDX-License>\"" to each source file. Use \""SPDX-License-Identifier: UNLICENSED\"" for non-open-source code. Please see https://spdx.org for more information.)"",exception (json.decoder.JSONDecodeError: Expecting value: line 1 column 1 (char 0))}"
contracts_output/contracts_output/codellama_with_rag_contracts/4806.sol,4806.sol,slither-0.11.3,solidity,2025/09/14,20260213_1744,1771004934.8071153,1.9656968116760254,1,{},{},{EXIT_CODE_1},"{""analysis unsuccessful, check output.json"",""error parsing results: file could not be opened successfully:
- method gz: ReadError('empty file')
- method bz2: ReadError('not a bzip2 file')
- method xz: ReadError('not an lzma file')
- method tar: ReadError('empty file')"",""exception (crytic_compile.platform.exceptions.InvalidCompilation: Invalid solc compilation Warning: SPDX license identifier not provided in source file. Before publishing, consider adding a comment containing \""SPDX-License-Identifier: <SPDX-License>\"" to each source file. Use \""SPDX-License-Identifier: UNLICENSED\"" for non-open-source code. Please see https://spdx.org for more information.)"",exception (json.decoder.JSONDecodeError: Expecting value: line 1 column 1 (char 0))}"
contracts_output/contracts_output/codellama_with_rag_contracts/4823.sol,4823.sol,slither-0.11.3,solidity,2025/09/14,20260213_1744,1771004892.4697812,1.4055063724517822,1,{},{},{EXIT_CODE_1},"{""analysis unsuccessful, check output.json"",""error parsing results: file could not be opened successfully:
- method gz: ReadError('empty file')
- method bz2: ReadError('not a bzip2 file')
- method xz: ReadError('not an lzma file')
- method tar: ReadError('empty file')"",""exception (crytic_compile.platform.exceptions.InvalidCompilation: Invalid solc compilation Warning: SPDX license identifier not provided in source file. Before publishing, consider adding a comment containing \""SPDX-License-Identifier: <SPDX-License>\"" to each source file. Use \""SPDX-License-Identifier: UNLICENSED\"" for non-open-source code. Please see https://spdx.org for more information.)"",exception (json.decoder.JSONDecodeError: Expecting value: line 1 column 1 (char 0))}"
contracts_output/contracts_output/codellama_with_rag_contracts/4839.sol,4839.sol,slither-0.11.3,solidity,2025/09/14,20260213_1744,1771004739.752611,1.931182861328125,1,{},{},{EXIT_CODE_1},"{""analysis unsuccessful, check output.json"",""error parsing results: file could not be opened successfully:
- method gz: ReadError('empty file')
- method bz2: ReadError('not a bzip2 file')
- method xz: ReadError('not an lzma file')
- method tar: ReadError('empty file')"",""exception (crytic_compile.platform.exceptions.InvalidCompilation: Invalid solc compilation Warning: SPDX license identifier not provided in source file. Before publishing, consider adding a comment containing \""SPDX-License-Identifier: <SPDX-License>\"" to each source file. Use \""SPDX-License-Identifier: UNLICENSED\"" for non-open-source code. Please see https://spdx.org for more information.)"",exception (json.decoder.JSONDecodeError: Expecting value: line 1 column 1 (char 0))}"
contracts_output/contracts_output/codellama_with_rag_contracts/4847.sol,4847.sol,slither-0.11.3,solidity,2025/09/14,20260213_1744,1771004928.3382385,1.5736713409423828,1,{},{},{EXIT_CODE_1},"{""analysis unsuccessful, check output.json"",""error parsing results: file could not be opened successfully:
- method gz: ReadError('empty file')
- method bz2: ReadError('not a bzip2 file')
- method xz: ReadError('not an lzma file')
- method tar: ReadError('empty file')"",""exception (crytic_compile.platform.exceptions.InvalidCompilation: Invalid solc compilation Warning: SPDX license identifier not provided in source file. Before publishing, consider adding a comment containing \""SPDX-License-Identifier: <SPDX-License>\"" to each source file. Use \""SPDX-License-Identifier: UNLICENSED\"" for non-open-source code. Please see https://spdx.org for more information.)"",exception (json.decoder.JSONDecodeError: Expecting value: line 1 column 1 (char 0))}"
contracts_output/contracts_output/codellama_with_rag_contracts/4852.sol,4852.sol,slither-0.11.3,solidity,2025/09/14,20260213_1744,1771004979.2160268,1.7758259773254395,1,{},{},{EXIT_CODE_1},"{""analysis unsuccessful, check output.json"",""error parsing results: file could not be opened successfully:
- method gz: ReadError('empty file')
- method bz2: ReadError('not a bzip2 file')
- method xz: ReadError('not an lzma file')
- method tar: ReadError('empty file')"",""exception (crytic_compile.platform.exceptions.InvalidCompilation: Invalid solc compilation Warning: SPDX license identifier not provided in source file. Before publishing, consider adding a comment containing \""SPDX-License-Identifier: <SPDX-License>\"" to each source file. Use \""SPDX-License-Identifier: UNLICENSED\"" for non-open-source code. Please see https://spdx.org for more information.)"",exception (json.decoder.JSONDecodeError: Expecting value: line 1 column 1 (char 0))}"
contracts_output/contracts_output/codellama_with_rag_contracts/4854.sol,4854.sol,slither-0.11.3,solidity,2025/09/14,20260213_1744,1771004969.0155423,2.1358461380004883,1,{},{},{EXIT_CODE_1},"{""analysis unsuccessful, check output.json"",""error parsing results: file could not be opened successfully:
- method gz: ReadError('empty file')
- method bz2: ReadError('not a bzip2 file')
- method xz: ReadError('not an lzma file')
- method tar: ReadError('empty file')"",""exception (crytic_compile.platform.exceptions.InvalidCompilation: Invalid solc compilation Error: Expected '{' but got 'constant')"",exception (json.decoder.JSONDecodeError: Expecting value: line 1 column 1 (char 0))}"
contracts_output/contracts_output/codellama_with_rag_contracts/4864.sol,4864.sol,slither-0.11.3,solidity,2025/09/14,20260213_1744,1771004769.811011,1.5768847465515137,1,{},{},{EXIT_CODE_1},"{""analysis unsuccessful, check output.json"",""error parsing results: file could not be opened successfully:
- method gz: ReadError('empty file')
- method bz2: ReadError('not a bzip2 file')
- method xz: ReadError('not an lzma file')
- method tar: ReadError('empty file')"",""exception (crytic_compile.platform.exceptions.InvalidCompilation: Invalid solc compilation Error: Expected ',' but got ']')"",exception (json.decoder.JSONDecodeError: Expecting value: line 1 column 1 (char 0))}"
contracts_output/contracts_output/codellama_with_rag_contracts/4877.sol,4877.sol,slither-0.11.3,solidity,2025/09/14,20260213_1744,1771004912.9384494,1.8118205070495605,1,{},{},{EXIT_CODE_1},"{""analysis unsuccessful, check output.json"",""error parsing results: file could not be opened successfully:
- method gz: ReadError('empty file')
- method bz2: ReadError('not a bzip2 file')
- method xz: ReadError('not an lzma file')
- method tar: ReadError('empty file')"",""exception (crytic_compile.platform.exceptions.InvalidCompilation: Invalid solc compilation Warning: SPDX license identifier not provided in source file. Before publishing, consider adding a comment containing \""SPDX-License-Identifier: <SPDX-License>\"" to each source file. Use \""SPDX-License-Identifier: UNLICENSED\"" for non-open-source code. Please see https://spdx.org for more information.)"",exception (json.decoder.JSONDecodeError: Expecting value: line 1 column 1 (char 0))}"
contracts_output/contracts_output/codellama_with_rag_contracts/4896.sol,4896.sol,slither-0.11.3,solidity,2025/09/14,20260213_1744,1771005061.6807535,1.9716989994049072,255,"{dead_code,naming_convention,solc_version}",{},{},{}
contracts_output/contracts_output/codellama_with_rag_contracts/4898.sol,4898.sol,slither-0.11.3,solidity,2025/09/14,20260213_1744,1771004706.5183847,1.8696095943450928,1,{},{},{EXIT_CODE_1},"{""analysis unsuccessful, check output.json"",""error parsing results: file could not be opened successfully:
- method gz: ReadError('empty file')
- method bz2: ReadError('not a bzip2 file')
- method xz: ReadError('not an lzma file')
- method tar: ReadError('empty file')"",""exception (crytic_compile.platform.exceptions.InvalidCompilation: Invalid solc compilation Warning: SPDX license identifier not provided in source file. Before publishing, consider adding a comment containing \""SPDX-License-Identifier: <SPDX-License>\"" to each source file. Use \""SPDX-License-Identifier: UNLICENSED\"" for non-open-source code. Please see https://spdx.org for more information.)"",exception (json.decoder.JSONDecodeError: Expecting value: line 1 column 1 (char 0))}"
contracts_output/contracts_output/codellama_with_rag_contracts/4912.sol,4912.sol,slither-0.11.3,solidity,2025/09/14,20260213_1744,1771004708.8586314,2.3614068031311035,1,{},{},{EXIT_CODE_1},"{""analysis unsuccessful, check output.json"",""error parsing results: file could not be opened successfully:
- method gz: ReadError('empty file')
- method bz2: ReadError('not a bzip2 file')
- method xz: ReadError('not an lzma file')
- method tar: ReadError('empty file')"",""exception (crytic_compile.platform.exceptions.InvalidCompilation: Invalid solc compilation Warning: SPDX license identifier not provided in source file. Before publishing, consider adding a comment containing \""SPDX-License-Identifier: <SPDX-License>\"" to each source file. Use \""SPDX-License-Identifier: UNLICENSED\"" for non-open-source code. Please see https://spdx.org for more information.)"",exception (json.decoder.JSONDecodeError: Expecting value: line 1 column 1 (char 0))}"
contracts_output/contracts_output/codellama_with_rag_contracts/4928.sol,4928.sol,slither-0.11.3,solidity,2025/09/14,20260213_1744,1771004942.1431963,1.223484992980957,1,{},{},{EXIT_CODE_1},"{""analysis unsuccessful, check output.json"",""error parsing results: file could not be opened successfully:
- method gz: ReadError('empty file')
- method bz2: ReadError('not a bzip2 file')
- method xz: ReadError('not an lzma file')
- method tar: ReadError('empty file')"",""exception (crytic_compile.platform.exceptions.InvalidCompilation: Invalid solc compilation Error: Function, variable, struct or modifier declaration expected.)"",exception (json.decoder.JSONDecodeError: Expecting value: line 1 column 1 (char 0))}"
contracts_output/contracts_output/codellama_with_rag_contracts/4942.sol,4942.sol,slither-0.11.3,solidity,2025/09/14,20260213_1744,1771004802.6518588,1.9015419483184814,1,{},{},{EXIT_CODE_1},"{""analysis unsuccessful, check output.json"",""error parsing results: file could not be opened successfully:
- method gz: ReadError('empty file')
- method bz2: ReadError('not a bzip2 file')
- method xz: ReadError('not an lzma file')
- method tar: ReadError('empty file')"",""exception (crytic_compile.platform.exceptions.InvalidCompilation: Invalid solc compilation Warning: SPDX license identifier not provided in source file. Before publishing, consider adding a comment containing \""SPDX-License-Identifier: <SPDX-License>\"" to each source file. Use \""SPDX-License-Identifier: UNLICENSED\"" for non-open-source code. Please see https://spdx.org for more information.)"",exception (json.decoder.JSONDecodeError: Expecting value: line 1 column 1 (char 0))}"
contracts_output/contracts_output/codellama_with_rag_contracts/497.sol,497.sol,slither-0.11.3,solidity,2025/09/14,20260213_1744,1771005004.1553352,1.9401230812072754,1,{},{},{EXIT_CODE_1},"{""analysis unsuccessful, check output.json"",""error parsing results: file could not be opened successfully:
- method gz: ReadError('empty file')
- method bz2: ReadError('not a bzip2 file')
- method xz: ReadError('not an lzma file')
- method tar: ReadError('empty file')"",""exception (crytic_compile.platform.exceptions.InvalidCompilation: Invalid solc compilation Warning: SPDX license identifier not provided in source file. Before publishing, consider adding a comment containing \""SPDX-License-Identifier: <SPDX-License>\"" to each source file. Use \""SPDX-License-Identifier: UNLICENSED\"" for non-open-source code. Please see https://spdx.org for more information.)"",exception (json.decoder.JSONDecodeError: Expecting value: line 1 column 1 (char 0))}"
contracts_output/contracts_output/codellama_with_rag_contracts/4986.sol,4986.sol,slither-0.11.3,solidity,2025/09/14,20260213_1744,1771004982.743904,2.8150155544281006,255,"{dead_code,immutable_states,solc_version}",{},{},{}
contracts_output/contracts_output/codellama_with_rag_contracts/4993.sol,4993.sol,slither-0.11.3,solidity,2025/09/14,20260213_1744,1771004731.2612221,1.5997681617736816,255,"{dead_code,immutable_states,naming_convention,solc_version,timestamp}",{},{},{}
contracts_output/contracts_output/codellama_with_rag_contracts/5005.sol,5005.sol,slither-0.11.3,solidity,2025/09/14,20260213_1744,1771004843.9621537,1.971348524093628,1,{},{},{EXIT_CODE_1},"{""analysis unsuccessful, check output.json"",""error parsing results: file could not be opened successfully:
- method gz: ReadError('empty file')
- method bz2: ReadError('not a bzip2 file')
- method xz: ReadError('not an lzma file')
- method tar: ReadError('empty file')"",""exception (crytic_compile.platform.exceptions.InvalidCompilation: Invalid solc compilation Warning: SPDX license identifier not provided in source file. Before publishing, consider adding a comment containing \""SPDX-License-Identifier: <SPDX-License>\"" to each source file. Use \""SPDX-License-Identifier: UNLICENSED\"" for non-open-source code. Please see https://spdx.org for more information.)"",exception (json.decoder.JSONDecodeError: Expecting value: line 1 column 1 (char 0))}"
contracts_output/contracts_output/codellama_with_rag_contracts/5007.sol,5007.sol,slither-0.11.3,solidity,2025/09/14,20260213_1744,1771004922.358267,1.9444425106048584,255,"{dead_code,naming_convention,solc_version}",{},{},{}
contracts_output/contracts_output/codellama_with_rag_contracts/5030.sol,5030.sol,slither-0.11.3,solidity,2025/09/14,20260213_1744,1771004916.9851294,1.5577285289764404,1,{},{},{EXIT_CODE_1},"{""analysis unsuccessful, check output.json"",""error parsing results: file could not be opened successfully:
- method gz: ReadError('empty file')
- method bz2: ReadError('not a bzip2 file')
- method xz: ReadError('not an lzma file')
- method tar: ReadError('empty file')"",""exception (crytic_compile.platform.exceptions.InvalidCompilation: Invalid solc compilation Warning: SPDX license identifier not provided in source file. Before publishing, consider adding a comment containing \""SPDX-License-Identifier: <SPDX-License>\"" to each source file. Use \""SPDX-License-Identifier: UNLICENSED\"" for non-open-source code. Please see https://spdx.org for more information.)"",exception (json.decoder.JSONDecodeError: Expecting value: line 1 column 1 (char 0))}"
contracts_output/contracts_output/codellama_with_rag_contracts/5033.sol,5033.sol,slither-0.11.3,solidity,2025/09/14,20260213_1744,1771004979.767874,2.9158480167388916,255,"{dead_code,immutable_states,solc_version}",{},{},{}
contracts_output/contracts_output/codellama_with_rag_contracts/5043.sol,5043.sol,slither-0.11.3,solidity,2025/09/14,20260213_1744,1771004978.4481926,1.3598144054412842,1,{},{},{EXIT_CODE_1},"{""analysis unsuccessful, check output.json"",""error parsing results: file could not be opened successfully:
- method gz: ReadError('empty file')
- method bz2: ReadError('not a bzip2 file')
- method xz: ReadError('not an lzma file')
- method tar: ReadError('empty file')"",""exception (crytic_compile.platform.exceptions.InvalidCompilation: Invalid solc compilation Warning: SPDX license identifier not provided in source file. Before publishing, consider adding a comment containing \""SPDX-License-Identifier: <SPDX-License>\"" to each source file. Use \""SPDX-License-Identifier: UNLICENSED\"" for non-open-source code. Please see https://spdx.org for more information.)"",exception (json.decoder.JSONDecodeError: Expecting value: line 1 column 1 (char 0))}"
contracts_output/contracts_output/codellama_with_rag_contracts/5070.sol,5070.sol,slither-0.11.3,solidity,2025/09/14,20260213_1744,1771004697.9205189,2.2756388187408447,1,{},{},{EXIT_CODE_1},"{""analysis unsuccessful, check output.json"",""error parsing results: file could not be opened successfully:
- method gz: ReadError('empty file')
- method bz2: ReadError('not a bzip2 file')
- method xz: ReadError('not an lzma file')
- method tar: ReadError('empty file')"",""exception (crytic_compile.platform.exceptions.InvalidCompilation: Invalid solc compilation Warning: SPDX license identifier not provided in source file. Before publishing, consider adding a comment containing \""SPDX-License-Identifier: <SPDX-License>\"" to each source file. Use \""SPDX-License-Identifier: UNLICENSED\"" for non-open-source code. Please see https://spdx.org for more information.)"",exception (json.decoder.JSONDecodeError: Expecting value: line 1 column 1 (char 0))}"
contracts_output/contracts_output/codellama_with_rag_contracts/5074.sol,5074.sol,slither-0.11.3,solidity,2025/09/14,20260213_1744,1771004879.4349318,2.2238402366638184,1,{},{},{EXIT_CODE_1},"{""analysis unsuccessful, check output.json"",""error parsing results: file could not be opened successfully:
- method gz: ReadError('empty file')
- method bz2: ReadError('not a bzip2 file')
- method xz: ReadError('not an lzma file')
- method tar: ReadError('empty file')"",""exception (crytic_compile.platform.exceptions.InvalidCompilation: Invalid solc compilation Warning: SPDX license identifier not provided in source file. Before publishing, consider adding a comment containing \""SPDX-License-Identifier: <SPDX-License>\"" to each source file. Use \""SPDX-License-Identifier: UNLICENSED\"" for non-open-source code. Please see https://spdx.org for more information.)"",exception (json.decoder.JSONDecodeError: Expecting value: line 1 column 1 (char 0))}"
contracts_output/contracts_output/codellama_with_rag_contracts/5098.sol,5098.sol,slither-0.11.3,solidity,2025/09/14,20260213_1744,1771004923.3252127,1.7049322128295898,1,{},{},{EXIT_CODE_1},"{""analysis unsuccessful, check output.json"",""error parsing results: file could not be opened successfully:
- method gz: ReadError('empty file')
- method bz2: ReadError('not a bzip2 file')
- method xz: ReadError('not an lzma file')
- method tar: ReadError('empty file')"",""exception (crytic_compile.platform.exceptions.InvalidCompilation: Invalid solc compilation Warning: SPDX license identifier not provided in source file. Before publishing, consider adding a comment containing \""SPDX-License-Identifier: <SPDX-License>\"" to each source file. Use \""SPDX-License-Identifier: UNLICENSED\"" for non-open-source code. Please see https://spdx.org for more information.)"",exception (json.decoder.JSONDecodeError: Expecting value: line 1 column 1 (char 0))}"
contracts_output/contracts_output/codellama_with_rag_contracts/5099.sol,5099.sol,slither-0.11.3,solidity,2025/09/14,20260213_1744,1771004741.3730965,2.3201868534088135,255,"{dead_code,immutable_states,solc_version,too_many_digits}",{},{},{}
contracts_output/contracts_output/codellama_with_rag_contracts/5101.sol,5101.sol,slither-0.11.3,solidity,2025/09/14,20260213_1744,1771004688.384709,2.730313777923584,1,{},{},{EXIT_CODE_1},"{""analysis unsuccessful, check output.json"",""error parsing results: file could not be opened successfully:
- method gz: ReadError('empty file')
- method bz2: ReadError('not a bzip2 file')
- method xz: ReadError('not an lzma file')
- method tar: ReadError('empty file')"",""exception (crytic_compile.platform.exceptions.InvalidCompilation: Invalid solc compilation Warning: SPDX license identifier not provided in source file. Before publishing, consider adding a comment containing \""SPDX-License-Identifier: <SPDX-License>\"" to each source file. Use \""SPDX-License-Identifier: UNLICENSED\"" for non-open-source code. Please see https://spdx.org for more information.)"",exception (json.decoder.JSONDecodeError: Expecting value: line 1 column 1 (char 0))}"
contracts_output/contracts_output/codellama_with_rag_contracts/5131.sol,5131.sol,slither-0.11.3,solidity,2025/09/14,20260213_1744,1771004866.7471995,2.086768388748169,255,"{dead_code,immutable_states,solc_version,too_many_digits}",{},{},{}
contracts_output/contracts_output/codellama_with_rag_contracts/5169.sol,5169.sol,slither-0.11.3,solidity,2025/09/14,20260213_1744,1771005044.3633182,1.3352069854736328,1,{},{},{EXIT_CODE_1},"{""analysis unsuccessful, check output.json"",""error parsing results: file could not be opened successfully:
- method gz: ReadError('empty file')
- method bz2: ReadError('not a bzip2 file')
- method xz: ReadError('not an lzma file')
- method tar: ReadError('empty file')"",""exception (crytic_compile.platform.exceptions.InvalidCompilation: Invalid solc compilation Warning: SPDX license identifier not provided in source file. Before publishing, consider adding a comment containing \""SPDX-License-Identifier: <SPDX-License>\"" to each source file. Use \""SPDX-License-Identifier: UNLICENSED\"" for non-open-source code. Please see https://spdx.org for more information.)"",exception (json.decoder.JSONDecodeError: Expecting value: line 1 column 1 (char 0))}"
contracts_output/contracts_output/codellama_with_rag_contracts/517.sol,517.sol,slither-0.11.3,solidity,2025/09/14,20260213_1744,1771004868.0026152,1.6023797988891602,255,"{dead_code,immutable_states,solc_version}",{},{},{}
contracts_output/contracts_output/codellama_with_rag_contracts/5173.sol,5173.sol,slither-0.11.3,solidity,2025/09/14,20260213_1744,1771004823.6991565,1.9576106071472168,1,{},{},{EXIT_CODE_1},"{""analysis unsuccessful, check output.json"",""error parsing results: file could not be opened successfully:
- method gz: ReadError('empty file')
- method bz2: ReadError('not a bzip2 file')
- method xz: ReadError('not an lzma file')
- method tar: ReadError('empty file')"",""exception (crytic_compile.platform.exceptions.InvalidCompilation: Invalid solc compilation Warning: SPDX license identifier not provided in source file. Before publishing, consider adding a comment containing \""SPDX-License-Identifier: <SPDX-License>\"" to each source file. Use \""SPDX-License-Identifier: UNLICENSED\"" for non-open-source code. Please see https://spdx.org for more information.)"",exception (json.decoder.JSONDecodeError: Expecting value: line 1 column 1 (char 0))}"
contracts_output/contracts_output/codellama_with_rag_contracts/5181.sol,5181.sol,slither-0.11.3,solidity,2025/09/14,20260213_1744,1771004794.149685,1.864156723022461,255,"{dead_code,immutable_states,naming_convention,solc_version,uninitialized_state}",{},{},{}
contracts_output/contracts_output/codellama_with_rag_contracts/5188.sol,5188.sol,slither-0.11.3,solidity,2025/09/14,20260213_1744,1771004977.2483985,2.1659488677978516,1,{},{},{EXIT_CODE_1},"{""analysis unsuccessful, check output.json"",""error parsing results: file could not be opened successfully:
- method gz: ReadError('empty file')
- method bz2: ReadError('not a bzip2 file')
- method xz: ReadError('not an lzma file')
- method tar: ReadError('empty file')"",""exception (crytic_compile.platform.exceptions.InvalidCompilation: Invalid solc compilation Warning: SPDX license identifier not provided in source file. Before publishing, consider adding a comment containing \""SPDX-License-Identifier: <SPDX-License>\"" to each source file. Use \""SPDX-License-Identifier: UNLICENSED\"" for non-open-source code. Please see https://spdx.org for more information.)"",exception (json.decoder.JSONDecodeError: Expecting value: line 1 column 1 (char 0))}"
contracts_output/contracts_output/codellama_with_rag_contracts/52.sol,52.sol,slither-0.11.3,solidity,2025/09/14,20260213_1744,1771005064.2709222,1.3963818550109863,1,{},{},{EXIT_CODE_1},"{""analysis unsuccessful, check output.json"",""error parsing results: file could not be opened successfully:
- method gz: ReadError('empty file')
- method bz2: ReadError('not a bzip2 file')
- method xz: ReadError('not an lzma file')
- method tar: ReadError('empty file')"",""exception (crytic_compile.platform.exceptions.InvalidCompilation: Invalid solc compilation Warning: SPDX license identifier not provided in source file. Before publishing, consider adding a comment containing \""SPDX-License-Identifier: <SPDX-License>\"" to each source file. Use \""SPDX-License-Identifier: UNLICENSED\"" for non-open-source code. Please see https://spdx.org for more information.)"",exception (json.decoder.JSONDecodeError: Expecting value: line 1 column 1 (char 0))}"
contracts_output/contracts_output/codellama_with_rag_contracts/5200.sol,5200.sol,slither-0.11.3,solidity,2025/09/14,20260213_1744,1771004999.1331868,1.6915180683135986,1,{},{},{EXIT_CODE_1},"{""analysis unsuccessful, check output.json"",""error parsing results: file could not be opened successfully:
- method gz: ReadError('empty file')
- method bz2: ReadError('not a bzip2 file')
- method xz: ReadError('not an lzma file')
- method tar: ReadError('empty file')"",""exception (crytic_compile.platform.exceptions.InvalidCompilation: Invalid solc compilation Warning: SPDX license identifier not provided in source file. Before publishing, consider adding a comment containing \""SPDX-License-Identifier: <SPDX-License>\"" to each source file. Use \""SPDX-License-Identifier: UNLICENSED\"" for non-open-source code. Please see https://spdx.org for more information.)"",exception (json.decoder.JSONDecodeError: Expecting value: line 1 column 1 (char 0))}"
contracts_output/contracts_output/codellama_with_rag_contracts/521.sol,521.sol,slither-0.11.3,solidity,2025/09/14,20260213_1744,1771004727.8119695,1.5440917015075684,1,{},{},{EXIT_CODE_1},"{""analysis unsuccessful, check output.json"",""error parsing results: file could not be opened successfully:
- method gz: ReadError('empty file')
- method bz2: ReadError('not a bzip2 file')
- method xz: ReadError('not an lzma file')
- method tar: ReadError('empty file')"",""exception (crytic_compile.platform.exceptions.InvalidCompilation: Invalid solc compilation Warning: SPDX license identifier not provided in source file. Before publishing, consider adding a comment containing \""SPDX-License-Identifier: <SPDX-License>\"" to each source file. Use \""SPDX-License-Identifier: UNLICENSED\"" for non-open-source code. Please see https://spdx.org for more information.)"",exception (json.decoder.JSONDecodeError: Expecting value: line 1 column 1 (char 0))}"
contracts_output/contracts_output/codellama_with_rag_contracts/5228.sol,5228.sol,slither-0.11.3,solidity,2025/09/14,20260213_1744,1771005003.758579,2.0075037479400635,1,{},{},{EXIT_CODE_1},"{""analysis unsuccessful, check output.json"",""error parsing results: file could not be opened successfully:
- method gz: ReadError('empty file')
- method bz2: ReadError('not a bzip2 file')
- method xz: ReadError('not an lzma file')
- method tar: ReadError('empty file')"",""exception (crytic_compile.platform.exceptions.InvalidCompilation: Invalid solc compilation Warning: SPDX license identifier not provided in source file. Before publishing, consider adding a comment containing \""SPDX-License-Identifier: <SPDX-License>\"" to each source file. Use \""SPDX-License-Identifier: UNLICENSED\"" for non-open-source code. Please see https://spdx.org for more information.)"",exception (json.decoder.JSONDecodeError: Expecting value: line 1 column 1 (char 0))}"
contracts_output/contracts_output/codellama_with_rag_contracts/5253.sol,5253.sol,slither-0.11.3,solidity,2025/09/14,20260213_1744,1771005072.835442,1.7724406719207764,255,"{missing_zero_check,solc_version}",{},{},{}
contracts_output/contracts_output/codellama_with_rag_contracts/527.sol,527.sol,slither-0.11.3,solidity,2025/09/14,20260213_1744,1771004692.7729995,2.7970192432403564,1,{},{},{EXIT_CODE_1},"{""analysis unsuccessful, check output.json"",""error parsing results: file could not be opened successfully:
- method gz: ReadError('empty file')
- method bz2: ReadError('not a bzip2 file')
- method xz: ReadError('not an lzma file')
- method tar: ReadError('empty file')"",""exception (crytic_compile.platform.exceptions.InvalidCompilation: Invalid solc compilation Warning: SPDX license identifier not provided in source file. Before publishing, consider adding a comment containing \""SPDX-License-Identifier: <SPDX-License>\"" to each source file. Use \""SPDX-License-Identifier: UNLICENSED\"" for non-open-source code. Please see https://spdx.org for more information.)"",exception (json.decoder.JSONDecodeError: Expecting value: line 1 column 1 (char 0))}"
contracts_output/contracts_output/codellama_with_rag_contracts/5294.sol,5294.sol,slither-0.11.3,solidity,2025/09/14,20260213_1744,1771004768.379032,1.4307918548583984,1,{},{},{EXIT_CODE_1},"{""analysis unsuccessful, check output.json"",""error parsing results: file could not be opened successfully:
- method gz: ReadError('empty file')
- method bz2: ReadError('not a bzip2 file')
- method xz: ReadError('not an lzma file')
- method tar: ReadError('empty file')"",""exception (crytic_compile.platform.exceptions.InvalidCompilation: Invalid solc compilation Warning: SPDX license identifier not provided in source file. Before publishing, consider adding a comment containing \""SPDX-License-Identifier: <SPDX-License>\"" to each source file. Use \""SPDX-License-Identifier: UNLICENSED\"" for non-open-source code. Please see https://spdx.org for more information.)"",exception (json.decoder.JSONDecodeError: Expecting value: line 1 column 1 (char 0))}"
contracts_output/contracts_output/codellama_with_rag_contracts/5296.sol,5296.sol,slither-0.11.3,solidity,2025/09/14,20260213_1744,1771004827.7195804,1.5899324417114258,1,{},{},{EXIT_CODE_1},"{""analysis unsuccessful, check output.json"",""error parsing results: file could not be opened successfully:
- method gz: ReadError('empty file')
- method bz2: ReadError('not a bzip2 file')
- method xz: ReadError('not an lzma file')
- method tar: ReadError('empty file')"",""exception (crytic_compile.platform.exceptions.InvalidCompilation: Invalid solc compilation Warning: SPDX license identifier not provided in source file. Before publishing, consider adding a comment containing \""SPDX-License-Identifier: <SPDX-License>\"" to each source file. Use \""SPDX-License-Identifier: UNLICENSED\"" for non-open-source code. Please see https://spdx.org for more information.)"",exception (json.decoder.JSONDecodeError: Expecting value: line 1 column 1 (char 0))}"
contracts_output/contracts_output/codellama_with_rag_contracts/5300.sol,5300.sol,slither-0.11.3,solidity,2025/09/14,20260213_1744,1771004889.33791,1.475538969039917,1,{},{},{EXIT_CODE_1},"{""analysis unsuccessful, check output.json"",""error parsing results: file could not be opened successfully:
- method gz: ReadError('empty file')
- method bz2: ReadError('not a bzip2 file')
- method xz: ReadError('not an lzma file')
- method tar: ReadError('empty file')"",""exception (crytic_compile.platform.exceptions.InvalidCompilation: Invalid solc compilation Warning: SPDX license identifier not provided in source file. Before publishing, consider adding a comment containing \""SPDX-License-Identifier: <SPDX-License>\"" to each source file. Use \""SPDX-License-Identifier: UNLICENSED\"" for non-open-source code. Please see https://spdx.org for more information.)"",exception (json.decoder.JSONDecodeError: Expecting value: line 1 column 1 (char 0))}"
contracts_output/contracts_output/codellama_with_rag_contracts/5313.sol,5313.sol,slither-0.11.3,solidity,2025/09/14,20260213_1744,1771004857.901094,2.6989197731018066,1,{},{},{EXIT_CODE_1},"{""analysis unsuccessful, check output.json"",""error parsing results: file could not be opened successfully:
- method gz: ReadError('empty file')
- method bz2: ReadError('not a bzip2 file')
- method xz: ReadError('not an lzma file')
- method tar: ReadError('empty file')"",""exception (crytic_compile.platform.exceptions.InvalidCompilation: Invalid solc compilation Warning: SPDX license identifier not provided in source file. Before publishing, consider adding a comment containing \""SPDX-License-Identifier: <SPDX-License>\"" to each source file. Use \""SPDX-License-Identifier: UNLICENSED\"" for non-open-source code. Please see https://spdx.org for more information.)"",exception (json.decoder.JSONDecodeError: Expecting value: line 1 column 1 (char 0))}"
contracts_output/contracts_output/codellama_with_rag_contracts/5314.sol,5314.sol,slither-0.11.3,solidity,2025/09/14,20260213_1744,1771004912.6987514,1.6120667457580566,1,{},{},{EXIT_CODE_1},"{""analysis unsuccessful, check output.json"",""error parsing results: file could not be opened successfully:
- method gz: ReadError('empty file')
- method bz2: ReadError('not a bzip2 file')
- method xz: ReadError('not an lzma file')
- method tar: ReadError('empty file')"",""exception (crytic_compile.platform.exceptions.InvalidCompilation: Invalid solc compilation Warning: SPDX license identifier not provided in source file. Before publishing, consider adding a comment containing \""SPDX-License-Identifier: <SPDX-License>\"" to each source file. Use \""SPDX-License-Identifier: UNLICENSED\"" for non-open-source code. Please see https://spdx.org for more information.)"",exception (json.decoder.JSONDecodeError: Expecting value: line 1 column 1 (char 0))}"
contracts_output/contracts_output/codellama_with_rag_contracts/5346.sol,5346.sol,slither-0.11.3,solidity,2025/09/14,20260213_1744,1771004809.0340078,1.949683427810669,1,{},{},{EXIT_CODE_1},"{""analysis unsuccessful, check output.json"",""error parsing results: file could not be opened successfully:
- method gz: ReadError('empty file')
- method bz2: ReadError('not a bzip2 file')
- method xz: ReadError('not an lzma file')
- method tar: ReadError('empty file')"",""exception (crytic_compile.platform.exceptions.InvalidCompilation: Invalid solc compilation Warning: SPDX license identifier not provided in source file. Before publishing, consider adding a comment containing \""SPDX-License-Identifier: <SPDX-License>\"" to each source file. Use \""SPDX-License-Identifier: UNLICENSED\"" for non-open-source code. Please see https://spdx.org for more information.)"",exception (json.decoder.JSONDecodeError: Expecting value: line 1 column 1 (char 0))}"
contracts_output/contracts_output/codellama_with_rag_contracts/5392.sol,5392.sol,slither-0.11.3,solidity,2025/09/14,20260213_1744,1771004858.4176774,2.4957292079925537,1,{},{},{EXIT_CODE_1},"{""analysis unsuccessful, check output.json"",""error parsing results: file could not be opened successfully:
- method gz: ReadError('empty file')
- method bz2: ReadError('not a bzip2 file')
- method xz: ReadError('not an lzma file')
- method tar: ReadError('empty file')"",""exception (crytic_compile.platform.exceptions.InvalidCompilation: Invalid solc compilation Warning: SPDX license identifier not provided in source file. Before publishing, consider adding a comment containing \""SPDX-License-Identifier: <SPDX-License>\"" to each source file. Use \""SPDX-License-Identifier: UNLICENSED\"" for non-open-source code. Please see https://spdx.org for more information.)"",exception (json.decoder.JSONDecodeError: Expecting value: line 1 column 1 (char 0))}"
contracts_output/contracts_output/codellama_with_rag_contracts/5397.sol,5397.sol,slither-0.11.3,solidity,2025/09/14,20260213_1744,1771004853.6833398,1.5574898719787598,1,{},{},{EXIT_CODE_1},"{""analysis unsuccessful, check output.json"",""error parsing results: file could not be opened successfully:
- method gz: ReadError('empty file')
- method bz2: ReadError('not a bzip2 file')
- method xz: ReadError('not an lzma file')
- method tar: ReadError('empty file')"",""exception (crytic_compile.platform.exceptions.InvalidCompilation: Invalid solc compilation Warning: SPDX license identifier not provided in source file. Before publishing, consider adding a comment containing \""SPDX-License-Identifier: <SPDX-License>\"" to each source file. Use \""SPDX-License-Identifier: UNLICENSED\"" for non-open-source code. Please see https://spdx.org for more information.)"",exception (json.decoder.JSONDecodeError: Expecting value: line 1 column 1 (char 0))}"
contracts_output/contracts_output/codellama_with_rag_contracts/5406.sol,5406.sol,slither-0.11.3,solidity,2025/09/14,20260213_1744,1771004846.2953258,1.6682944297790527,1,{},{},{EXIT_CODE_1},"{""analysis unsuccessful, check output.json"",""error parsing results: file could not be opened successfully:
- method gz: ReadError('empty file')
- method bz2: ReadError('not a bzip2 file')
- method xz: ReadError('not an lzma file')
- method tar: ReadError('empty file')"",exception (crytic_compile.platform.exceptions.InvalidCompilation: Invalid solc compilation Error: Expected primary expression.),exception (json.decoder.JSONDecodeError: Expecting value: line 1 column 1 (char 0))}"
contracts_output/contracts_output/codellama_with_rag_contracts/5414.sol,5414.sol,slither-0.11.3,solidity,2025/09/14,20260213_1744,1771004697.2785366,1.9578273296356201,1,{},{},{EXIT_CODE_1},"{""analysis unsuccessful, check output.json"",""error parsing results: file could not be opened successfully:
- method gz: ReadError('empty file')
- method bz2: ReadError('not a bzip2 file')
- method xz: ReadError('not an lzma file')
- method tar: ReadError('empty file')"",exception (crytic_compile.platform.exceptions.InvalidCompilation: Invalid solc compilation Error: Expected identifier but got reserved keyword 'reference'),exception (json.decoder.JSONDecodeError: Expecting value: line 1 column 1 (char 0))}"
contracts_output/contracts_output/codellama_with_rag_contracts/5432.sol,5432.sol,slither-0.11.3,solidity,2025/09/14,20260213_1744,1771005010.0960171,1.5246779918670654,255,"{dead_code,events_maths,naming_convention,solc_version}",{},{},{}
contracts_output/contracts_output/codellama_with_rag_contracts/5444.sol,5444.sol,slither-0.11.3,solidity,2025/09/14,20260213_1744,1771004844.719579,1.6842114925384521,1,{},{},{EXIT_CODE_1},"{""analysis unsuccessful, check output.json"",""error parsing results: file could not be opened successfully:
- method gz: ReadError('empty file')
- method bz2: ReadError('not a bzip2 file')
- method xz: ReadError('not an lzma file')
- method tar: ReadError('empty file')"",""exception (crytic_compile.platform.exceptions.InvalidCompilation: Invalid solc compilation Warning: SPDX license identifier not provided in source file. Before publishing, consider adding a comment containing \""SPDX-License-Identifier: <SPDX-License>\"" to each source file. Use \""SPDX-License-Identifier: UNLICENSED\"" for non-open-source code. Please see https://spdx.org for more information.)"",exception (json.decoder.JSONDecodeError: Expecting value: line 1 column 1 (char 0))}"
contracts_output/contracts_output/codellama_with_rag_contracts/5459.sol,5459.sol,slither-0.11.3,solidity,2025/09/14,20260213_1744,1771004949.946903,1.4393892288208008,1,{},{},{EXIT_CODE_1},"{""analysis unsuccessful, check output.json"",""error parsing results: file could not be opened successfully:
- method gz: ReadError('empty file')
- method bz2: ReadError('not a bzip2 file')
- method xz: ReadError('not an lzma file')
- method tar: ReadError('empty file')"",""exception (crytic_compile.platform.exceptions.InvalidCompilation: Invalid solc compilation Warning: SPDX license identifier not provided in source file. Before publishing, consider adding a comment containing \""SPDX-License-Identifier: <SPDX-License>\"" to each source file. Use \""SPDX-License-Identifier: UNLICENSED\"" for non-open-source code. Please see https://spdx.org for more information.)"",exception (json.decoder.JSONDecodeError: Expecting value: line 1 column 1 (char 0))}"
contracts_output/contracts_output/codellama_with_rag_contracts/5466.sol,5466.sol,slither-0.11.3,solidity,2025/09/14,20260213_1744,1771004923.6695342,1.931589126586914,255,"{dead_code,locked_ether,solc_version,uninitialized_state}",{},{},{}
contracts_output/contracts_output/codellama_with_rag_contracts/5478.sol,5478.sol,slither-0.11.3,solidity,2025/09/14,20260213_1744,1771004943.4836376,1.8015296459197998,1,{},{},{EXIT_CODE_1},"{""analysis unsuccessful, check output.json"",""error parsing results: file could not be opened successfully:
- method gz: ReadError('empty file')
- method bz2: ReadError('not a bzip2 file')
- method xz: ReadError('not an lzma file')
- method tar: ReadError('empty file')"",""exception (crytic_compile.platform.exceptions.InvalidCompilation: Invalid solc compilation Warning: SPDX license identifier not provided in source file. Before publishing, consider adding a comment containing \""SPDX-License-Identifier: <SPDX-License>\"" to each source file. Use \""SPDX-License-Identifier: UNLICENSED\"" for non-open-source code. Please see https://spdx.org for more information.)"",exception (json.decoder.JSONDecodeError: Expecting value: line 1 column 1 (char 0))}"
contracts_output/contracts_output/codellama_with_rag_contracts/5480.sol,5480.sol,slither-0.11.3,solidity,2025/09/14,20260213_1744,1771004860.6012936,1.8788402080535889,1,{},{},{EXIT_CODE_1},"{""analysis unsuccessful, check output.json"",""error parsing results: file could not be opened successfully:
- method gz: ReadError('empty file')
- method bz2: ReadError('not a bzip2 file')
- method xz: ReadError('not an lzma file')
- method tar: ReadError('empty file')"",""exception (crytic_compile.platform.exceptions.InvalidCompilation: Invalid solc compilation Warning: SPDX license identifier not provided in source file. Before publishing, consider adding a comment containing \""SPDX-License-Identifier: <SPDX-License>\"" to each source file. Use \""SPDX-License-Identifier: UNLICENSED\"" for non-open-source code. Please see https://spdx.org for more information.)"",exception (json.decoder.JSONDecodeError: Expecting value: line 1 column 1 (char 0))}"
contracts_output/contracts_output/codellama_with_rag_contracts/5481.sol,5481.sol,slither-0.11.3,solidity,2025/09/14,20260213_1744,1771004932.1600208,1.851616382598877,1,{},{},{EXIT_CODE_1},"{""analysis unsuccessful, check output.json"",""error parsing results: file could not be opened successfully:
- method gz: ReadError('empty file')
- method bz2: ReadError('not a bzip2 file')
- method xz: ReadError('not an lzma file')
- method tar: ReadError('empty file')"",""exception (crytic_compile.platform.exceptions.InvalidCompilation: Invalid solc compilation Warning: SPDX license identifier not provided in source file. Before publishing, consider adding a comment containing \""SPDX-License-Identifier: <SPDX-License>\"" to each source file. Use \""SPDX-License-Identifier: UNLICENSED\"" for non-open-source code. Please see https://spdx.org for more information.)"",exception (json.decoder.JSONDecodeError: Expecting value: line 1 column 1 (char 0))}"
contracts_output/contracts_output/codellama_with_rag_contracts/5497.sol,5497.sol,slither-0.11.3,solidity,2025/09/14,20260213_1744,1771004859.7734494,1.7333035469055176,1,{},{},{EXIT_CODE_1},"{""analysis unsuccessful, check output.json"",""error parsing results: file could not be opened successfully:
- method gz: ReadError('empty file')
- method bz2: ReadError('not a bzip2 file')
- method xz: ReadError('not an lzma file')
- method tar: ReadError('empty file')"",""exception (crytic_compile.platform.exceptions.InvalidCompilation: Invalid solc compilation Error: Expected '{' but got 'constant')"",exception (json.decoder.JSONDecodeError: Expecting value: line 1 column 1 (char 0))}"
contracts_output/contracts_output/codellama_with_rag_contracts/5500.sol,5500.sol,slither-0.11.3,solidity,2025/09/14,20260213_1744,1771004692.4732192,3.204425811767578,1,{},{},{EXIT_CODE_1},"{""analysis unsuccessful, check output.json"",""error parsing results: file could not be opened successfully:
- method gz: ReadError('empty file')
- method bz2: ReadError('not a bzip2 file')
- method xz: ReadError('not an lzma file')
- method tar: ReadError('empty file')"",""exception (crytic_compile.platform.exceptions.InvalidCompilation: Invalid solc compilation Warning: SPDX license identifier not provided in source file. Before publishing, consider adding a comment containing \""SPDX-License-Identifier: <SPDX-License>\"" to each source file. Use \""SPDX-License-Identifier: UNLICENSED\"" for non-open-source code. Please see https://spdx.org for more information.)"",exception (json.decoder.JSONDecodeError: Expecting value: line 1 column 1 (char 0))}"
contracts_output/contracts_output/codellama_with_rag_contracts/5527.sol,5527.sol,slither-0.11.3,solidity,2025/09/14,20260213_1744,1771004873.407639,1.7053329944610596,1,{},{},{EXIT_CODE_1},"{""analysis unsuccessful, check output.json"",""error parsing results: file could not be opened successfully:
- method gz: ReadError('empty file')
- method bz2: ReadError('not a bzip2 file')
- method xz: ReadError('not an lzma file')
- method tar: ReadError('empty file')"",exception (crytic_compile.platform.exceptions.InvalidCompilation: Invalid solc compilation Error: Expected '(' but got 'uint256'),exception (json.decoder.JSONDecodeError: Expecting value: line 1 column 1 (char 0))}"
contracts_output/contracts_output/codellama_with_rag_contracts/5531.sol,5531.sol,slither-0.11.3,solidity,2025/09/14,20260213_1744,1771004940.237974,1.9019443988800049,255,"{dead_code,solc_version,uninitialized_state}",{},{},{}
contracts_output/contracts_output/codellama_with_rag_contracts/5534.sol,5534.sol,slither-0.11.3,solidity,2025/09/14,20260213_1744,1771005075.4243858,1.3411409854888916,1,{},{},{EXIT_CODE_1},"{""analysis unsuccessful, check output.json"",""error parsing results: file could not be opened successfully:
- method gz: ReadError('empty file')
- method bz2: ReadError('not a bzip2 file')
- method xz: ReadError('not an lzma file')
- method tar: ReadError('empty file')"",""exception (crytic_compile.platform.exceptions.InvalidCompilation: Invalid solc compilation Warning: SPDX license identifier not provided in source file. Before publishing, consider adding a comment containing \""SPDX-License-Identifier: <SPDX-License>\"" to each source file. Use \""SPDX-License-Identifier: UNLICENSED\"" for non-open-source code. Please see https://spdx.org for more information.)"",exception (json.decoder.JSONDecodeError: Expecting value: line 1 column 1 (char 0))}"
contracts_output/contracts_output/codellama_with_rag_contracts/5542.sol,5542.sol,slither-0.11.3,solidity,2025/09/14,20260213_1744,1771004700.8636653,2.7413811683654785,1,{},{},{EXIT_CODE_1},"{""analysis unsuccessful, check output.json"",""error parsing results: file could not be opened successfully:
- method gz: ReadError('empty file')
- method bz2: ReadError('not a bzip2 file')
- method xz: ReadError('not an lzma file')
- method tar: ReadError('empty file')"",""exception (crytic_compile.platform.exceptions.InvalidCompilation: Invalid solc compilation Warning: SPDX license identifier not provided in source file. Before publishing, consider adding a comment containing \""SPDX-License-Identifier: <SPDX-License>\"" to each source file. Use \""SPDX-License-Identifier: UNLICENSED\"" for non-open-source code. Please see https://spdx.org for more information.)"",exception (json.decoder.JSONDecodeError: Expecting value: line 1 column 1 (char 0))}"
contracts_output/contracts_output/codellama_with_rag_contracts/5584.sol,5584.sol,slither-0.11.3,solidity,2025/09/14,20260213_1744,1771004806.7060983,2.329270362854004,255,"{dead_code,immutable_states,missing_zero_check,solc_version}",{},{},{}
contracts_output/contracts_output/codellama_with_rag_contracts/5602.sol,5602.sol,slither-0.11.3,solidity,2025/09/14,20260213_1744,1771004872.141129,2.2567520141601562,1,{},{},{EXIT_CODE_1},"{""analysis unsuccessful, check output.json"",""error parsing results: file could not be opened successfully:
- method gz: ReadError('empty file')
- method bz2: ReadError('not a bzip2 file')
- method xz: ReadError('not an lzma file')
- method tar: ReadError('empty file')"",""exception (crytic_compile.platform.exceptions.InvalidCompilation: Invalid solc compilation Warning: SPDX license identifier not provided in source file. Before publishing, consider adding a comment containing \""SPDX-License-Identifier: <SPDX-License>\"" to each source file. Use \""SPDX-License-Identifier: UNLICENSED\"" for non-open-source code. Please see https://spdx.org for more information.)"",exception (json.decoder.JSONDecodeError: Expecting value: line 1 column 1 (char 0))}"
contracts_output/contracts_output/codellama_with_rag_contracts/5609.sol,5609.sol,slither-0.11.3,solidity,2025/09/14,20260213_1744,1771004926.4051564,2.2045483589172363,255,"{dead_code,solc_version}",{},{},{}
contracts_output/contracts_output/codellama_with_rag_contracts/5627.sol,5627.sol,slither-0.11.3,solidity,2025/09/14,20260213_1744,1771004797.6826048,1.155198335647583,1,{},{},{EXIT_CODE_1},"{""analysis unsuccessful, check output.json"",""error parsing results: file could not be opened successfully:
- method gz: ReadError('empty file')
- method bz2: ReadError('not a bzip2 file')
- method xz: ReadError('not an lzma file')
- method tar: ReadError('empty file')"",""exception (crytic_compile.platform.exceptions.InvalidCompilation: Invalid solc compilation Warning: SPDX license identifier not provided in source file. Before publishing, consider adding a comment containing \""SPDX-License-Identifier: <SPDX-License>\"" to each source file. Use \""SPDX-License-Identifier: UNLICENSED\"" for non-open-source code. Please see https://spdx.org for more information.)"",exception (json.decoder.JSONDecodeError: Expecting value: line 1 column 1 (char 0))}"
contracts_output/contracts_output/codellama_with_rag_contracts/5639.sol,5639.sol,slither-0.11.3,solidity,2025/09/14,20260213_1744,1771005056.5596812,1.3650646209716797,1,{},{},{EXIT_CODE_1},"{""analysis unsuccessful, check output.json"",""error parsing results: file could not be opened successfully:
- method gz: ReadError('empty file')
- method bz2: ReadError('not a bzip2 file')
- method xz: ReadError('not an lzma file')
- method tar: ReadError('empty file')"",""exception (crytic_compile.platform.exceptions.InvalidCompilation: Invalid solc compilation Warning: SPDX license identifier not provided in source file. Before publishing, consider adding a comment containing \""SPDX-License-Identifier: <SPDX-License>\"" to each source file. Use \""SPDX-License-Identifier: UNLICENSED\"" for non-open-source code. Please see https://spdx.org for more information.)"",exception (json.decoder.JSONDecodeError: Expecting value: line 1 column 1 (char 0))}"
contracts_output/contracts_output/codellama_with_rag_contracts/5641.sol,5641.sol,slither-0.11.3,solidity,2025/09/14,20260213_1744,1771004945.750592,1.8314275741577148,1,{},{},{EXIT_CODE_1},"{""analysis unsuccessful, check output.json"",""error parsing results: file could not be opened successfully:
- method gz: ReadError('empty file')
- method bz2: ReadError('not a bzip2 file')
- method xz: ReadError('not an lzma file')
- method tar: ReadError('empty file')"",""exception (crytic_compile.platform.exceptions.InvalidCompilation: Invalid solc compilation Warning: SPDX license identifier not provided in source file. Before publishing, consider adding a comment containing \""SPDX-License-Identifier: <SPDX-License>\"" to each source file. Use \""SPDX-License-Identifier: UNLICENSED\"" for non-open-source code. Please see https://spdx.org for more information.)"",exception (json.decoder.JSONDecodeError: Expecting value: line 1 column 1 (char 0))}"
contracts_output/contracts_output/codellama_with_rag_contracts/5648.sol,5648.sol,slither-0.11.3,solidity,2025/09/14,20260213_1744,1771005087.7939937,1.6801657676696777,1,{},{},{EXIT_CODE_1},"{""analysis unsuccessful, check output.json"",""error parsing results: file could not be opened successfully:
- method gz: ReadError('empty file')
- method bz2: ReadError('not a bzip2 file')
- method xz: ReadError('not an lzma file')
- method tar: ReadError('empty file')"",""exception (crytic_compile.platform.exceptions.InvalidCompilation: Invalid solc compilation Warning: SPDX license identifier not provided in source file. Before publishing, consider adding a comment containing \""SPDX-License-Identifier: <SPDX-License>\"" to each source file. Use \""SPDX-License-Identifier: UNLICENSED\"" for non-open-source code. Please see https://spdx.org for more information.)"",exception (json.decoder.JSONDecodeError: Expecting value: line 1 column 1 (char 0))}"
contracts_output/contracts_output/codellama_with_rag_contracts/565.sol,565.sol,slither-0.11.3,solidity,2025/09/14,20260213_1744,1771005011.6225731,1.9427297115325928,1,{},{},{EXIT_CODE_1},"{""analysis unsuccessful, check output.json"",""error parsing results: file could not be opened successfully:
- method gz: ReadError('empty file')
- method bz2: ReadError('not a bzip2 file')
- method xz: ReadError('not an lzma file')
- method tar: ReadError('empty file')"",""exception (crytic_compile.platform.exceptions.InvalidCompilation: Invalid solc compilation Warning: SPDX license identifier not provided in source file. Before publishing, consider adding a comment containing \""SPDX-License-Identifier: <SPDX-License>\"" to each source file. Use \""SPDX-License-Identifier: UNLICENSED\"" for non-open-source code. Please see https://spdx.org for more information.)"",exception (json.decoder.JSONDecodeError: Expecting value: line 1 column 1 (char 0))}"
contracts_output/contracts_output/codellama_with_rag_contracts/5667.sol,5667.sol,slither-0.11.3,solidity,2025/09/14,20260213_1744,1771005103.6266396,1.8294622898101807,255,"{dead_code,naming_convention,solc_version}",{},{},{}
contracts_output/contracts_output/codellama_with_rag_contracts/5679.sol,5679.sol,slither-0.11.3,solidity,2025/09/14,20260213_1744,1771004965.4315379,1.5235791206359863,1,{},{},{EXIT_CODE_1},"{""analysis unsuccessful, check output.json"",""error parsing results: file could not be opened successfully:
- method gz: ReadError('empty file')
- method bz2: ReadError('not a bzip2 file')
- method xz: ReadError('not an lzma file')
- method tar: ReadError('empty file')"",""exception (crytic_compile.platform.exceptions.InvalidCompilation: Invalid solc compilation Warning: SPDX license identifier not provided in source file. Before publishing, consider adding a comment containing \""SPDX-License-Identifier: <SPDX-License>\"" to each source file. Use \""SPDX-License-Identifier: UNLICENSED\"" for non-open-source code. Please see https://spdx.org for more information.)"",exception (json.decoder.JSONDecodeError: Expecting value: line 1 column 1 (char 0))}"
contracts_output/contracts_output/codellama_with_rag_contracts/5691.sol,5691.sol,slither-0.11.3,solidity,2025/09/14,20260213_1744,1771005045.682158,1.8465931415557861,1,{},{},{EXIT_CODE_1},"{""analysis unsuccessful, check output.json"",""error parsing results: file could not be opened successfully:
- method gz: ReadError('empty file')
- method bz2: ReadError('not a bzip2 file')
- method xz: ReadError('not an lzma file')
- method tar: ReadError('empty file')"",""exception (crytic_compile.platform.exceptions.InvalidCompilation: Invalid solc compilation Warning: SPDX license identifier not provided in source file. Before publishing, consider adding a comment containing \""SPDX-License-Identifier: <SPDX-License>\"" to each source file. Use \""SPDX-License-Identifier: UNLICENSED\"" for non-open-source code. Please see https://spdx.org for more information.)"",exception (json.decoder.JSONDecodeError: Expecting value: line 1 column 1 (char 0))}"
contracts_output/contracts_output/codellama_with_rag_contracts/5701.sol,5701.sol,slither-0.11.3,solidity,2025/09/14,20260213_1744,1771004718.2577753,1.5954079627990723,255,"{dead_code,immutable_states,solc_version,too_many_digits}",{},{},{}
contracts_output/contracts_output/codellama_with_rag_contracts/5707.sol,5707.sol,slither-0.11.3,solidity,2025/09/14,20260213_1744,1771004739.3572662,2.0886638164520264,1,{},{},{EXIT_CODE_1},"{""analysis unsuccessful, check output.json"",""error parsing results: file could not be opened successfully:
- method gz: ReadError('empty file')
- method bz2: ReadError('not a bzip2 file')
- method xz: ReadError('not an lzma file')
- method tar: ReadError('empty file')"",""exception (crytic_compile.platform.exceptions.InvalidCompilation: Invalid solc compilation Warning: SPDX license identifier not provided in source file. Before publishing, consider adding a comment containing \""SPDX-License-Identifier: <SPDX-License>\"" to each source file. Use \""SPDX-License-Identifier: UNLICENSED\"" for non-open-source code. Please see https://spdx.org for more information.)"",exception (json.decoder.JSONDecodeError: Expecting value: line 1 column 1 (char 0))}"
contracts_output/contracts_output/codellama_with_rag_contracts/5732.sol,5732.sol,slither-0.11.3,solidity,2025/09/14,20260213_1744,1771004751.2510293,2.0586490631103516,255,"{dead_code,missing_zero_check,solc_version}",{},{},{}
contracts_output/contracts_output/codellama_with_rag_contracts/5733.sol,5733.sol,slither-0.11.3,solidity,2025/09/14,20260213_1744,1771004954.9547942,1.520630121231079,255,"{dead_code,immutable_states,solc_version,too_many_digits}",{},{},{}
contracts_output/contracts_output/codellama_with_rag_contracts/5740.sol,5740.sol,slither-0.11.3,solidity,2025/09/14,20260213_1744,1771004860.0050967,2.1035404205322266,255,"{dead_code,solc_version}",{},{},{}
contracts_output/contracts_output/codellama_with_rag_contracts/5759.sol,5759.sol,slither-0.11.3,solidity,2025/09/14,20260213_1744,1771004859.7467434,2.0285985469818115,255,"{dead_code,immutable_states,solc_version,too_many_digits}",{},{},{}
contracts_output/contracts_output/codellama_with_rag_contracts/5765.sol,5765.sol,slither-0.11.3,solidity,2025/09/14,20260213_1744,1771005061.397345,2.11004376411438,255,"{dead_code,naming_convention,solc_version}",{},{},{}
contracts_output/contracts_output/codellama_with_rag_contracts/5767.sol,5767.sol,slither-0.11.3,solidity,2025/09/14,20260213_1744,1771004797.3482244,1.2169711589813232,1,{},{},{EXIT_CODE_1},"{""analysis unsuccessful, check output.json"",""error parsing results: file could not be opened successfully:
- method gz: ReadError('empty file')
- method bz2: ReadError('not a bzip2 file')
- method xz: ReadError('not an lzma file')
- method tar: ReadError('empty file')"",""exception (crytic_compile.platform.exceptions.InvalidCompilation: Invalid solc compilation Warning: SPDX license identifier not provided in source file. Before publishing, consider adding a comment containing \""SPDX-License-Identifier: <SPDX-License>\"" to each source file. Use \""SPDX-License-Identifier: UNLICENSED\"" for non-open-source code. Please see https://spdx.org for more information.)"",exception (json.decoder.JSONDecodeError: Expecting value: line 1 column 1 (char 0))}"
contracts_output/contracts_output/codellama_with_rag_contracts/5781.sol,5781.sol,slither-0.11.3,solidity,2025/09/14,20260213_1744,1771005107.043973,1.9719245433807373,1,{},{},{EXIT_CODE_1},"{""analysis unsuccessful, check output.json"",""error parsing results: file could not be opened successfully:
- method gz: ReadError('empty file')
- method bz2: ReadError('not a bzip2 file')
- method xz: ReadError('not an lzma file')
- method tar: ReadError('empty file')"",""exception (crytic_compile.platform.exceptions.InvalidCompilation: Invalid solc compilation Warning: SPDX license identifier not provided in source file. Before publishing, consider adding a comment containing \""SPDX-License-Identifier: <SPDX-License>\"" to each source file. Use \""SPDX-License-Identifier: UNLICENSED\"" for non-open-source code. Please see https://spdx.org for more information.)"",exception (json.decoder.JSONDecodeError: Expecting value: line 1 column 1 (char 0))}"
contracts_output/contracts_output/codellama_with_rag_contracts/5791.sol,5791.sol,slither-0.11.3,solidity,2025/09/14,20260213_1744,1771004783.2524378,1.7635550498962402,1,{},{},{EXIT_CODE_1},"{""analysis unsuccessful, check output.json"",""error parsing results: file could not be opened successfully:
- method gz: ReadError('empty file')
- method bz2: ReadError('not a bzip2 file')
- method xz: ReadError('not an lzma file')
- method tar: ReadError('empty file')"",exception (crytic_compile.platform.exceptions.InvalidCompilation: Invalid solc compilation Error: Expected '(' but got 'uint256'),exception (json.decoder.JSONDecodeError: Expecting value: line 1 column 1 (char 0))}"
contracts_output/contracts_output/codellama_with_rag_contracts/5799.sol,5799.sol,slither-0.11.3,solidity,2025/09/14,20260213_1744,1771004885.7651575,2.6436054706573486,1,{},{},{EXIT_CODE_1},"{""analysis unsuccessful, check output.json"",""error parsing results: file could not be opened successfully:
- method gz: ReadError('empty file')
- method bz2: ReadError('not a bzip2 file')
- method xz: ReadError('not an lzma file')
- method tar: ReadError('empty file')"",""exception (crytic_compile.platform.exceptions.InvalidCompilation: Invalid solc compilation Warning: SPDX license identifier not provided in source file. Before publishing, consider adding a comment containing \""SPDX-License-Identifier: <SPDX-License>\"" to each source file. Use \""SPDX-License-Identifier: UNLICENSED\"" for non-open-source code. Please see https://spdx.org for more information.)"",exception (json.decoder.JSONDecodeError: Expecting value: line 1 column 1 (char 0))}"
contracts_output/contracts_output/codellama_with_rag_contracts/5800.sol,5800.sol,slither-0.11.3,solidity,2025/09/14,20260213_1744,1771004982.685667,2.604142189025879,1,{},{},{EXIT_CODE_1},"{""analysis unsuccessful, check output.json"",""error parsing results: file could not be opened successfully:
- method gz: ReadError('empty file')
- method bz2: ReadError('not a bzip2 file')
- method xz: ReadError('not an lzma file')
- method tar: ReadError('empty file')"",exception (crytic_compile.platform.exceptions.InvalidCompilation: Invalid solc compilation Error: Expected identifier but got reserved keyword 'sealed'),exception (json.decoder.JSONDecodeError: Expecting value: line 1 column 1 (char 0))}"
contracts_output/contracts_output/codellama_with_rag_contracts/5804.sol,5804.sol,slither-0.11.3,solidity,2025/09/14,20260213_1744,1771004998.5776556,2.1285929679870605,1,{},{},{EXIT_CODE_1},"{""analysis unsuccessful, check output.json"",""error parsing results: file could not be opened successfully:
- method gz: ReadError('empty file')
- method bz2: ReadError('not a bzip2 file')
- method xz: ReadError('not an lzma file')
- method tar: ReadError('empty file')"",""exception (crytic_compile.platform.exceptions.InvalidCompilation: Invalid solc compilation Warning: SPDX license identifier not provided in source file. Before publishing, consider adding a comment containing \""SPDX-License-Identifier: <SPDX-License>\"" to each source file. Use \""SPDX-License-Identifier: UNLICENSED\"" for non-open-source code. Please see https://spdx.org for more information.)"",exception (json.decoder.JSONDecodeError: Expecting value: line 1 column 1 (char 0))}"
contracts_output/contracts_output/codellama_with_rag_contracts/5822.sol,5822.sol,slither-0.11.3,solidity,2025/09/14,20260213_1744,1771004689.3659573,1.9580457210540771,1,{},{},{EXIT_CODE_1},"{""analysis unsuccessful, check output.json"",""error parsing results: file could not be opened successfully:
- method gz: ReadError('empty file')
- method bz2: ReadError('not a bzip2 file')
- method xz: ReadError('not an lzma file')
- method tar: ReadError('empty file')"",""exception (crytic_compile.platform.exceptions.InvalidCompilation: Invalid solc compilation Warning: SPDX license identifier not provided in source file. Before publishing, consider adding a comment containing \""SPDX-License-Identifier: <SPDX-License>\"" to each source file. Use \""SPDX-License-Identifier: UNLICENSED\"" for non-open-source code. Please see https://spdx.org for more information.)"",exception (json.decoder.JSONDecodeError: Expecting value: line 1 column 1 (char 0))}"
contracts_output/contracts_output/codellama_with_rag_contracts/5836.sol,5836.sol,slither-0.11.3,solidity,2025/09/14,20260213_1744,1771004838.1424248,1.930037498474121,1,{},{},{EXIT_CODE_1},"{""analysis unsuccessful, check output.json"",""error parsing results: file could not be opened successfully:
- method gz: ReadError('empty file')
- method bz2: ReadError('not a bzip2 file')
- method xz: ReadError('not an lzma file')
- method tar: ReadError('empty file')"",""exception (crytic_compile.platform.exceptions.InvalidCompilation: Invalid solc compilation Warning: SPDX license identifier not provided in source file. Before publishing, consider adding a comment containing \""SPDX-License-Identifier: <SPDX-License>\"" to each source file. Use \""SPDX-License-Identifier: UNLICENSED\"" for non-open-source code. Please see https://spdx.org for more information.)"",exception (json.decoder.JSONDecodeError: Expecting value: line 1 column 1 (char 0))}"
contracts_output/contracts_output/codellama_with_rag_contracts/5894.sol,5894.sol,slither-0.11.3,solidity,2025/09/14,20260213_1744,1771004777.9669387,2.4844472408294678,1,{},{},{EXIT_CODE_1},"{""analysis unsuccessful, check output.json"",""error parsing results: file could not be opened successfully:
- method gz: ReadError('empty file')
- method bz2: ReadError('not a bzip2 file')
- method xz: ReadError('not an lzma file')
- method tar: ReadError('empty file')"",""exception (crytic_compile.platform.exceptions.InvalidCompilation: Invalid solc compilation Error: Expected ',' but got ';')"",exception (json.decoder.JSONDecodeError: Expecting value: line 1 column 1 (char 0))}"
contracts_output/contracts_output/codellama_with_rag_contracts/5915.sol,5915.sol,slither-0.11.3,solidity,2025/09/14,20260213_1744,1771005059.9224489,1.7842254638671875,1,{},{},{EXIT_CODE_1},"{""analysis unsuccessful, check output.json"",""error parsing results: file could not be opened successfully:
- method gz: ReadError('empty file')
- method bz2: ReadError('not a bzip2 file')
- method xz: ReadError('not an lzma file')
- method tar: ReadError('empty file')"",""exception (crytic_compile.platform.exceptions.InvalidCompilation: Invalid solc compilation Warning: SPDX license identifier not provided in source file. Before publishing, consider adding a comment containing \""SPDX-License-Identifier: <SPDX-License>\"" to each source file. Use \""SPDX-License-Identifier: UNLICENSED\"" for non-open-source code. Please see https://spdx.org for more information.)"",exception (json.decoder.JSONDecodeError: Expecting value: line 1 column 1 (char 0))}"
contracts_output/contracts_output/codellama_with_rag_contracts/5919.sol,5919.sol,slither-0.11.3,solidity,2025/09/14,20260213_1744,1771004985.2912235,1.717329978942871,1,{},{},{EXIT_CODE_1},"{""analysis unsuccessful, check output.json"",""error parsing results: file could not be opened successfully:
- method gz: ReadError('empty file')
- method bz2: ReadError('not a bzip2 file')
- method xz: ReadError('not an lzma file')
- method tar: ReadError('empty file')"",""exception (crytic_compile.platform.exceptions.InvalidCompilation: Invalid solc compilation Warning: SPDX license identifier not provided in source file. Before publishing, consider adding a comment containing \""SPDX-License-Identifier: <SPDX-License>\"" to each source file. Use \""SPDX-License-Identifier: UNLICENSED\"" for non-open-source code. Please see https://spdx.org for more information.)"",exception (json.decoder.JSONDecodeError: Expecting value: line 1 column 1 (char 0))}"
contracts_output/contracts_output/codellama_with_rag_contracts/5921.sol,5921.sol,slither-0.11.3,solidity,2025/09/14,20260213_1744,1771005043.651965,1.466601848602295,1,{},{},{EXIT_CODE_1},"{""analysis unsuccessful, check output.json"",""error parsing results: file could not be opened successfully:
- method gz: ReadError('empty file')
- method bz2: ReadError('not a bzip2 file')
- method xz: ReadError('not an lzma file')
- method tar: ReadError('empty file')"",""exception (crytic_compile.platform.exceptions.InvalidCompilation: Invalid solc compilation Warning: SPDX license identifier not provided in source file. Before publishing, consider adding a comment containing \""SPDX-License-Identifier: <SPDX-License>\"" to each source file. Use \""SPDX-License-Identifier: UNLICENSED\"" for non-open-source code. Please see https://spdx.org for more information.)"",exception (json.decoder.JSONDecodeError: Expecting value: line 1 column 1 (char 0))}"
contracts_output/contracts_output/codellama_with_rag_contracts/5927.sol,5927.sol,slither-0.11.3,solidity,2025/09/14,20260213_1744,1771004791.6709728,1.7076563835144043,1,{},{},{EXIT_CODE_1},"{""analysis unsuccessful, check output.json"",""error parsing results: file could not be opened successfully:
- method gz: ReadError('empty file')
- method bz2: ReadError('not a bzip2 file')
- method xz: ReadError('not an lzma file')
- method tar: ReadError('empty file')"",""exception (crytic_compile.platform.exceptions.InvalidCompilation: Invalid solc compilation Warning: SPDX license identifier not provided in source file. Before publishing, consider adding a comment containing \""SPDX-License-Identifier: <SPDX-License>\"" to each source file. Use \""SPDX-License-Identifier: UNLICENSED\"" for non-open-source code. Please see https://spdx.org for more information.)"",exception (json.decoder.JSONDecodeError: Expecting value: line 1 column 1 (char 0))}"
contracts_output/contracts_output/codellama_with_rag_contracts/5928.sol,5928.sol,slither-0.11.3,solidity,2025/09/14,20260213_1744,1771004829.177241,1.6374008655548096,1,{},{},{EXIT_CODE_1},"{""analysis unsuccessful, check output.json"",""error parsing results: file could not be opened successfully:
- method gz: ReadError('empty file')
- method bz2: ReadError('not a bzip2 file')
- method xz: ReadError('not an lzma file')
- method tar: ReadError('empty file')"",""exception (crytic_compile.platform.exceptions.InvalidCompilation: Invalid solc compilation Warning: SPDX license identifier not provided in source file. Before publishing, consider adding a comment containing \""SPDX-License-Identifier: <SPDX-License>\"" to each source file. Use \""SPDX-License-Identifier: UNLICENSED\"" for non-open-source code. Please see https://spdx.org for more information.)"",exception (json.decoder.JSONDecodeError: Expecting value: line 1 column 1 (char 0))}"
contracts_output/contracts_output/codellama_with_rag_contracts/5946.sol,5946.sol,slither-0.11.3,solidity,2025/09/14,20260213_1744,1771005034.306022,1.3985092639923096,1,{},{},{EXIT_CODE_1},"{""analysis unsuccessful, check output.json"",""error parsing results: file could not be opened successfully:
- method gz: ReadError('empty file')
- method bz2: ReadError('not a bzip2 file')
- method xz: ReadError('not an lzma file')
- method tar: ReadError('empty file')"",""exception (crytic_compile.platform.exceptions.InvalidCompilation: Invalid solc compilation Warning: SPDX license identifier not provided in source file. Before publishing, consider adding a comment containing \""SPDX-License-Identifier: <SPDX-License>\"" to each source file. Use \""SPDX-License-Identifier: UNLICENSED\"" for non-open-source code. Please see https://spdx.org for more information.)"",exception (json.decoder.JSONDecodeError: Expecting value: line 1 column 1 (char 0))}"
contracts_output/contracts_output/codellama_with_rag_contracts/5952.sol,5952.sol,slither-0.11.3,solidity,2025/09/14,20260213_1744,1771005011.1847801,1.8981542587280273,255,"{dead_code,immutable_states,naming_convention,solc_version}",{},{},{}
contracts_output/contracts_output/codellama_with_rag_contracts/5953.sol,5953.sol,slither-0.11.3,solidity,2025/09/14,20260213_1744,1771004951.389378,2.0230016708374023,255,"{dead_code,naming_convention,solc_version}",{},{},{}
contracts_output/contracts_output/codellama_with_rag_contracts/598.sol,598.sol,slither-0.11.3,solidity,2025/09/14,20260213_1744,1771004910.6554334,2.056814193725586,1,{},{},{EXIT_CODE_1},"{""analysis unsuccessful, check output.json"",""error parsing results: file could not be opened successfully:
- method gz: ReadError('empty file')
- method bz2: ReadError('not a bzip2 file')
- method xz: ReadError('not an lzma file')
- method tar: ReadError('empty file')"",""exception (crytic_compile.platform.exceptions.InvalidCompilation: Invalid solc compilation Warning: SPDX license identifier not provided in source file. Before publishing, consider adding a comment containing \""SPDX-License-Identifier: <SPDX-License>\"" to each source file. Use \""SPDX-License-Identifier: UNLICENSED\"" for non-open-source code. Please see https://spdx.org for more information.)"",exception (json.decoder.JSONDecodeError: Expecting value: line 1 column 1 (char 0))}"
contracts_output/contracts_output/codellama_with_rag_contracts/5993.sol,5993.sol,slither-0.11.3,solidity,2025/09/14,20260213_1744,1771004800.3017583,1.96980619430542,1,{},{},{EXIT_CODE_1},"{""analysis unsuccessful, check output.json"",""error parsing results: file could not be opened successfully:
- method gz: ReadError('empty file')
- method bz2: ReadError('not a bzip2 file')
- method xz: ReadError('not an lzma file')
- method tar: ReadError('empty file')"",""exception (crytic_compile.platform.exceptions.InvalidCompilation: Invalid solc compilation Warning: SPDX license identifier not provided in source file. Before publishing, consider adding a comment containing \""SPDX-License-Identifier: <SPDX-License>\"" to each source file. Use \""SPDX-License-Identifier: UNLICENSED\"" for non-open-source code. Please see https://spdx.org for more information.)"",exception (json.decoder.JSONDecodeError: Expecting value: line 1 column 1 (char 0))}"
contracts_output/contracts_output/codellama_with_rag_contracts/6003.sol,6003.sol,slither-0.11.3,solidity,2025/09/14,20260213_1744,1771005039.3359728,1.6797761917114258,255,"{immutable_states,low_level_calls,missing_zero_check,naming_convention,solc_version,uninitialized_state}",{},{},{}
contracts_output/contracts_output/codellama_with_rag_contracts/6025.sol,6025.sol,slither-0.11.3,solidity,2025/09/14,20260213_1744,1771005002.3783994,1.7745492458343506,255,"{dead_code,solc_version}",{},{},{}
contracts_output/contracts_output/codellama_with_rag_contracts/6042.sol,6042.sol,slither-0.11.3,solidity,2025/09/14,20260213_1744,1771004813.2223074,2.899365186691284,255,"{dead_code,solc_version}",{},{},{}
contracts_output/contracts_output/codellama_with_rag_contracts/6047.sol,6047.sol,slither-0.11.3,solidity,2025/09/14,20260213_1744,1771004850.7304232,2.2127673625946045,1,{},{},{EXIT_CODE_1},"{""analysis unsuccessful, check output.json"",""error parsing results: file could not be opened successfully:
- method gz: ReadError('empty file')
- method bz2: ReadError('not a bzip2 file')
- method xz: ReadError('not an lzma file')
- method tar: ReadError('empty file')"",""exception (crytic_compile.platform.exceptions.InvalidCompilation: Invalid solc compilation Warning: SPDX license identifier not provided in source file. Before publishing, consider adding a comment containing \""SPDX-License-Identifier: <SPDX-License>\"" to each source file. Use \""SPDX-License-Identifier: UNLICENSED\"" for non-open-source code. Please see https://spdx.org for more information.)"",exception (json.decoder.JSONDecodeError: Expecting value: line 1 column 1 (char 0))}"
contracts_output/contracts_output/codellama_with_rag_contracts/6054.sol,6054.sol,slither-0.11.3,solidity,2025/09/14,20260213_1744,1771005054.2188241,1.5472917556762695,1,{},{},{EXIT_CODE_1},"{""analysis unsuccessful, check output.json"",""error parsing results: file could not be opened successfully:
- method gz: ReadError('empty file')
- method bz2: ReadError('not a bzip2 file')
- method xz: ReadError('not an lzma file')
- method tar: ReadError('empty file')"",""exception (crytic_compile.platform.exceptions.InvalidCompilation: Invalid solc compilation Warning: SPDX license identifier not provided in source file. Before publishing, consider adding a comment containing \""SPDX-License-Identifier: <SPDX-License>\"" to each source file. Use \""SPDX-License-Identifier: UNLICENSED\"" for non-open-source code. Please see https://spdx.org for more information.)"",exception (json.decoder.JSONDecodeError: Expecting value: line 1 column 1 (char 0))}"
contracts_output/contracts_output/codellama_with_rag_contracts/6060.sol,6060.sol,slither-0.11.3,solidity,2025/09/14,20260213_1744,1771004914.7519143,1.7068157196044922,1,{},{},{EXIT_CODE_1},"{""analysis unsuccessful, check output.json"",""error parsing results: file could not be opened successfully:
- method gz: ReadError('empty file')
- method bz2: ReadError('not a bzip2 file')
- method xz: ReadError('not an lzma file')
- method tar: ReadError('empty file')"",""exception (crytic_compile.platform.exceptions.InvalidCompilation: Invalid solc compilation Warning: SPDX license identifier not provided in source file. Before publishing, consider adding a comment containing \""SPDX-License-Identifier: <SPDX-License>\"" to each source file. Use \""SPDX-License-Identifier: UNLICENSED\"" for non-open-source code. Please see https://spdx.org for more information.)"",exception (json.decoder.JSONDecodeError: Expecting value: line 1 column 1 (char 0))}"
contracts_output/contracts_output/codellama_with_rag_contracts/6063.sol,6063.sol,slither-0.11.3,solidity,2025/09/14,20260213_1744,1771005003.9432898,2.0776238441467285,1,{},{},{EXIT_CODE_1},"{""analysis unsuccessful, check output.json"",""error parsing results: file could not be opened successfully:
- method gz: ReadError('empty file')
- method bz2: ReadError('not a bzip2 file')
- method xz: ReadError('not an lzma file')
- method tar: ReadError('empty file')"",""exception (crytic_compile.platform.exceptions.InvalidCompilation: Invalid solc compilation Warning: SPDX license identifier not provided in source file. Before publishing, consider adding a comment containing \""SPDX-License-Identifier: <SPDX-License>\"" to each source file. Use \""SPDX-License-Identifier: UNLICENSED\"" for non-open-source code. Please see https://spdx.org for more information.)"",exception (json.decoder.JSONDecodeError: Expecting value: line 1 column 1 (char 0))}"
contracts_output/contracts_output/codellama_with_rag_contracts/609.sol,609.sol,slither-0.11.3,solidity,2025/09/14,20260213_1744,1771004708.0954678,1.9054784774780273,255,"{dead_code,naming_convention,solc_version}",{},{},{}
contracts_output/contracts_output/codellama_with_rag_contracts/6100.sol,6100.sol,slither-0.11.3,solidity,2025/09/14,20260213_1744,1771005090.1681712,1.3543317317962646,1,{},{},{EXIT_CODE_1},"{""analysis unsuccessful, check output.json"",""error parsing results: file could not be opened successfully:
- method gz: ReadError('empty file')
- method bz2: ReadError('not a bzip2 file')
- method xz: ReadError('not an lzma file')
- method tar: ReadError('empty file')"",""exception (crytic_compile.platform.exceptions.InvalidCompilation: Invalid solc compilation Warning: SPDX license identifier not provided in source file. Before publishing, consider adding a comment containing \""SPDX-License-Identifier: <SPDX-License>\"" to each source file. Use \""SPDX-License-Identifier: UNLICENSED\"" for non-open-source code. Please see https://spdx.org for more information.)"",exception (json.decoder.JSONDecodeError: Expecting value: line 1 column 1 (char 0))}"
contracts_output/contracts_output/codellama_with_rag_contracts/6110.sol,6110.sol,slither-0.11.3,solidity,2025/09/14,20260213_1744,1771004756.942694,1.4106016159057617,1,{},{},{EXIT_CODE_1},"{""analysis unsuccessful, check output.json"",""error parsing results: file could not be opened successfully:
- method gz: ReadError('empty file')
- method bz2: ReadError('not a bzip2 file')
- method xz: ReadError('not an lzma file')
- method tar: ReadError('empty file')"",""exception (crytic_compile.platform.exceptions.InvalidCompilation: Invalid solc compilation Warning: SPDX license identifier not provided in source file. Before publishing, consider adding a comment containing \""SPDX-License-Identifier: <SPDX-License>\"" to each source file. Use \""SPDX-License-Identifier: UNLICENSED\"" for non-open-source code. Please see https://spdx.org for more information.)"",exception (json.decoder.JSONDecodeError: Expecting value: line 1 column 1 (char 0))}"
contracts_output/contracts_output/codellama_with_rag_contracts/6123.sol,6123.sol,slither-0.11.3,solidity,2025/09/14,20260213_1744,1771005060.864641,1.6493070125579834,1,{},{},{EXIT_CODE_1},"{""analysis unsuccessful, check output.json"",""error parsing results: file could not be opened successfully:
- method gz: ReadError('empty file')
- method bz2: ReadError('not a bzip2 file')
- method xz: ReadError('not an lzma file')
- method tar: ReadError('empty file')"",""exception (crytic_compile.platform.exceptions.InvalidCompilation: Invalid solc compilation Warning: SPDX license identifier not provided in source file. Before publishing, consider adding a comment containing \""SPDX-License-Identifier: <SPDX-License>\"" to each source file. Use \""SPDX-License-Identifier: UNLICENSED\"" for non-open-source code. Please see https://spdx.org for more information.)"",exception (json.decoder.JSONDecodeError: Expecting value: line 1 column 1 (char 0))}"
contracts_output/contracts_output/codellama_with_rag_contracts/6152.sol,6152.sol,slither-0.11.3,solidity,2025/09/14,20260213_1744,1771004692.2582307,2.7842140197753906,255,"{dead_code,events_maths,solc_version,timestamp}",{},{},{}
contracts_output/contracts_output/codellama_with_rag_contracts/6178.sol,6178.sol,slither-0.11.3,solidity,2025/09/14,20260213_1744,1771005048.2075148,1.6924033164978027,1,{},{},{EXIT_CODE_1},"{""analysis unsuccessful, check output.json"",""error parsing results: file could not be opened successfully:
- method gz: ReadError('empty file')
- method bz2: ReadError('not a bzip2 file')
- method xz: ReadError('not an lzma file')
- method tar: ReadError('empty file')"",""exception (crytic_compile.platform.exceptions.InvalidCompilation: Invalid solc compilation Warning: SPDX license identifier not provided in source file. Before publishing, consider adding a comment containing \""SPDX-License-Identifier: <SPDX-License>\"" to each source file. Use \""SPDX-License-Identifier: UNLICENSED\"" for non-open-source code. Please see https://spdx.org for more information.)"",exception (json.decoder.JSONDecodeError: Expecting value: line 1 column 1 (char 0))}"
contracts_output/contracts_output/codellama_with_rag_contracts/6206.sol,6206.sol,slither-0.11.3,solidity,2025/09/14,20260213_1744,1771004985.869405,1.657259464263916,1,{},{},{EXIT_CODE_1},"{""analysis unsuccessful, check output.json"",""error parsing results: file could not be opened successfully:
- method gz: ReadError('empty file')
- method bz2: ReadError('not a bzip2 file')
- method xz: ReadError('not an lzma file')
- method tar: ReadError('empty file')"",""exception (crytic_compile.platform.exceptions.InvalidCompilation: Invalid solc compilation Warning: SPDX license identifier not provided in source file. Before publishing, consider adding a comment containing \""SPDX-License-Identifier: <SPDX-License>\"" to each source file. Use \""SPDX-License-Identifier: UNLICENSED\"" for non-open-source code. Please see https://spdx.org for more information.)"",exception (json.decoder.JSONDecodeError: Expecting value: line 1 column 1 (char 0))}"
contracts_output/contracts_output/codellama_with_rag_contracts/6236.sol,6236.sol,slither-0.11.3,solidity,2025/09/14,20260213_1744,1771004959.4212906,1.685150384902954,1,{},{},{EXIT_CODE_1},"{""analysis unsuccessful, check output.json"",""error parsing results: file could not be opened successfully:
- method gz: ReadError('empty file')
- method bz2: ReadError('not a bzip2 file')
- method xz: ReadError('not an lzma file')
- method tar: ReadError('empty file')"",""exception (crytic_compile.platform.exceptions.InvalidCompilation: Invalid solc compilation Error: Expected '{' but got '(')"",exception (json.decoder.JSONDecodeError: Expecting value: line 1 column 1 (char 0))}"
contracts_output/contracts_output/codellama_with_rag_contracts/6249.sol,6249.sol,slither-0.11.3,solidity,2025/09/14,20260213_1744,1771004890.1239727,1.5916616916656494,255,"{dead_code,solc_version}",{},{},{}
contracts_output/contracts_output/codellama_with_rag_contracts/6260.sol,6260.sol,slither-0.11.3,solidity,2025/09/14,20260213_1744,1771004880.8380728,1.599663257598877,255,"{dead_code,solc_version}",{},{},{}
contracts_output/contracts_output/codellama_with_rag_contracts/6276.sol,6276.sol,slither-0.11.3,solidity,2025/09/14,20260213_1744,1771004847.622219,1.7044835090637207,255,"{dead_code,immutable_states,solc_version}",{},{},{}
contracts_output/contracts_output/codellama_with_rag_contracts/629.sol,629.sol,slither-0.11.3,solidity,2025/09/14,20260213_1744,1771005069.1725707,1.6217844486236572,255,"{dead_code,immutable_states,solc_version}",{},{},{}
contracts_output/contracts_output/codellama_with_rag_contracts/6310.sol,6310.sol,slither-0.11.3,solidity,2025/09/14,20260213_1744,1771004924.6144476,1.8228626251220703,1,{},{},{EXIT_CODE_1},"{""analysis unsuccessful, check output.json"",""error parsing results: file could not be opened successfully:
- method gz: ReadError('empty file')
- method bz2: ReadError('not a bzip2 file')
- method xz: ReadError('not an lzma file')
- method tar: ReadError('empty file')"",""exception (crytic_compile.platform.exceptions.InvalidCompilation: Invalid solc compilation Warning: SPDX license identifier not provided in source file. Before publishing, consider adding a comment containing \""SPDX-License-Identifier: <SPDX-License>\"" to each source file. Use \""SPDX-License-Identifier: UNLICENSED\"" for non-open-source code. Please see https://spdx.org for more information.)"",exception (json.decoder.JSONDecodeError: Expecting value: line 1 column 1 (char 0))}"
contracts_output/contracts_output/codellama_with_rag_contracts/6311.sol,6311.sol,slither-0.11.3,solidity,2025/09/14,20260213_1744,1771004842.871313,2.219404935836792,1,{},{},{EXIT_CODE_1},"{""analysis unsuccessful, check output.json"",""error parsing results: file could not be opened successfully:
- method gz: ReadError('empty file')
- method bz2: ReadError('not a bzip2 file')
- method xz: ReadError('not an lzma file')
- method tar: ReadError('empty file')"",""exception (crytic_compile.platform.exceptions.InvalidCompilation: Invalid solc compilation Warning: SPDX license identifier not provided in source file. Before publishing, consider adding a comment containing \""SPDX-License-Identifier: <SPDX-License>\"" to each source file. Use \""SPDX-License-Identifier: UNLICENSED\"" for non-open-source code. Please see https://spdx.org for more information.)"",exception (json.decoder.JSONDecodeError: Expecting value: line 1 column 1 (char 0))}"
contracts_output/contracts_output/codellama_with_rag_contracts/6317.sol,6317.sol,slither-0.11.3,solidity,2025/09/14,20260213_1744,1771004723.78014,1.449939489364624,1,{},{},{EXIT_CODE_1},"{""analysis unsuccessful, check output.json"",""error parsing results: file could not be opened successfully:
- method gz: ReadError('empty file')
- method bz2: ReadError('not a bzip2 file')
- method xz: ReadError('not an lzma file')
- method tar: ReadError('empty file')"",""exception (crytic_compile.platform.exceptions.InvalidCompilation: Invalid solc compilation Warning: SPDX license identifier not provided in source file. Before publishing, consider adding a comment containing \""SPDX-License-Identifier: <SPDX-License>\"" to each source file. Use \""SPDX-License-Identifier: UNLICENSED\"" for non-open-source code. Please see https://spdx.org for more information.)"",exception (json.decoder.JSONDecodeError: Expecting value: line 1 column 1 (char 0))}"
contracts_output/contracts_output/codellama_with_rag_contracts/6318.sol,6318.sol,slither-0.11.3,solidity,2025/09/14,20260213_1744,1771004784.1498096,1.9290194511413574,1,{},{},{EXIT_CODE_1},"{""analysis unsuccessful, check output.json"",""error parsing results: file could not be opened successfully:
- method gz: ReadError('empty file')
- method bz2: ReadError('not a bzip2 file')
- method xz: ReadError('not an lzma file')
- method tar: ReadError('empty file')"",""exception (crytic_compile.platform.exceptions.InvalidCompilation: Invalid solc compilation Warning: SPDX license identifier not provided in source file. Before publishing, consider adding a comment containing \""SPDX-License-Identifier: <SPDX-License>\"" to each source file. Use \""SPDX-License-Identifier: UNLICENSED\"" for non-open-source code. Please see https://spdx.org for more information.)"",exception (json.decoder.JSONDecodeError: Expecting value: line 1 column 1 (char 0))}"
contracts_output/contracts_output/codellama_with_rag_contracts/6330.sol,6330.sol,slither-0.11.3,solidity,2025/09/14,20260213_1744,1771004868.850994,1.4690577983856201,1,{},{},{EXIT_CODE_1},"{""analysis unsuccessful, check output.json"",""error parsing results: file could not be opened successfully:
- method gz: ReadError('empty file')
- method bz2: ReadError('not a bzip2 file')
- method xz: ReadError('not an lzma file')
- method tar: ReadError('empty file')"",""exception (crytic_compile.platform.exceptions.InvalidCompilation: Invalid solc compilation Warning: SPDX license identifier not provided in source file. Before publishing, consider adding a comment containing \""SPDX-License-Identifier: <SPDX-License>\"" to each source file. Use \""SPDX-License-Identifier: UNLICENSED\"" for non-open-source code. Please see https://spdx.org for more information.)"",exception (json.decoder.JSONDecodeError: Expecting value: line 1 column 1 (char 0))}"
contracts_output/contracts_output/codellama_with_rag_contracts/6348.sol,6348.sol,slither-0.11.3,solidity,2025/09/14,20260213_1744,1771004889.8834877,2.132209300994873,1,{},{},{EXIT_CODE_1},"{""analysis unsuccessful, check output.json"",""error parsing results: file could not be opened successfully:
- method gz: ReadError('empty file')
- method bz2: ReadError('not a bzip2 file')
- method xz: ReadError('not an lzma file')
- method tar: ReadError('empty file')"",""exception (crytic_compile.platform.exceptions.InvalidCompilation: Invalid solc compilation Warning: SPDX license identifier not provided in source file. Before publishing, consider adding a comment containing \""SPDX-License-Identifier: <SPDX-License>\"" to each source file. Use \""SPDX-License-Identifier: UNLICENSED\"" for non-open-source code. Please see https://spdx.org for more information.)"",exception (json.decoder.JSONDecodeError: Expecting value: line 1 column 1 (char 0))}"
contracts_output/contracts_output/codellama_with_rag_contracts/6370.sol,6370.sol,slither-0.11.3,solidity,2025/09/14,20260213_1744,1771004794.7203407,1.4324581623077393,1,{},{},{EXIT_CODE_1},"{""analysis unsuccessful, check output.json"",""error parsing results: file could not be opened successfully:
- method gz: ReadError('empty file')
- method bz2: ReadError('not a bzip2 file')
- method xz: ReadError('not an lzma file')
- method tar: ReadError('empty file')"",""exception (crytic_compile.platform.exceptions.InvalidCompilation: Invalid solc compilation Warning: SPDX license identifier not provided in source file. Before publishing, consider adding a comment containing \""SPDX-License-Identifier: <SPDX-License>\"" to each source file. Use \""SPDX-License-Identifier: UNLICENSED\"" for non-open-source code. Please see https://spdx.org for more information.)"",exception (json.decoder.JSONDecodeError: Expecting value: line 1 column 1 (char 0))}"
contracts_output/contracts_output/codellama_with_rag_contracts/6381.sol,6381.sol,slither-0.11.3,solidity,2025/09/14,20260213_1744,1771004704.4022121,2.016366958618164,1,{},{},{EXIT_CODE_1},"{""analysis unsuccessful, check output.json"",""error parsing results: file could not be opened successfully:
- method gz: ReadError('empty file')
- method bz2: ReadError('not a bzip2 file')
- method xz: ReadError('not an lzma file')
- method tar: ReadError('empty file')"",""exception (crytic_compile.platform.exceptions.InvalidCompilation: Invalid solc compilation Warning: SPDX license identifier not provided in source file. Before publishing, consider adding a comment containing \""SPDX-License-Identifier: <SPDX-License>\"" to each source file. Use \""SPDX-License-Identifier: UNLICENSED\"" for non-open-source code. Please see https://spdx.org for more information.)"",exception (json.decoder.JSONDecodeError: Expecting value: line 1 column 1 (char 0))}"
contracts_output/contracts_output/codellama_with_rag_contracts/6383.sol,6383.sol,slither-0.11.3,solidity,2025/09/14,20260213_1744,1771005000.825902,2.3787083625793457,255,"{dead_code,events_access,solc_version}",{},{},{}
contracts_output/contracts_output/codellama_with_rag_contracts/6386.sol,6386.sol,slither-0.11.3,solidity,2025/09/14,20260213_1744,1771004902.50497,1.6641919612884521,1,{},{},{EXIT_CODE_1},"{""analysis unsuccessful, check output.json"",""error parsing results: file could not be opened successfully:
- method gz: ReadError('empty file')
- method bz2: ReadError('not a bzip2 file')
- method xz: ReadError('not an lzma file')
- method tar: ReadError('empty file')"",""exception (crytic_compile.platform.exceptions.InvalidCompilation: Invalid solc compilation Warning: SPDX license identifier not provided in source file. Before publishing, consider adding a comment containing \""SPDX-License-Identifier: <SPDX-License>\"" to each source file. Use \""SPDX-License-Identifier: UNLICENSED\"" for non-open-source code. Please see https://spdx.org for more information.)"",exception (json.decoder.JSONDecodeError: Expecting value: line 1 column 1 (char 0))}"
contracts_output/contracts_output/codellama_with_rag_contracts/6399.sol,6399.sol,slither-0.11.3,solidity,2025/09/14,20260213_1744,1771004911.4121234,1.6998376846313477,255,"{dead_code,immutable_states,solc_version}",{},{},{}
contracts_output/contracts_output/codellama_with_rag_contracts/6404.sol,6404.sol,slither-0.11.3,solidity,2025/09/14,20260213_1744,1771004703.1887321,1.9107000827789307,1,{},{},{EXIT_CODE_1},"{""analysis unsuccessful, check output.json"",""error parsing results: file could not be opened successfully:
- method gz: ReadError('empty file')
- method bz2: ReadError('not a bzip2 file')
- method xz: ReadError('not an lzma file')
- method tar: ReadError('empty file')"",""exception (crytic_compile.platform.exceptions.InvalidCompilation: Invalid solc compilation Warning: SPDX license identifier not provided in source file. Before publishing, consider adding a comment containing \""SPDX-License-Identifier: <SPDX-License>\"" to each source file. Use \""SPDX-License-Identifier: UNLICENSED\"" for non-open-source code. Please see https://spdx.org for more information.)"",exception (json.decoder.JSONDecodeError: Expecting value: line 1 column 1 (char 0))}"
contracts_output/contracts_output/codellama_with_rag_contracts/6408.sol,6408.sol,slither-0.11.3,solidity,2025/09/14,20260213_1744,1771004710.2851522,1.8407468795776367,1,{},{},{EXIT_CODE_1},"{""analysis unsuccessful, check output.json"",""error parsing results: file could not be opened successfully:
- method gz: ReadError('empty file')
- method bz2: ReadError('not a bzip2 file')
- method xz: ReadError('not an lzma file')
- method tar: ReadError('empty file')"",exception (crytic_compile.platform.exceptions.InvalidCompilation: Invalid solc compilation Error: Expected identifier but got 'constructor'),exception (json.decoder.JSONDecodeError: Expecting value: line 1 column 1 (char 0))}"
contracts_output/contracts_output/codellama_with_rag_contracts/6427.sol,6427.sol,slither-0.11.3,solidity,2025/09/14,20260213_1744,1771004837.4836445,2.4663288593292236,1,{},{},{EXIT_CODE_1},"{""analysis unsuccessful, check output.json"",""error parsing results: file could not be opened successfully:
- method gz: ReadError('empty file')
- method bz2: ReadError('not a bzip2 file')
- method xz: ReadError('not an lzma file')
- method tar: ReadError('empty file')"",""exception (crytic_compile.platform.exceptions.InvalidCompilation: Invalid solc compilation Warning: SPDX license identifier not provided in source file. Before publishing, consider adding a comment containing \""SPDX-License-Identifier: <SPDX-License>\"" to each source file. Use \""SPDX-License-Identifier: UNLICENSED\"" for non-open-source code. Please see https://spdx.org for more information.)"",exception (json.decoder.JSONDecodeError: Expecting value: line 1 column 1 (char 0))}"
contracts_output/contracts_output/codellama_with_rag_contracts/6429.sol,6429.sol,slither-0.11.3,solidity,2025/09/14,20260213_1744,1771005067.2505205,1.7728967666625977,255,"{dead_code,missing_zero_check,solc_version}",{},{},{}
contracts_output/contracts_output/codellama_with_rag_contracts/6434.sol,6434.sol,slither-0.11.3,solidity,2025/09/14,20260213_1744,1771004696.3514764,2.3432133197784424,1,{},{},{EXIT_CODE_1},"{""analysis unsuccessful, check output.json"",""error parsing results: file could not be opened successfully:
- method gz: ReadError('empty file')
- method bz2: ReadError('not a bzip2 file')
- method xz: ReadError('not an lzma file')
- method tar: ReadError('empty file')"",""exception (crytic_compile.platform.exceptions.InvalidCompilation: Invalid solc compilation Warning: SPDX license identifier not provided in source file. Before publishing, consider adding a comment containing \""SPDX-License-Identifier: <SPDX-License>\"" to each source file. Use \""SPDX-License-Identifier: UNLICENSED\"" for non-open-source code. Please see https://spdx.org for more information.)"",exception (json.decoder.JSONDecodeError: Expecting value: line 1 column 1 (char 0))}"
contracts_output/contracts_output/codellama_with_rag_contracts/6458.sol,6458.sol,slither-0.11.3,solidity,2025/09/14,20260213_1744,1771004812.4242237,1.8011744022369385,1,{},{},{EXIT_CODE_1},"{""analysis unsuccessful, check output.json"",""error parsing results: file could not be opened successfully:
- method gz: ReadError('empty file')
- method bz2: ReadError('not a bzip2 file')
- method xz: ReadError('not an lzma file')
- method tar: ReadError('empty file')"",""exception (crytic_compile.platform.exceptions.InvalidCompilation: Invalid solc compilation Warning: SPDX license identifier not provided in source file. Before publishing, consider adding a comment containing \""SPDX-License-Identifier: <SPDX-License>\"" to each source file. Use \""SPDX-License-Identifier: UNLICENSED\"" for non-open-source code. Please see https://spdx.org for more information.)"",exception (json.decoder.JSONDecodeError: Expecting value: line 1 column 1 (char 0))}"
contracts_output/contracts_output/codellama_with_rag_contracts/6503.sol,6503.sol,slither-0.11.3,solidity,2025/09/14,20260213_1744,1771004723.1771147,1.6834383010864258,1,{},{},{EXIT_CODE_1},"{""analysis unsuccessful, check output.json"",""error parsing results: file could not be opened successfully:
- method gz: ReadError('empty file')
- method bz2: ReadError('not a bzip2 file')
- method xz: ReadError('not an lzma file')
- method tar: ReadError('empty file')"",exception (crytic_compile.platform.exceptions.InvalidCompilation: Invalid solc compilation Error: Expected ']' but got ')'),exception (json.decoder.JSONDecodeError: Expecting value: line 1 column 1 (char 0))}"
contracts_output/contracts_output/codellama_with_rag_contracts/6513.sol,6513.sol,slither-0.11.3,solidity,2025/09/14,20260213_1744,1771005078.8203523,1.910116195678711,1,{},{},{EXIT_CODE_1},"{""analysis unsuccessful, check output.json"",""error parsing results: file could not be opened successfully:
- method gz: ReadError('empty file')
- method bz2: ReadError('not a bzip2 file')
- method xz: ReadError('not an lzma file')
- method tar: ReadError('empty file')"",""exception (crytic_compile.platform.exceptions.InvalidCompilation: Invalid solc compilation Warning: SPDX license identifier not provided in source file. Before publishing, consider adding a comment containing \""SPDX-License-Identifier: <SPDX-License>\"" to each source file. Use \""SPDX-License-Identifier: UNLICENSED\"" for non-open-source code. Please see https://spdx.org for more information.)"",exception (json.decoder.JSONDecodeError: Expecting value: line 1 column 1 (char 0))}"
contracts_output/contracts_output/codellama_with_rag_contracts/6515.sol,6515.sol,slither-0.11.3,solidity,2025/09/14,20260213_1744,1771004729.1473553,1.51908278465271,255,"{dead_code,immutable_states,naming_convention,solc_version,unused_state}",{},{},{}
contracts_output/contracts_output/codellama_with_rag_contracts/6517.sol,6517.sol,slither-0.11.3,solidity,2025/09/14,20260213_1744,1771005023.5124714,1.694685459136963,1,{},{},{EXIT_CODE_1},"{""analysis unsuccessful, check output.json"",""error parsing results: file could not be opened successfully:
- method gz: ReadError('empty file')
- method bz2: ReadError('not a bzip2 file')
- method xz: ReadError('not an lzma file')
- method tar: ReadError('empty file')"",""exception (crytic_compile.platform.exceptions.InvalidCompilation: Invalid solc compilation Warning: SPDX license identifier not provided in source file. Before publishing, consider adding a comment containing \""SPDX-License-Identifier: <SPDX-License>\"" to each source file. Use \""SPDX-License-Identifier: UNLICENSED\"" for non-open-source code. Please see https://spdx.org for more information.)"",exception (json.decoder.JSONDecodeError: Expecting value: line 1 column 1 (char 0))}"
contracts_output/contracts_output/codellama_with_rag_contracts/6519.sol,6519.sol,slither-0.11.3,solidity,2025/09/14,20260213_1744,1771004857.0835247,1.857731580734253,1,{},{},{EXIT_CODE_1},"{""analysis unsuccessful, check output.json"",""error parsing results: file could not be opened successfully:
- method gz: ReadError('empty file')
- method bz2: ReadError('not a bzip2 file')
- method xz: ReadError('not an lzma file')
- method tar: ReadError('empty file')"",""exception (crytic_compile.platform.exceptions.InvalidCompilation: Invalid solc compilation Warning: SPDX license identifier not provided in source file. Before publishing, consider adding a comment containing \""SPDX-License-Identifier: <SPDX-License>\"" to each source file. Use \""SPDX-License-Identifier: UNLICENSED\"" for non-open-source code. Please see https://spdx.org for more information.)"",exception (json.decoder.JSONDecodeError: Expecting value: line 1 column 1 (char 0))}"
contracts_output/contracts_output/codellama_with_rag_contracts/6528.sol,6528.sol,slither-0.11.3,solidity,2025/09/14,20260213_1744,1771005096.918047,1.4803798198699951,1,{},{},{EXIT_CODE_1},"{""analysis unsuccessful, check output.json"",""error parsing results: file could not be opened successfully:
- method gz: ReadError('empty file')
- method bz2: ReadError('not a bzip2 file')
- method xz: ReadError('not an lzma file')
- method tar: ReadError('empty file')"",""exception (crytic_compile.platform.exceptions.InvalidCompilation: Invalid solc compilation Warning: SPDX license identifier not provided in source file. Before publishing, consider adding a comment containing \""SPDX-License-Identifier: <SPDX-License>\"" to each source file. Use \""SPDX-License-Identifier: UNLICENSED\"" for non-open-source code. Please see https://spdx.org for more information.)"",exception (json.decoder.JSONDecodeError: Expecting value: line 1 column 1 (char 0))}"
contracts_output/contracts_output/codellama_with_rag_contracts/6552.sol,6552.sol,slither-0.11.3,solidity,2025/09/14,20260213_1744,1771004909.730651,1.679614543914795,255,"{dead_code,immutable_states,solc_version}",{},{},{}
contracts_output/contracts_output/codellama_with_rag_contracts/6562.sol,6562.sol,slither-0.11.3,solidity,2025/09/14,20260213_1744,1771004996.19966,1.998894453048706,1,{},{},{EXIT_CODE_1},"{""analysis unsuccessful, check output.json"",""error parsing results: file could not be opened successfully:
- method gz: ReadError('empty file')
- method bz2: ReadError('not a bzip2 file')
- method xz: ReadError('not an lzma file')
- method tar: ReadError('empty file')"",""exception (crytic_compile.platform.exceptions.InvalidCompilation: Invalid solc compilation Warning: SPDX license identifier not provided in source file. Before publishing, consider adding a comment containing \""SPDX-License-Identifier: <SPDX-License>\"" to each source file. Use \""SPDX-License-Identifier: UNLICENSED\"" for non-open-source code. Please see https://spdx.org for more information.)"",exception (json.decoder.JSONDecodeError: Expecting value: line 1 column 1 (char 0))}"
contracts_output/contracts_output/codellama_with_rag_contracts/6593.sol,6593.sol,slither-0.11.3,solidity,2025/09/14,20260213_1744,1771004708.9198608,2.255688190460205,1,{},{},{EXIT_CODE_1},"{""analysis unsuccessful, check output.json"",""error parsing results: file could not be opened successfully:
- method gz: ReadError('empty file')
- method bz2: ReadError('not a bzip2 file')
- method xz: ReadError('not an lzma file')
- method tar: ReadError('empty file')"",""exception (crytic_compile.platform.exceptions.InvalidCompilation: Invalid solc compilation Warning: SPDX license identifier not provided in source file. Before publishing, consider adding a comment containing \""SPDX-License-Identifier: <SPDX-License>\"" to each source file. Use \""SPDX-License-Identifier: UNLICENSED\"" for non-open-source code. Please see https://spdx.org for more information.)"",exception (json.decoder.JSONDecodeError: Expecting value: line 1 column 1 (char 0))}"
contracts_output/contracts_output/codellama_with_rag_contracts/6613.sol,6613.sol,slither-0.11.3,solidity,2025/09/14,20260213_1744,1771004833.3459034,1.9366025924682617,255,"{dead_code,missing_zero_check,naming_convention,solc_version}",{},{},{}
contracts_output/contracts_output/codellama_with_rag_contracts/6641.sol,6641.sol,slither-0.11.3,solidity,2025/09/14,20260213_1744,1771004835.4259026,1.7095098495483398,1,{},{},{EXIT_CODE_1},"{""analysis unsuccessful, check output.json"",""error parsing results: file could not be opened successfully:
- method gz: ReadError('empty file')
- method bz2: ReadError('not a bzip2 file')
- method xz: ReadError('not an lzma file')
- method tar: ReadError('empty file')"",""exception (crytic_compile.platform.exceptions.InvalidCompilation: Invalid solc compilation Warning: SPDX license identifier not provided in source file. Before publishing, consider adding a comment containing \""SPDX-License-Identifier: <SPDX-License>\"" to each source file. Use \""SPDX-License-Identifier: UNLICENSED\"" for non-open-source code. Please see https://spdx.org for more information.)"",exception (json.decoder.JSONDecodeError: Expecting value: line 1 column 1 (char 0))}"
contracts_output/contracts_output/codellama_with_rag_contracts/6644.sol,6644.sol,slither-0.11.3,solidity,2025/09/14,20260213_1744,1771004795.7014441,1.5118792057037354,1,{},{},{EXIT_CODE_1},"{""analysis unsuccessful, check output.json"",""error parsing results: file could not be opened successfully:
- method gz: ReadError('empty file')
- method bz2: ReadError('not a bzip2 file')
- method xz: ReadError('not an lzma file')
- method tar: ReadError('empty file')"",""exception (crytic_compile.platform.exceptions.InvalidCompilation: Invalid solc compilation Warning: SPDX license identifier not provided in source file. Before publishing, consider adding a comment containing \""SPDX-License-Identifier: <SPDX-License>\"" to each source file. Use \""SPDX-License-Identifier: UNLICENSED\"" for non-open-source code. Please see https://spdx.org for more information.)"",exception (json.decoder.JSONDecodeError: Expecting value: line 1 column 1 (char 0))}"
contracts_output/contracts_output/codellama_with_rag_contracts/6660.sol,6660.sol,slither-0.11.3,solidity,2025/09/14,20260213_1744,1771004878.9553623,2.0141875743865967,255,"{dead_code,events_access,missing_zero_check,solc_version}",{},{},{}
contracts_output/contracts_output/codellama_with_rag_contracts/6667.sol,6667.sol,slither-0.11.3,solidity,2025/09/14,20260213_1744,1771004724.0375464,1.3544979095458984,1,{},{},{EXIT_CODE_1},"{""analysis unsuccessful, check output.json"",""error parsing results: file could not be opened successfully:
- method gz: ReadError('empty file')
- method bz2: ReadError('not a bzip2 file')
- method xz: ReadError('not an lzma file')
- method tar: ReadError('empty file')"",""exception (crytic_compile.platform.exceptions.InvalidCompilation: Invalid solc compilation Warning: SPDX license identifier not provided in source file. Before publishing, consider adding a comment containing \""SPDX-License-Identifier: <SPDX-License>\"" to each source file. Use \""SPDX-License-Identifier: UNLICENSED\"" for non-open-source code. Please see https://spdx.org for more information.)"",exception (json.decoder.JSONDecodeError: Expecting value: line 1 column 1 (char 0))}"
contracts_output/contracts_output/codellama_with_rag_contracts/6671.sol,6671.sol,slither-0.11.3,solidity,2025/09/14,20260213_1744,1771004909.1748183,1.590196132659912,1,{},{},{EXIT_CODE_1},"{""analysis unsuccessful, check output.json"",""error parsing results: file could not be opened successfully:
- method gz: ReadError('empty file')
- method bz2: ReadError('not a bzip2 file')
- method xz: ReadError('not an lzma file')
- method tar: ReadError('empty file')"",""exception (crytic_compile.platform.exceptions.InvalidCompilation: Invalid solc compilation Warning: SPDX license identifier not provided in source file. Before publishing, consider adding a comment containing \""SPDX-License-Identifier: <SPDX-License>\"" to each source file. Use \""SPDX-License-Identifier: UNLICENSED\"" for non-open-source code. Please see https://spdx.org for more information.)"",exception (json.decoder.JSONDecodeError: Expecting value: line 1 column 1 (char 0))}"
contracts_output/contracts_output/codellama_with_rag_contracts/6724.sol,6724.sol,slither-0.11.3,solidity,2025/09/14,20260213_1744,1771004732.8708398,1.5538673400878906,255,"{immutable_states,solc_version}",{},{},{}
contracts_output/contracts_output/codellama_with_rag_contracts/6726.sol,6726.sol,slither-0.11.3,solidity,2025/09/14,20260213_1744,1771005098.8629744,1.6263198852539062,1,{},{},{EXIT_CODE_1},"{""analysis unsuccessful, check output.json"",""error parsing results: file could not be opened successfully:
- method gz: ReadError('empty file')
- method bz2: ReadError('not a bzip2 file')
- method xz: ReadError('not an lzma file')
- method tar: ReadError('empty file')"",""exception (crytic_compile.platform.exceptions.InvalidCompilation: Invalid solc compilation Warning: SPDX license identifier not provided in source file. Before publishing, consider adding a comment containing \""SPDX-License-Identifier: <SPDX-License>\"" to each source file. Use \""SPDX-License-Identifier: UNLICENSED\"" for non-open-source code. Please see https://spdx.org for more information.)"",exception (json.decoder.JSONDecodeError: Expecting value: line 1 column 1 (char 0))}"
contracts_output/contracts_output/codellama_with_rag_contracts/6728.sol,6728.sol,slither-0.11.3,solidity,2025/09/14,20260213_1744,1771005030.5779881,1.422410011291504,1,{},{},{EXIT_CODE_1},"{""analysis unsuccessful, check output.json"",""error parsing results: file could not be opened successfully:
- method gz: ReadError('empty file')
- method bz2: ReadError('not a bzip2 file')
- method xz: ReadError('not an lzma file')
- method tar: ReadError('empty file')"",""exception (crytic_compile.platform.exceptions.InvalidCompilation: Invalid solc compilation Warning: SPDX license identifier not provided in source file. Before publishing, consider adding a comment containing \""SPDX-License-Identifier: <SPDX-License>\"" to each source file. Use \""SPDX-License-Identifier: UNLICENSED\"" for non-open-source code. Please see https://spdx.org for more information.)"",exception (json.decoder.JSONDecodeError: Expecting value: line 1 column 1 (char 0))}"
contracts_output/contracts_output/codellama_with_rag_contracts/6735.sol,6735.sol,slither-0.11.3,solidity,2025/09/14,20260213_1744,1771004740.5411925,1.6353678703308105,255,"{dead_code,immutable_states,missing_zero_check,solc_version}",{},{},{}
contracts_output/contracts_output/codellama_with_rag_contracts/6751.sol,6751.sol,slither-0.11.3,solidity,2025/09/14,20260213_1744,1771004836.5150728,1.5273816585540771,1,{},{},{EXIT_CODE_1},"{""analysis unsuccessful, check output.json"",""error parsing results: file could not be opened successfully:
- method gz: ReadError('empty file')
- method bz2: ReadError('not a bzip2 file')
- method xz: ReadError('not an lzma file')
- method tar: ReadError('empty file')"",""exception (crytic_compile.platform.exceptions.InvalidCompilation: Invalid solc compilation Warning: SPDX license identifier not provided in source file. Before publishing, consider adding a comment containing \""SPDX-License-Identifier: <SPDX-License>\"" to each source file. Use \""SPDX-License-Identifier: UNLICENSED\"" for non-open-source code. Please see https://spdx.org for more information.)"",exception (json.decoder.JSONDecodeError: Expecting value: line 1 column 1 (char 0))}"
contracts_output/contracts_output/codellama_with_rag_contracts/6764.sol,6764.sol,slither-0.11.3,solidity,2025/09/14,20260213_1744,1771004797.4674146,1.3688969612121582,255,"{dead_code,immutable_states,missing_zero_check,solc_version}",{},{},{}
contracts_output/contracts_output/codellama_with_rag_contracts/6774.sol,6774.sol,slither-0.11.3,solidity,2025/09/14,20260213_1744,1771004897.140788,1.6570062637329102,1,{},{},{EXIT_CODE_1},"{""analysis unsuccessful, check output.json"",""error parsing results: file could not be opened successfully:
- method gz: ReadError('empty file')
- method bz2: ReadError('not a bzip2 file')
- method xz: ReadError('not an lzma file')
- method tar: ReadError('empty file')"",""exception (crytic_compile.platform.exceptions.InvalidCompilation: Invalid solc compilation Warning: SPDX license identifier not provided in source file. Before publishing, consider adding a comment containing \""SPDX-License-Identifier: <SPDX-License>\"" to each source file. Use \""SPDX-License-Identifier: UNLICENSED\"" for non-open-source code. Please see https://spdx.org for more information.)"",exception (json.decoder.JSONDecodeError: Expecting value: line 1 column 1 (char 0))}"
contracts_output/contracts_output/codellama_with_rag_contracts/6776.sol,6776.sol,slither-0.11.3,solidity,2025/09/14,20260213_1744,1771005107.6435637,1.55857515335083,1,{},{},{EXIT_CODE_1},"{""analysis unsuccessful, check output.json"",""error parsing results: file could not be opened successfully:
- method gz: ReadError('empty file')
- method bz2: ReadError('not a bzip2 file')
- method xz: ReadError('not an lzma file')
- method tar: ReadError('empty file')"",""exception (crytic_compile.platform.exceptions.InvalidCompilation: Invalid solc compilation Warning: SPDX license identifier not provided in source file. Before publishing, consider adding a comment containing \""SPDX-License-Identifier: <SPDX-License>\"" to each source file. Use \""SPDX-License-Identifier: UNLICENSED\"" for non-open-source code. Please see https://spdx.org for more information.)"",exception (json.decoder.JSONDecodeError: Expecting value: line 1 column 1 (char 0))}"
contracts_output/contracts_output/codellama_with_rag_contracts/6786.sol,6786.sol,slither-0.11.3,solidity,2025/09/14,20260213_1744,1771004729.3576953,1.437746524810791,1,{},{},{EXIT_CODE_1},"{""analysis unsuccessful, check output.json"",""error parsing results: file could not be opened successfully:
- method gz: ReadError('empty file')
- method bz2: ReadError('not a bzip2 file')
- method xz: ReadError('not an lzma file')
- method tar: ReadError('empty file')"",""exception (crytic_compile.platform.exceptions.InvalidCompilation: Invalid solc compilation Warning: SPDX license identifier not provided in source file. Before publishing, consider adding a comment containing \""SPDX-License-Identifier: <SPDX-License>\"" to each source file. Use \""SPDX-License-Identifier: UNLICENSED\"" for non-open-source code. Please see https://spdx.org for more information.)"",exception (json.decoder.JSONDecodeError: Expecting value: line 1 column 1 (char 0))}"
contracts_output/contracts_output/codellama_with_rag_contracts/6808.sol,6808.sol,slither-0.11.3,solidity,2025/09/14,20260213_1744,1771004686.301109,1.9886338710784912,1,{},{},{EXIT_CODE_1},"{""analysis unsuccessful, check output.json"",""error parsing results: file could not be opened successfully:
- method gz: ReadError('empty file')
- method bz2: ReadError('not a bzip2 file')
- method xz: ReadError('not an lzma file')
- method tar: ReadError('empty file')"",""exception (crytic_compile.platform.exceptions.InvalidCompilation: Invalid solc compilation Warning: SPDX license identifier not provided in source file. Before publishing, consider adding a comment containing \""SPDX-License-Identifier: <SPDX-License>\"" to each source file. Use \""SPDX-License-Identifier: UNLICENSED\"" for non-open-source code. Please see https://spdx.org for more information.)"",exception (json.decoder.JSONDecodeError: Expecting value: line 1 column 1 (char 0))}"
contracts_output/contracts_output/codellama_with_rag_contracts/6826.sol,6826.sol,slither-0.11.3,solidity,2025/09/14,20260213_1744,1771004689.5090394,2.2035555839538574,1,{},{},{EXIT_CODE_1},"{""analysis unsuccessful, check output.json"",""error parsing results: file could not be opened successfully:
- method gz: ReadError('empty file')
- method bz2: ReadError('not a bzip2 file')
- method xz: ReadError('not an lzma file')
- method tar: ReadError('empty file')"",""exception (crytic_compile.platform.exceptions.InvalidCompilation: Invalid solc compilation Error: Expected '{' but got 'constant')"",exception (json.decoder.JSONDecodeError: Expecting value: line 1 column 1 (char 0))}"
contracts_output/contracts_output/codellama_with_rag_contracts/6848.sol,6848.sol,slither-0.11.3,solidity,2025/09/14,20260213_1744,1771004834.4875934,2.0262441635131836,1,{},{},{EXIT_CODE_1},"{""analysis unsuccessful, check output.json"",""error parsing results: file could not be opened successfully:
- method gz: ReadError('empty file')
- method bz2: ReadError('not a bzip2 file')
- method xz: ReadError('not an lzma file')
- method tar: ReadError('empty file')"",""exception (crytic_compile.platform.exceptions.InvalidCompilation: Invalid solc compilation Warning: SPDX license identifier not provided in source file. Before publishing, consider adding a comment containing \""SPDX-License-Identifier: <SPDX-License>\"" to each source file. Use \""SPDX-License-Identifier: UNLICENSED\"" for non-open-source code. Please see https://spdx.org for more information.)"",exception (json.decoder.JSONDecodeError: Expecting value: line 1 column 1 (char 0))}"
contracts_output/contracts_output/codellama_with_rag_contracts/6875.sol,6875.sol,slither-0.11.3,solidity,2025/09/14,20260213_1744,1771004717.2109249,1.8399229049682617,1,{},{},{EXIT_CODE_1},"{""analysis unsuccessful, check output.json"",""error parsing results: file could not be opened successfully:
- method gz: ReadError('empty file')
- method bz2: ReadError('not a bzip2 file')
- method xz: ReadError('not an lzma file')
- method tar: ReadError('empty file')"",""exception (crytic_compile.platform.exceptions.InvalidCompilation: Invalid solc compilation Warning: SPDX license identifier not provided in source file. Before publishing, consider adding a comment containing \""SPDX-License-Identifier: <SPDX-License>\"" to each source file. Use \""SPDX-License-Identifier: UNLICENSED\"" for non-open-source code. Please see https://spdx.org for more information.)"",exception (json.decoder.JSONDecodeError: Expecting value: line 1 column 1 (char 0))}"
contracts_output/contracts_output/codellama_with_rag_contracts/689.sol,689.sol,slither-0.11.3,solidity,2025/09/14,20260213_1744,1771004798.2958226,1.5670888423919678,1,{},{},{EXIT_CODE_1},"{""analysis unsuccessful, check output.json"",""error parsing results: file could not be opened successfully:
- method gz: ReadError('empty file')
- method bz2: ReadError('not a bzip2 file')
- method xz: ReadError('not an lzma file')
- method tar: ReadError('empty file')"",""exception (crytic_compile.platform.exceptions.InvalidCompilation: Invalid solc compilation Warning: SPDX license identifier not provided in source file. Before publishing, consider adding a comment containing \""SPDX-License-Identifier: <SPDX-License>\"" to each source file. Use \""SPDX-License-Identifier: UNLICENSED\"" for non-open-source code. Please see https://spdx.org for more information.)"",exception (json.decoder.JSONDecodeError: Expecting value: line 1 column 1 (char 0))}"
contracts_output/contracts_output/codellama_with_rag_contracts/691.sol,691.sol,slither-0.11.3,solidity,2025/09/14,20260213_1744,1771004823.9797206,2.1426825523376465,1,{},{},{EXIT_CODE_1},"{""analysis unsuccessful, check output.json"",""error parsing results: file could not be opened successfully:
- method gz: ReadError('empty file')
- method bz2: ReadError('not a bzip2 file')
- method xz: ReadError('not an lzma file')
- method tar: ReadError('empty file')"",""exception (crytic_compile.platform.exceptions.InvalidCompilation: Invalid solc compilation Warning: SPDX license identifier not provided in source file. Before publishing, consider adding a comment containing \""SPDX-License-Identifier: <SPDX-License>\"" to each source file. Use \""SPDX-License-Identifier: UNLICENSED\"" for non-open-source code. Please see https://spdx.org for more information.)"",exception (json.decoder.JSONDecodeError: Expecting value: line 1 column 1 (char 0))}"
contracts_output/contracts_output/codellama_with_rag_contracts/694.sol,694.sol,slither-0.11.3,solidity,2025/09/14,20260213_1744,1771004695.6569457,2.2613563537597656,255,"{dead_code,solc_version}",{},{},{}
contracts_output/contracts_output/codellama_with_rag_contracts/714.sol,714.sol,slither-0.11.3,solidity,2025/09/14,20260213_1744,1771005031.4601538,1.5677769184112549,1,{},{},{EXIT_CODE_1},"{""analysis unsuccessful, check output.json"",""error parsing results: file could not be opened successfully:
- method gz: ReadError('empty file')
- method bz2: ReadError('not a bzip2 file')
- method xz: ReadError('not an lzma file')
- method tar: ReadError('empty file')"",""exception (crytic_compile.platform.exceptions.InvalidCompilation: Invalid solc compilation Warning: SPDX license identifier not provided in source file. Before publishing, consider adding a comment containing \""SPDX-License-Identifier: <SPDX-License>\"" to each source file. Use \""SPDX-License-Identifier: UNLICENSED\"" for non-open-source code. Please see https://spdx.org for more information.)"",exception (json.decoder.JSONDecodeError: Expecting value: line 1 column 1 (char 0))}"
contracts_output/contracts_output/codellama_with_rag_contracts/725.sol,725.sol,slither-0.11.3,solidity,2025/09/14,20260213_1744,1771004729.6567125,1.6024982929229736,1,{},{},{EXIT_CODE_1},"{""analysis unsuccessful, check output.json"",""error parsing results: file could not be opened successfully:
- method gz: ReadError('empty file')
- method bz2: ReadError('not a bzip2 file')
- method xz: ReadError('not an lzma file')
- method tar: ReadError('empty file')"",""exception (crytic_compile.platform.exceptions.InvalidCompilation: Invalid solc compilation Warning: SPDX license identifier not provided in source file. Before publishing, consider adding a comment containing \""SPDX-License-Identifier: <SPDX-License>\"" to each source file. Use \""SPDX-License-Identifier: UNLICENSED\"" for non-open-source code. Please see https://spdx.org for more information.)"",exception (json.decoder.JSONDecodeError: Expecting value: line 1 column 1 (char 0))}"
contracts_output/contracts_output/codellama_with_rag_contracts/732.sol,732.sol,slither-0.11.3,solidity,2025/09/14,20260213_1744,1771005078.580556,2.1921279430389404,1,{},{},{EXIT_CODE_1},"{""analysis unsuccessful, check output.json"",""error parsing results: file could not be opened successfully:
- method gz: ReadError('empty file')
- method bz2: ReadError('not a bzip2 file')
- method xz: ReadError('not an lzma file')
- method tar: ReadError('empty file')"",""exception (crytic_compile.platform.exceptions.InvalidCompilation: Invalid solc compilation Warning: SPDX license identifier not provided in source file. Before publishing, consider adding a comment containing \""SPDX-License-Identifier: <SPDX-License>\"" to each source file. Use \""SPDX-License-Identifier: UNLICENSED\"" for non-open-source code. Please see https://spdx.org for more information.)"",exception (json.decoder.JSONDecodeError: Expecting value: line 1 column 1 (char 0))}"
contracts_output/contracts_output/codellama_with_rag_contracts/752.sol,752.sol,slither-0.11.3,solidity,2025/09/14,20260213_1744,1771004936.0955815,2.2990660667419434,1,{},{},{EXIT_CODE_1},"{""analysis unsuccessful, check output.json"",""error parsing results: file could not be opened successfully:
- method gz: ReadError('empty file')
- method bz2: ReadError('not a bzip2 file')
- method xz: ReadError('not an lzma file')
- method tar: ReadError('empty file')"",""exception (crytic_compile.platform.exceptions.InvalidCompilation: Invalid solc compilation Warning: SPDX license identifier not provided in source file. Before publishing, consider adding a comment containing \""SPDX-License-Identifier: <SPDX-License>\"" to each source file. Use \""SPDX-License-Identifier: UNLICENSED\"" for non-open-source code. Please see https://spdx.org for more information.)"",exception (json.decoder.JSONDecodeError: Expecting value: line 1 column 1 (char 0))}"
contracts_output/contracts_output/codellama_with_rag_contracts/761.sol,761.sol,slither-0.11.3,solidity,2025/09/14,20260213_1744,1771004772.3615248,1.1931447982788086,255,"{dead_code,naming_convention,solc_version}",{},{},{}
contracts_output/contracts_output/codellama_with_rag_contracts/772.sol,772.sol,slither-0.11.3,solidity,2025/09/14,20260213_1744,1771004892.4432638,1.598479986190796,255,"{dead_code,solc_version}",{},{},{}
contracts_output/contracts_output/codellama_with_rag_contracts/780.sol,780.sol,slither-0.11.3,solidity,2025/09/14,20260213_1744,1771004943.2454996,1.4591419696807861,1,{},{},{EXIT_CODE_1},"{""analysis unsuccessful, check output.json"",""error parsing results: file could not be opened successfully:
- method gz: ReadError('empty file')
- method bz2: ReadError('not a bzip2 file')
- method xz: ReadError('not an lzma file')
- method tar: ReadError('empty file')"",""exception (crytic_compile.platform.exceptions.InvalidCompilation: Invalid solc compilation Warning: SPDX license identifier not provided in source file. Before publishing, consider adding a comment containing \""SPDX-License-Identifier: <SPDX-License>\"" to each source file. Use \""SPDX-License-Identifier: UNLICENSED\"" for non-open-source code. Please see https://spdx.org for more information.)"",exception (json.decoder.JSONDecodeError: Expecting value: line 1 column 1 (char 0))}"
contracts_output/contracts_output/codellama_with_rag_contracts/79.sol,79.sol,slither-0.11.3,solidity,2025/09/14,20260213_1744,1771004824.183593,2.6116373538970947,1,{},{},{EXIT_CODE_1},"{""analysis unsuccessful, check output.json"",""error parsing results: file could not be opened successfully:
- method gz: ReadError('empty file')
- method bz2: ReadError('not a bzip2 file')
- method xz: ReadError('not an lzma file')
- method tar: ReadError('empty file')"",exception (crytic_compile.platform.exceptions.InvalidCompilation: Invalid solc compilation Error: Expected primary expression.),exception (json.decoder.JSONDecodeError: Expecting value: line 1 column 1 (char 0))}"
contracts_output/contracts_output/codellama_with_rag_contracts/790.sol,790.sol,slither-0.11.3,solidity,2025/09/14,20260213_1744,1771004711.1772034,1.808934211730957,255,"{immutable_states,solc_version}",{},{},{}
contracts_output/contracts_output/codellama_with_rag_contracts/799.sol,799.sol,slither-0.11.3,solidity,2025/09/14,20260213_1744,1771004910.2219107,2.2902262210845947,255,"{dead_code,naming_convention,solc_version}",{},{},{}
contracts_output/contracts_output/codellama_with_rag_contracts/812.sol,812.sol,slither-0.11.3,solidity,2025/09/14,20260213_1744,1771004879.8349397,1.7385563850402832,1,{},{},{EXIT_CODE_1},"{""analysis unsuccessful, check output.json"",""error parsing results: file could not be opened successfully:
- method gz: ReadError('empty file')
- method bz2: ReadError('not a bzip2 file')
- method xz: ReadError('not an lzma file')
- method tar: ReadError('empty file')"",""exception (crytic_compile.platform.exceptions.InvalidCompilation: Invalid solc compilation Warning: SPDX license identifier not provided in source file. Before publishing, consider adding a comment containing \""SPDX-License-Identifier: <SPDX-License>\"" to each source file. Use \""SPDX-License-Identifier: UNLICENSED\"" for non-open-source code. Please see https://spdx.org for more information.)"",exception (json.decoder.JSONDecodeError: Expecting value: line 1 column 1 (char 0))}"
contracts_output/contracts_output/codellama_with_rag_contracts/827.sol,827.sol,slither-0.11.3,solidity,2025/09/14,20260213_1744,1771004713.7854471,1.4837210178375244,255,"{dead_code,naming_convention,solc_version}",{},{},{}
contracts_output/contracts_output/codellama_with_rag_contracts/86.sol,86.sol,slither-0.11.3,solidity,2025/09/14,20260213_1744,1771004734.138223,1.3748059272766113,1,{},{},{EXIT_CODE_1},"{""analysis unsuccessful, check output.json"",""error parsing results: file could not be opened successfully:
- method gz: ReadError('empty file')
- method bz2: ReadError('not a bzip2 file')
- method xz: ReadError('not an lzma file')
- method tar: ReadError('empty file')"",""exception (crytic_compile.platform.exceptions.InvalidCompilation: Invalid solc compilation Warning: SPDX license identifier not provided in source file. Before publishing, consider adding a comment containing \""SPDX-License-Identifier: <SPDX-License>\"" to each source file. Use \""SPDX-License-Identifier: UNLICENSED\"" for non-open-source code. Please see https://spdx.org for more information.)"",exception (json.decoder.JSONDecodeError: Expecting value: line 1 column 1 (char 0))}"
contracts_output/contracts_output/codellama_with_rag_contracts/868.sol,868.sol,slither-0.11.3,solidity,2025/09/14,20260213_1744,1771004818.1156669,1.7006163597106934,1,{},{},{EXIT_CODE_1},"{""analysis unsuccessful, check output.json"",""error parsing results: file could not be opened successfully:
- method gz: ReadError('empty file')
- method bz2: ReadError('not a bzip2 file')
- method xz: ReadError('not an lzma file')
- method tar: ReadError('empty file')"",""exception (crytic_compile.platform.exceptions.InvalidCompilation: Invalid solc compilation Warning: SPDX license identifier not provided in source file. Before publishing, consider adding a comment containing \""SPDX-License-Identifier: <SPDX-License>\"" to each source file. Use \""SPDX-License-Identifier: UNLICENSED\"" for non-open-source code. Please see https://spdx.org for more information.)"",exception (json.decoder.JSONDecodeError: Expecting value: line 1 column 1 (char 0))}"
contracts_output/contracts_output/codellama_with_rag_contracts/876.sol,876.sol,slither-0.11.3,solidity,2025/09/14,20260213_1744,1771004924.7298055,2.379626512527466,255,"{dead_code,immutable_states,solc_version}",{},{},{}
contracts_output/contracts_output/codellama_with_rag_contracts/883.sol,883.sol,slither-0.11.3,solidity,2025/09/14,20260213_1744,1771004705.827458,1.9183218479156494,1,{},{},{EXIT_CODE_1},"{""analysis unsuccessful, check output.json"",""error parsing results: file could not be opened successfully:
- method gz: ReadError('empty file')
- method bz2: ReadError('not a bzip2 file')
- method xz: ReadError('not an lzma file')
- method tar: ReadError('empty file')"",""exception (crytic_compile.platform.exceptions.InvalidCompilation: Invalid solc compilation Warning: SPDX license identifier not provided in source file. Before publishing, consider adding a comment containing \""SPDX-License-Identifier: <SPDX-License>\"" to each source file. Use \""SPDX-License-Identifier: UNLICENSED\"" for non-open-source code. Please see https://spdx.org for more information.)"",exception (json.decoder.JSONDecodeError: Expecting value: line 1 column 1 (char 0))}"
contracts_output/contracts_output/codellama_with_rag_contracts/892.sol,892.sol,slither-0.11.3,solidity,2025/09/14,20260213_1744,1771005082.1166873,1.6692583560943604,1,{},{},{EXIT_CODE_1},"{""analysis unsuccessful, check output.json"",""error parsing results: file could not be opened successfully:
- method gz: ReadError('empty file')
- method bz2: ReadError('not a bzip2 file')
- method xz: ReadError('not an lzma file')
- method tar: ReadError('empty file')"",""exception (crytic_compile.platform.exceptions.InvalidCompilation: Invalid solc compilation Warning: SPDX license identifier not provided in source file. Before publishing, consider adding a comment containing \""SPDX-License-Identifier: <SPDX-License>\"" to each source file. Use \""SPDX-License-Identifier: UNLICENSED\"" for non-open-source code. Please see https://spdx.org for more information.)"",exception (json.decoder.JSONDecodeError: Expecting value: line 1 column 1 (char 0))}"
contracts_output/contracts_output/codellama_with_rag_contracts/906.sol,906.sol,slither-0.11.3,solidity,2025/09/14,20260213_1744,1771004936.2268155,3.240229368209839,1,{},{},{EXIT_CODE_1},"{""analysis unsuccessful, check output.json"",""error parsing results: file could not be opened successfully:
- method gz: ReadError('empty file')
- method bz2: ReadError('not a bzip2 file')
- method xz: ReadError('not an lzma file')
- method tar: ReadError('empty file')"",""exception (crytic_compile.platform.exceptions.InvalidCompilation: Invalid solc compilation Warning: SPDX license identifier not provided in source file. Before publishing, consider adding a comment containing \""SPDX-License-Identifier: <SPDX-License>\"" to each source file. Use \""SPDX-License-Identifier: UNLICENSED\"" for non-open-source code. Please see https://spdx.org for more information.)"",exception (json.decoder.JSONDecodeError: Expecting value: line 1 column 1 (char 0))}"
contracts_output/contracts_output/codellama_with_rag_contracts/915.sol,915.sol,slither-0.11.3,solidity,2025/09/14,20260213_1744,1771005065.2332885,2.1375815868377686,255,"{dead_code,solc_version}",{},{},{}
contracts_output/contracts_output/codellama_with_rag_contracts/949.sol,949.sol,slither-0.11.3,solidity,2025/09/14,20260213_1744,1771004822.6573431,2.477708101272583,1,{},{},{EXIT_CODE_1},"{""analysis unsuccessful, check output.json"",""error parsing results: file could not be opened successfully:
- method gz: ReadError('empty file')
- method bz2: ReadError('not a bzip2 file')
- method xz: ReadError('not an lzma file')
- method tar: ReadError('empty file')"",""exception (crytic_compile.platform.exceptions.InvalidCompilation: Invalid solc compilation Error: Expected pragma, import directive or contract/interface/library/struct/enum/constant/function/error definition.)"",exception (json.decoder.JSONDecodeError: Expecting value: line 1 column 1 (char 0))}"
contracts_output/contracts_output/codellama_with_rag_contracts/963.sol,963.sol,slither-0.11.3,solidity,2025/09/14,20260213_1744,1771005014.310189,2.0615386962890625,255,"{dead_code,immutable_states,solc_version,too_many_digits,uninitialized_state}",{},{},{}
contracts_output/contracts_output/codellama_with_rag_contracts/967.sol,967.sol,slither-0.11.3,solidity,2025/09/14,20260213_1744,1771004774.4985273,1.2959542274475098,255,"{dead_code,solc_version}",{},{},{}
contracts_output/contracts_output/codellama_with_rag_contracts/97.sol,97.sol,slither-0.11.3,solidity,2025/09/14,20260213_1744,1771004984.354647,1.8439571857452393,1,{},{},{EXIT_CODE_1},"{""analysis unsuccessful, check output.json"",""error parsing results: file could not be opened successfully:
- method gz: ReadError('empty file')
- method bz2: ReadError('not a bzip2 file')
- method xz: ReadError('not an lzma file')
- method tar: ReadError('empty file')"",""exception (crytic_compile.platform.exceptions.InvalidCompilation: Invalid solc compilation Warning: SPDX license identifier not provided in source file. Before publishing, consider adding a comment containing \""SPDX-License-Identifier: <SPDX-License>\"" to each source file. Use \""SPDX-License-Identifier: UNLICENSED\"" for non-open-source code. Please see https://spdx.org for more information.)"",exception (json.decoder.JSONDecodeError: Expecting value: line 1 column 1 (char 0))}"
contracts_output/contracts_output/codellama_with_rag_contracts/971.sol,971.sol,slither-0.11.3,solidity,2025/09/14,20260213_1744,1771004941.0434012,1.726891279220581,1,{},{},{EXIT_CODE_1},"{""analysis unsuccessful, check output.json"",""error parsing results: file could not be opened successfully:
- method gz: ReadError('empty file')
- method bz2: ReadError('not a bzip2 file')
- method xz: ReadError('not an lzma file')
- method tar: ReadError('empty file')"",""exception (crytic_compile.platform.exceptions.InvalidCompilation: Invalid solc compilation Warning: SPDX license identifier not provided in source file. Before publishing, consider adding a comment containing \""SPDX-License-Identifier: <SPDX-License>\"" to each source file. Use \""SPDX-License-Identifier: UNLICENSED\"" for non-open-source code. Please see https://spdx.org for more information.)"",exception (json.decoder.JSONDecodeError: Expecting value: line 1 column 1 (char 0))}"
contracts_output/contracts_output/codellama_with_rag_contracts/1004.sol,1004.sol,smartcheck,solidity,2022/11/14,20260213_1744,1771004918.9788387,5.542548179626465,0,"{SOLIDITY_ADDRESS_HARDCODED,SOLIDITY_ARRAY_LENGTH_MANIPULATION,SOLIDITY_PRAGMAS_VERSION,SOLIDITY_PRIVATE_MODIFIER_DONT_HIDE_DATA,SOLIDITY_UPGRADE_TO_050,SOLIDITY_VISIBILITY}",{},{},{}
contracts_output/contracts_output/codellama_with_rag_contracts/1009.sol,1009.sol,smartcheck,solidity,2022/11/14,20260213_1744,1771005008.9704816,4.133131742477417,0,"{SOLIDITY_PRAGMAS_VERSION,SOLIDITY_VISIBILITY}",{},{},{}
contracts_output/contracts_output/codellama_with_rag_contracts/1010.sol,1010.sol,smartcheck,solidity,2022/11/14,20260213_1744,1771004809.4301176,5.331702470779419,0,"{SOLIDITY_ADDRESS_HARDCODED,SOLIDITY_PRAGMAS_VERSION,SOLIDITY_PRIVATE_MODIFIER_DONT_HIDE_DATA,SOLIDITY_UPGRADE_TO_050,SOLIDITY_VISIBILITY}",{},{},{}
contracts_output/contracts_output/codellama_with_rag_contracts/1032.sol,1032.sol,smartcheck,solidity,2022/11/14,20260213_1744,1771004811.8487253,5.88005256652832,0,"{SOLIDITY_ADDRESS_HARDCODED,SOLIDITY_PRAGMAS_VERSION,SOLIDITY_PRIVATE_MODIFIER_DONT_HIDE_DATA,SOLIDITY_UPGRADE_TO_050,SOLIDITY_VISIBILITY}",{},{},{}
contracts_output/contracts_output/codellama_with_rag_contracts/1053.sol,1053.sol,smartcheck,solidity,2022/11/14,20260213_1744,1771004691.8630836,4.4864795207977295,0,"{SOLIDITY_ADDRESS_HARDCODED,SOLIDITY_PRAGMAS_VERSION,SOLIDITY_PRIVATE_MODIFIER_DONT_HIDE_DATA,SOLIDITY_UPGRADE_TO_050,SOLIDITY_VISIBILITY}",{},{},{}
contracts_output/contracts_output/codellama_with_rag_contracts/107.sol,107.sol,smartcheck,solidity,2022/11/14,20260213_1744,1771004931.215912,4.877261161804199,0,"{SOLIDITY_ADDRESS_HARDCODED,SOLIDITY_OVERPOWERED_ROLE,SOLIDITY_PRAGMAS_VERSION,SOLIDITY_PRIVATE_MODIFIER_DONT_HIDE_DATA,SOLIDITY_UPGRADE_TO_050,SOLIDITY_VISIBILITY}",{},{},{}
contracts_output/contracts_output/codellama_with_rag_contracts/1091.sol,1091.sol,smartcheck,solidity,2022/11/14,20260213_1744,1771005044.9262838,6.279376268386841,0,"{SOLIDITY_ADDRESS_HARDCODED,SOLIDITY_EXTRA_GAS_IN_LOOPS,SOLIDITY_GAS_LIMIT_IN_LOOPS,SOLIDITY_PRAGMAS_VERSION,SOLIDITY_PRIVATE_MODIFIER_DONT_HIDE_DATA,SOLIDITY_TRANSFER_IN_LOOP,SOLIDITY_UPGRADE_TO_050,SOLIDITY_VISIBILITY}",{},{},{}
contracts_output/contracts_output/codellama_with_rag_contracts/1094.sol,1094.sol,smartcheck,solidity,2022/11/14,20260213_1744,1771004839.157547,4.803328514099121,0,"{SOLIDITY_ADDRESS_HARDCODED,SOLIDITY_PRAGMAS_VERSION,SOLIDITY_PRIVATE_MODIFIER_DONT_HIDE_DATA,SOLIDITY_UPGRADE_TO_050,SOLIDITY_VISIBILITY}",{},{},{}
contracts_output/contracts_output/codellama_with_rag_contracts/110.sol,110.sol,smartcheck,solidity,2022/11/14,20260213_1744,1771004686.2914999,4.2687318325042725,0,"{SOLIDITY_ADDRESS_HARDCODED,SOLIDITY_PRAGMAS_VERSION,SOLIDITY_PRIVATE_MODIFIER_DONT_HIDE_DATA,SOLIDITY_UPGRADE_TO_050,SOLIDITY_VISIBILITY}",{},{},{}
contracts_output/contracts_output/codellama_with_rag_contracts/1111.sol,1111.sol,smartcheck,solidity,2022/11/14,20260213_1744,1771004729.8618567,5.54030704498291,0,"{SOLIDITY_ADDRESS_HARDCODED,SOLIDITY_LOCKED_MONEY,SOLIDITY_PRAGMAS_VERSION,SOLIDITY_PRIVATE_MODIFIER_DONT_HIDE_DATA,SOLIDITY_UPGRADE_TO_050,SOLIDITY_VISIBILITY}",{},{},{}
contracts_output/contracts_output/codellama_with_rag_contracts/1142.sol,1142.sol,smartcheck,solidity,2022/11/14,20260213_1744,1771004686.2362776,4.018053770065308,0,"{SOLIDITY_ADDRESS_HARDCODED,SOLIDITY_PRAGMAS_VERSION,SOLIDITY_PRIVATE_MODIFIER_DONT_HIDE_DATA,SOLIDITY_UPGRADE_TO_050,SOLIDITY_VISIBILITY}",{},{},{}
contracts_output/contracts_output/codellama_with_rag_contracts/1147.sol,1147.sol,smartcheck,solidity,2022/11/14,20260213_1744,1771004744.7889333,6.2693915367126465,0,"{SOLIDITY_ADDRESS_HARDCODED,SOLIDITY_PRAGMAS_VERSION,SOLIDITY_PRIVATE_MODIFIER_DONT_HIDE_DATA,SOLIDITY_UPGRADE_TO_050,SOLIDITY_VISIBILITY}",{},{},{}
contracts_output/contracts_output/codellama_with_rag_contracts/1148.sol,1148.sol,smartcheck,solidity,2022/11/14,20260213_1744,1771004997.1881194,5.1064159870147705,0,"{SOLIDITY_ADDRESS_HARDCODED,SOLIDITY_DEPRECATED_CONSTRUCTIONS,SOLIDITY_PRAGMAS_VERSION,SOLIDITY_PRIVATE_MODIFIER_DONT_HIDE_DATA,SOLIDITY_UPGRADE_TO_050,SOLIDITY_VISIBILITY}",{},{},{}
contracts_output/contracts_output/codellama_with_rag_contracts/1160.sol,1160.sol,smartcheck,solidity,2022/11/14,20260213_1744,1771004971.1530833,6.235601425170898,0,"{SOLIDITY_ADDRESS_HARDCODED,SOLIDITY_OVERPOWERED_ROLE,SOLIDITY_PRAGMAS_VERSION,SOLIDITY_PRIVATE_MODIFIER_DONT_HIDE_DATA,SOLIDITY_UPGRADE_TO_050,SOLIDITY_VISIBILITY}",{},{},{}
contracts_output/contracts_output/codellama_with_rag_contracts/1164.sol,1164.sol,smartcheck,solidity,2022/11/14,20260213_1744,1771004717.34002,6.034908294677734,0,"{SOLIDITY_ADDRESS_HARDCODED,SOLIDITY_PRAGMAS_VERSION,SOLIDITY_PRIVATE_MODIFIER_DONT_HIDE_DATA,SOLIDITY_UPGRADE_TO_050,SOLIDITY_VISIBILITY}",{},{},{}
contracts_output/contracts_output/codellama_with_rag_contracts/1195.sol,1195.sol,smartcheck,solidity,2022/11/14,20260213_1744,1771004782.3198762,4.891607761383057,0,"{SOLIDITY_ADDRESS_HARDCODED,SOLIDITY_PRAGMAS_VERSION,SOLIDITY_PRIVATE_MODIFIER_DONT_HIDE_DATA,SOLIDITY_UPGRADE_TO_050,SOLIDITY_VISIBILITY}",{},{},{}
contracts_output/contracts_output/codellama_with_rag_contracts/1213.sol,1213.sol,smartcheck,solidity,2022/11/14,20260213_1744,1771004865.3741124,6.24773097038269,0,"{SOLIDITY_ADDRESS_HARDCODED,SOLIDITY_FUNCTIONS_RETURNS_TYPE_AND_NO_RETURN,SOLIDITY_PRAGMAS_VERSION,SOLIDITY_VISIBILITY}",{},{},{}
contracts_output/contracts_output/codellama_with_rag_contracts/1228.sol,1228.sol,smartcheck,solidity,2022/11/14,20260213_1744,1771004730.6687589,5.993924617767334,0,"{SOLIDITY_ADDRESS_HARDCODED,SOLIDITY_PRAGMAS_VERSION,SOLIDITY_PRIVATE_MODIFIER_DONT_HIDE_DATA,SOLIDITY_UPGRADE_TO_050,SOLIDITY_VISIBILITY}",{},{},{}
contracts_output/contracts_output/codellama_with_rag_contracts/124.sol,124.sol,smartcheck,solidity,2022/11/14,20260213_1744,1771004812.120476,5.463473558425903,0,"{SOLIDITY_ADDRESS_HARDCODED,SOLIDITY_PRAGMAS_VERSION,SOLIDITY_PRIVATE_MODIFIER_DONT_HIDE_DATA,SOLIDITY_REVERT_REQUIRE,SOLIDITY_UPGRADE_TO_050,SOLIDITY_VISIBILITY}",{},{},{}
contracts_output/contracts_output/codellama_with_rag_contracts/1244.sol,1244.sol,smartcheck,solidity,2022/11/14,20260213_1744,1771005024.4060287,5.013577222824097,0,"{SOLIDITY_ADDRESS_HARDCODED,SOLIDITY_PRAGMAS_VERSION,SOLIDITY_PRIVATE_MODIFIER_DONT_HIDE_DATA,SOLIDITY_SHOULD_RETURN_STRUCT,SOLIDITY_UPGRADE_TO_050,SOLIDITY_VISIBILITY}",{},{},{}
contracts_output/contracts_output/codellama_with_rag_contracts/1247.sol,1247.sol,smartcheck,solidity,2022/11/14,20260213_1744,1771004735.4036496,6.126876592636108,0,"{SOLIDITY_ADDRESS_HARDCODED,SOLIDITY_PRAGMAS_VERSION,SOLIDITY_PRIVATE_MODIFIER_DONT_HIDE_DATA,SOLIDITY_UPGRADE_TO_050,SOLIDITY_VISIBILITY}",{},{},{}
contracts_output/contracts_output/codellama_with_rag_contracts/1259.sol,1259.sol,smartcheck,solidity,2022/11/14,20260213_1744,1771004717.5499566,6.645197868347168,0,"{SOLIDITY_ADDRESS_HARDCODED,SOLIDITY_ERC20_APPROVE,SOLIDITY_PRAGMAS_VERSION,SOLIDITY_PRIVATE_MODIFIER_DONT_HIDE_DATA,SOLIDITY_UPGRADE_TO_050,SOLIDITY_VISIBILITY}",{},{},{}
contracts_output/contracts_output/codellama_with_rag_contracts/1262.sol,1262.sol,smartcheck,solidity,2022/11/14,20260213_1744,1771004809.2287805,6.84092116355896,0,"{SOLIDITY_ADDRESS_HARDCODED,SOLIDITY_PRAGMAS_VERSION,SOLIDITY_PRIVATE_MODIFIER_DONT_HIDE_DATA,SOLIDITY_REVERT_REQUIRE,SOLIDITY_UPGRADE_TO_050,SOLIDITY_VISIBILITY}",{},{},{}
contracts_output/contracts_output/codellama_with_rag_contracts/1265.sol,1265.sol,smartcheck,solidity,2022/11/14,20260213_1744,1771004799.0756571,5.1014556884765625,0,"{SOLIDITY_ADDRESS_HARDCODED,SOLIDITY_PRAGMAS_VERSION,SOLIDITY_PRIVATE_MODIFIER_DONT_HIDE_DATA,SOLIDITY_UPGRADE_TO_050,SOLIDITY_VISIBILITY}",{},{},{}
contracts_output/contracts_output/codellama_with_rag_contracts/1268.sol,1268.sol,smartcheck,solidity,2022/11/14,20260213_1744,1771004874.1810458,6.283876657485962,0,"{SOLIDITY_ADDRESS_HARDCODED,SOLIDITY_LOCKED_MONEY,SOLIDITY_PRAGMAS_VERSION,SOLIDITY_PRIVATE_MODIFIER_DONT_HIDE_DATA,SOLIDITY_UPGRADE_TO_050,SOLIDITY_VISIBILITY}",{},{},{}
contracts_output/contracts_output/codellama_with_rag_contracts/1281.sol,1281.sol,smartcheck,solidity,2022/11/14,20260213_1744,1771004812.7381768,5.745465040206909,0,"{SOLIDITY_ADDRESS_HARDCODED,SOLIDITY_PRAGMAS_VERSION,SOLIDITY_PRIVATE_MODIFIER_DONT_HIDE_DATA,SOLIDITY_UPGRADE_TO_050,SOLIDITY_VISIBILITY}",{},{},{}
contracts_output/contracts_output/codellama_with_rag_contracts/1283.sol,1283.sol,smartcheck,solidity,2022/11/14,20260213_1744,1771004910.7667558,4.557281255722046,0,"{SOLIDITY_PRAGMAS_VERSION,SOLIDITY_VISIBILITY}",{},{},{}
contracts_output/contracts_output/codellama_with_rag_contracts/1286.sol,1286.sol,smartcheck,solidity,2022/11/14,20260213_1744,1771004829.042888,5.3389058113098145,0,"{SOLIDITY_ADDRESS_HARDCODED,SOLIDITY_PRAGMAS_VERSION,SOLIDITY_VISIBILITY}",{},{},{}
contracts_output/contracts_output/codellama_with_rag_contracts/1315.sol,1315.sol,smartcheck,solidity,2022/11/14,20260213_1744,1771004804.55485,6.442940711975098,0,"{SOLIDITY_ADDRESS_HARDCODED,SOLIDITY_PRAGMAS_VERSION,SOLIDITY_PRIVATE_MODIFIER_DONT_HIDE_DATA,SOLIDITY_UPGRADE_TO_050,SOLIDITY_VISIBILITY}",{},{},{}
contracts_output/contracts_output/codellama_with_rag_contracts/1319.sol,1319.sol,smartcheck,solidity,2022/11/14,20260213_1744,1771004711.2215016,7.080449819564819,0,"{SOLIDITY_ADDRESS_HARDCODED,SOLIDITY_PRAGMAS_VERSION,SOLIDITY_PRIVATE_MODIFIER_DONT_HIDE_DATA,SOLIDITY_UPGRADE_TO_050,SOLIDITY_VISIBILITY}",{},{},{}
contracts_output/contracts_output/codellama_with_rag_contracts/1334.sol,1334.sol,smartcheck,solidity,2022/11/14,20260213_1744,1771004778.4406817,6.440526962280273,0,"{SOLIDITY_ADDRESS_HARDCODED,SOLIDITY_PRAGMAS_VERSION,SOLIDITY_PRIVATE_MODIFIER_DONT_HIDE_DATA,SOLIDITY_UPGRADE_TO_050,SOLIDITY_VISIBILITY}",{},{},{}
contracts_output/contracts_output/codellama_with_rag_contracts/1335.sol,1335.sol,smartcheck,solidity,2022/11/14,20260213_1744,1771005043.1795797,5.221955299377441,0,{SOLIDITY_PRAGMAS_VERSION},{},{},{}
contracts_output/contracts_output/codellama_with_rag_contracts/1356.sol,1356.sol,smartcheck,solidity,2022/11/14,20260213_1744,1771004764.3502805,5.554486513137817,0,"{SOLIDITY_ADDRESS_HARDCODED,SOLIDITY_PRAGMAS_VERSION,SOLIDITY_PRIVATE_MODIFIER_DONT_HIDE_DATA,SOLIDITY_UPGRADE_TO_050,SOLIDITY_VISIBILITY}",{},{},{}
contracts_output/contracts_output/codellama_with_rag_contracts/1358.sol,1358.sol,smartcheck,solidity,2022/11/14,20260213_1744,1771004802.1605027,6.512647867202759,0,"{SOLIDITY_ADDRESS_HARDCODED,SOLIDITY_EXTRA_GAS_IN_LOOPS,SOLIDITY_GAS_LIMIT_IN_LOOPS,SOLIDITY_PRAGMAS_VERSION,SOLIDITY_VISIBILITY}",{},{},{}
contracts_output/contracts_output/codellama_with_rag_contracts/1383.sol,1383.sol,smartcheck,solidity,2022/11/14,20260213_1744,1771004895.0023043,6.613010883331299,0,"{SOLIDITY_ADDRESS_HARDCODED,SOLIDITY_PRAGMAS_VERSION,SOLIDITY_PRIVATE_MODIFIER_DONT_HIDE_DATA,SOLIDITY_UPGRADE_TO_050,SOLIDITY_VISIBILITY}",{},{},{}
contracts_output/contracts_output/codellama_with_rag_contracts/1386.sol,1386.sol,smartcheck,solidity,2022/11/14,20260213_1744,1771005107.141804,4.728187799453735,0,"{SOLIDITY_ADDRESS_HARDCODED,SOLIDITY_OVERPOWERED_ROLE,SOLIDITY_PRAGMAS_VERSION,SOLIDITY_PRIVATE_MODIFIER_DONT_HIDE_DATA,SOLIDITY_UPGRADE_TO_050,SOLIDITY_VISIBILITY}",{},{},{}
contracts_output/contracts_output/codellama_with_rag_contracts/1398.sol,1398.sol,smartcheck,solidity,2022/11/14,20260213_1744,1771004875.838873,4.997561454772949,0,"{SOLIDITY_ADDRESS_HARDCODED,SOLIDITY_PRAGMAS_VERSION,SOLIDITY_PRIVATE_MODIFIER_DONT_HIDE_DATA,SOLIDITY_UPGRADE_TO_050,SOLIDITY_VISIBILITY}",{},{},{}
contracts_output/contracts_output/codellama_with_rag_contracts/1413.sol,1413.sol,smartcheck,solidity,2022/11/14,20260213_1744,1771004991.2235649,5.69550895690918,0,"{SOLIDITY_ADDRESS_HARDCODED,SOLIDITY_OVERPOWERED_ROLE,SOLIDITY_PRAGMAS_VERSION,SOLIDITY_PRIVATE_MODIFIER_DONT_HIDE_DATA,SOLIDITY_UPGRADE_TO_050,SOLIDITY_VISIBILITY}",{},{},{}
contracts_output/contracts_output/codellama_with_rag_contracts/1424.sol,1424.sol,smartcheck,solidity,2022/11/14,20260213_1744,1771004954.2110062,5.7582502365112305,0,"{SOLIDITY_ADDRESS_HARDCODED,SOLIDITY_PRAGMAS_VERSION,SOLIDITY_PRIVATE_MODIFIER_DONT_HIDE_DATA,SOLIDITY_UPGRADE_TO_050,SOLIDITY_VISIBILITY}",{},{},{}
contracts_output/contracts_output/codellama_with_rag_contracts/1438.sol,1438.sol,smartcheck,solidity,2022/11/14,20260213_1744,1771004880.0131974,5.598742485046387,0,"{SOLIDITY_ADDRESS_HARDCODED,SOLIDITY_PRAGMAS_VERSION,SOLIDITY_PRIVATE_MODIFIER_DONT_HIDE_DATA,SOLIDITY_UPGRADE_TO_050,SOLIDITY_VISIBILITY}",{},{},{}
contracts_output/contracts_output/codellama_with_rag_contracts/1443.sol,1443.sol,smartcheck,solidity,2022/11/14,20260213_1744,1771004818.5430768,5.435332536697388,0,"{SOLIDITY_ADDRESS_HARDCODED,SOLIDITY_PRAGMAS_VERSION,SOLIDITY_PRIVATE_MODIFIER_DONT_HIDE_DATA,SOLIDITY_UPGRADE_TO_050,SOLIDITY_VISIBILITY}",{},{},{}
contracts_output/contracts_output/codellama_with_rag_contracts/146.sol,146.sol,smartcheck,solidity,2022/11/14,20260213_1744,1771005002.6886616,5.871248245239258,0,"{SOLIDITY_ADDRESS_HARDCODED,SOLIDITY_PRAGMAS_VERSION,SOLIDITY_PRIVATE_MODIFIER_DONT_HIDE_DATA,SOLIDITY_UPGRADE_TO_050,SOLIDITY_VISIBILITY}",{},{},{}
contracts_output/contracts_output/codellama_with_rag_contracts/1493.sol,1493.sol,smartcheck,solidity,2022/11/14,20260213_1744,1771005073.7415867,5.835474729537964,0,"{SOLIDITY_OVERPOWERED_ROLE,SOLIDITY_PRAGMAS_VERSION,SOLIDITY_PRIVATE_MODIFIER_DONT_HIDE_DATA,SOLIDITY_VISIBILITY}",{},{},{}
contracts_output/contracts_output/codellama_with_rag_contracts/1522.sol,1522.sol,smartcheck,solidity,2022/11/14,20260213_1744,1771004862.3804445,5.383763551712036,0,"{SOLIDITY_ADDRESS_HARDCODED,SOLIDITY_PRAGMAS_VERSION,SOLIDITY_PRIVATE_MODIFIER_DONT_HIDE_DATA,SOLIDITY_UPGRADE_TO_050,SOLIDITY_VISIBILITY}",{},{},{}
contracts_output/contracts_output/codellama_with_rag_contracts/153.sol,153.sol,smartcheck,solidity,2022/11/14,20260213_1744,1771004881.4958282,5.408693313598633,0,"{SOLIDITY_ADDRESS_HARDCODED,SOLIDITY_PRAGMAS_VERSION,SOLIDITY_PRIVATE_MODIFIER_DONT_HIDE_DATA,SOLIDITY_UPGRADE_TO_050,SOLIDITY_VISIBILITY}",{},{},{}
contracts_output/contracts_output/codellama_with_rag_contracts/1531.sol,1531.sol,smartcheck,solidity,2022/11/14,20260213_1744,1771004771.4805815,4.986309766769409,0,"{SOLIDITY_ADDRESS_HARDCODED,SOLIDITY_PRAGMAS_VERSION,SOLIDITY_PRIVATE_MODIFIER_DONT_HIDE_DATA,SOLIDITY_UPGRADE_TO_050,SOLIDITY_VISIBILITY}",{},{},{}
contracts_output/contracts_output/codellama_with_rag_contracts/1558.sol,1558.sol,smartcheck,solidity,2022/11/14,20260213_1744,1771004816.071843,5.5233190059661865,0,"{SOLIDITY_ADDRESS_HARDCODED,SOLIDITY_PRAGMAS_VERSION,SOLIDITY_PRIVATE_MODIFIER_DONT_HIDE_DATA,SOLIDITY_UPGRADE_TO_050,SOLIDITY_VISIBILITY}",{},{},{}
contracts_output/contracts_output/codellama_with_rag_contracts/1565.sol,1565.sol,smartcheck,solidity,2022/11/14,20260213_1744,1771004880.4663336,7.998849868774414,0,"{SOLIDITY_ADDRESS_HARDCODED,SOLIDITY_PRAGMAS_VERSION,SOLIDITY_PRIVATE_MODIFIER_DONT_HIDE_DATA,SOLIDITY_UPGRADE_TO_050,SOLIDITY_VISIBILITY}",{},{},{}
contracts_output/contracts_output/codellama_with_rag_contracts/1587.sol,1587.sol,smartcheck,solidity,2022/11/14,20260213_1744,1771004783.809944,4.304295539855957,0,"{SOLIDITY_ADDRESS_HARDCODED,SOLIDITY_PRAGMAS_VERSION,SOLIDITY_PRIVATE_MODIFIER_DONT_HIDE_DATA,SOLIDITY_UPGRADE_TO_050,SOLIDITY_VISIBILITY}",{},{},{}
contracts_output/contracts_output/codellama_with_rag_contracts/1589.sol,1589.sol,smartcheck,solidity,2022/11/14,20260213_1744,1771004735.5153499,6.806551694869995,0,"{SOLIDITY_ADDRESS_HARDCODED,SOLIDITY_PRAGMAS_VERSION,SOLIDITY_PRIVATE_MODIFIER_DONT_HIDE_DATA,SOLIDITY_UPGRADE_TO_050,SOLIDITY_VISIBILITY}",{},{},{}
contracts_output/contracts_output/codellama_with_rag_contracts/1597.sol,1597.sol,smartcheck,solidity,2022/11/14,20260213_1744,1771005059.656694,5.3802947998046875,0,"{SOLIDITY_ADDRESS_HARDCODED,SOLIDITY_LOCKED_MONEY,SOLIDITY_PRAGMAS_VERSION,SOLIDITY_PRIVATE_MODIFIER_DONT_HIDE_DATA,SOLIDITY_UPGRADE_TO_050,SOLIDITY_VISIBILITY}",{},{},{}
contracts_output/contracts_output/codellama_with_rag_contracts/1600.sol,1600.sol,smartcheck,solidity,2022/11/14,20260213_1744,1771004933.0153818,5.020426034927368,0,"{SOLIDITY_ADDRESS_HARDCODED,SOLIDITY_OVERPOWERED_ROLE,SOLIDITY_PRAGMAS_VERSION,SOLIDITY_PRIVATE_MODIFIER_DONT_HIDE_DATA,SOLIDITY_UPGRADE_TO_050,SOLIDITY_VISIBILITY}",{},{},{}
contracts_output/contracts_output/codellama_with_rag_contracts/1609.sol,1609.sol,smartcheck,solidity,2022/11/14,20260213_1744,1771005051.4682853,5.176244735717773,0,"{SOLIDITY_ADDRESS_HARDCODED,SOLIDITY_PRAGMAS_VERSION,SOLIDITY_PRIVATE_MODIFIER_DONT_HIDE_DATA,SOLIDITY_UPGRADE_TO_050,SOLIDITY_VISIBILITY}",{},{},{}
contracts_output/contracts_output/codellama_with_rag_contracts/1613.sol,1613.sol,smartcheck,solidity,2022/11/14,20260213_1744,1771004925.5956635,5.618611812591553,0,"{SOLIDITY_ADDRESS_HARDCODED,SOLIDITY_PRAGMAS_VERSION,SOLIDITY_PRIVATE_MODIFIER_DONT_HIDE_DATA,SOLIDITY_SHOULD_RETURN_STRUCT,SOLIDITY_UPGRADE_TO_050,SOLIDITY_VISIBILITY}",{},{},{}
contracts_output/contracts_output/codellama_with_rag_contracts/1617.sol,1617.sol,smartcheck,solidity,2022/11/14,20260213_1744,1771004929.800651,5.005021095275879,0,"{SOLIDITY_ADDRESS_HARDCODED,SOLIDITY_PRAGMAS_VERSION,SOLIDITY_PRIVATE_MODIFIER_DONT_HIDE_DATA,SOLIDITY_UPGRADE_TO_050,SOLIDITY_VISIBILITY}",{},{},{}
contracts_output/contracts_output/codellama_with_rag_contracts/1642.sol,1642.sol,smartcheck,solidity,2022/11/14,20260213_1744,1771004917.9107192,5.593256950378418,0,"{SOLIDITY_ADDRESS_HARDCODED,SOLIDITY_PRAGMAS_VERSION,SOLIDITY_PRIVATE_MODIFIER_DONT_HIDE_DATA,SOLIDITY_UPGRADE_TO_050,SOLIDITY_VISIBILITY}",{},{},{}
contracts_output/contracts_output/codellama_with_rag_contracts/1644.sol,1644.sol,smartcheck,solidity,2022/11/14,20260213_1744,1771004704.0484138,4.870057821273804,0,"{SOLIDITY_ADDRESS_HARDCODED,SOLIDITY_PRAGMAS_VERSION,SOLIDITY_PRIVATE_MODIFIER_DONT_HIDE_DATA,SOLIDITY_UPGRADE_TO_050,SOLIDITY_VISIBILITY}",{},{},{}
contracts_output/contracts_output/codellama_with_rag_contracts/1662.sol,1662.sol,smartcheck,solidity,2022/11/14,20260213_1744,1771004853.020903,4.35847806930542,0,"{SOLIDITY_ADDRESS_HARDCODED,SOLIDITY_PRAGMAS_VERSION,SOLIDITY_PRIVATE_MODIFIER_DONT_HIDE_DATA,SOLIDITY_SHOULD_RETURN_STRUCT,SOLIDITY_UPGRADE_TO_050,SOLIDITY_VISIBILITY}",{},{},{}
contracts_output/contracts_output/codellama_with_rag_contracts/1663.sol,1663.sol,smartcheck,solidity,2022/11/14,20260213_1744,1771004894.9582639,6.2101945877075195,0,"{SOLIDITY_ADDRESS_HARDCODED,SOLIDITY_PRAGMAS_VERSION,SOLIDITY_PRIVATE_MODIFIER_DONT_HIDE_DATA,SOLIDITY_UPGRADE_TO_050,SOLIDITY_VISIBILITY}",{},{},{}
contracts_output/contracts_output/codellama_with_rag_contracts/170.sol,170.sol,smartcheck,solidity,2022/11/14,20260213_1744,1771005058.247898,6.98295783996582,0,"{SOLIDITY_ADDRESS_HARDCODED,SOLIDITY_PRAGMAS_VERSION,SOLIDITY_PRIVATE_MODIFIER_DONT_HIDE_DATA,SOLIDITY_UPGRADE_TO_050,SOLIDITY_VISIBILITY}",{},{},{}
contracts_output/contracts_output/codellama_with_rag_contracts/1700.sol,1700.sol,smartcheck,solidity,2022/11/14,20260213_1744,1771004804.7272515,4.699594974517822,0,"{SOLIDITY_ADDRESS_HARDCODED,SOLIDITY_PRAGMAS_VERSION,SOLIDITY_PRIVATE_MODIFIER_DONT_HIDE_DATA,SOLIDITY_UPGRADE_TO_050,SOLIDITY_VISIBILITY}",{},{},{}
contracts_output/contracts_output/codellama_with_rag_contracts/1722.sol,1722.sol,smartcheck,solidity,2022/11/14,20260213_1744,1771004834.980269,5.363188028335571,0,"{SOLIDITY_ADDRESS_HARDCODED,SOLIDITY_LOCKED_MONEY,SOLIDITY_PRAGMAS_VERSION,SOLIDITY_PRIVATE_MODIFIER_DONT_HIDE_DATA,SOLIDITY_UPGRADE_TO_050,SOLIDITY_VISIBILITY}",{},{},{}
contracts_output/contracts_output/codellama_with_rag_contracts/1735.sol,1735.sol,smartcheck,solidity,2022/11/14,20260213_1744,1771004870.7832928,5.470901012420654,0,"{SOLIDITY_ADDRESS_HARDCODED,SOLIDITY_LOCKED_MONEY,SOLIDITY_OVERPOWERED_ROLE,SOLIDITY_PRAGMAS_VERSION,SOLIDITY_PRIVATE_MODIFIER_DONT_HIDE_DATA,SOLIDITY_UPGRADE_TO_050,SOLIDITY_VISIBILITY}",{},{},{}
contracts_output/contracts_output/codellama_with_rag_contracts/1777.sol,1777.sol,smartcheck,solidity,2022/11/14,20260213_1744,1771004862.1101952,6.003976583480835,0,"{SOLIDITY_ADDRESS_HARDCODED,SOLIDITY_PRAGMAS_VERSION,SOLIDITY_PRIVATE_MODIFIER_DONT_HIDE_DATA,SOLIDITY_UPGRADE_TO_050,SOLIDITY_VISIBILITY}",{},{},{}
contracts_output/contracts_output/codellama_with_rag_contracts/1782.sol,1782.sol,smartcheck,solidity,2022/11/14,20260213_1744,1771005013.5671403,5.38040566444397,0,"{SOLIDITY_ADDRESS_HARDCODED,SOLIDITY_PRAGMAS_VERSION,SOLIDITY_SHOULD_RETURN_STRUCT,SOLIDITY_VISIBILITY}",{},{},{}
contracts_output/contracts_output/codellama_with_rag_contracts/1790.sol,1790.sol,smartcheck,solidity,2022/11/14,20260213_1744,1771004785.409024,5.658899545669556,0,"{SOLIDITY_ADDRESS_HARDCODED,SOLIDITY_EXTRA_GAS_IN_LOOPS,SOLIDITY_PRAGMAS_VERSION,SOLIDITY_PRIVATE_MODIFIER_DONT_HIDE_DATA,SOLIDITY_UPGRADE_TO_050,SOLIDITY_VISIBILITY}",{},{},{}
contracts_output/contracts_output/codellama_with_rag_contracts/1809.sol,1809.sol,smartcheck,solidity,2022/11/14,20260213_1744,1771004686.211198,4.405375003814697,0,"{SOLIDITY_PRAGMAS_VERSION,SOLIDITY_PRIVATE_MODIFIER_DONT_HIDE_DATA,SOLIDITY_VISIBILITY}",{},{},{}
contracts_output/contracts_output/codellama_with_rag_contracts/1814.sol,1814.sol,smartcheck,solidity,2022/11/14,20260213_1744,1771004870.978114,4.973334312438965,0,"{SOLIDITY_ADDRESS_HARDCODED,SOLIDITY_LOCKED_MONEY,SOLIDITY_OVERPOWERED_ROLE,SOLIDITY_PRAGMAS_VERSION,SOLIDITY_PRIVATE_MODIFIER_DONT_HIDE_DATA,SOLIDITY_UPGRADE_TO_050,SOLIDITY_VISIBILITY}",{},{},{}
contracts_output/contracts_output/codellama_with_rag_contracts/1824.sol,1824.sol,smartcheck,solidity,2022/11/14,20260213_1744,1771005002.180982,7.3290510177612305,0,"{SOLIDITY_ADDRESS_HARDCODED,SOLIDITY_PRAGMAS_VERSION,SOLIDITY_PRIVATE_MODIFIER_DONT_HIDE_DATA,SOLIDITY_UPGRADE_TO_050,SOLIDITY_VISIBILITY}",{},{},{}
contracts_output/contracts_output/codellama_with_rag_contracts/1832.sol,1832.sol,smartcheck,solidity,2022/11/14,20260213_1744,1771004952.7648633,4.780381917953491,0,{SOLIDITY_PRAGMAS_VERSION},{},{},{}
contracts_output/contracts_output/codellama_with_rag_contracts/1838.sol,1838.sol,smartcheck,solidity,2022/11/14,20260213_1744,1771004880.0990522,4.235835313796997,0,"{SOLIDITY_ADDRESS_HARDCODED,SOLIDITY_PRAGMAS_VERSION,SOLIDITY_PRIVATE_MODIFIER_DONT_HIDE_DATA,SOLIDITY_UPGRADE_TO_050,SOLIDITY_VISIBILITY}",{},{},{}
contracts_output/contracts_output/codellama_with_rag_contracts/1872.sol,1872.sol,smartcheck,solidity,2022/11/14,20260213_1744,1771004803.7436328,4.524518966674805,0,"{SOLIDITY_ADDRESS_HARDCODED,SOLIDITY_PRAGMAS_VERSION,SOLIDITY_PRIVATE_MODIFIER_DONT_HIDE_DATA,SOLIDITY_UPGRADE_TO_050,SOLIDITY_VISIBILITY}",{},{},{}
contracts_output/contracts_output/codellama_with_rag_contracts/1877.sol,1877.sol,smartcheck,solidity,2022/11/14,20260213_1744,1771004700.6585338,4.775234222412109,0,"{SOLIDITY_ADDRESS_HARDCODED,SOLIDITY_PRAGMAS_VERSION,SOLIDITY_PRIVATE_MODIFIER_DONT_HIDE_DATA,SOLIDITY_UPGRADE_TO_050,SOLIDITY_VISIBILITY}",{},{},{}
contracts_output/contracts_output/codellama_with_rag_contracts/189.sol,189.sol,smartcheck,solidity,2022/11/14,20260213_1744,1771004686.344824,4.907821893692017,0,{SOLIDITY_PRAGMAS_VERSION},{},{},{}
contracts_output/contracts_output/codellama_with_rag_contracts/1905.sol,1905.sol,smartcheck,solidity,2022/11/14,20260213_1744,1771004686.2351925,4.237809419631958,0,"{SOLIDITY_ADDRESS_HARDCODED,SOLIDITY_PRAGMAS_VERSION,SOLIDITY_PRIVATE_MODIFIER_DONT_HIDE_DATA,SOLIDITY_UPGRADE_TO_050,SOLIDITY_VISIBILITY}",{},{},{}
contracts_output/contracts_output/codellama_with_rag_contracts/191.sol,191.sol,smartcheck,solidity,2022/11/14,20260213_1744,1771004926.342688,5.2918314933776855,0,"{SOLIDITY_ADDRESS_HARDCODED,SOLIDITY_OVERPOWERED_ROLE,SOLIDITY_PRAGMAS_VERSION,SOLIDITY_PRIVATE_MODIFIER_DONT_HIDE_DATA,SOLIDITY_UPGRADE_TO_050,SOLIDITY_VISIBILITY}",{},{},{}
contracts_output/contracts_output/codellama_with_rag_contracts/1924.sol,1924.sol,smartcheck,solidity,2022/11/14,20260213_1744,1771005080.3512008,6.0701375007629395,0,"{SOLIDITY_PRAGMAS_VERSION,SOLIDITY_VISIBILITY}",{},{},{}
contracts_output/contracts_output/codellama_with_rag_contracts/1926.sol,1926.sol,smartcheck,solidity,2022/11/14,20260213_1744,1771004892.2274728,5.751044034957886,0,"{SOLIDITY_ADDRESS_HARDCODED,SOLIDITY_PRAGMAS_VERSION,SOLIDITY_PRIVATE_MODIFIER_DONT_HIDE_DATA,SOLIDITY_VISIBILITY}",{},{},{}
contracts_output/contracts_output/codellama_with_rag_contracts/1932.sol,1932.sol,smartcheck,solidity,2022/11/14,20260213_1744,1771004916.8061101,5.934314966201782,0,"{SOLIDITY_ADDRESS_HARDCODED,SOLIDITY_PRAGMAS_VERSION,SOLIDITY_PRIVATE_MODIFIER_DONT_HIDE_DATA,SOLIDITY_UPGRADE_TO_050,SOLIDITY_VISIBILITY}",{},{},{}
contracts_output/contracts_output/codellama_with_rag_contracts/1962.sol,1962.sol,smartcheck,solidity,2022/11/14,20260213_1744,1771005044.8112638,6.417612552642822,0,"{SOLIDITY_ADDRESS_HARDCODED,SOLIDITY_PRAGMAS_VERSION,SOLIDITY_PRIVATE_MODIFIER_DONT_HIDE_DATA,SOLIDITY_UPGRADE_TO_050,SOLIDITY_VISIBILITY}",{},{},{}
contracts_output/contracts_output/codellama_with_rag_contracts/1979.sol,1979.sol,smartcheck,solidity,2022/11/14,20260213_1744,1771004984.6159213,5.274078845977783,0,"{SOLIDITY_PRAGMAS_VERSION,SOLIDITY_VISIBILITY}",{},{},{}
contracts_output/contracts_output/codellama_with_rag_contracts/1993.sol,1993.sol,smartcheck,solidity,2022/11/14,20260213_1744,1771005061.7097058,6.641699314117432,0,"{SOLIDITY_ADDRESS_HARDCODED,SOLIDITY_PRAGMAS_VERSION,SOLIDITY_PRIVATE_MODIFIER_DONT_HIDE_DATA,SOLIDITY_UPGRADE_TO_050,SOLIDITY_VISIBILITY}",{},{},{}
contracts_output/contracts_output/codellama_with_rag_contracts/2003.sol,2003.sol,smartcheck,solidity,2022/11/14,20260213_1744,1771004735.378034,6.175763368606567,0,"{SOLIDITY_ADDRESS_HARDCODED,SOLIDITY_PRAGMAS_VERSION,SOLIDITY_PRIVATE_MODIFIER_DONT_HIDE_DATA,SOLIDITY_UPGRADE_TO_050,SOLIDITY_VISIBILITY}",{},{},{}
contracts_output/contracts_output/codellama_with_rag_contracts/2019.sol,2019.sol,smartcheck,solidity,2022/11/14,20260213_1744,1771004837.8124826,4.943527936935425,0,"{SOLIDITY_ADDRESS_HARDCODED,SOLIDITY_ERC20_TRANSFER_SHOULD_THROW,SOLIDITY_PRAGMAS_VERSION,SOLIDITY_PRIVATE_MODIFIER_DONT_HIDE_DATA,SOLIDITY_UPGRADE_TO_050,SOLIDITY_VISIBILITY}",{},{},{}
contracts_output/contracts_output/codellama_with_rag_contracts/2044.sol,2044.sol,smartcheck,solidity,2022/11/14,20260213_1744,1771005001.551695,6.57258677482605,0,"{SOLIDITY_PRAGMAS_VERSION,SOLIDITY_VISIBILITY}",{},{},{}
contracts_output/contracts_output/codellama_with_rag_contracts/2053.sol,2053.sol,smartcheck,solidity,2022/11/14,20260213_1744,1771004797.0677006,5.653083324432373,0,"{SOLIDITY_ADDRESS_HARDCODED,SOLIDITY_LOCKED_MONEY,SOLIDITY_PRAGMAS_VERSION,SOLIDITY_PRIVATE_MODIFIER_DONT_HIDE_DATA,SOLIDITY_UPGRADE_TO_050,SOLIDITY_VISIBILITY}",{},{},{}
contracts_output/contracts_output/codellama_with_rag_contracts/2061.sol,2061.sol,smartcheck,solidity,2022/11/14,20260213_1744,1771004802.772518,5.453143358230591,0,"{SOLIDITY_ADDRESS_HARDCODED,SOLIDITY_PRAGMAS_VERSION,SOLIDITY_PRIVATE_MODIFIER_DONT_HIDE_DATA,SOLIDITY_UPGRADE_TO_050,SOLIDITY_VISIBILITY}",{},{},{}
contracts_output/contracts_output/codellama_with_rag_contracts/2081.sol,2081.sol,smartcheck,solidity,2022/11/14,20260213_1744,1771004943.8105936,5.680720806121826,0,"{SOLIDITY_ADDRESS_HARDCODED,SOLIDITY_PRAGMAS_VERSION,SOLIDITY_PRIVATE_MODIFIER_DONT_HIDE_DATA,SOLIDITY_UPGRADE_TO_050,SOLIDITY_VISIBILITY}",{},{},{}
contracts_output/contracts_output/codellama_with_rag_contracts/2092.sol,2092.sol,smartcheck,solidity,2022/11/14,20260213_1744,1771004941.4046068,5.577041149139404,0,"{SOLIDITY_ADDRESS_HARDCODED,SOLIDITY_PRAGMAS_VERSION,SOLIDITY_PRIVATE_MODIFIER_DONT_HIDE_DATA,SOLIDITY_UPGRADE_TO_050,SOLIDITY_VISIBILITY}",{},{},{}
contracts_output/contracts_output/codellama_with_rag_contracts/2093.sol,2093.sol,smartcheck,solidity,2022/11/14,20260213_1744,1771004932.6774778,5.721261978149414,0,"{SOLIDITY_ADDRESS_HARDCODED,SOLIDITY_PRAGMAS_VERSION,SOLIDITY_PRIVATE_MODIFIER_DONT_HIDE_DATA,SOLIDITY_SHOULD_RETURN_STRUCT,SOLIDITY_UPGRADE_TO_050,SOLIDITY_VISIBILITY}",{},{},{}
contracts_output/contracts_output/codellama_with_rag_contracts/211.sol,211.sol,smartcheck,solidity,2022/11/14,20260213_1744,1771004883.5384011,6.343327045440674,0,"{SOLIDITY_ADDRESS_HARDCODED,SOLIDITY_PRAGMAS_VERSION,SOLIDITY_PRIVATE_MODIFIER_DONT_HIDE_DATA,SOLIDITY_UPGRADE_TO_050,SOLIDITY_VISIBILITY}",{},{},{}
contracts_output/contracts_output/codellama_with_rag_contracts/2110.sol,2110.sol,smartcheck,solidity,2022/11/14,20260213_1744,1771004846.4057307,5.652675628662109,0,"{SOLIDITY_ADDRESS_HARDCODED,SOLIDITY_OVERPOWERED_ROLE,SOLIDITY_PRAGMAS_VERSION,SOLIDITY_PRIVATE_MODIFIER_DONT_HIDE_DATA,SOLIDITY_UPGRADE_TO_050,SOLIDITY_VISIBILITY}",{},{},{}
contracts_output/contracts_output/codellama_with_rag_contracts/2112.sol,2112.sol,smartcheck,solidity,2022/11/14,20260213_1744,1771005082.688219,5.692205190658569,0,"{SOLIDITY_ADDRESS_HARDCODED,SOLIDITY_PRAGMAS_VERSION,SOLIDITY_PRIVATE_MODIFIER_DONT_HIDE_DATA,SOLIDITY_UPGRADE_TO_050,SOLIDITY_VISIBILITY}",{},{},{}
contracts_output/contracts_output/codellama_with_rag_contracts/2119.sol,2119.sol,smartcheck,solidity,2022/11/14,20260213_1744,1771004891.3033245,5.748873233795166,0,"{SOLIDITY_ADDRESS_HARDCODED,SOLIDITY_PRAGMAS_VERSION,SOLIDITY_PRIVATE_MODIFIER_DONT_HIDE_DATA,SOLIDITY_UPGRADE_TO_050,SOLIDITY_VISIBILITY}",{},{},{}
contracts_output/contracts_output/codellama_with_rag_contracts/213.sol,213.sol,smartcheck,solidity,2022/11/14,20260213_1744,1771004812.4866378,5.899096727371216,0,"{SOLIDITY_ADDRESS_HARDCODED,SOLIDITY_EXTRA_GAS_IN_LOOPS,SOLIDITY_GAS_LIMIT_IN_LOOPS,SOLIDITY_PRAGMAS_VERSION,SOLIDITY_PRIVATE_MODIFIER_DONT_HIDE_DATA,SOLIDITY_UPGRADE_TO_050,SOLIDITY_VISIBILITY}",{},{},{}
contracts_output/contracts_output/codellama_with_rag_contracts/2141.sol,2141.sol,smartcheck,solidity,2022/11/14,20260213_1744,1771004701.8517735,4.290830373764038,0,"{SOLIDITY_ADDRESS_HARDCODED,SOLIDITY_PRAGMAS_VERSION,SOLIDITY_PRIVATE_MODIFIER_DONT_HIDE_DATA,SOLIDITY_UPGRADE_TO_050,SOLIDITY_VISIBILITY}",{},{},{}
contracts_output/contracts_output/codellama_with_rag_contracts/2199.sol,2199.sol,smartcheck,solidity,2022/11/14,20260213_1744,1771005003.095557,4.450348854064941,0,"{SOLIDITY_PRAGMAS_VERSION,SOLIDITY_VISIBILITY}",{},{},{}
contracts_output/contracts_output/codellama_with_rag_contracts/2205.sol,2205.sol,smartcheck,solidity,2022/11/14,20260213_1744,1771004770.4033182,5.737043857574463,0,"{SOLIDITY_PRAGMAS_VERSION,SOLIDITY_VISIBILITY}",{},{},{}
contracts_output/contracts_output/codellama_with_rag_contracts/2209.sol,2209.sol,smartcheck,solidity,2022/11/14,20260213_1744,1771004706.5405042,4.881030321121216,0,"{SOLIDITY_ADDRESS_HARDCODED,SOLIDITY_EXTRA_GAS_IN_LOOPS,SOLIDITY_GAS_LIMIT_IN_LOOPS,SOLIDITY_PRAGMAS_VERSION,SOLIDITY_PRIVATE_MODIFIER_DONT_HIDE_DATA,SOLIDITY_UPGRADE_TO_050,SOLIDITY_VISIBILITY}",{},{},{}
contracts_output/contracts_output/codellama_with_rag_contracts/2215.sol,2215.sol,smartcheck,solidity,2022/11/14,20260213_1744,1771005063.509207,5.4822142124176025,0,"{SOLIDITY_ADDRESS_HARDCODED,SOLIDITY_PRAGMAS_VERSION,SOLIDITY_PRIVATE_MODIFIER_DONT_HIDE_DATA,SOLIDITY_UPGRADE_TO_050,SOLIDITY_VISIBILITY}",{},{},{}
contracts_output/contracts_output/codellama_with_rag_contracts/2223.sol,2223.sol,smartcheck,solidity,2022/11/14,20260213_1744,1771004977.7321212,6.555223703384399,0,"{SOLIDITY_ADDRESS_HARDCODED,SOLIDITY_EXTRA_GAS_IN_LOOPS,SOLIDITY_GAS_LIMIT_IN_LOOPS,SOLIDITY_PRAGMAS_VERSION,SOLIDITY_PRIVATE_MODIFIER_DONT_HIDE_DATA,SOLIDITY_UPGRADE_TO_050,SOLIDITY_VISIBILITY}",{},{},{}
contracts_output/contracts_output/codellama_with_rag_contracts/223.sol,223.sol,smartcheck,solidity,2022/11/14,20260213_1744,1771004751.0593708,6.294325351715088,0,"{SOLIDITY_ADDRESS_HARDCODED,SOLIDITY_PRAGMAS_VERSION,SOLIDITY_PRIVATE_MODIFIER_DONT_HIDE_DATA,SOLIDITY_SHOULD_RETURN_STRUCT,SOLIDITY_UPGRADE_TO_050,SOLIDITY_VISIBILITY}",{},{},{}
contracts_output/contracts_output/codellama_with_rag_contracts/2236.sol,2236.sol,smartcheck,solidity,2022/11/14,20260213_1744,1771004786.976059,6.417364120483398,0,"{SOLIDITY_ADDRESS_HARDCODED,SOLIDITY_PRAGMAS_VERSION,SOLIDITY_PRIVATE_MODIFIER_DONT_HIDE_DATA,SOLIDITY_UPGRADE_TO_050,SOLIDITY_VISIBILITY}",{},{},{}
contracts_output/contracts_output/codellama_with_rag_contracts/2241.sol,2241.sol,smartcheck,solidity,2022/11/14,20260213_1744,1771004710.9905193,5.659282684326172,0,"{SOLIDITY_ADDRESS_HARDCODED,SOLIDITY_PRAGMAS_VERSION,SOLIDITY_PRIVATE_MODIFIER_DONT_HIDE_DATA,SOLIDITY_UPGRADE_TO_050,SOLIDITY_VISIBILITY}",{},{},{}
contracts_output/contracts_output/codellama_with_rag_contracts/2268.sol,2268.sol,smartcheck,solidity,2022/11/14,20260213_1744,1771005084.9600158,4.871411561965942,0,"{SOLIDITY_ADDRESS_HARDCODED,SOLIDITY_PRAGMAS_VERSION,SOLIDITY_VISIBILITY}",{},{},{}
contracts_output/contracts_output/codellama_with_rag_contracts/2271.sol,2271.sol,smartcheck,solidity,2022/11/14,20260213_1744,1771004690.6209433,5.097387790679932,0,"{SOLIDITY_ADDRESS_HARDCODED,SOLIDITY_LOCKED_MONEY,SOLIDITY_PRAGMAS_VERSION,SOLIDITY_PRIVATE_MODIFIER_DONT_HIDE_DATA,SOLIDITY_UPGRADE_TO_050,SOLIDITY_VISIBILITY}",{},{},{}
contracts_output/contracts_output/codellama_with_rag_contracts/2278.sol,2278.sol,smartcheck,solidity,2022/11/14,20260213_1744,1771004931.9684634,5.553394794464111,0,"{SOLIDITY_PRAGMAS_VERSION,SOLIDITY_VISIBILITY}",{},{},{}
contracts_output/contracts_output/codellama_with_rag_contracts/2295.sol,2295.sol,smartcheck,solidity,2022/11/14,20260213_1744,1771004810.4687643,6.4527506828308105,0,"{SOLIDITY_PRAGMAS_VERSION,SOLIDITY_VISIBILITY}",{},{},{}
contracts_output/contracts_output/codellama_with_rag_contracts/2308.sol,2308.sol,smartcheck,solidity,2022/11/14,20260213_1744,1771004964.426055,5.614889860153198,0,"{SOLIDITY_ADDRESS_HARDCODED,SOLIDITY_PRAGMAS_VERSION,SOLIDITY_PRIVATE_MODIFIER_DONT_HIDE_DATA,SOLIDITY_UPGRADE_TO_050,SOLIDITY_VISIBILITY}",{},{},{}
contracts_output/contracts_output/codellama_with_rag_contracts/2313.sol,2313.sol,smartcheck,solidity,2022/11/14,20260213_1744,1771004895.6800847,6.103331565856934,0,"{SOLIDITY_ADDRESS_HARDCODED,SOLIDITY_PRAGMAS_VERSION,SOLIDITY_PRIVATE_MODIFIER_DONT_HIDE_DATA,SOLIDITY_UPGRADE_TO_050,SOLIDITY_VISIBILITY}",{},{},{}
contracts_output/contracts_output/codellama_with_rag_contracts/232.sol,232.sol,smartcheck,solidity,2022/11/14,20260213_1744,1771004748.0983078,4.914519309997559,0,"{SOLIDITY_ADDRESS_HARDCODED,SOLIDITY_EXTRA_GAS_IN_LOOPS,SOLIDITY_PRAGMAS_VERSION,SOLIDITY_PRIVATE_MODIFIER_DONT_HIDE_DATA,SOLIDITY_UPGRADE_TO_050,SOLIDITY_VISIBILITY}",{},{},{}
contracts_output/contracts_output/codellama_with_rag_contracts/2321.sol,2321.sol,smartcheck,solidity,2022/11/14,20260213_1744,1771004868.1177526,5.1211841106414795,0,"{SOLIDITY_ADDRESS_HARDCODED,SOLIDITY_PRAGMAS_VERSION,SOLIDITY_PRIVATE_MODIFIER_DONT_HIDE_DATA,SOLIDITY_UPGRADE_TO_050,SOLIDITY_VISIBILITY}",{},{},{}
contracts_output/contracts_output/codellama_with_rag_contracts/2323.sol,2323.sol,smartcheck,solidity,2022/11/14,20260213_1744,1771004858.6316345,4.204673528671265,0,"{SOLIDITY_ADDRESS_HARDCODED,SOLIDITY_PRAGMAS_VERSION,SOLIDITY_PRIVATE_MODIFIER_DONT_HIDE_DATA,SOLIDITY_UPGRADE_TO_050,SOLIDITY_VISIBILITY}",{},{},{}
contracts_output/contracts_output/codellama_with_rag_contracts/2354.sol,2354.sol,smartcheck,solidity,2022/11/14,20260213_1744,1771004902.7677867,6.405500888824463,0,"{SOLIDITY_ADDRESS_HARDCODED,SOLIDITY_PRAGMAS_VERSION,SOLIDITY_VISIBILITY}",{},{},{}
contracts_output/contracts_output/codellama_with_rag_contracts/2359.sol,2359.sol,smartcheck,solidity,2022/11/14,20260213_1744,1771004956.066211,5.638399839401245,0,"{SOLIDITY_ADDRESS_HARDCODED,SOLIDITY_PRAGMAS_VERSION,SOLIDITY_PRIVATE_MODIFIER_DONT_HIDE_DATA,SOLIDITY_UPGRADE_TO_050,SOLIDITY_VISIBILITY}",{},{},{}
contracts_output/contracts_output/codellama_with_rag_contracts/2373.sol,2373.sol,smartcheck,solidity,2022/11/14,20260213_1744,1771004961.2372425,6.681164503097534,0,"{SOLIDITY_ADDRESS_HARDCODED,SOLIDITY_PRAGMAS_VERSION,SOLIDITY_PRIVATE_MODIFIER_DONT_HIDE_DATA,SOLIDITY_UPGRADE_TO_050,SOLIDITY_VISIBILITY}",{},{},{}
contracts_output/contracts_output/codellama_with_rag_contracts/2380.sol,2380.sol,smartcheck,solidity,2022/11/14,20260213_1744,1771005065.0386896,4.982550382614136,0,"{SOLIDITY_ADDRESS_HARDCODED,SOLIDITY_OVERPOWERED_ROLE,SOLIDITY_PRAGMAS_VERSION,SOLIDITY_PRIVATE_MODIFIER_DONT_HIDE_DATA,SOLIDITY_UPGRADE_TO_050,SOLIDITY_VISIBILITY}",{},{},{}
contracts_output/contracts_output/codellama_with_rag_contracts/239.sol,239.sol,smartcheck,solidity,2022/11/14,20260213_1744,1771005033.8660884,4.919034481048584,0,"{SOLIDITY_ADDRESS_HARDCODED,SOLIDITY_PRAGMAS_VERSION,SOLIDITY_PRIVATE_MODIFIER_DONT_HIDE_DATA,SOLIDITY_UPGRADE_TO_050,SOLIDITY_VISIBILITY}",{},{},{}
contracts_output/contracts_output/codellama_with_rag_contracts/2394.sol,2394.sol,smartcheck,solidity,2022/11/14,20260213_1744,1771004702.2528715,4.491384744644165,0,"{SOLIDITY_ADDRESS_HARDCODED,SOLIDITY_PRAGMAS_VERSION,SOLIDITY_PRIVATE_MODIFIER_DONT_HIDE_DATA,SOLIDITY_UPGRADE_TO_050,SOLIDITY_VISIBILITY}",{},{},{}
contracts_output/contracts_output/codellama_with_rag_contracts/2396.sol,2396.sol,smartcheck,solidity,2022/11/14,20260213_1744,1771004954.9159021,5.637662649154663,0,"{SOLIDITY_ADDRESS_HARDCODED,SOLIDITY_PRAGMAS_VERSION,SOLIDITY_PRIVATE_MODIFIER_DONT_HIDE_DATA,SOLIDITY_UPGRADE_TO_050,SOLIDITY_VISIBILITY}",{},{},{}
contracts_output/contracts_output/codellama_with_rag_contracts/240.sol,240.sol,smartcheck,solidity,2022/11/14,20260213_1744,1771005035.7431567,4.871577501296997,0,"{SOLIDITY_PRAGMAS_VERSION,SOLIDITY_VISIBILITY}",{},{},{}
contracts_output/contracts_output/codellama_with_rag_contracts/2419.sol,2419.sol,smartcheck,solidity,2022/11/14,20260213_1744,1771004688.0193594,4.235614538192749,0,"{SOLIDITY_ADDRESS_HARDCODED,SOLIDITY_PRAGMAS_VERSION,SOLIDITY_PRIVATE_MODIFIER_DONT_HIDE_DATA,SOLIDITY_UPGRADE_TO_050,SOLIDITY_VISIBILITY}",{},{},{}
contracts_output/contracts_output/codellama_with_rag_contracts/242.sol,242.sol,smartcheck,solidity,2022/11/14,20260213_1744,1771004846.988737,5.621567487716675,0,"{SOLIDITY_ADDRESS_HARDCODED,SOLIDITY_PRAGMAS_VERSION,SOLIDITY_VISIBILITY}",{},{},{}
contracts_output/contracts_output/codellama_with_rag_contracts/2424.sol,2424.sol,smartcheck,solidity,2022/11/14,20260213_1744,1771005080.732125,5.497685432434082,0,"{SOLIDITY_ADDRESS_HARDCODED,SOLIDITY_PRAGMAS_VERSION,SOLIDITY_PRIVATE_MODIFIER_DONT_HIDE_DATA,SOLIDITY_UPGRADE_TO_050,SOLIDITY_VISIBILITY}",{},{},{}
contracts_output/contracts_output/codellama_with_rag_contracts/243.sol,243.sol,smartcheck,solidity,2022/11/14,20260213_1744,1771004893.5981698,4.660402536392212,0,"{SOLIDITY_ADDRESS_HARDCODED,SOLIDITY_PRAGMAS_VERSION,SOLIDITY_PRIVATE_MODIFIER_DONT_HIDE_DATA,SOLIDITY_UPGRADE_TO_050,SOLIDITY_VISIBILITY}",{},{},{}
contracts_output/contracts_output/codellama_with_rag_contracts/2431.sol,2431.sol,smartcheck,solidity,2022/11/14,20260213_1744,1771004722.9798627,4.830319404602051,0,"{SOLIDITY_ADDRESS_HARDCODED,SOLIDITY_PRAGMAS_VERSION,SOLIDITY_VISIBILITY}",{},{},{}
contracts_output/contracts_output/codellama_with_rag_contracts/2433.sol,2433.sol,smartcheck,solidity,2022/11/14,20260213_1744,1771004795.077937,4.481510877609253,0,"{SOLIDITY_ADDRESS_HARDCODED,SOLIDITY_PRAGMAS_VERSION,SOLIDITY_SHOULD_RETURN_STRUCT,SOLIDITY_UPGRADE_TO_050,SOLIDITY_VISIBILITY}",{},{},{}
contracts_output/contracts_output/codellama_with_rag_contracts/2436.sol,2436.sol,smartcheck,solidity,2022/11/14,20260213_1744,1771005098.816635,5.296430587768555,0,"{SOLIDITY_ADDRESS_HARDCODED,SOLIDITY_PRAGMAS_VERSION,SOLIDITY_PRIVATE_MODIFIER_DONT_HIDE_DATA,SOLIDITY_UPGRADE_TO_050,SOLIDITY_VISIBILITY}",{},{},{}
contracts_output/contracts_output/codellama_with_rag_contracts/2439.sol,2439.sol,smartcheck,solidity,2022/11/14,20260213_1744,1771004746.8967853,6.734153509140015,0,"{SOLIDITY_ADDRESS_HARDCODED,SOLIDITY_PRAGMAS_VERSION,SOLIDITY_PRIVATE_MODIFIER_DONT_HIDE_DATA,SOLIDITY_UPGRADE_TO_050,SOLIDITY_VISIBILITY}",{},{},{}
contracts_output/contracts_output/codellama_with_rag_contracts/2463.sol,2463.sol,smartcheck,solidity,2022/11/14,20260213_1744,1771004690.3251028,5.2915260791778564,0,"{SOLIDITY_ADDRESS_HARDCODED,SOLIDITY_PRAGMAS_VERSION,SOLIDITY_PRIVATE_MODIFIER_DONT_HIDE_DATA,SOLIDITY_UPGRADE_TO_050,SOLIDITY_VISIBILITY}",{},{},{}
contracts_output/contracts_output/codellama_with_rag_contracts/2468.sol,2468.sol,smartcheck,solidity,2022/11/14,20260213_1744,1771005081.5956044,5.1031553745269775,0,"{SOLIDITY_ADDRESS_HARDCODED,SOLIDITY_PRAGMAS_VERSION,SOLIDITY_PRIVATE_MODIFIER_DONT_HIDE_DATA,SOLIDITY_UPGRADE_TO_050,SOLIDITY_VISIBILITY}",{},{},{}
contracts_output/contracts_output/codellama_with_rag_contracts/2473.sol,2473.sol,smartcheck,solidity,2022/11/14,20260213_1744,1771004823.3534274,4.478918075561523,0,"{SOLIDITY_ADDRESS_HARDCODED,SOLIDITY_PRAGMAS_VERSION}",{},{},{}
contracts_output/contracts_output/codellama_with_rag_contracts/2476.sol,2476.sol,smartcheck,solidity,2022/11/14,20260213_1744,1771004913.0650601,4.468634128570557,0,"{SOLIDITY_ADDRESS_HARDCODED,SOLIDITY_PRAGMAS_VERSION,SOLIDITY_PRIVATE_MODIFIER_DONT_HIDE_DATA,SOLIDITY_UPGRADE_TO_050,SOLIDITY_VISIBILITY}",{},{},{}
contracts_output/contracts_output/codellama_with_rag_contracts/2481.sol,2481.sol,smartcheck,solidity,2022/11/14,20260213_1744,1771004791.1296508,6.21728253364563,0,"{SOLIDITY_ADDRESS_HARDCODED,SOLIDITY_PRAGMAS_VERSION,SOLIDITY_PRIVATE_MODIFIER_DONT_HIDE_DATA,SOLIDITY_UPGRADE_TO_050,SOLIDITY_VISIBILITY}",{},{},{}
contracts_output/contracts_output/codellama_with_rag_contracts/2485.sol,2485.sol,smartcheck,solidity,2022/11/14,20260213_1744,1771005047.6446466,4.940847158432007,0,"{SOLIDITY_ADDRESS_HARDCODED,SOLIDITY_PRAGMAS_VERSION,SOLIDITY_PRIVATE_MODIFIER_DONT_HIDE_DATA,SOLIDITY_UPGRADE_TO_050,SOLIDITY_VISIBILITY}",{},{},{}
contracts_output/contracts_output/codellama_with_rag_contracts/2491.sol,2491.sol,smartcheck,solidity,2022/11/14,20260213_1744,1771004895.9934096,6.1521522998809814,0,"{SOLIDITY_ADDRESS_HARDCODED,SOLIDITY_PRAGMAS_VERSION,SOLIDITY_PRIVATE_MODIFIER_DONT_HIDE_DATA,SOLIDITY_UPGRADE_TO_050,SOLIDITY_VISIBILITY}",{},{},{}
contracts_output/contracts_output/codellama_with_rag_contracts/250.sol,250.sol,smartcheck,solidity,2022/11/14,20260213_1744,1771004950.4391413,4.514524698257446,0,"{SOLIDITY_OVERPOWERED_ROLE,SOLIDITY_PRAGMAS_VERSION}",{},{},{}
contracts_output/contracts_output/codellama_with_rag_contracts/2515.sol,2515.sol,smartcheck,solidity,2022/11/14,20260213_1744,1771004857.1642535,3.996964693069458,0,"{SOLIDITY_ADDRESS_HARDCODED,SOLIDITY_PRAGMAS_VERSION,SOLIDITY_PRIVATE_MODIFIER_DONT_HIDE_DATA,SOLIDITY_SHOULD_RETURN_STRUCT,SOLIDITY_UPGRADE_TO_050,SOLIDITY_VISIBILITY}",{},{},{}
contracts_output/contracts_output/codellama_with_rag_contracts/2521.sol,2521.sol,smartcheck,solidity,2022/11/14,20260213_1744,1771004820.054444,5.903888940811157,0,"{SOLIDITY_ADDRESS_HARDCODED,SOLIDITY_PRAGMAS_VERSION,SOLIDITY_PRIVATE_MODIFIER_DONT_HIDE_DATA,SOLIDITY_UPGRADE_TO_050,SOLIDITY_VISIBILITY}",{},{},{}
contracts_output/contracts_output/codellama_with_rag_contracts/2524.sol,2524.sol,smartcheck,solidity,2022/11/14,20260213_1744,1771005009.5131178,5.59975004196167,0,"{SOLIDITY_ADDRESS_HARDCODED,SOLIDITY_PRAGMAS_VERSION,SOLIDITY_PRIVATE_MODIFIER_DONT_HIDE_DATA,SOLIDITY_UPGRADE_TO_050,SOLIDITY_VISIBILITY}",{},{},{}
contracts_output/contracts_output/codellama_with_rag_contracts/2532.sol,2532.sol,smartcheck,solidity,2022/11/14,20260213_1744,1771004841.9947422,5.618404388427734,0,"{SOLIDITY_PRAGMAS_VERSION,SOLIDITY_PRIVATE_MODIFIER_DONT_HIDE_DATA}",{},{},{}
contracts_output/contracts_output/codellama_with_rag_contracts/2533.sol,2533.sol,smartcheck,solidity,2022/11/14,20260213_1744,1771004715.2706788,4.868940830230713,0,"{SOLIDITY_ADDRESS_HARDCODED,SOLIDITY_PRAGMAS_VERSION,SOLIDITY_PRIVATE_MODIFIER_DONT_HIDE_DATA,SOLIDITY_UPGRADE_TO_050,SOLIDITY_VISIBILITY}",{},{},{}
contracts_output/contracts_output/codellama_with_rag_contracts/2566.sol,2566.sol,smartcheck,solidity,2022/11/14,20260213_1744,1771004893.2383661,5.3008105754852295,0,"{SOLIDITY_ADDRESS_HARDCODED,SOLIDITY_PRAGMAS_VERSION,SOLIDITY_PRIVATE_MODIFIER_DONT_HIDE_DATA,SOLIDITY_UPGRADE_TO_050,SOLIDITY_VISIBILITY}",{},{},{}
contracts_output/contracts_output/codellama_with_rag_contracts/2581.sol,2581.sol,smartcheck,solidity,2022/11/14,20260213_1744,1771004979.316545,5.931710958480835,0,"{SOLIDITY_ADDRESS_HARDCODED,SOLIDITY_PRAGMAS_VERSION,SOLIDITY_PRIVATE_MODIFIER_DONT_HIDE_DATA,SOLIDITY_SAFEMATH,SOLIDITY_UPGRADE_TO_050,SOLIDITY_VISIBILITY}",{},{},{}
contracts_output/contracts_output/codellama_with_rag_contracts/2600.sol,2600.sol,smartcheck,solidity,2022/11/14,20260213_1744,1771004828.2522402,5.547912359237671,0,"{SOLIDITY_ADDRESS_HARDCODED,SOLIDITY_PRAGMAS_VERSION,SOLIDITY_PRIVATE_MODIFIER_DONT_HIDE_DATA,SOLIDITY_UPGRADE_TO_050,SOLIDITY_VISIBILITY}",{},{},{}
contracts_output/contracts_output/codellama_with_rag_contracts/2602.sol,2602.sol,smartcheck,solidity,2022/11/14,20260213_1744,1771004971.5066435,5.987530946731567,0,"{SOLIDITY_PRAGMAS_VERSION,SOLIDITY_PRIVATE_MODIFIER_DONT_HIDE_DATA}",{},{},{}
contracts_output/contracts_output/codellama_with_rag_contracts/2614.sol,2614.sol,smartcheck,solidity,2022/11/14,20260213_1744,1771004691.1889307,4.962555408477783,0,"{SOLIDITY_ADDRESS_HARDCODED,SOLIDITY_PRAGMAS_VERSION,SOLIDITY_PRIVATE_MODIFIER_DONT_HIDE_DATA,SOLIDITY_UPGRADE_TO_050,SOLIDITY_VISIBILITY}",{},{},{}
contracts_output/contracts_output/codellama_with_rag_contracts/2617.sol,2617.sol,smartcheck,solidity,2022/11/14,20260213_1744,1771004987.010127,6.413049936294556,0,"{SOLIDITY_ADDRESS_HARDCODED,SOLIDITY_OVERPOWERED_ROLE,SOLIDITY_PRAGMAS_VERSION,SOLIDITY_PRIVATE_MODIFIER_DONT_HIDE_DATA,SOLIDITY_UPGRADE_TO_050,SOLIDITY_VISIBILITY}",{},{},{}
contracts_output/contracts_output/codellama_with_rag_contracts/2621.sol,2621.sol,smartcheck,solidity,2022/11/14,20260213_1744,1771004730.3379865,5.394252777099609,0,"{SOLIDITY_ADDRESS_HARDCODED,SOLIDITY_PRAGMAS_VERSION,SOLIDITY_PRIVATE_MODIFIER_DONT_HIDE_DATA,SOLIDITY_UPGRADE_TO_050,SOLIDITY_VISIBILITY}",{},{},{}
contracts_output/contracts_output/codellama_with_rag_contracts/2632.sol,2632.sol,smartcheck,solidity,2022/11/14,20260213_1744,1771004821.6496985,5.27768087387085,0,"{SOLIDITY_ADDRESS_HARDCODED,SOLIDITY_PRAGMAS_VERSION,SOLIDITY_PRIVATE_MODIFIER_DONT_HIDE_DATA,SOLIDITY_UPGRADE_TO_050,SOLIDITY_VISIBILITY}",{},{},{}
contracts_output/contracts_output/codellama_with_rag_contracts/2639.sol,2639.sol,smartcheck,solidity,2022/11/14,20260213_1744,1771004713.8072321,6.445372819900513,0,"{SOLIDITY_ADDRESS_HARDCODED,SOLIDITY_PRAGMAS_VERSION,SOLIDITY_PRIVATE_MODIFIER_DONT_HIDE_DATA,SOLIDITY_UPGRADE_TO_050,SOLIDITY_VISIBILITY}",{},{},{}
contracts_output/contracts_output/codellama_with_rag_contracts/267.sol,267.sol,smartcheck,solidity,2022/11/14,20260213_1744,1771005085.5889568,6.501992225646973,0,"{SOLIDITY_ADDRESS_HARDCODED,SOLIDITY_PRAGMAS_VERSION,SOLIDITY_VISIBILITY}",{},{},{}
contracts_output/contracts_output/codellama_with_rag_contracts/2680.sol,2680.sol,smartcheck,solidity,2022/11/14,20260213_1744,1771004792.1350794,5.45350193977356,0,"{SOLIDITY_ADDRESS_HARDCODED,SOLIDITY_PRAGMAS_VERSION,SOLIDITY_PRIVATE_MODIFIER_DONT_HIDE_DATA,SOLIDITY_UPGRADE_TO_050,SOLIDITY_VISIBILITY}",{},{},{}
contracts_output/contracts_output/codellama_with_rag_contracts/2712.sol,2712.sol,smartcheck,solidity,2022/11/14,20260213_1744,1771004905.1649733,5.055635690689087,0,"{SOLIDITY_OVERPOWERED_ROLE,SOLIDITY_PRAGMAS_VERSION,SOLIDITY_PRIVATE_MODIFIER_DONT_HIDE_DATA}",{},{},{}
contracts_output/contracts_output/codellama_with_rag_contracts/2733.sol,2733.sol,smartcheck,solidity,2022/11/14,20260213_1744,1771004699.3691657,4.084286212921143,0,"{SOLIDITY_ADDRESS_HARDCODED,SOLIDITY_PRAGMAS_VERSION,SOLIDITY_PRIVATE_MODIFIER_DONT_HIDE_DATA,SOLIDITY_UPGRADE_TO_050,SOLIDITY_VISIBILITY}",{},{},{}
contracts_output/contracts_output/codellama_with_rag_contracts/2749.sol,2749.sol,smartcheck,solidity,2022/11/14,20260213_1744,1771004841.940424,7.2416346073150635,0,"{SOLIDITY_ADDRESS_HARDCODED,SOLIDITY_PRAGMAS_VERSION,SOLIDITY_PRIVATE_MODIFIER_DONT_HIDE_DATA,SOLIDITY_UPGRADE_TO_050,SOLIDITY_VISIBILITY}",{},{},{}
contracts_output/contracts_output/codellama_with_rag_contracts/2752.sol,2752.sol,smartcheck,solidity,2022/11/14,20260213_1744,1771004798.8391764,4.9029693603515625,0,"{SOLIDITY_ADDRESS_HARDCODED,SOLIDITY_DIV_MUL,SOLIDITY_PRAGMAS_VERSION,SOLIDITY_PRIVATE_MODIFIER_DONT_HIDE_DATA,SOLIDITY_UPGRADE_TO_050,SOLIDITY_VISIBILITY}",{},{},{}
contracts_output/contracts_output/codellama_with_rag_contracts/277.sol,277.sol,smartcheck,solidity,2022/11/14,20260213_1744,1771004964.227779,5.99965500831604,0,"{SOLIDITY_PRAGMAS_VERSION,SOLIDITY_VISIBILITY}",{},{},{}
contracts_output/contracts_output/codellama_with_rag_contracts/2777.sol,2777.sol,smartcheck,solidity,2022/11/14,20260213_1744,1771004693.4765737,3.800631523132324,0,"{SOLIDITY_ADDRESS_HARDCODED,SOLIDITY_PRAGMAS_VERSION,SOLIDITY_PRIVATE_MODIFIER_DONT_HIDE_DATA,SOLIDITY_UPGRADE_TO_050,SOLIDITY_VISIBILITY}",{},{},{}
contracts_output/contracts_output/codellama_with_rag_contracts/281.sol,281.sol,smartcheck,solidity,2022/11/14,20260213_1744,1771004861.5082333,5.825166702270508,0,"{SOLIDITY_ADDRESS_HARDCODED,SOLIDITY_PRAGMAS_VERSION,SOLIDITY_PRIVATE_MODIFIER_DONT_HIDE_DATA,SOLIDITY_UPGRADE_TO_050,SOLIDITY_VISIBILITY}",{},{},{}
contracts_output/contracts_output/codellama_with_rag_contracts/2847.sol,2847.sol,smartcheck,solidity,2022/11/14,20260213_1744,1771004876.5991042,5.774934530258179,0,"{SOLIDITY_ADDRESS_HARDCODED,SOLIDITY_OVERPOWERED_ROLE,SOLIDITY_PRAGMAS_VERSION,SOLIDITY_PRIVATE_MODIFIER_DONT_HIDE_DATA,SOLIDITY_UPGRADE_TO_050,SOLIDITY_VISIBILITY}",{},{},{}
contracts_output/contracts_output/codellama_with_rag_contracts/2851.sol,2851.sol,smartcheck,solidity,2022/11/14,20260213_1744,1771005083.7877216,4.8564019203186035,0,"{SOLIDITY_ADDRESS_HARDCODED,SOLIDITY_OVERPOWERED_ROLE,SOLIDITY_PRAGMAS_VERSION,SOLIDITY_PRIVATE_MODIFIER_DONT_HIDE_DATA,SOLIDITY_UPGRADE_TO_050,SOLIDITY_VISIBILITY}",{},{},{}
contracts_output/contracts_output/codellama_with_rag_contracts/2869.sol,2869.sol,smartcheck,solidity,2022/11/14,20260213_1744,1771004854.8022416,4.970031023025513,0,"{SOLIDITY_ADDRESS_HARDCODED,SOLIDITY_PRAGMAS_VERSION,SOLIDITY_PRIVATE_MODIFIER_DONT_HIDE_DATA,SOLIDITY_UPGRADE_TO_050,SOLIDITY_VISIBILITY}",{},{},{}
contracts_output/contracts_output/codellama_with_rag_contracts/2892.sol,2892.sol,smartcheck,solidity,2022/11/14,20260213_1744,1771004967.776977,4.978028774261475,0,"{SOLIDITY_ADDRESS_HARDCODED,SOLIDITY_PRAGMAS_VERSION,SOLIDITY_PRIVATE_MODIFIER_DONT_HIDE_DATA,SOLIDITY_UPGRADE_TO_050,SOLIDITY_VISIBILITY}",{},{},{}
contracts_output/contracts_output/codellama_with_rag_contracts/2907.sol,2907.sol,smartcheck,solidity,2022/11/14,20260213_1744,1771004706.8531668,4.445972681045532,0,"{SOLIDITY_ADDRESS_HARDCODED,SOLIDITY_OVERPOWERED_ROLE,SOLIDITY_PRAGMAS_VERSION,SOLIDITY_VISIBILITY}",{},{},{}
contracts_output/contracts_output/codellama_with_rag_contracts/2948.sol,2948.sol,smartcheck,solidity,2022/11/14,20260213_1744,1771004828.8855505,6.384557008743286,0,"{SOLIDITY_ADDRESS_HARDCODED,SOLIDITY_PRAGMAS_VERSION,SOLIDITY_PRIVATE_MODIFIER_DONT_HIDE_DATA,SOLIDITY_UPGRADE_TO_050,SOLIDITY_VISIBILITY}",{},{},{}
contracts_output/contracts_output/codellama_with_rag_contracts/2971.sol,2971.sol,smartcheck,solidity,2022/11/14,20260213_1744,1771004804.1787732,6.235710144042969,0,"{SOLIDITY_ADDRESS_HARDCODED,SOLIDITY_PRAGMAS_VERSION,SOLIDITY_PRIVATE_MODIFIER_DONT_HIDE_DATA,SOLIDITY_UPGRADE_TO_050,SOLIDITY_VISIBILITY}",{},{},{}
contracts_output/contracts_output/codellama_with_rag_contracts/2976.sol,2976.sol,smartcheck,solidity,2022/11/14,20260213_1744,1771004955.7701159,7.857755899429321,0,"{SOLIDITY_PRAGMAS_VERSION,SOLIDITY_VISIBILITY}",{},{},{}
contracts_output/contracts_output/codellama_with_rag_contracts/2989.sol,2989.sol,smartcheck,solidity,2022/11/14,20260213_1744,1771005020.8406754,4.913817644119263,0,"{SOLIDITY_ADDRESS_HARDCODED,SOLIDITY_PRAGMAS_VERSION,SOLIDITY_PRIVATE_MODIFIER_DONT_HIDE_DATA,SOLIDITY_UPGRADE_TO_050,SOLIDITY_VISIBILITY}",{},{},{}
contracts_output/contracts_output/codellama_with_rag_contracts/30.sol,30.sol,smartcheck,solidity,2022/11/14,20260213_1744,1771005103.2875617,7.462796926498413,0,"{SOLIDITY_ADDRESS_HARDCODED,SOLIDITY_PRAGMAS_VERSION,SOLIDITY_PRIVATE_MODIFIER_DONT_HIDE_DATA,SOLIDITY_UPGRADE_TO_050,SOLIDITY_VISIBILITY}",{},{},{}
contracts_output/contracts_output/codellama_with_rag_contracts/3024.sol,3024.sol,smartcheck,solidity,2022/11/14,20260213_1744,1771004828.4875863,5.1370625495910645,0,"{SOLIDITY_ADDRESS_HARDCODED,SOLIDITY_PRAGMAS_VERSION,SOLIDITY_PRIVATE_MODIFIER_DONT_HIDE_DATA,SOLIDITY_UPGRADE_TO_050,SOLIDITY_VISIBILITY}",{},{},{}
contracts_output/contracts_output/codellama_with_rag_contracts/3040.sol,3040.sol,smartcheck,solidity,2022/11/14,20260213_1744,1771005014.9923918,6.324411153793335,0,"{SOLIDITY_ADDRESS_HARDCODED,SOLIDITY_PRAGMAS_VERSION,SOLIDITY_PRIVATE_MODIFIER_DONT_HIDE_DATA,SOLIDITY_UPGRADE_TO_050,SOLIDITY_VISIBILITY}",{},{},{}
contracts_output/contracts_output/codellama_with_rag_contracts/306.sol,306.sol,smartcheck,solidity,2022/11/14,20260213_1744,1771005082.8972063,4.538706541061401,0,"{SOLIDITY_ADDRESS_HARDCODED,SOLIDITY_PRAGMAS_VERSION,SOLIDITY_PRIVATE_MODIFIER_DONT_HIDE_DATA,SOLIDITY_UPGRADE_TO_050,SOLIDITY_VISIBILITY}",{},{},{}
contracts_output/contracts_output/codellama_with_rag_contracts/3060.sol,3060.sol,smartcheck,solidity,2022/11/14,20260213_1744,1771004861.0084527,4.676926612854004,0,"{SOLIDITY_ADDRESS_HARDCODED,SOLIDITY_EXTRA_GAS_IN_LOOPS,SOLIDITY_PRAGMAS_VERSION,SOLIDITY_PRIVATE_MODIFIER_DONT_HIDE_DATA,SOLIDITY_UPGRADE_TO_050,SOLIDITY_VISIBILITY}",{},{},{}
contracts_output/contracts_output/codellama_with_rag_contracts/3064.sol,3064.sol,smartcheck,solidity,2022/11/14,20260213_1744,1771005021.3181386,5.315354824066162,0,"{SOLIDITY_ADDRESS_HARDCODED,SOLIDITY_PRAGMAS_VERSION,SOLIDITY_PRIVATE_MODIFIER_DONT_HIDE_DATA,SOLIDITY_UPGRADE_TO_050,SOLIDITY_VISIBILITY}",{},{},{}
contracts_output/contracts_output/codellama_with_rag_contracts/3096.sol,3096.sol,smartcheck,solidity,2022/11/14,20260213_1744,1771004735.244072,4.601571083068848,0,"{SOLIDITY_ADDRESS_HARDCODED,SOLIDITY_PRAGMAS_VERSION,SOLIDITY_PRIVATE_MODIFIER_DONT_HIDE_DATA,SOLIDITY_UPGRADE_TO_050,SOLIDITY_VISIBILITY}",{},{},{}
contracts_output/contracts_output/codellama_with_rag_contracts/3103.sol,3103.sol,smartcheck,solidity,2022/11/14,20260213_1744,1771004686.192592,4.2448179721832275,0,"{SOLIDITY_ADDRESS_HARDCODED,SOLIDITY_PRAGMAS_VERSION,SOLIDITY_PRIVATE_MODIFIER_DONT_HIDE_DATA,SOLIDITY_UPGRADE_TO_050,SOLIDITY_VISIBILITY}",{},{},{}
contracts_output/contracts_output/codellama_with_rag_contracts/312.sol,312.sol,smartcheck,solidity,2022/11/14,20260213_1744,1771005055.4664192,6.564478397369385,0,"{SOLIDITY_ADDRESS_HARDCODED,SOLIDITY_PRAGMAS_VERSION,SOLIDITY_PRIVATE_MODIFIER_DONT_HIDE_DATA,SOLIDITY_UPGRADE_TO_050,SOLIDITY_VISIBILITY}",{},{},{}
contracts_output/contracts_output/codellama_with_rag_contracts/3142.sol,3142.sol,smartcheck,solidity,2022/11/14,20260213_1744,1771004972.5864236,4.660825490951538,0,"{SOLIDITY_PRAGMAS_VERSION,SOLIDITY_VISIBILITY}",{},{},{}
contracts_output/contracts_output/codellama_with_rag_contracts/3148.sol,3148.sol,smartcheck,solidity,2022/11/14,20260213_1744,1771004694.202364,4.297194004058838,0,"{SOLIDITY_LOCKED_MONEY,SOLIDITY_PRAGMAS_VERSION,SOLIDITY_PRIVATE_MODIFIER_DONT_HIDE_DATA,SOLIDITY_VISIBILITY}",{},{},{}
contracts_output/contracts_output/codellama_with_rag_contracts/316.sol,316.sol,smartcheck,solidity,2022/11/14,20260213_1744,1771005079.5000308,6.0872368812561035,0,"{SOLIDITY_ADDRESS_HARDCODED,SOLIDITY_PRAGMAS_VERSION,SOLIDITY_PRIVATE_MODIFIER_DONT_HIDE_DATA,SOLIDITY_UPGRADE_TO_050,SOLIDITY_VISIBILITY}",{},{},{}
contracts_output/contracts_output/codellama_with_rag_contracts/3161.sol,3161.sol,smartcheck,solidity,2022/11/14,20260213_1744,1771004695.7202835,4.632211685180664,0,"{SOLIDITY_ADDRESS_HARDCODED,SOLIDITY_PRAGMAS_VERSION,SOLIDITY_PRIVATE_MODIFIER_DONT_HIDE_DATA,SOLIDITY_UPGRADE_TO_050,SOLIDITY_VISIBILITY}",{},{},{}
contracts_output/contracts_output/codellama_with_rag_contracts/3163.sol,3163.sol,smartcheck,solidity,2022/11/14,20260213_1744,1771004881.9485772,6.765816688537598,0,"{SOLIDITY_ADDRESS_HARDCODED,SOLIDITY_LOCKED_MONEY,SOLIDITY_PRAGMAS_VERSION,SOLIDITY_PRIVATE_MODIFIER_DONT_HIDE_DATA,SOLIDITY_UPGRADE_TO_050,SOLIDITY_VISIBILITY}",{},{},{}
contracts_output/contracts_output/codellama_with_rag_contracts/3170.sol,3170.sol,smartcheck,solidity,2022/11/14,20260213_1744,1771004784.9761856,5.830307960510254,0,"{SOLIDITY_ADDRESS_HARDCODED,SOLIDITY_OVERPOWERED_ROLE,SOLIDITY_PRAGMAS_VERSION,SOLIDITY_PRIVATE_MODIFIER_DONT_HIDE_DATA,SOLIDITY_UPGRADE_TO_050,SOLIDITY_VISIBILITY}",{},{},{}
contracts_output/contracts_output/codellama_with_rag_contracts/3181.sol,3181.sol,smartcheck,solidity,2022/11/14,20260213_1744,1771004976.841863,6.614418029785156,0,"{SOLIDITY_ADDRESS_HARDCODED,SOLIDITY_PRAGMAS_VERSION,SOLIDITY_PRIVATE_MODIFIER_DONT_HIDE_DATA,SOLIDITY_UPGRADE_TO_050,SOLIDITY_VISIBILITY}",{},{},{}
contracts_output/contracts_output/codellama_with_rag_contracts/3185.sol,3185.sol,smartcheck,solidity,2022/11/14,20260213_1744,1771004959.8767993,5.138496398925781,0,"{SOLIDITY_ADDRESS_HARDCODED,SOLIDITY_PRAGMAS_VERSION,SOLIDITY_SHOULD_NOT_BE_VIEW,SOLIDITY_VISIBILITY}",{},{},{}
contracts_output/contracts_output/codellama_with_rag_contracts/3195.sol,3195.sol,smartcheck,solidity,2022/11/14,20260213_1744,1771004717.4070373,5.504614353179932,0,"{SOLIDITY_ADDRESS_HARDCODED,SOLIDITY_PRAGMAS_VERSION,SOLIDITY_PRIVATE_MODIFIER_DONT_HIDE_DATA,SOLIDITY_UPGRADE_TO_050,SOLIDITY_VISIBILITY}",{},{},{}
contracts_output/contracts_output/codellama_with_rag_contracts/32.sol,32.sol,smartcheck,solidity,2022/11/14,20260213_1744,1771004852.254255,4.194865465164185,0,"{SOLIDITY_ADDRESS_HARDCODED,SOLIDITY_OVERPOWERED_ROLE,SOLIDITY_PRAGMAS_VERSION,SOLIDITY_PRIVATE_MODIFIER_DONT_HIDE_DATA,SOLIDITY_UPGRADE_TO_050,SOLIDITY_VISIBILITY}",{},{},{}
contracts_output/contracts_output/codellama_with_rag_contracts/3202.sol,3202.sol,smartcheck,solidity,2022/11/14,20260213_1744,1771004831.7189422,5.651383876800537,0,"{SOLIDITY_ADDRESS_HARDCODED,SOLIDITY_PRAGMAS_VERSION,SOLIDITY_PRIVATE_MODIFIER_DONT_HIDE_DATA,SOLIDITY_UPGRADE_TO_050,SOLIDITY_VISIBILITY}",{},{},{}
contracts_output/contracts_output/codellama_with_rag_contracts/3204.sol,3204.sol,smartcheck,solidity,2022/11/14,20260213_1744,1771004844.672455,4.670881032943726,0,"{SOLIDITY_ADDRESS_HARDCODED,SOLIDITY_PRAGMAS_VERSION,SOLIDITY_PRIVATE_MODIFIER_DONT_HIDE_DATA,SOLIDITY_UPGRADE_TO_050,SOLIDITY_VISIBILITY}",{},{},{}
contracts_output/contracts_output/codellama_with_rag_contracts/321.sol,321.sol,smartcheck,solidity,2022/11/14,20260213_1744,1771004979.619682,6.145892143249512,0,"{SOLIDITY_ADDRESS_HARDCODED,SOLIDITY_PRAGMAS_VERSION,SOLIDITY_VISIBILITY}",{},{},{}
contracts_output/contracts_output/codellama_with_rag_contracts/3235.sol,3235.sol,smartcheck,solidity,2022/11/14,20260213_1744,1771004900.1645503,6.775394916534424,0,"{SOLIDITY_ADDRESS_HARDCODED,SOLIDITY_PRAGMAS_VERSION,SOLIDITY_PRIVATE_MODIFIER_DONT_HIDE_DATA,SOLIDITY_UPGRADE_TO_050,SOLIDITY_VISIBILITY}",{},{},{}
contracts_output/contracts_output/codellama_with_rag_contracts/3265.sol,3265.sol,smartcheck,solidity,2022/11/14,20260213_1744,1771004954.2751472,4.787169456481934,0,"{SOLIDITY_ADDRESS_HARDCODED,SOLIDITY_PRAGMAS_VERSION,SOLIDITY_PRIVATE_MODIFIER_DONT_HIDE_DATA,SOLIDITY_UPGRADE_TO_050,SOLIDITY_VISIBILITY}",{},{},{}
contracts_output/contracts_output/codellama_with_rag_contracts/3277.sol,3277.sol,smartcheck,solidity,2022/11/14,20260213_1744,1771005011.3796926,6.130451917648315,0,"{SOLIDITY_ADDRESS_HARDCODED,SOLIDITY_DIV_MUL,SOLIDITY_PRAGMAS_VERSION,SOLIDITY_PRIVATE_MODIFIER_DONT_HIDE_DATA,SOLIDITY_UPGRADE_TO_050,SOLIDITY_VISIBILITY}",{},{},{}
contracts_output/contracts_output/codellama_with_rag_contracts/3285.sol,3285.sol,smartcheck,solidity,2022/11/14,20260213_1744,1771005039.2290206,5.695796251296997,0,"{SOLIDITY_ADDRESS_HARDCODED,SOLIDITY_OVERPOWERED_ROLE,SOLIDITY_PRAGMAS_VERSION,SOLIDITY_PRIVATE_MODIFIER_DONT_HIDE_DATA,SOLIDITY_UPGRADE_TO_050,SOLIDITY_VISIBILITY}",{},{},{}
contracts_output/contracts_output/codellama_with_rag_contracts/3288.sol,3288.sol,smartcheck,solidity,2022/11/14,20260213_1744,1771005013.0369363,5.66108512878418,0,"{SOLIDITY_ADDRESS_HARDCODED,SOLIDITY_EXTRA_GAS_IN_LOOPS,SOLIDITY_GAS_LIMIT_IN_LOOPS,SOLIDITY_PRAGMAS_VERSION,SOLIDITY_PRIVATE_MODIFIER_DONT_HIDE_DATA,SOLIDITY_VISIBILITY}",{},{},{}
contracts_output/contracts_output/codellama_with_rag_contracts/3297.sol,3297.sol,smartcheck,solidity,2022/11/14,20260213_1744,1771004966.4937873,5.588935852050781,0,"{SOLIDITY_ADDRESS_HARDCODED,SOLIDITY_DIV_MUL,SOLIDITY_PRAGMAS_VERSION,SOLIDITY_PRIVATE_MODIFIER_DONT_HIDE_DATA,SOLIDITY_UPGRADE_TO_050,SOLIDITY_VISIBILITY}",{},{},{}
contracts_output/contracts_output/codellama_with_rag_contracts/3314.sol,3314.sol,smartcheck,solidity,2022/11/14,20260213_1744,1771005016.7063723,5.047388553619385,0,"{SOLIDITY_ADDRESS_HARDCODED,SOLIDITY_PRAGMAS_VERSION,SOLIDITY_PRIVATE_MODIFIER_DONT_HIDE_DATA,SOLIDITY_UPGRADE_TO_050,SOLIDITY_VISIBILITY}",{},{},{}
contracts_output/contracts_output/codellama_with_rag_contracts/3318.sol,3318.sol,smartcheck,solidity,2022/11/14,20260213_1744,1771004971.807972,5.0278096199035645,0,"{SOLIDITY_ADDRESS_HARDCODED,SOLIDITY_PRAGMAS_VERSION,SOLIDITY_PRIVATE_MODIFIER_DONT_HIDE_DATA,SOLIDITY_UPGRADE_TO_050,SOLIDITY_VISIBILITY}",{},{},{}
contracts_output/contracts_output/codellama_with_rag_contracts/3322.sol,3322.sol,smartcheck,solidity,2022/11/14,20260213_1744,1771004994.1956239,4.7556397914886475,0,"{SOLIDITY_ADDRESS_HARDCODED,SOLIDITY_PRAGMAS_VERSION,SOLIDITY_PRIVATE_MODIFIER_DONT_HIDE_DATA,SOLIDITY_SHOULD_RETURN_STRUCT,SOLIDITY_UPGRADE_TO_050,SOLIDITY_VISIBILITY}",{},{},{}
contracts_output/contracts_output/codellama_with_rag_contracts/3332.sol,3332.sol,smartcheck,solidity,2022/11/14,20260213_1744,1771004699.7957768,4.618894577026367,0,"{SOLIDITY_ADDRESS_HARDCODED,SOLIDITY_GAS_LIMIT_IN_LOOPS,SOLIDITY_PRAGMAS_VERSION,SOLIDITY_PRIVATE_MODIFIER_DONT_HIDE_DATA,SOLIDITY_UPGRADE_TO_050,SOLIDITY_VISIBILITY}",{},{},{}
contracts_output/contracts_output/codellama_with_rag_contracts/3338.sol,3338.sol,smartcheck,solidity,2022/11/14,20260213_1744,1771004919.8934915,6.257862567901611,0,"{SOLIDITY_ADDRESS_HARDCODED,SOLIDITY_PRAGMAS_VERSION,SOLIDITY_PRIVATE_MODIFIER_DONT_HIDE_DATA,SOLIDITY_UPGRADE_TO_050,SOLIDITY_VISIBILITY}",{},{},{}
contracts_output/contracts_output/codellama_with_rag_contracts/3343.sol,3343.sol,smartcheck,solidity,2022/11/14,20260213_1744,1771004984.2889209,4.4216954708099365,0,"{SOLIDITY_ADDRESS_HARDCODED,SOLIDITY_PRAGMAS_VERSION,SOLIDITY_PRIVATE_MODIFIER_DONT_HIDE_DATA,SOLIDITY_UPGRADE_TO_050,SOLIDITY_VISIBILITY}",{},{},{}
contracts_output/contracts_output/codellama_with_rag_contracts/3368.sol,3368.sol,smartcheck,solidity,2022/11/14,20260213_1744,1771004712.1283996,5.081158399581909,0,"{SOLIDITY_ADDRESS_HARDCODED,SOLIDITY_PRAGMAS_VERSION,SOLIDITY_PRIVATE_MODIFIER_DONT_HIDE_DATA,SOLIDITY_UPGRADE_TO_050,SOLIDITY_VISIBILITY}",{},{},{}
contracts_output/contracts_output/codellama_with_rag_contracts/3377.sol,3377.sol,smartcheck,solidity,2022/11/14,20260213_1744,1771005079.5787563,5.077846050262451,0,"{SOLIDITY_ADDRESS_HARDCODED,SOLIDITY_PRAGMAS_VERSION,SOLIDITY_PRIVATE_MODIFIER_DONT_HIDE_DATA,SOLIDITY_UPGRADE_TO_050,SOLIDITY_VISIBILITY}",{},{},{}
contracts_output/contracts_output/codellama_with_rag_contracts/3380.sol,3380.sol,smartcheck,solidity,2022/11/14,20260213_1744,1771004716.611784,6.36653733253479,0,"{SOLIDITY_ADDRESS_HARDCODED,SOLIDITY_PRAGMAS_VERSION,SOLIDITY_PRIVATE_MODIFIER_DONT_HIDE_DATA,SOLIDITY_UPGRADE_TO_050,SOLIDITY_VISIBILITY}",{},{},{}
contracts_output/contracts_output/codellama_with_rag_contracts/339.sol,339.sol,smartcheck,solidity,2022/11/14,20260213_1744,1771004968.8749895,5.639470338821411,0,"{SOLIDITY_ADDRESS_HARDCODED,SOLIDITY_PRAGMAS_VERSION,SOLIDITY_PRIVATE_MODIFIER_DONT_HIDE_DATA,SOLIDITY_SHOULD_RETURN_STRUCT,SOLIDITY_UPGRADE_TO_050,SOLIDITY_VISIBILITY}",{},{},{}
contracts_output/contracts_output/codellama_with_rag_contracts/3416.sol,3416.sol,smartcheck,solidity,2022/11/14,20260213_1744,1771005103.9717698,5.254539966583252,0,"{SOLIDITY_ADDRESS_HARDCODED,SOLIDITY_PRAGMAS_VERSION,SOLIDITY_PRIVATE_MODIFIER_DONT_HIDE_DATA,SOLIDITY_SHOULD_RETURN_STRUCT,SOLIDITY_UPGRADE_TO_050,SOLIDITY_VISIBILITY}",{},{},{}
contracts_output/contracts_output/codellama_with_rag_contracts/3424.sol,3424.sol,smartcheck,solidity,2022/11/14,20260213_1744,1771004745.251212,5.998556852340698,0,"{SOLIDITY_ADDRESS_HARDCODED,SOLIDITY_PRAGMAS_VERSION,SOLIDITY_PRIVATE_MODIFIER_DONT_HIDE_DATA,SOLIDITY_UPGRADE_TO_050,SOLIDITY_VISIBILITY}",{},{},{}
contracts_output/contracts_output/codellama_with_rag_contracts/3433.sol,3433.sol,smartcheck,solidity,2022/11/14,20260213_1744,1771004884.79935,5.647933721542358,0,"{SOLIDITY_ADDRESS_HARDCODED,SOLIDITY_OVERPOWERED_ROLE,SOLIDITY_PRAGMAS_VERSION,SOLIDITY_PRIVATE_MODIFIER_DONT_HIDE_DATA,SOLIDITY_UPGRADE_TO_050,SOLIDITY_VISIBILITY}",{},{},{}
contracts_output/contracts_output/codellama_with_rag_contracts/3447.sol,3447.sol,smartcheck,solidity,2022/11/14,20260213_1744,1771005024.9233384,5.369543075561523,0,"{SOLIDITY_ADDRESS_HARDCODED,SOLIDITY_PRAGMAS_VERSION,SOLIDITY_PRIVATE_MODIFIER_DONT_HIDE_DATA,SOLIDITY_UPGRADE_TO_050,SOLIDITY_VISIBILITY}",{},{},{}
contracts_output/contracts_output/codellama_with_rag_contracts/3452.sol,3452.sol,smartcheck,solidity,2022/11/14,20260213_1744,1771004776.4685247,7.483825445175171,0,"{SOLIDITY_PRAGMAS_VERSION,SOLIDITY_VISIBILITY}",{},{},{}
contracts_output/contracts_output/codellama_with_rag_contracts/3458.sol,3458.sol,smartcheck,solidity,2022/11/14,20260213_1744,1771005018.0764418,5.4342896938323975,0,"{SOLIDITY_ADDRESS_HARDCODED,SOLIDITY_PRAGMAS_VERSION,SOLIDITY_PRIVATE_MODIFIER_DONT_HIDE_DATA,SOLIDITY_UPGRADE_TO_050,SOLIDITY_VISIBILITY}",{},{},{}
contracts_output/contracts_output/codellama_with_rag_contracts/3464.sol,3464.sol,smartcheck,solidity,2022/11/14,20260213_1744,1771005102.379239,5.464353084564209,0,"{SOLIDITY_ADDRESS_HARDCODED,SOLIDITY_EXTRA_GAS_IN_LOOPS,SOLIDITY_PRAGMAS_VERSION,SOLIDITY_VISIBILITY}",{},{},{}
contracts_output/contracts_output/codellama_with_rag_contracts/3476.sol,3476.sol,smartcheck,solidity,2022/11/14,20260213_1744,1771004812.1087544,6.030859708786011,0,"{SOLIDITY_ADDRESS_HARDCODED,SOLIDITY_PRAGMAS_VERSION,SOLIDITY_VISIBILITY}",{},{},{}
contracts_output/contracts_output/codellama_with_rag_contracts/3477.sol,3477.sol,smartcheck,solidity,2022/11/14,20260213_1744,1771004780.3872843,4.869070529937744,0,"{SOLIDITY_ADDRESS_HARDCODED,SOLIDITY_PRAGMAS_VERSION,SOLIDITY_PRIVATE_MODIFIER_DONT_HIDE_DATA,SOLIDITY_SHOULD_RETURN_STRUCT,SOLIDITY_UPGRADE_TO_050,SOLIDITY_VISIBILITY}",{},{},{}
contracts_output/contracts_output/codellama_with_rag_contracts/3500.sol,3500.sol,smartcheck,solidity,2022/11/14,20260213_1744,1771004689.5230446,5.371536493301392,0,"{SOLIDITY_ADDRESS_HARDCODED,SOLIDITY_PRAGMAS_VERSION,SOLIDITY_UPGRADE_TO_050,SOLIDITY_VISIBILITY}",{},{},{}
contracts_output/contracts_output/codellama_with_rag_contracts/3520.sol,3520.sol,smartcheck,solidity,2022/11/14,20260213_1744,1771004934.712961,6.326955080032349,0,"{SOLIDITY_ADDRESS_HARDCODED,SOLIDITY_PRAGMAS_VERSION,SOLIDITY_PRIVATE_MODIFIER_DONT_HIDE_DATA,SOLIDITY_UPGRADE_TO_050,SOLIDITY_VISIBILITY}",{},{},{}
contracts_output/contracts_output/codellama_with_rag_contracts/3570.sol,3570.sol,smartcheck,solidity,2022/11/14,20260213_1744,1771004847.9648983,4.9194746017456055,0,"{SOLIDITY_ADDRESS_HARDCODED,SOLIDITY_PRAGMAS_VERSION,SOLIDITY_VISIBILITY}",{},{},{}
contracts_output/contracts_output/codellama_with_rag_contracts/3576.sol,3576.sol,smartcheck,solidity,2022/11/14,20260213_1744,1771004808.2270954,4.865976333618164,0,{SOLIDITY_PRAGMAS_VERSION},{},{},{}
contracts_output/contracts_output/codellama_with_rag_contracts/3580.sol,3580.sol,smartcheck,solidity,2022/11/14,20260213_1744,1771005091.4784598,5.437672853469849,0,"{SOLIDITY_ADDRESS_HARDCODED,SOLIDITY_EXTRA_GAS_IN_LOOPS,SOLIDITY_GAS_LIMIT_IN_LOOPS,SOLIDITY_PRAGMAS_VERSION,SOLIDITY_PRIVATE_MODIFIER_DONT_HIDE_DATA,SOLIDITY_UPGRADE_TO_050,SOLIDITY_VISIBILITY}",{},{},{}
contracts_output/contracts_output/codellama_with_rag_contracts/36.sol,36.sol,smartcheck,solidity,2022/11/14,20260213_1744,1771004843.2455902,5.087646484375,0,"{SOLIDITY_PRAGMAS_VERSION,SOLIDITY_VISIBILITY}",{},{},{}
contracts_output/contracts_output/codellama_with_rag_contracts/3604.sol,3604.sol,smartcheck,solidity,2022/11/14,20260213_1744,1771004810.6013236,6.504650831222534,0,"{SOLIDITY_ADDRESS_HARDCODED,SOLIDITY_DIV_MUL,SOLIDITY_PRAGMAS_VERSION,SOLIDITY_PRIVATE_MODIFIER_DONT_HIDE_DATA,SOLIDITY_UPGRADE_TO_050,SOLIDITY_VISIBILITY}",{},{},{}
contracts_output/contracts_output/codellama_with_rag_contracts/3619.sol,3619.sol,smartcheck,solidity,2022/11/14,20260213_1744,1771004740.8745677,7.594225645065308,0,"{SOLIDITY_ADDRESS_HARDCODED,SOLIDITY_PRAGMAS_VERSION,SOLIDITY_PRIVATE_MODIFIER_DONT_HIDE_DATA,SOLIDITY_UPGRADE_TO_050,SOLIDITY_VISIBILITY}",{},{},{}
contracts_output/contracts_output/codellama_with_rag_contracts/3633.sol,3633.sol,smartcheck,solidity,2022/11/14,20260213_1744,1771004811.012817,5.198018789291382,0,"{SOLIDITY_ADDRESS_HARDCODED,SOLIDITY_PRAGMAS_VERSION,SOLIDITY_PRIVATE_MODIFIER_DONT_HIDE_DATA,SOLIDITY_UPGRADE_TO_050,SOLIDITY_VISIBILITY}",{},{},{}
contracts_output/contracts_output/codellama_with_rag_contracts/3644.sol,3644.sol,smartcheck,solidity,2022/11/14,20260213_1744,1771004955.9306035,6.438243865966797,0,"{SOLIDITY_ADDRESS_HARDCODED,SOLIDITY_PRAGMAS_VERSION,SOLIDITY_PRIVATE_MODIFIER_DONT_HIDE_DATA,SOLIDITY_UPGRADE_TO_050,SOLIDITY_VISIBILITY}",{},{},{}
contracts_output/contracts_output/codellama_with_rag_contracts/3650.sol,3650.sol,smartcheck,solidity,2022/11/14,20260213_1744,1771005010.8425994,5.862325429916382,0,"{SOLIDITY_ADDRESS_HARDCODED,SOLIDITY_OVERPOWERED_ROLE,SOLIDITY_PRAGMAS_VERSION,SOLIDITY_PRIVATE_MODIFIER_DONT_HIDE_DATA,SOLIDITY_UPGRADE_TO_050,SOLIDITY_VISIBILITY}",{},{},{}
contracts_output/contracts_output/codellama_with_rag_contracts/3662.sol,3662.sol,smartcheck,solidity,2022/11/14,20260213_1744,1771004800.7868242,4.819476366043091,0,"{SOLIDITY_ADDRESS_HARDCODED,SOLIDITY_PRAGMAS_VERSION,SOLIDITY_PRIVATE_MODIFIER_DONT_HIDE_DATA,SOLIDITY_UPGRADE_TO_050,SOLIDITY_VISIBILITY}",{},{},{}
contracts_output/contracts_output/codellama_with_rag_contracts/3698.sol,3698.sol,smartcheck,solidity,2022/11/14,20260213_1744,1771004842.7307289,5.334463834762573,0,"{SOLIDITY_ADDRESS_HARDCODED,SOLIDITY_PRAGMAS_VERSION,SOLIDITY_PRIVATE_MODIFIER_DONT_HIDE_DATA,SOLIDITY_UPGRADE_TO_050,SOLIDITY_VISIBILITY}",{},{},{}
contracts_output/contracts_output/codellama_with_rag_contracts/3704.sol,3704.sol,smartcheck,solidity,2022/11/14,20260213_1744,1771005048.8497093,4.730227470397949,0,"{SOLIDITY_ADDRESS_HARDCODED,SOLIDITY_PRAGMAS_VERSION,SOLIDITY_PRIVATE_MODIFIER_DONT_HIDE_DATA,SOLIDITY_UPGRADE_TO_050,SOLIDITY_VISIBILITY}",{},{},{}
contracts_output/contracts_output/codellama_with_rag_contracts/3719.sol,3719.sol,smartcheck,solidity,2022/11/14,20260213_1744,1771005064.80969,5.701268672943115,0,"{SOLIDITY_ADDRESS_HARDCODED,SOLIDITY_PRAGMAS_VERSION,SOLIDITY_PRIVATE_MODIFIER_DONT_HIDE_DATA,SOLIDITY_UPGRADE_TO_050,SOLIDITY_VISIBILITY}",{},{},{}
contracts_output/contracts_output/codellama_with_rag_contracts/3727.sol,3727.sol,smartcheck,solidity,2022/11/14,20260213_1744,1771004948.1821148,5.450030326843262,0,"{SOLIDITY_ADDRESS_HARDCODED,SOLIDITY_PRAGMAS_VERSION,SOLIDITY_PRIVATE_MODIFIER_DONT_HIDE_DATA,SOLIDITY_UPGRADE_TO_050,SOLIDITY_VISIBILITY}",{},{},{}
contracts_output/contracts_output/codellama_with_rag_contracts/3728.sol,3728.sol,smartcheck,solidity,2022/11/14,20260213_1744,1771004945.021113,5.8031651973724365,0,"{SOLIDITY_ADDRESS_HARDCODED,SOLIDITY_PRAGMAS_VERSION,SOLIDITY_PRIVATE_MODIFIER_DONT_HIDE_DATA,SOLIDITY_UPGRADE_TO_050,SOLIDITY_VISIBILITY}",{},{},{}
contracts_output/contracts_output/codellama_with_rag_contracts/3748.sol,3748.sol,smartcheck,solidity,2022/11/14,20260213_1744,1771004716.6525652,5.310153484344482,0,"{SOLIDITY_ADDRESS_HARDCODED,SOLIDITY_PRAGMAS_VERSION,SOLIDITY_PRIVATE_MODIFIER_DONT_HIDE_DATA,SOLIDITY_UPGRADE_TO_050,SOLIDITY_VISIBILITY}",{},{},{}
contracts_output/contracts_output/codellama_with_rag_contracts/3756.sol,3756.sol,smartcheck,solidity,2022/11/14,20260213_1744,1771004884.8912568,6.7337658405303955,0,"{SOLIDITY_ADDRESS_HARDCODED,SOLIDITY_FUNCTIONS_RETURNS_TYPE_AND_NO_RETURN,SOLIDITY_PRAGMAS_VERSION,SOLIDITY_PRIVATE_MODIFIER_DONT_HIDE_DATA,SOLIDITY_UPGRADE_TO_050,SOLIDITY_VISIBILITY}",{},{},{}
contracts_output/contracts_output/codellama_with_rag_contracts/3776.sol,3776.sol,smartcheck,solidity,2022/11/14,20260213_1744,1771004696.4245408,3.941096544265747,0,"{SOLIDITY_ADDRESS_HARDCODED,SOLIDITY_LOCKED_MONEY,SOLIDITY_OVERPOWERED_ROLE,SOLIDITY_PRAGMAS_VERSION,SOLIDITY_PRIVATE_MODIFIER_DONT_HIDE_DATA,SOLIDITY_UPGRADE_TO_050,SOLIDITY_VISIBILITY}",{},{},{}
contracts_output/contracts_output/codellama_with_rag_contracts/3785.sol,3785.sol,smartcheck,solidity,2022/11/14,20260213_1744,1771004885.7963724,5.505847215652466,0,"{SOLIDITY_ADDRESS_HARDCODED,SOLIDITY_PRAGMAS_VERSION,SOLIDITY_PRIVATE_MODIFIER_DONT_HIDE_DATA,SOLIDITY_VISIBILITY}",{},{},{}
contracts_output/contracts_output/codellama_with_rag_contracts/3793.sol,3793.sol,smartcheck,solidity,2022/11/14,20260213_1744,1771005081.2316296,4.9889256954193115,0,"{SOLIDITY_ADDRESS_HARDCODED,SOLIDITY_PRAGMAS_VERSION,SOLIDITY_PRIVATE_MODIFIER_DONT_HIDE_DATA,SOLIDITY_UPGRADE_TO_050,SOLIDITY_VISIBILITY}",{},{},{}
contracts_output/contracts_output/codellama_with_rag_contracts/381.sol,381.sol,smartcheck,solidity,2022/11/14,20260213_1744,1771004860.7010705,4.622508525848389,0,"{SOLIDITY_DEPRECATED_CONSTRUCTIONS,SOLIDITY_PRAGMAS_VERSION,SOLIDITY_VISIBILITY}",{},{},{}
contracts_output/contracts_output/codellama_with_rag_contracts/382.sol,382.sol,smartcheck,solidity,2022/11/14,20260213_1744,1771004967.919827,5.734905242919922,0,"{SOLIDITY_ADDRESS_HARDCODED,SOLIDITY_PRAGMAS_VERSION,SOLIDITY_PRIVATE_MODIFIER_DONT_HIDE_DATA,SOLIDITY_UPGRADE_TO_050,SOLIDITY_VISIBILITY}",{},{},{}
contracts_output/contracts_output/codellama_with_rag_contracts/3857.sol,3857.sol,smartcheck,solidity,2022/11/14,20260213_1744,1771004690.1266901,5.346429824829102,0,"{SOLIDITY_ADDRESS_HARDCODED,SOLIDITY_PRAGMAS_VERSION,SOLIDITY_PRIVATE_MODIFIER_DONT_HIDE_DATA,SOLIDITY_UPGRADE_TO_050,SOLIDITY_VISIBILITY}",{},{},{}
contracts_output/contracts_output/codellama_with_rag_contracts/3863.sol,3863.sol,smartcheck,solidity,2022/11/14,20260213_1744,1771004690.4752676,5.39683198928833,0,"{SOLIDITY_ADDRESS_HARDCODED,SOLIDITY_PRAGMAS_VERSION}",{},{},{}
contracts_output/contracts_output/codellama_with_rag_contracts/3881.sol,3881.sol,smartcheck,solidity,2022/11/14,20260213_1744,1771004989.1253057,6.402332544326782,0,"{SOLIDITY_ADDRESS_HARDCODED,SOLIDITY_PRAGMAS_VERSION,SOLIDITY_PRIVATE_MODIFIER_DONT_HIDE_DATA,SOLIDITY_UPGRADE_TO_050,SOLIDITY_VISIBILITY}",{},{},{}
contracts_output/contracts_output/codellama_with_rag_contracts/3890.sol,3890.sol,smartcheck,solidity,2022/11/14,20260213_1744,1771004919.6221814,5.105859994888306,0,"{SOLIDITY_ADDRESS_HARDCODED,SOLIDITY_PRAGMAS_VERSION,SOLIDITY_PRIVATE_MODIFIER_DONT_HIDE_DATA,SOLIDITY_UPGRADE_TO_050,SOLIDITY_VISIBILITY}",{},{},{}
contracts_output/contracts_output/codellama_with_rag_contracts/3893.sol,3893.sol,smartcheck,solidity,2022/11/14,20260213_1744,1771005106.606321,5.464291095733643,0,"{SOLIDITY_ADDRESS_HARDCODED,SOLIDITY_OVERPOWERED_ROLE,SOLIDITY_PRAGMAS_VERSION,SOLIDITY_PRIVATE_MODIFIER_DONT_HIDE_DATA,SOLIDITY_UPGRADE_TO_050,SOLIDITY_VISIBILITY}",{},{},{}
contracts_output/contracts_output/codellama_with_rag_contracts/3896.sol,3896.sol,smartcheck,solidity,2022/11/14,20260213_1744,1771004918.3099856,5.357920169830322,0,"{SOLIDITY_ADDRESS_HARDCODED,SOLIDITY_PRAGMAS_VERSION,SOLIDITY_PRIVATE_MODIFIER_DONT_HIDE_DATA,SOLIDITY_UPGRADE_TO_050,SOLIDITY_VISIBILITY}",{},{},{}
contracts_output/contracts_output/codellama_with_rag_contracts/39.sol,39.sol,smartcheck,solidity,2022/11/14,20260213_1744,1771004810.2956321,5.664812088012695,0,"{SOLIDITY_ADDRESS_HARDCODED,SOLIDITY_EXTRA_GAS_IN_LOOPS,SOLIDITY_GAS_LIMIT_IN_LOOPS,SOLIDITY_PRAGMAS_VERSION,SOLIDITY_PRIVATE_MODIFIER_DONT_HIDE_DATA,SOLIDITY_UPGRADE_TO_050,SOLIDITY_VISIBILITY}",{},{},{}
contracts_output/contracts_output/codellama_with_rag_contracts/3939.sol,3939.sol,smartcheck,solidity,2022/11/14,20260213_1744,1771004724.3308833,5.529420852661133,0,"{SOLIDITY_OVERPOWERED_ROLE,SOLIDITY_PRAGMAS_VERSION,SOLIDITY_VISIBILITY}",{},{},{}
contracts_output/contracts_output/codellama_with_rag_contracts/3988.sol,3988.sol,smartcheck,solidity,2022/11/14,20260213_1744,1771004883.165959,6.1702635288238525,0,"{SOLIDITY_ADDRESS_HARDCODED,SOLIDITY_PRAGMAS_VERSION,SOLIDITY_PRIVATE_MODIFIER_DONT_HIDE_DATA,SOLIDITY_UPGRADE_TO_050,SOLIDITY_VISIBILITY}",{},{},{}
contracts_output/contracts_output/codellama_with_rag_contracts/3990.sol,3990.sol,smartcheck,solidity,2022/11/14,20260213_1744,1771004759.5697362,5.749022960662842,0,"{SOLIDITY_ADDRESS_HARDCODED,SOLIDITY_PRAGMAS_VERSION,SOLIDITY_PRIVATE_MODIFIER_DONT_HIDE_DATA,SOLIDITY_UPGRADE_TO_050,SOLIDITY_VISIBILITY}",{},{},{}
contracts_output/contracts_output/codellama_with_rag_contracts/4001.sol,4001.sol,smartcheck,solidity,2022/11/14,20260213_1744,1771004743.921472,5.314201354980469,0,"{SOLIDITY_ADDRESS_HARDCODED,SOLIDITY_FUNCTIONS_RETURNS_TYPE_AND_NO_RETURN,SOLIDITY_PRAGMAS_VERSION,SOLIDITY_VISIBILITY}",{},{},{}
contracts_output/contracts_output/codellama_with_rag_contracts/4005.sol,4005.sol,smartcheck,solidity,2022/11/14,20260213_1744,1771004697.6455753,3.944385528564453,0,"{SOLIDITY_ADDRESS_HARDCODED,SOLIDITY_PRAGMAS_VERSION,SOLIDITY_PRIVATE_MODIFIER_DONT_HIDE_DATA,SOLIDITY_UPGRADE_TO_050,SOLIDITY_VISIBILITY}",{},{},{}
contracts_output/contracts_output/codellama_with_rag_contracts/402.sol,402.sol,smartcheck,solidity,2022/11/14,20260213_1744,1771004852.0597167,5.91127872467041,0,"{SOLIDITY_ADDRESS_HARDCODED,SOLIDITY_PRAGMAS_VERSION,SOLIDITY_PRIVATE_MODIFIER_DONT_HIDE_DATA,SOLIDITY_UPGRADE_TO_050,SOLIDITY_VISIBILITY}",{},{},{}
contracts_output/contracts_output/codellama_with_rag_contracts/4025.sol,4025.sol,smartcheck,solidity,2022/11/14,20260213_1744,1771004836.013597,5.979965686798096,0,"{SOLIDITY_ADDRESS_HARDCODED,SOLIDITY_PRAGMAS_VERSION,SOLIDITY_VISIBILITY}",{},{},{}
contracts_output/contracts_output/codellama_with_rag_contracts/4047.sol,4047.sol,smartcheck,solidity,2022/11/14,20260213_1744,1771004874.7633202,4.190659999847412,0,"{SOLIDITY_ADDRESS_HARDCODED,SOLIDITY_PRAGMAS_VERSION,SOLIDITY_PRIVATE_MODIFIER_DONT_HIDE_DATA,SOLIDITY_UPGRADE_TO_050,SOLIDITY_VISIBILITY}",{},{},{}
contracts_output/contracts_output/codellama_with_rag_contracts/4051.sol,4051.sol,smartcheck,solidity,2022/11/14,20260213_1744,1771004936.302582,5.86356520652771,0,"{SOLIDITY_ADDRESS_HARDCODED,SOLIDITY_PRAGMAS_VERSION,SOLIDITY_PRIVATE_MODIFIER_DONT_HIDE_DATA,SOLIDITY_UPGRADE_TO_050,SOLIDITY_VISIBILITY}",{},{},{}
contracts_output/contracts_output/codellama_with_rag_contracts/4079.sol,4079.sol,smartcheck,solidity,2022/11/14,20260213_1744,1771004934.4340458,5.802657127380371,0,"{SOLIDITY_ADDRESS_HARDCODED,SOLIDITY_PRAGMAS_VERSION,SOLIDITY_PRIVATE_MODIFIER_DONT_HIDE_DATA,SOLIDITY_UPGRADE_TO_050,SOLIDITY_VISIBILITY}",{},{},{}
contracts_output/contracts_output/codellama_with_rag_contracts/4083.sol,4083.sol,smartcheck,solidity,2022/11/14,20260213_1744,1771005074.2210617,5.685369253158569,0,"{SOLIDITY_ADDRESS_HARDCODED,SOLIDITY_PRAGMAS_VERSION,SOLIDITY_PRIVATE_MODIFIER_DONT_HIDE_DATA,SOLIDITY_UPGRADE_TO_050,SOLIDITY_VISIBILITY}",{},{},{}
contracts_output/contracts_output/codellama_with_rag_contracts/4086.sol,4086.sol,smartcheck,solidity,2022/11/14,20260213_1744,1771004882.4402564,5.799621105194092,0,"{SOLIDITY_ADDRESS_HARDCODED,SOLIDITY_PRAGMAS_VERSION,SOLIDITY_PRIVATE_MODIFIER_DONT_HIDE_DATA,SOLIDITY_UPGRADE_TO_050,SOLIDITY_VISIBILITY}",{},{},{}
contracts_output/contracts_output/codellama_with_rag_contracts/4148.sol,4148.sol,smartcheck,solidity,2022/11/14,20260213_1744,1771005055.6452188,4.275833368301392,0,"{SOLIDITY_ADDRESS_HARDCODED,SOLIDITY_PRAGMAS_VERSION,SOLIDITY_PRIVATE_MODIFIER_DONT_HIDE_DATA,SOLIDITY_UPGRADE_TO_050,SOLIDITY_VISIBILITY}",{},{},{}
contracts_output/contracts_output/codellama_with_rag_contracts/4173.sol,4173.sol,smartcheck,solidity,2022/11/14,20260213_1744,1771004736.0634384,5.881025791168213,0,"{SOLIDITY_ADDRESS_HARDCODED,SOLIDITY_PRAGMAS_VERSION,SOLIDITY_PRIVATE_MODIFIER_DONT_HIDE_DATA,SOLIDITY_SHOULD_RETURN_STRUCT,SOLIDITY_UPGRADE_TO_050,SOLIDITY_VISIBILITY}",{},{},{}
contracts_output/contracts_output/codellama_with_rag_contracts/4185.sol,4185.sol,smartcheck,solidity,2022/11/14,20260213_1744,1771004727.728575,6.36274266242981,0,"{SOLIDITY_ADDRESS_HARDCODED,SOLIDITY_PRAGMAS_VERSION,SOLIDITY_PRIVATE_MODIFIER_DONT_HIDE_DATA,SOLIDITY_REVERT_REQUIRE,SOLIDITY_UPGRADE_TO_050,SOLIDITY_VISIBILITY}",{},{},{}
contracts_output/contracts_output/codellama_with_rag_contracts/4219.sol,4219.sol,smartcheck,solidity,2022/11/14,20260213_1744,1771004912.5139847,5.926992416381836,0,"{SOLIDITY_ADDRESS_HARDCODED,SOLIDITY_LOCKED_MONEY,SOLIDITY_PRAGMAS_VERSION,SOLIDITY_PRIVATE_MODIFIER_DONT_HIDE_DATA,SOLIDITY_UPGRADE_TO_050,SOLIDITY_VISIBILITY}",{},{},{}
contracts_output/contracts_output/codellama_with_rag_contracts/4258.sol,4258.sol,smartcheck,solidity,2022/11/14,20260213_1744,1771004943.7103145,6.727542877197266,0,"{SOLIDITY_ADDRESS_HARDCODED,SOLIDITY_ERC20_APPROVE,SOLIDITY_PRAGMAS_VERSION,SOLIDITY_PRIVATE_MODIFIER_DONT_HIDE_DATA,SOLIDITY_UPGRADE_TO_050,SOLIDITY_VISIBILITY}",{},{},{}
contracts_output/contracts_output/codellama_with_rag_contracts/4267.sol,4267.sol,smartcheck,solidity,2022/11/14,20260213_1744,1771005091.6583536,6.5694615840911865,0,"{SOLIDITY_ADDRESS_HARDCODED,SOLIDITY_PRAGMAS_VERSION,SOLIDITY_PRIVATE_MODIFIER_DONT_HIDE_DATA,SOLIDITY_UPGRADE_TO_050,SOLIDITY_VISIBILITY}",{},{},{}
contracts_output/contracts_output/codellama_with_rag_contracts/4301.sol,4301.sol,smartcheck,solidity,2022/11/14,20260213_1744,1771005028.8751638,4.98914098739624,0,"{SOLIDITY_ADDRESS_HARDCODED,SOLIDITY_EXTRA_GAS_IN_LOOPS,SOLIDITY_PRAGMAS_VERSION,SOLIDITY_REVERT_REQUIRE,SOLIDITY_UNCHECKED_CALL,SOLIDITY_VISIBILITY}",{},{},{}
contracts_output/contracts_output/codellama_with_rag_contracts/4311.sol,4311.sol,smartcheck,solidity,2022/11/14,20260213_1744,1771005028.1096776,6.463823318481445,0,"{SOLIDITY_ADDRESS_HARDCODED,SOLIDITY_EXTRA_GAS_IN_LOOPS,SOLIDITY_GAS_LIMIT_IN_LOOPS,SOLIDITY_PRAGMAS_VERSION,SOLIDITY_PRIVATE_MODIFIER_DONT_HIDE_DATA,SOLIDITY_UPGRADE_TO_050,SOLIDITY_VISIBILITY}",{},{},{}
contracts_output/contracts_output/codellama_with_rag_contracts/4342.sol,4342.sol,smartcheck,solidity,2022/11/14,20260213_1744,1771004823.8660538,6.373974323272705,0,"{SOLIDITY_ADDRESS_HARDCODED,SOLIDITY_PRAGMAS_VERSION,SOLIDITY_PRIVATE_MODIFIER_DONT_HIDE_DATA,SOLIDITY_UPGRADE_TO_050,SOLIDITY_VISIBILITY}",{},{},{}
contracts_output/contracts_output/codellama_with_rag_contracts/4344.sol,4344.sol,smartcheck,solidity,2022/11/14,20260213_1744,1771004919.5805686,6.822676420211792,0,"{SOLIDITY_ADDRESS_HARDCODED,SOLIDITY_PRAGMAS_VERSION,SOLIDITY_PRIVATE_MODIFIER_DONT_HIDE_DATA,SOLIDITY_UPGRADE_TO_050,SOLIDITY_VISIBILITY}",{},{},{}
contracts_output/contracts_output/codellama_with_rag_contracts/4397.sol,4397.sol,smartcheck,solidity,2022/11/14,20260213_1744,1771004872.1131968,4.48442530632019,0,"{SOLIDITY_ADDRESS_HARDCODED,SOLIDITY_PRAGMAS_VERSION,SOLIDITY_PRIVATE_MODIFIER_DONT_HIDE_DATA,SOLIDITY_UPGRADE_TO_050,SOLIDITY_VISIBILITY}",{},{},{}
contracts_output/contracts_output/codellama_with_rag_contracts/4411.sol,4411.sol,smartcheck,solidity,2022/11/14,20260213_1744,1771004939.0315397,4.211020231246948,0,"{SOLIDITY_ADDRESS_HARDCODED,SOLIDITY_PRAGMAS_VERSION,SOLIDITY_PRIVATE_MODIFIER_DONT_HIDE_DATA,SOLIDITY_UPGRADE_TO_050,SOLIDITY_VISIBILITY}",{},{},{}
contracts_output/contracts_output/codellama_with_rag_contracts/4418.sol,4418.sol,smartcheck,solidity,2022/11/14,20260213_1744,1771004817.8704724,5.827285051345825,0,"{SOLIDITY_ADDRESS_HARDCODED,SOLIDITY_PRAGMAS_VERSION}",{},{},{}
contracts_output/contracts_output/codellama_with_rag_contracts/442.sol,442.sol,smartcheck,solidity,2022/11/14,20260213_1744,1771004786.9049711,5.228368043899536,0,"{SOLIDITY_ADDRESS_HARDCODED,SOLIDITY_LOCKED_MONEY,SOLIDITY_PRAGMAS_VERSION,SOLIDITY_PRIVATE_MODIFIER_DONT_HIDE_DATA,SOLIDITY_UPGRADE_TO_050,SOLIDITY_VISIBILITY}",{},{},{}
contracts_output/contracts_output/codellama_with_rag_contracts/4437.sol,4437.sol,smartcheck,solidity,2022/11/14,20260213_1744,1771005015.0623438,6.312106370925903,0,"{SOLIDITY_ADDRESS_HARDCODED,SOLIDITY_PRAGMAS_VERSION,SOLIDITY_PRIVATE_MODIFIER_DONT_HIDE_DATA,SOLIDITY_UPGRADE_TO_050,SOLIDITY_VISIBILITY}",{},{},{}
contracts_output/contracts_output/codellama_with_rag_contracts/4464.sol,4464.sol,smartcheck,solidity,2022/11/14,20260213_1744,1771004759.6857686,6.558421611785889,0,"{SOLIDITY_ADDRESS_HARDCODED,SOLIDITY_PRAGMAS_VERSION,SOLIDITY_PRIVATE_MODIFIER_DONT_HIDE_DATA,SOLIDITY_UPGRADE_TO_050,SOLIDITY_VISIBILITY}",{},{},{}
contracts_output/contracts_output/codellama_with_rag_contracts/4481.sol,4481.sol,smartcheck,solidity,2022/11/14,20260213_1744,1771004741.471269,6.251319408416748,0,{SOLIDITY_PRAGMAS_VERSION},{},{},{}
contracts_output/contracts_output/codellama_with_rag_contracts/4491.sol,4491.sol,smartcheck,solidity,2022/11/14,20260213_1744,1771004704.1686897,4.520684719085693,0,"{SOLIDITY_ADDRESS_HARDCODED,SOLIDITY_EXTRA_GAS_IN_LOOPS,SOLIDITY_GAS_LIMIT_IN_LOOPS,SOLIDITY_OVERPOWERED_ROLE,SOLIDITY_PRAGMAS_VERSION,SOLIDITY_PRIVATE_MODIFIER_DONT_HIDE_DATA,SOLIDITY_UPGRADE_TO_050,SOLIDITY_VISIBILITY}",{},{},{}
contracts_output/contracts_output/codellama_with_rag_contracts/4496.sol,4496.sol,smartcheck,solidity,2022/11/14,20260213_1744,1771004899.6661658,7.161211252212524,0,"{SOLIDITY_ADDRESS_HARDCODED,SOLIDITY_PRAGMAS_VERSION,SOLIDITY_PRIVATE_MODIFIER_DONT_HIDE_DATA,SOLIDITY_UPGRADE_TO_050,SOLIDITY_VISIBILITY}",{},{},{}
contracts_output/contracts_output/codellama_with_rag_contracts/4517.sol,4517.sol,smartcheck,solidity,2022/11/14,20260213_1744,1771004712.0534458,6.117859601974487,0,"{SOLIDITY_ADDRESS_HARDCODED,SOLIDITY_PRAGMAS_VERSION,SOLIDITY_PRIVATE_MODIFIER_DONT_HIDE_DATA,SOLIDITY_UPGRADE_TO_050,SOLIDITY_VISIBILITY}",{},{},{}
contracts_output/contracts_output/codellama_with_rag_contracts/4527.sol,4527.sol,smartcheck,solidity,2022/11/14,20260213_1744,1771004861.6729329,5.917056322097778,0,"{SOLIDITY_ADDRESS_HARDCODED,SOLIDITY_PRAGMAS_VERSION,SOLIDITY_PRIVATE_MODIFIER_DONT_HIDE_DATA,SOLIDITY_UPGRADE_TO_050,SOLIDITY_VISIBILITY}",{},{},{}
contracts_output/contracts_output/codellama_with_rag_contracts/4553.sol,4553.sol,smartcheck,solidity,2022/11/14,20260213_1744,1771005060.5665874,5.325690984725952,0,"{SOLIDITY_ADDRESS_HARDCODED,SOLIDITY_PRAGMAS_VERSION,SOLIDITY_PRIVATE_MODIFIER_DONT_HIDE_DATA,SOLIDITY_UPGRADE_TO_050,SOLIDITY_VISIBILITY}",{},{},{}
contracts_output/contracts_output/codellama_with_rag_contracts/4560.sol,4560.sol,smartcheck,solidity,2022/11/14,20260213_1744,1771004749.004916,5.2773756980896,0,"{SOLIDITY_ADDRESS_HARDCODED,SOLIDITY_PRAGMAS_VERSION,SOLIDITY_PRIVATE_MODIFIER_DONT_HIDE_DATA,SOLIDITY_UPGRADE_TO_050,SOLIDITY_VISIBILITY}",{},{},{}
contracts_output/contracts_output/codellama_with_rag_contracts/4562.sol,4562.sol,smartcheck,solidity,2022/11/14,20260213_1744,1771005071.3260496,5.725656032562256,0,"{SOLIDITY_EXTRA_GAS_IN_LOOPS,SOLIDITY_GAS_LIMIT_IN_LOOPS,SOLIDITY_PRAGMAS_VERSION,SOLIDITY_PRIVATE_MODIFIER_DONT_HIDE_DATA}",{},{},{}
contracts_output/contracts_output/codellama_with_rag_contracts/4567.sol,4567.sol,smartcheck,solidity,2022/11/14,20260213_1744,1771005104.1145396,6.245034217834473,0,"{SOLIDITY_ADDRESS_HARDCODED,SOLIDITY_PRAGMAS_VERSION,SOLIDITY_PRIVATE_MODIFIER_DONT_HIDE_DATA,SOLIDITY_UPGRADE_TO_050,SOLIDITY_VISIBILITY}",{},{},{}
contracts_output/contracts_output/codellama_with_rag_contracts/4568.sol,4568.sol,smartcheck,solidity,2022/11/14,20260213_1744,1771004830.2395623,6.5483362674713135,0,"{SOLIDITY_ADDRESS_HARDCODED,SOLIDITY_ERC20_TRANSFER_SHOULD_THROW,SOLIDITY_PRAGMAS_VERSION,SOLIDITY_PRIVATE_MODIFIER_DONT_HIDE_DATA,SOLIDITY_UPGRADE_TO_050,SOLIDITY_VISIBILITY}",{},{},{}
contracts_output/contracts_output/codellama_with_rag_contracts/4569.sol,4569.sol,smartcheck,solidity,2022/11/14,20260213_1744,1771005065.151571,5.657420873641968,0,"{SOLIDITY_ADDRESS_HARDCODED,SOLIDITY_PRAGMAS_VERSION,SOLIDITY_PRIVATE_MODIFIER_DONT_HIDE_DATA,SOLIDITY_SHOULD_RETURN_STRUCT,SOLIDITY_UPGRADE_TO_050,SOLIDITY_VISIBILITY}",{},{},{}
contracts_output/contracts_output/codellama_with_rag_contracts/4577.sol,4577.sol,smartcheck,solidity,2022/11/14,20260213_1744,1771004906.7292218,5.980820894241333,0,"{SOLIDITY_ADDRESS_HARDCODED,SOLIDITY_PRAGMAS_VERSION,SOLIDITY_PRIVATE_MODIFIER_DONT_HIDE_DATA,SOLIDITY_UPGRADE_TO_050,SOLIDITY_VISIBILITY}",{},{},{}
contracts_output/contracts_output/codellama_with_rag_contracts/4581.sol,4581.sol,smartcheck,solidity,2022/11/14,20260213_1744,1771004987.1929717,4.629282236099243,0,"{SOLIDITY_ADDRESS_HARDCODED,SOLIDITY_OVERPOWERED_ROLE,SOLIDITY_PRAGMAS_VERSION}",{},{},{}
contracts_output/contracts_output/codellama_with_rag_contracts/4592.sol,4592.sol,smartcheck,solidity,2022/11/14,20260213_1744,1771004690.0660155,4.957988262176514,0,"{SOLIDITY_ADDRESS_HARDCODED,SOLIDITY_PRAGMAS_VERSION,SOLIDITY_PRIVATE_MODIFIER_DONT_HIDE_DATA,SOLIDITY_UPGRADE_TO_050,SOLIDITY_VISIBILITY}",{},{},{}
contracts_output/contracts_output/codellama_with_rag_contracts/4597.sol,4597.sol,smartcheck,solidity,2022/11/14,20260213_1744,1771004901.6170988,5.256023406982422,0,"{SOLIDITY_ADDRESS_HARDCODED,SOLIDITY_PRAGMAS_VERSION,SOLIDITY_PRIVATE_MODIFIER_DONT_HIDE_DATA,SOLIDITY_UPGRADE_TO_050,SOLIDITY_VISIBILITY}",{},{},{}
contracts_output/contracts_output/codellama_with_rag_contracts/4609.sol,4609.sol,smartcheck,solidity,2022/11/14,20260213_1744,1771004820.7003138,5.882544755935669,0,"{SOLIDITY_ADDRESS_HARDCODED,SOLIDITY_PRAGMAS_VERSION,SOLIDITY_PRIVATE_MODIFIER_DONT_HIDE_DATA,SOLIDITY_UPGRADE_TO_050,SOLIDITY_VISIBILITY}",{},{},{}
contracts_output/contracts_output/codellama_with_rag_contracts/461.sol,461.sol,smartcheck,solidity,2022/11/14,20260213_1744,1771004830.815964,5.277157306671143,0,"{SOLIDITY_ADDRESS_HARDCODED,SOLIDITY_PRAGMAS_VERSION,SOLIDITY_PRIVATE_MODIFIER_DONT_HIDE_DATA,SOLIDITY_UPGRADE_TO_050,SOLIDITY_VISIBILITY}",{},{},{}
contracts_output/contracts_output/codellama_with_rag_contracts/4614.sol,4614.sol,smartcheck,solidity,2022/11/14,20260213_1744,1771004984.274014,5.655255079269409,0,"{SOLIDITY_ADDRESS_HARDCODED,SOLIDITY_PRAGMAS_VERSION,SOLIDITY_PRIVATE_MODIFIER_DONT_HIDE_DATA,SOLIDITY_UPGRADE_TO_050,SOLIDITY_VISIBILITY}",{},{},{}
contracts_output/contracts_output/codellama_with_rag_contracts/4646.sol,4646.sol,smartcheck,solidity,2022/11/14,20260213_1744,1771004817.302119,5.353549242019653,0,"{SOLIDITY_ADDRESS_HARDCODED,SOLIDITY_PRAGMAS_VERSION,SOLIDITY_PRIVATE_MODIFIER_DONT_HIDE_DATA,SOLIDITY_UPGRADE_TO_050,SOLIDITY_VISIBILITY}",{},{},{}
contracts_output/contracts_output/codellama_with_rag_contracts/465.sol,465.sol,smartcheck,solidity,2022/11/14,20260213_1744,1771005056.6459098,10.907866716384888,1,{},{},{EXIT_CODE_1},{exception (java.lang.RuntimeException: java.lang.RuntimeException: java.lang.RuntimeException: java.lang.StringIndexOutOfBoundsException: String index out of range: 1781456)}
contracts_output/contracts_output/codellama_with_rag_contracts/4661.sol,4661.sol,smartcheck,solidity,2022/11/14,20260213_1744,1771004900.3313808,6.39647650718689,0,"{SOLIDITY_ADDRESS_HARDCODED,SOLIDITY_PRAGMAS_VERSION,SOLIDITY_PRIVATE_MODIFIER_DONT_HIDE_DATA,SOLIDITY_UPGRADE_TO_050,SOLIDITY_VISIBILITY}",{},{},{}
contracts_output/contracts_output/codellama_with_rag_contracts/4669.sol,4669.sol,smartcheck,solidity,2022/11/14,20260213_1744,1771004928.425358,5.7769365310668945,0,"{SOLIDITY_ADDRESS_HARDCODED,SOLIDITY_PRAGMAS_VERSION,SOLIDITY_VISIBILITY}",{},{},{}
contracts_output/contracts_output/codellama_with_rag_contracts/467.sol,467.sol,smartcheck,solidity,2022/11/14,20260213_1744,1771004957.7403836,6.485717296600342,0,"{SOLIDITY_ADDRESS_HARDCODED,SOLIDITY_PRAGMAS_VERSION,SOLIDITY_PRIVATE_MODIFIER_DONT_HIDE_DATA,SOLIDITY_UPGRADE_TO_050,SOLIDITY_VISIBILITY}",{},{},{}
contracts_output/contracts_output/codellama_with_rag_contracts/4675.sol,4675.sol,smartcheck,solidity,2022/11/14,20260213_1744,1771004775.0252056,7.52031946182251,0,"{SOLIDITY_ADDRESS_HARDCODED,SOLIDITY_PRAGMAS_VERSION,SOLIDITY_PRIVATE_MODIFIER_DONT_HIDE_DATA,SOLIDITY_UPGRADE_TO_050,SOLIDITY_VISIBILITY}",{},{},{}
contracts_output/contracts_output/codellama_with_rag_contracts/4681.sol,4681.sol,smartcheck,solidity,2022/11/14,20260213_1744,1771004753.3119302,5.5696351528167725,0,{SOLIDITY_PRAGMAS_VERSION},{},{},{}
contracts_output/contracts_output/codellama_with_rag_contracts/4695.sol,4695.sol,smartcheck,solidity,2022/11/14,20260213_1744,1771005054.5319026,5.2324042320251465,0,"{SOLIDITY_ADDRESS_HARDCODED,SOLIDITY_PRAGMAS_VERSION,SOLIDITY_PRIVATE_MODIFIER_DONT_HIDE_DATA,SOLIDITY_REVERT_REQUIRE,SOLIDITY_UPGRADE_TO_050,SOLIDITY_VISIBILITY}",{},{},{}
contracts_output/contracts_output/codellama_with_rag_contracts/4726.sol,4726.sol,smartcheck,solidity,2022/11/14,20260213_1744,1771004752.3160276,5.523526430130005,0,{SOLIDITY_PRAGMAS_VERSION},{},{},{}
contracts_output/contracts_output/codellama_with_rag_contracts/4727.sol,4727.sol,smartcheck,solidity,2022/11/14,20260213_1744,1771004874.3995285,5.610142946243286,0,"{SOLIDITY_ADDRESS_HARDCODED,SOLIDITY_PRAGMAS_VERSION,SOLIDITY_VISIBILITY}",{},{},{}
contracts_output/contracts_output/codellama_with_rag_contracts/474.sol,474.sol,smartcheck,solidity,2022/11/14,20260213_1744,1771004939.4688227,5.964707612991333,0,"{SOLIDITY_ADDRESS_HARDCODED,SOLIDITY_PRAGMAS_VERSION,SOLIDITY_PRIVATE_MODIFIER_DONT_HIDE_DATA,SOLIDITY_UPGRADE_TO_050,SOLIDITY_VISIBILITY}",{},{},{}
contracts_output/contracts_output/codellama_with_rag_contracts/4746.sol,4746.sol,smartcheck,solidity,2022/11/14,20260213_1744,1771004840.344999,4.3720808029174805,0,"{SOLIDITY_ADDRESS_HARDCODED,SOLIDITY_PRAGMAS_VERSION,SOLIDITY_PRIVATE_MODIFIER_DONT_HIDE_DATA,SOLIDITY_UPGRADE_TO_050,SOLIDITY_VISIBILITY}",{},{},{}
contracts_output/contracts_output/codellama_with_rag_contracts/475.sol,475.sol,smartcheck,solidity,2022/11/14,20260213_1744,1771004896.2621996,4.367641448974609,0,"{SOLIDITY_ADDRESS_HARDCODED,SOLIDITY_PRAGMAS_VERSION,SOLIDITY_VISIBILITY}",{},{},{}
contracts_output/contracts_output/codellama_with_rag_contracts/476.sol,476.sol,smartcheck,solidity,2022/11/14,20260213_1744,1771004836.789762,4.039489030838013,0,"{SOLIDITY_ADDRESS_HARDCODED,SOLIDITY_PRAGMAS_VERSION,SOLIDITY_PRIVATE_MODIFIER_DONT_HIDE_DATA,SOLIDITY_UPGRADE_TO_050,SOLIDITY_VISIBILITY}",{},{},{}
contracts_output/contracts_output/codellama_with_rag_contracts/4761.sol,4761.sol,smartcheck,solidity,2022/11/14,20260213_1744,1771004817.7301662,4.5718958377838135,0,"{SOLIDITY_PRAGMAS_VERSION,SOLIDITY_VISIBILITY}",{},{},{}
contracts_output/contracts_output/codellama_with_rag_contracts/4775.sol,4775.sol,smartcheck,solidity,2022/11/14,20260213_1744,1771004855.4203234,4.250383615493774,0,"{SOLIDITY_ADDRESS_HARDCODED,SOLIDITY_PRAGMAS_VERSION,SOLIDITY_PRIVATE_MODIFIER_DONT_HIDE_DATA,SOLIDITY_UPGRADE_TO_050,SOLIDITY_VISIBILITY}",{},{},{}
contracts_output/contracts_output/codellama_with_rag_contracts/4790.sol,4790.sol,smartcheck,solidity,2022/11/14,20260213_1744,1771004729.994019,5.382777214050293,0,"{SOLIDITY_ADDRESS_HARDCODED,SOLIDITY_PRAGMAS_VERSION,SOLIDITY_PRIVATE_MODIFIER_DONT_HIDE_DATA,SOLIDITY_UPGRADE_TO_050,SOLIDITY_VISIBILITY}",{},{},{}
contracts_output/contracts_output/codellama_with_rag_contracts/4803.sol,4803.sol,smartcheck,solidity,2022/11/14,20260213_1744,1771004782.1919878,4.783044338226318,0,"{SOLIDITY_PRAGMAS_VERSION,SOLIDITY_VISIBILITY}",{},{},{}
contracts_output/contracts_output/codellama_with_rag_contracts/4806.sol,4806.sol,smartcheck,solidity,2022/11/14,20260213_1744,1771004961.707566,6.1303253173828125,0,"{SOLIDITY_ADDRESS_HARDCODED,SOLIDITY_LOCKED_MONEY,SOLIDITY_PRAGMAS_VERSION,SOLIDITY_PRIVATE_MODIFIER_DONT_HIDE_DATA,SOLIDITY_UPGRADE_TO_050,SOLIDITY_VISIBILITY}",{},{},{}
contracts_output/contracts_output/codellama_with_rag_contracts/4823.sol,4823.sol,smartcheck,solidity,2022/11/14,20260213_1744,1771004998.2018745,5.739855051040649,0,"{SOLIDITY_ADDRESS_HARDCODED,SOLIDITY_EXTRA_GAS_IN_LOOPS,SOLIDITY_GAS_LIMIT_IN_LOOPS,SOLIDITY_PRAGMAS_VERSION,SOLIDITY_VISIBILITY}",{},{},{}
contracts_output/contracts_output/codellama_with_rag_contracts/4839.sol,4839.sol,smartcheck,solidity,2022/11/14,20260213_1744,1771005005.768528,5.962026357650757,0,"{SOLIDITY_ADDRESS_HARDCODED,SOLIDITY_PRAGMAS_VERSION,SOLIDITY_PRIVATE_MODIFIER_DONT_HIDE_DATA,SOLIDITY_UPGRADE_TO_050,SOLIDITY_VISIBILITY}",{},{},{}
contracts_output/contracts_output/codellama_with_rag_contracts/4847.sol,4847.sol,smartcheck,solidity,2022/11/14,20260213_1744,1771004735.7401855,5.046869516372681,0,"{SOLIDITY_LOCKED_MONEY,SOLIDITY_PRAGMAS_VERSION,SOLIDITY_VISIBILITY}",{},{},{}
contracts_output/contracts_output/codellama_with_rag_contracts/4852.sol,4852.sol,smartcheck,solidity,2022/11/14,20260213_1744,1771004991.3628502,6.569863319396973,0,"{SOLIDITY_ADDRESS_HARDCODED,SOLIDITY_PRAGMAS_VERSION,SOLIDITY_PRIVATE_MODIFIER_DONT_HIDE_DATA,SOLIDITY_UPGRADE_TO_050,SOLIDITY_VISIBILITY}",{},{},{}
contracts_output/contracts_output/codellama_with_rag_contracts/4854.sol,4854.sol,smartcheck,solidity,2022/11/14,20260213_1744,1771004854.3677323,4.940885066986084,0,"{SOLIDITY_ADDRESS_HARDCODED,SOLIDITY_DEPRECATED_CONSTRUCTIONS,SOLIDITY_PRAGMAS_VERSION,SOLIDITY_VISIBILITY}",{},{},{}
contracts_output/contracts_output/codellama_with_rag_contracts/4864.sol,4864.sol,smartcheck,solidity,2022/11/14,20260213_1744,1771004975.4248302,8.25770092010498,0,"{SOLIDITY_ADDRESS_HARDCODED,SOLIDITY_DIV_MUL,SOLIDITY_EXTRA_GAS_IN_LOOPS,SOLIDITY_GAS_LIMIT_IN_LOOPS,SOLIDITY_PRAGMAS_VERSION,SOLIDITY_PRIVATE_MODIFIER_DONT_HIDE_DATA,SOLIDITY_UPGRADE_TO_050,SOLIDITY_VISIBILITY}",{},{},{}
contracts_output/contracts_output/codellama_with_rag_contracts/4877.sol,4877.sol,smartcheck,solidity,2022/11/14,20260213_1744,1771004871.2121608,6.128441333770752,0,"{SOLIDITY_ADDRESS_HARDCODED,SOLIDITY_PRAGMAS_VERSION,SOLIDITY_PRIVATE_MODIFIER_DONT_HIDE_DATA,SOLIDITY_UPGRADE_TO_050,SOLIDITY_VISIBILITY}",{},{},{}
contracts_output/contracts_output/codellama_with_rag_contracts/4896.sol,4896.sol,smartcheck,solidity,2022/11/14,20260213_1744,1771004695.573239,3.7943758964538574,0,"{SOLIDITY_ADDRESS_HARDCODED,SOLIDITY_OVERPOWERED_ROLE,SOLIDITY_PRAGMAS_VERSION,SOLIDITY_PRIVATE_MODIFIER_DONT_HIDE_DATA,SOLIDITY_UPGRADE_TO_050,SOLIDITY_VISIBILITY}",{},{},{}
contracts_output/contracts_output/codellama_with_rag_contracts/4898.sol,4898.sol,smartcheck,solidity,2022/11/14,20260213_1744,1771005096.0230272,6.353161573410034,0,"{SOLIDITY_ADDRESS_HARDCODED,SOLIDITY_PRAGMAS_VERSION,SOLIDITY_PRIVATE_MODIFIER_DONT_HIDE_DATA,SOLIDITY_UPGRADE_TO_050,SOLIDITY_VISIBILITY}",{},{},{}
contracts_output/contracts_output/codellama_with_rag_contracts/4912.sol,4912.sol,smartcheck,solidity,2022/11/14,20260213_1744,1771005106.3243508,5.512679100036621,0,"{SOLIDITY_ADDRESS_HARDCODED,SOLIDITY_PRAGMAS_VERSION,SOLIDITY_PRIVATE_MODIFIER_DONT_HIDE_DATA,SOLIDITY_UPGRADE_TO_050,SOLIDITY_VISIBILITY}",{},{},{}
contracts_output/contracts_output/codellama_with_rag_contracts/4928.sol,4928.sol,smartcheck,solidity,2022/11/14,20260213_1744,1771004881.5130134,7.055073261260986,0,"{SOLIDITY_ADDRESS_HARDCODED,SOLIDITY_PRAGMAS_VERSION,SOLIDITY_PRIVATE_MODIFIER_DONT_HIDE_DATA,SOLIDITY_UPGRADE_TO_050,SOLIDITY_VISIBILITY}",{},{},{}
contracts_output/contracts_output/codellama_with_rag_contracts/4942.sol,4942.sol,smartcheck,solidity,2022/11/14,20260213_1744,1771005109.226532,3.8591678142547607,0,"{SOLIDITY_ADDRESS_HARDCODED,SOLIDITY_PRAGMAS_VERSION,SOLIDITY_PRIVATE_MODIFIER_DONT_HIDE_DATA,SOLIDITY_UPGRADE_TO_050,SOLIDITY_VISIBILITY}",{},{},{}
contracts_output/contracts_output/codellama_with_rag_contracts/497.sol,497.sol,smartcheck,solidity,2022/11/14,20260213_1744,1771005034.5751595,4.277778387069702,0,"{SOLIDITY_PRAGMAS_VERSION,SOLIDITY_VISIBILITY}",{},{},{}
contracts_output/contracts_output/codellama_with_rag_contracts/4986.sol,4986.sol,smartcheck,solidity,2022/11/14,20260213_1744,1771004691.4686263,4.985799074172974,0,"{SOLIDITY_ADDRESS_HARDCODED,SOLIDITY_PRAGMAS_VERSION,SOLIDITY_PRIVATE_MODIFIER_DONT_HIDE_DATA,SOLIDITY_UPGRADE_TO_050,SOLIDITY_VISIBILITY}",{},{},{}
contracts_output/contracts_output/codellama_with_rag_contracts/4993.sol,4993.sol,smartcheck,solidity,2022/11/14,20260213_1744,1771004823.0359604,4.682199716567993,0,"{SOLIDITY_ADDRESS_HARDCODED,SOLIDITY_PRAGMAS_VERSION,SOLIDITY_PRIVATE_MODIFIER_DONT_HIDE_DATA,SOLIDITY_UPGRADE_TO_050,SOLIDITY_VISIBILITY}",{},{},{}
contracts_output/contracts_output/codellama_with_rag_contracts/5005.sol,5005.sol,smartcheck,solidity,2022/11/14,20260213_1744,1771004864.4018254,5.079231262207031,0,"{SOLIDITY_ADDRESS_HARDCODED,SOLIDITY_PRAGMAS_VERSION,SOLIDITY_PRIVATE_MODIFIER_DONT_HIDE_DATA,SOLIDITY_UPGRADE_TO_050,SOLIDITY_VISIBILITY}",{},{},{}
contracts_output/contracts_output/codellama_with_rag_contracts/5007.sol,5007.sol,smartcheck,solidity,2022/11/14,20260213_1744,1771005009.0433364,5.265469074249268,0,"{SOLIDITY_ADDRESS_HARDCODED,SOLIDITY_PRAGMAS_VERSION,SOLIDITY_PRIVATE_MODIFIER_DONT_HIDE_DATA,SOLIDITY_UPGRADE_TO_050,SOLIDITY_VISIBILITY}",{},{},{}
contracts_output/contracts_output/codellama_with_rag_contracts/5030.sol,5030.sol,smartcheck,solidity,2022/11/14,20260213_1744,1771004776.3892539,5.800680875778198,0,"{SOLIDITY_ADDRESS_HARDCODED,SOLIDITY_PRAGMAS_VERSION,SOLIDITY_PRIVATE_MODIFIER_DONT_HIDE_DATA,SOLIDITY_UPGRADE_TO_050,SOLIDITY_VISIBILITY}",{},{},{}
contracts_output/contracts_output/codellama_with_rag_contracts/5033.sol,5033.sol,smartcheck,solidity,2022/11/14,20260213_1744,1771004721.786499,5.1523003578186035,0,"{SOLIDITY_ADDRESS_HARDCODED,SOLIDITY_PRAGMAS_VERSION,SOLIDITY_PRIVATE_MODIFIER_DONT_HIDE_DATA,SOLIDITY_UPGRADE_TO_050,SOLIDITY_VISIBILITY}",{},{},{}
contracts_output/contracts_output/codellama_with_rag_contracts/5043.sol,5043.sol,smartcheck,solidity,2022/11/14,20260213_1744,1771004742.180172,4.71495509147644,0,"{SOLIDITY_ADDRESS_HARDCODED,SOLIDITY_PRAGMAS_VERSION,SOLIDITY_PRIVATE_MODIFIER_DONT_HIDE_DATA,SOLIDITY_UPGRADE_TO_050,SOLIDITY_VISIBILITY}",{},{},{}
contracts_output/contracts_output/codellama_with_rag_contracts/5070.sol,5070.sol,smartcheck,solidity,2022/11/14,20260213_1744,1771004906.941487,6.122040271759033,0,"{SOLIDITY_ADDRESS_HARDCODED,SOLIDITY_PRAGMAS_VERSION,SOLIDITY_PRIVATE_MODIFIER_DONT_HIDE_DATA,SOLIDITY_UPGRADE_TO_050,SOLIDITY_VISIBILITY}",{},{},{}
contracts_output/contracts_output/codellama_with_rag_contracts/5074.sol,5074.sol,smartcheck,solidity,2022/11/14,20260213_1744,1771004736.226132,5.145298480987549,0,"{SOLIDITY_PRAGMAS_VERSION,SOLIDITY_PRIVATE_MODIFIER_DONT_HIDE_DATA}",{},{},{}
contracts_output/contracts_output/codellama_with_rag_contracts/5098.sol,5098.sol,smartcheck,solidity,2022/11/14,20260213_1744,1771004802.639233,6.393235206604004,0,"{SOLIDITY_ADDRESS_HARDCODED,SOLIDITY_PRAGMAS_VERSION,SOLIDITY_PRIVATE_MODIFIER_DONT_HIDE_DATA,SOLIDITY_UPGRADE_TO_050,SOLIDITY_VISIBILITY}",{},{},{}
contracts_output/contracts_output/codellama_with_rag_contracts/5099.sol,5099.sol,smartcheck,solidity,2022/11/14,20260213_1744,1771004959.3009949,3.9794397354125977,0,"{SOLIDITY_ADDRESS_HARDCODED,SOLIDITY_LOCKED_MONEY,SOLIDITY_PRAGMAS_VERSION,SOLIDITY_PRIVATE_MODIFIER_DONT_HIDE_DATA,SOLIDITY_UPGRADE_TO_050,SOLIDITY_VISIBILITY}",{},{},{}
contracts_output/contracts_output/codellama_with_rag_contracts/5101.sol,5101.sol,smartcheck,solidity,2022/11/14,20260213_1744,1771005068.99299,5.384357452392578,0,"{SOLIDITY_ADDRESS_HARDCODED,SOLIDITY_PRAGMAS_VERSION,SOLIDITY_VISIBILITY}",{},{},{}
contracts_output/contracts_output/codellama_with_rag_contracts/5131.sol,5131.sol,smartcheck,solidity,2022/11/14,20260213_1744,1771004725.2317803,4.7600133419036865,0,"{SOLIDITY_ADDRESS_HARDCODED,SOLIDITY_PRAGMAS_VERSION,SOLIDITY_PRIVATE_MODIFIER_DONT_HIDE_DATA,SOLIDITY_UPGRADE_TO_050,SOLIDITY_VISIBILITY}",{},{},{}
contracts_output/contracts_output/codellama_with_rag_contracts/5169.sol,5169.sol,smartcheck,solidity,2022/11/14,20260213_1744,1771004989.1974263,5.8254311084747314,0,"{SOLIDITY_ADDRESS_HARDCODED,SOLIDITY_OVERPOWERED_ROLE,SOLIDITY_PRAGMAS_VERSION,SOLIDITY_PRIVATE_MODIFIER_DONT_HIDE_DATA,SOLIDITY_UPGRADE_TO_050,SOLIDITY_VISIBILITY}",{},{},{}
contracts_output/contracts_output/codellama_with_rag_contracts/517.sol,517.sol,smartcheck,solidity,2022/11/14,20260213_1744,1771004687.6700284,4.016095399856567,0,"{SOLIDITY_ADDRESS_HARDCODED,SOLIDITY_PRAGMAS_VERSION,SOLIDITY_PRIVATE_MODIFIER_DONT_HIDE_DATA,SOLIDITY_UPGRADE_TO_050,SOLIDITY_VISIBILITY}",{},{},{}
contracts_output/contracts_output/codellama_with_rag_contracts/5173.sol,5173.sol,smartcheck,solidity,2022/11/14,20260213_1744,1771004934.1471875,5.645510911941528,0,"{SOLIDITY_ADDRESS_HARDCODED,SOLIDITY_PRAGMAS_VERSION,SOLIDITY_PRIVATE_MODIFIER_DONT_HIDE_DATA,SOLIDITY_UPGRADE_TO_050,SOLIDITY_VISIBILITY}",{},{},{}
contracts_output/contracts_output/codellama_with_rag_contracts/5181.sol,5181.sol,smartcheck,solidity,2022/11/14,20260213_1744,1771004913.2873466,5.690132141113281,0,"{SOLIDITY_ADDRESS_HARDCODED,SOLIDITY_PRAGMAS_VERSION,SOLIDITY_PRIVATE_MODIFIER_DONT_HIDE_DATA,SOLIDITY_UPGRADE_TO_050,SOLIDITY_VISIBILITY}",{},{},{}
contracts_output/contracts_output/codellama_with_rag_contracts/5188.sol,5188.sol,smartcheck,solidity,2022/11/14,20260213_1744,1771004873.2417183,6.3377673625946045,0,"{SOLIDITY_ADDRESS_HARDCODED,SOLIDITY_EXTRA_GAS_IN_LOOPS,SOLIDITY_GAS_LIMIT_IN_LOOPS,SOLIDITY_PRAGMAS_VERSION,SOLIDITY_PRIVATE_MODIFIER_DONT_HIDE_DATA,SOLIDITY_UPGRADE_TO_050,SOLIDITY_VISIBILITY}",{},{},{}
contracts_output/contracts_output/codellama_with_rag_contracts/52.sol,52.sol,smartcheck,solidity,2022/11/14,20260213_1744,1771004851.7302592,5.536038875579834,0,"{SOLIDITY_PRAGMAS_VERSION,SOLIDITY_VISIBILITY}",{},{},{}
contracts_output/contracts_output/codellama_with_rag_contracts/5200.sol,5200.sol,smartcheck,solidity,2022/11/14,20260213_1744,1771004972.5435085,4.924530267715454,0,"{SOLIDITY_ADDRESS_HARDCODED,SOLIDITY_PRAGMAS_VERSION,SOLIDITY_PRIVATE_MODIFIER_DONT_HIDE_DATA,SOLIDITY_UPGRADE_TO_050,SOLIDITY_VISIBILITY}",{},{},{}
contracts_output/contracts_output/codellama_with_rag_contracts/521.sol,521.sol,smartcheck,solidity,2022/11/14,20260213_1744,1771004996.5154192,5.475388288497925,0,"{SOLIDITY_ADDRESS_HARDCODED,SOLIDITY_PRAGMAS_VERSION,SOLIDITY_PRIVATE_MODIFIER_DONT_HIDE_DATA,SOLIDITY_UPGRADE_TO_050,SOLIDITY_VISIBILITY}",{},{},{}
contracts_output/contracts_output/codellama_with_rag_contracts/5228.sol,5228.sol,smartcheck,solidity,2022/11/14,20260213_1744,1771004995.9875681,6.389617681503296,0,"{SOLIDITY_ADDRESS_HARDCODED,SOLIDITY_PRAGMAS_VERSION,SOLIDITY_PRIVATE_MODIFIER_DONT_HIDE_DATA,SOLIDITY_UPGRADE_TO_050,SOLIDITY_VISIBILITY}",{},{},{}
contracts_output/contracts_output/codellama_with_rag_contracts/5253.sol,5253.sol,smartcheck,solidity,2022/11/14,20260213_1744,1771004749.2371247,5.142748594284058,0,"{SOLIDITY_PRAGMAS_VERSION,SOLIDITY_PRIVATE_MODIFIER_DONT_HIDE_DATA}",{},{},{}
contracts_output/contracts_output/codellama_with_rag_contracts/527.sol,527.sol,smartcheck,solidity,2022/11/14,20260213_1744,1771004958.9435534,5.112786531448364,0,"{SOLIDITY_ADDRESS_HARDCODED,SOLIDITY_OVERPOWERED_ROLE,SOLIDITY_PRAGMAS_VERSION,SOLIDITY_PRIVATE_MODIFIER_DONT_HIDE_DATA,SOLIDITY_UPGRADE_TO_050,SOLIDITY_VISIBILITY}",{},{},{}
contracts_output/contracts_output/codellama_with_rag_contracts/5294.sol,5294.sol,smartcheck,solidity,2022/11/14,20260213_1744,1771004959.9709508,5.277260780334473,0,"{SOLIDITY_PRAGMAS_VERSION,SOLIDITY_VISIBILITY}",{},{},{}
contracts_output/contracts_output/codellama_with_rag_contracts/5296.sol,5296.sol,smartcheck,solidity,2022/11/14,20260213_1744,1771005041.872156,6.334008693695068,0,"{SOLIDITY_ADDRESS_HARDCODED,SOLIDITY_PRAGMAS_VERSION,SOLIDITY_PRIVATE_MODIFIER_DONT_HIDE_DATA,SOLIDITY_UPGRADE_TO_050,SOLIDITY_VISIBILITY}",{},{},{}
contracts_output/contracts_output/codellama_with_rag_contracts/5300.sol,5300.sol,smartcheck,solidity,2022/11/14,20260213_1744,1771004719.0522816,4.879616737365723,0,{SOLIDITY_PRAGMAS_VERSION},{},{},{}
contracts_output/contracts_output/codellama_with_rag_contracts/5313.sol,5313.sol,smartcheck,solidity,2022/11/14,20260213_1744,1771005093.826619,4.988013744354248,0,"{SOLIDITY_ADDRESS_HARDCODED,SOLIDITY_PRAGMAS_VERSION,SOLIDITY_PRIVATE_MODIFIER_DONT_HIDE_DATA,SOLIDITY_UPGRADE_TO_050,SOLIDITY_VISIBILITY}",{},{},{}
contracts_output/contracts_output/codellama_with_rag_contracts/5314.sol,5314.sol,smartcheck,solidity,2022/11/14,20260213_1744,1771004704.9666529,4.610944032669067,0,"{SOLIDITY_ADDRESS_HARDCODED,SOLIDITY_EXTRA_GAS_IN_LOOPS,SOLIDITY_GAS_LIMIT_IN_LOOPS,SOLIDITY_PRAGMAS_VERSION,SOLIDITY_PRIVATE_MODIFIER_DONT_HIDE_DATA,SOLIDITY_UPGRADE_TO_050,SOLIDITY_VISIBILITY}",{},{},{}
contracts_output/contracts_output/codellama_with_rag_contracts/5346.sol,5346.sol,smartcheck,solidity,2022/11/14,20260213_1744,1771004743.371349,5.063769102096558,0,"{SOLIDITY_ADDRESS_HARDCODED,SOLIDITY_PRAGMAS_VERSION,SOLIDITY_PRIVATE_MODIFIER_DONT_HIDE_DATA,SOLIDITY_UPGRADE_TO_050,SOLIDITY_VISIBILITY}",{},{},{}
contracts_output/contracts_output/codellama_with_rag_contracts/5392.sol,5392.sol,smartcheck,solidity,2022/11/14,20260213_1744,1771005024.8091886,6.790629863739014,0,"{SOLIDITY_ADDRESS_HARDCODED,SOLIDITY_PRAGMAS_VERSION,SOLIDITY_PRIVATE_MODIFIER_DONT_HIDE_DATA,SOLIDITY_UPGRADE_TO_050,SOLIDITY_VISIBILITY}",{},{},{}
contracts_output/contracts_output/codellama_with_rag_contracts/5397.sol,5397.sol,smartcheck,solidity,2022/11/14,20260213_1744,1771004865.5074918,6.628973484039307,0,"{SOLIDITY_ADDRESS_HARDCODED,SOLIDITY_EXTRA_GAS_IN_LOOPS,SOLIDITY_GAS_LIMIT_IN_LOOPS,SOLIDITY_PRAGMAS_VERSION,SOLIDITY_PRIVATE_MODIFIER_DONT_HIDE_DATA,SOLIDITY_UPGRADE_TO_050,SOLIDITY_VISIBILITY}",{},{},{}
contracts_output/contracts_output/codellama_with_rag_contracts/5406.sol,5406.sol,smartcheck,solidity,2022/11/14,20260213_1744,1771004837.1366909,5.732900619506836,0,"{SOLIDITY_ADDRESS_HARDCODED,SOLIDITY_PRAGMAS_VERSION,SOLIDITY_PRIVATE_MODIFIER_DONT_HIDE_DATA,SOLIDITY_UPGRADE_TO_050,SOLIDITY_VISIBILITY}",{},{},{}
contracts_output/contracts_output/codellama_with_rag_contracts/5414.sol,5414.sol,smartcheck,solidity,2022/11/14,20260213_1744,1771004711.3001668,5.310176372528076,0,"{SOLIDITY_ADDRESS_HARDCODED,SOLIDITY_PRAGMAS_VERSION,SOLIDITY_PRIVATE_MODIFIER_DONT_HIDE_DATA,SOLIDITY_UPGRADE_TO_050,SOLIDITY_VISIBILITY}",{},{},{}
contracts_output/contracts_output/codellama_with_rag_contracts/5432.sol,5432.sol,smartcheck,solidity,2022/11/14,20260213_1744,1771004985.2495203,4.415831804275513,0,"{SOLIDITY_ADDRESS_HARDCODED,SOLIDITY_OVERPOWERED_ROLE,SOLIDITY_PRAGMAS_VERSION,SOLIDITY_PRIVATE_MODIFIER_DONT_HIDE_DATA,SOLIDITY_UPGRADE_TO_050,SOLIDITY_VISIBILITY}",{},{},{}
contracts_output/contracts_output/codellama_with_rag_contracts/5444.sol,5444.sol,smartcheck,solidity,2022/11/14,20260213_1744,1771004922.1504822,6.039639472961426,0,"{SOLIDITY_ADDRESS_HARDCODED,SOLIDITY_OVERPOWERED_ROLE,SOLIDITY_PRAGMAS_VERSION,SOLIDITY_PRIVATE_MODIFIER_DONT_HIDE_DATA,SOLIDITY_UPGRADE_TO_050,SOLIDITY_VISIBILITY}",{},{},{}
contracts_output/contracts_output/codellama_with_rag_contracts/5459.sol,5459.sol,smartcheck,solidity,2022/11/14,20260213_1744,1771004945.2871559,5.984809398651123,0,"{SOLIDITY_ADDRESS_HARDCODED,SOLIDITY_PRAGMAS_VERSION,SOLIDITY_PRIVATE_MODIFIER_DONT_HIDE_DATA,SOLIDITY_UPGRADE_TO_050,SOLIDITY_VISIBILITY}",{},{},{}
contracts_output/contracts_output/codellama_with_rag_contracts/5466.sol,5466.sol,smartcheck,solidity,2022/11/14,20260213_1744,1771004810.9858441,7.128360986709595,0,"{SOLIDITY_ADDRESS_HARDCODED,SOLIDITY_LOCKED_MONEY,SOLIDITY_PRAGMAS_VERSION,SOLIDITY_PRIVATE_MODIFIER_DONT_HIDE_DATA,SOLIDITY_UPGRADE_TO_050,SOLIDITY_VISIBILITY}",{},{},{}
contracts_output/contracts_output/codellama_with_rag_contracts/5478.sol,5478.sol,smartcheck,solidity,2022/11/14,20260213_1744,1771004826.9299395,6.942101955413818,0,"{SOLIDITY_ADDRESS_HARDCODED,SOLIDITY_PRAGMAS_VERSION,SOLIDITY_PRIVATE_MODIFIER_DONT_HIDE_DATA,SOLIDITY_UPGRADE_TO_050,SOLIDITY_VISIBILITY}",{},{},{}
contracts_output/contracts_output/codellama_with_rag_contracts/5480.sol,5480.sol,smartcheck,solidity,2022/11/14,20260213_1744,1771004958.6574035,5.062054395675659,0,"{SOLIDITY_ADDRESS_HARDCODED,SOLIDITY_PRAGMAS_VERSION,SOLIDITY_PRIVATE_MODIFIER_DONT_HIDE_DATA,SOLIDITY_UPGRADE_TO_050,SOLIDITY_VISIBILITY}",{},{},{}
contracts_output/contracts_output/codellama_with_rag_contracts/5481.sol,5481.sol,smartcheck,solidity,2022/11/14,20260213_1744,1771005090.1236806,5.764215707778931,0,"{SOLIDITY_ADDRESS_HARDCODED,SOLIDITY_PRAGMAS_VERSION,SOLIDITY_PRIVATE_MODIFIER_DONT_HIDE_DATA,SOLIDITY_SHOULD_NOT_BE_VIEW,SOLIDITY_UPGRADE_TO_050,SOLIDITY_VISIBILITY}",{},{},{}
contracts_output/contracts_output/codellama_with_rag_contracts/5497.sol,5497.sol,smartcheck,solidity,2022/11/14,20260213_1744,1771005034.4275322,6.6068408489227295,0,"{SOLIDITY_ADDRESS_HARDCODED,SOLIDITY_DEPRECATED_CONSTRUCTIONS,SOLIDITY_EXTRA_GAS_IN_LOOPS,SOLIDITY_GAS_LIMIT_IN_LOOPS,SOLIDITY_PRAGMAS_VERSION,SOLIDITY_PRIVATE_MODIFIER_DONT_HIDE_DATA,SOLIDITY_UPGRADE_TO_050,SOLIDITY_VISIBILITY}",{},{},{}
contracts_output/contracts_output/codellama_with_rag_contracts/5500.sol,5500.sol,smartcheck,solidity,2022/11/14,20260213_1744,1771004989.7916605,4.360264539718628,0,"{SOLIDITY_ERC20_APPROVE,SOLIDITY_FUNCTIONS_RETURNS_TYPE_AND_NO_RETURN,SOLIDITY_PRAGMAS_VERSION,SOLIDITY_VISIBILITY}",{},{},{}
contracts_output/contracts_output/codellama_with_rag_contracts/5527.sol,5527.sol,smartcheck,solidity,2022/11/14,20260213_1744,1771004922.138752,6.28481125831604,0,"{SOLIDITY_ADDRESS_HARDCODED,SOLIDITY_PRAGMAS_VERSION,SOLIDITY_PRIVATE_MODIFIER_DONT_HIDE_DATA,SOLIDITY_SHOULD_RETURN_STRUCT,SOLIDITY_VISIBILITY}",{},{},{}
contracts_output/contracts_output/codellama_with_rag_contracts/5531.sol,5531.sol,smartcheck,solidity,2022/11/14,20260213_1744,1771004686.3146036,3.746278762817383,0,"{SOLIDITY_ADDRESS_HARDCODED,SOLIDITY_PRAGMAS_VERSION,SOLIDITY_PRIVATE_MODIFIER_DONT_HIDE_DATA,SOLIDITY_UPGRADE_TO_050,SOLIDITY_VISIBILITY}",{},{},{}
contracts_output/contracts_output/codellama_with_rag_contracts/5534.sol,5534.sol,smartcheck,solidity,2022/11/14,20260213_1744,1771004784.882669,6.195623874664307,0,"{SOLIDITY_ADDRESS_HARDCODED,SOLIDITY_PRAGMAS_VERSION,SOLIDITY_PRIVATE_MODIFIER_DONT_HIDE_DATA,SOLIDITY_UPGRADE_TO_050,SOLIDITY_VISIBILITY}",{},{},{}
contracts_output/contracts_output/codellama_with_rag_contracts/5542.sol,5542.sol,smartcheck,solidity,2022/11/14,20260213_1744,1771004769.116186,6.111888647079468,0,"{SOLIDITY_ADDRESS_HARDCODED,SOLIDITY_PRAGMAS_VERSION,SOLIDITY_PRIVATE_MODIFIER_DONT_HIDE_DATA,SOLIDITY_UPGRADE_TO_050,SOLIDITY_VISIBILITY}",{},{},{}
contracts_output/contracts_output/codellama_with_rag_contracts/5584.sol,5584.sol,smartcheck,solidity,2022/11/14,20260213_1744,1771004916.3020616,4.881442070007324,0,"{SOLIDITY_ADDRESS_HARDCODED,SOLIDITY_PRAGMAS_VERSION,SOLIDITY_PRIVATE_MODIFIER_DONT_HIDE_DATA,SOLIDITY_UPGRADE_TO_050,SOLIDITY_VISIBILITY}",{},{},{}
contracts_output/contracts_output/codellama_with_rag_contracts/5602.sol,5602.sol,smartcheck,solidity,2022/11/14,20260213_1744,1771004781.7162242,4.314908027648926,0,"{SOLIDITY_PRAGMAS_VERSION,SOLIDITY_PRIVATE_MODIFIER_DONT_HIDE_DATA,SOLIDITY_VISIBILITY}",{},{},{}
contracts_output/contracts_output/codellama_with_rag_contracts/5609.sol,5609.sol,smartcheck,solidity,2022/11/14,20260213_1744,1771004692.2839239,4.426973104476929,0,"{SOLIDITY_ADDRESS_HARDCODED,SOLIDITY_EXTRA_GAS_IN_LOOPS,SOLIDITY_GAS_LIMIT_IN_LOOPS,SOLIDITY_PRAGMAS_VERSION,SOLIDITY_PRIVATE_MODIFIER_DONT_HIDE_DATA,SOLIDITY_UPGRADE_TO_050,SOLIDITY_VISIBILITY}",{},{},{}
contracts_output/contracts_output/codellama_with_rag_contracts/5627.sol,5627.sol,smartcheck,solidity,2022/11/14,20260213_1744,1771005009.875011,5.2767322063446045,0,"{SOLIDITY_ADDRESS_HARDCODED,SOLIDITY_EXTRA_GAS_IN_LOOPS,SOLIDITY_GAS_LIMIT_IN_LOOPS,SOLIDITY_PRAGMAS_VERSION,SOLIDITY_PRIVATE_MODIFIER_DONT_HIDE_DATA,SOLIDITY_UPGRADE_TO_050,SOLIDITY_VISIBILITY}",{},{},{}
contracts_output/contracts_output/codellama_with_rag_contracts/5639.sol,5639.sol,smartcheck,solidity,2022/11/14,20260213_1744,1771004796.9543302,5.61667537689209,0,"{SOLIDITY_ADDRESS_HARDCODED,SOLIDITY_PRAGMAS_VERSION,SOLIDITY_PRIVATE_MODIFIER_DONT_HIDE_DATA,SOLIDITY_UPGRADE_TO_050,SOLIDITY_VISIBILITY}",{},{},{}
contracts_output/contracts_output/codellama_with_rag_contracts/5641.sol,5641.sol,smartcheck,solidity,2022/11/14,20260213_1744,1771005074.8262694,5.29142951965332,0,"{SOLIDITY_ADDRESS_HARDCODED,SOLIDITY_PRAGMAS_VERSION,SOLIDITY_PRIVATE_MODIFIER_DONT_HIDE_DATA,SOLIDITY_UPGRADE_TO_050,SOLIDITY_VISIBILITY}",{},{},{}
contracts_output/contracts_output/codellama_with_rag_contracts/5648.sol,5648.sol,smartcheck,solidity,2022/11/14,20260213_1744,1771005070.5389957,4.820533752441406,0,"{SOLIDITY_ADDRESS_HARDCODED,SOLIDITY_PRAGMAS_VERSION,SOLIDITY_VISIBILITY}",{},{},{}
contracts_output/contracts_output/codellama_with_rag_contracts/565.sol,565.sol,smartcheck,solidity,2022/11/14,20260213_1744,1771004788.7248924,5.99425745010376,0,"{SOLIDITY_ADDRESS_HARDCODED,SOLIDITY_EXTRA_GAS_IN_LOOPS,SOLIDITY_GAS_LIMIT_IN_LOOPS,SOLIDITY_PRAGMAS_VERSION,SOLIDITY_PRIVATE_MODIFIER_DONT_HIDE_DATA,SOLIDITY_UPGRADE_TO_050,SOLIDITY_VISIBILITY}",{},{},{}
contracts_output/contracts_output/codellama_with_rag_contracts/5667.sol,5667.sol,smartcheck,solidity,2022/11/14,20260213_1744,1771004710.1440518,5.214745759963989,0,"{SOLIDITY_ADDRESS_HARDCODED,SOLIDITY_PRAGMAS_VERSION,SOLIDITY_PRIVATE_MODIFIER_DONT_HIDE_DATA,SOLIDITY_UPGRADE_TO_050,SOLIDITY_VISIBILITY}",{},{},{}
contracts_output/contracts_output/codellama_with_rag_contracts/5679.sol,5679.sol,smartcheck,solidity,2022/11/14,20260213_1744,1771004819.3749511,6.303276062011719,0,"{SOLIDITY_ADDRESS_HARDCODED,SOLIDITY_PRAGMAS_VERSION,SOLIDITY_PRIVATE_MODIFIER_DONT_HIDE_DATA,SOLIDITY_UPGRADE_TO_050,SOLIDITY_VISIBILITY}",{},{},{}
contracts_output/contracts_output/codellama_with_rag_contracts/5691.sol,5691.sol,smartcheck,solidity,2022/11/14,20260213_1744,1771004859.3112118,5.241975784301758,0,"{SOLIDITY_ADDRESS_HARDCODED,SOLIDITY_OVERPOWERED_ROLE,SOLIDITY_PRAGMAS_VERSION,SOLIDITY_PRIVATE_MODIFIER_DONT_HIDE_DATA,SOLIDITY_UPGRADE_TO_050,SOLIDITY_VISIBILITY}",{},{},{}
contracts_output/contracts_output/codellama_with_rag_contracts/5701.sol,5701.sol,smartcheck,solidity,2022/11/14,20260213_1744,1771004973.5870285,4.859212160110474,0,"{SOLIDITY_ADDRESS_HARDCODED,SOLIDITY_PRAGMAS_VERSION,SOLIDITY_PRIVATE_MODIFIER_DONT_HIDE_DATA,SOLIDITY_UPGRADE_TO_050,SOLIDITY_VISIBILITY}",{},{},{}
contracts_output/contracts_output/codellama_with_rag_contracts/5707.sol,5707.sol,smartcheck,solidity,2022/11/14,20260213_1744,1771004691.8288238,4.59256911277771,0,"{SOLIDITY_ADDRESS_HARDCODED,SOLIDITY_PRAGMAS_VERSION,SOLIDITY_PRIVATE_MODIFIER_DONT_HIDE_DATA,SOLIDITY_UPGRADE_TO_050,SOLIDITY_VISIBILITY}",{},{},{}
contracts_output/contracts_output/codellama_with_rag_contracts/5732.sol,5732.sol,smartcheck,solidity,2022/11/14,20260213_1744,1771004776.461454,5.837506055831909,0,"{SOLIDITY_ADDRESS_HARDCODED,SOLIDITY_PRAGMAS_VERSION,SOLIDITY_PRIVATE_MODIFIER_DONT_HIDE_DATA,SOLIDITY_UPGRADE_TO_050,SOLIDITY_VISIBILITY}",{},{},{}
contracts_output/contracts_output/codellama_with_rag_contracts/5733.sol,5733.sol,smartcheck,solidity,2022/11/14,20260213_1744,1771004978.0126166,5.5606324672698975,0,"{SOLIDITY_ADDRESS_HARDCODED,SOLIDITY_PRAGMAS_VERSION,SOLIDITY_PRIVATE_MODIFIER_DONT_HIDE_DATA,SOLIDITY_UPGRADE_TO_050,SOLIDITY_VISIBILITY}",{},{},{}
contracts_output/contracts_output/codellama_with_rag_contracts/5740.sol,5740.sol,smartcheck,solidity,2022/11/14,20260213_1744,1771004728.1723547,5.890757322311401,0,"{SOLIDITY_ADDRESS_HARDCODED,SOLIDITY_OVERPOWERED_ROLE,SOLIDITY_PRAGMAS_VERSION,SOLIDITY_PRIVATE_MODIFIER_DONT_HIDE_DATA,SOLIDITY_UPGRADE_TO_050,SOLIDITY_VISIBILITY}",{},{},{}
contracts_output/contracts_output/codellama_with_rag_contracts/5759.sol,5759.sol,smartcheck,solidity,2022/11/14,20260213_1744,1771004699.1401203,4.4800028800964355,0,"{SOLIDITY_ADDRESS_HARDCODED,SOLIDITY_PRAGMAS_VERSION,SOLIDITY_PRIVATE_MODIFIER_DONT_HIDE_DATA,SOLIDITY_UPGRADE_TO_050,SOLIDITY_VISIBILITY}",{},{},{}
contracts_output/contracts_output/codellama_with_rag_contracts/5765.sol,5765.sol,smartcheck,solidity,2022/11/14,20260213_1744,1771004906.4977336,6.4388744831085205,0,"{SOLIDITY_ADDRESS_HARDCODED,SOLIDITY_OVERPOWERED_ROLE,SOLIDITY_PRAGMAS_VERSION,SOLIDITY_PRIVATE_MODIFIER_DONT_HIDE_DATA,SOLIDITY_UPGRADE_TO_050,SOLIDITY_VISIBILITY}",{},{},{}
contracts_output/contracts_output/codellama_with_rag_contracts/5767.sol,5767.sol,smartcheck,solidity,2022/11/14,20260213_1744,1771004991.823423,5.699124813079834,0,"{SOLIDITY_ADDRESS_HARDCODED,SOLIDITY_PRAGMAS_VERSION}",{},{},{}
contracts_output/contracts_output/codellama_with_rag_contracts/5781.sol,5781.sol,smartcheck,solidity,2022/11/14,20260213_1744,1771004833.8016772,4.949923038482666,0,"{SOLIDITY_ADDRESS_HARDCODED,SOLIDITY_PRAGMAS_VERSION,SOLIDITY_PRIVATE_MODIFIER_DONT_HIDE_DATA,SOLIDITY_UPGRADE_TO_050,SOLIDITY_VISIBILITY}",{},{},{}
contracts_output/contracts_output/codellama_with_rag_contracts/5791.sol,5791.sol,smartcheck,solidity,2022/11/14,20260213_1744,1771004806.204604,5.226099491119385,0,"{SOLIDITY_ADDRESS_HARDCODED,SOLIDITY_PRAGMAS_VERSION,SOLIDITY_VISIBILITY}",{},{},{}
contracts_output/contracts_output/codellama_with_rag_contracts/5799.sol,5799.sol,smartcheck,solidity,2022/11/14,20260213_1744,1771004881.8486545,6.1718854904174805,0,"{SOLIDITY_ADDRESS_HARDCODED,SOLIDITY_OVERPOWERED_ROLE,SOLIDITY_PRAGMAS_VERSION,SOLIDITY_PRIVATE_MODIFIER_DONT_HIDE_DATA,SOLIDITY_UPGRADE_TO_050,SOLIDITY_VISIBILITY}",{},{},{}
contracts_output/contracts_output/codellama_with_rag_contracts/5800.sol,5800.sol,smartcheck,solidity,2022/11/14,20260213_1744,1771004845.935334,6.63550066947937,0,{SOLIDITY_PRAGMAS_VERSION},{},{},{}
contracts_output/contracts_output/codellama_with_rag_contracts/5804.sol,5804.sol,smartcheck,solidity,2022/11/14,20260213_1744,1771005002.2960463,6.746099472045898,0,"{SOLIDITY_LOCKED_MONEY,SOLIDITY_PRAGMAS_VERSION,SOLIDITY_PRIVATE_MODIFIER_DONT_HIDE_DATA,SOLIDITY_SHOULD_RETURN_STRUCT,SOLIDITY_VISIBILITY}",{},{},{}
contracts_output/contracts_output/codellama_with_rag_contracts/5822.sol,5822.sol,smartcheck,solidity,2022/11/14,20260213_1744,1771005103.3501935,6.719585180282593,0,"{SOLIDITY_ADDRESS_HARDCODED,SOLIDITY_PRAGMAS_VERSION,SOLIDITY_PRIVATE_MODIFIER_DONT_HIDE_DATA,SOLIDITY_UPGRADE_TO_050,SOLIDITY_VISIBILITY}",{},{},{}
contracts_output/contracts_output/codellama_with_rag_contracts/5836.sol,5836.sol,smartcheck,solidity,2022/11/14,20260213_1744,1771004766.2457926,5.232923269271851,0,"{SOLIDITY_ADDRESS_HARDCODED,SOLIDITY_PRAGMAS_VERSION,SOLIDITY_PRIVATE_MODIFIER_DONT_HIDE_DATA,SOLIDITY_UPGRADE_TO_050,SOLIDITY_VISIBILITY}",{},{},{}
contracts_output/contracts_output/codellama_with_rag_contracts/5894.sol,5894.sol,smartcheck,solidity,2022/11/14,20260213_1744,1771004737.6664245,6.253194808959961,0,"{SOLIDITY_ADDRESS_HARDCODED,SOLIDITY_PRAGMAS_VERSION,SOLIDITY_PRIVATE_MODIFIER_DONT_HIDE_DATA,SOLIDITY_UPGRADE_TO_050,SOLIDITY_VISIBILITY}",{},{},{}
contracts_output/contracts_output/codellama_with_rag_contracts/5915.sol,5915.sol,smartcheck,solidity,2022/11/14,20260213_1744,1771005039.9637413,4.397773265838623,0,{SOLIDITY_PRAGMAS_VERSION},{},{},{}
contracts_output/contracts_output/codellama_with_rag_contracts/5919.sol,5919.sol,smartcheck,solidity,2022/11/14,20260213_1744,1771004727.1866078,5.343039274215698,0,"{SOLIDITY_ADDRESS_HARDCODED,SOLIDITY_PRAGMAS_VERSION,SOLIDITY_PRIVATE_MODIFIER_DONT_HIDE_DATA,SOLIDITY_UPGRADE_TO_050,SOLIDITY_VISIBILITY}",{},{},{}
contracts_output/contracts_output/codellama_with_rag_contracts/5921.sol,5921.sol,smartcheck,solidity,2022/11/14,20260213_1744,1771004695.6179073,4.032335042953491,0,"{SOLIDITY_ADDRESS_HARDCODED,SOLIDITY_PRAGMAS_VERSION,SOLIDITY_PRIVATE_MODIFIER_DONT_HIDE_DATA,SOLIDITY_UPGRADE_TO_050,SOLIDITY_VISIBILITY}",{},{},{}
contracts_output/contracts_output/codellama_with_rag_contracts/5927.sol,5927.sol,smartcheck,solidity,2022/11/14,20260213_1744,1771004954.4926136,4.961588144302368,0,"{SOLIDITY_ADDRESS_HARDCODED,SOLIDITY_GAS_LIMIT_IN_LOOPS,SOLIDITY_PRAGMAS_VERSION,SOLIDITY_PRIVATE_MODIFIER_DONT_HIDE_DATA,SOLIDITY_UPGRADE_TO_050,SOLIDITY_VISIBILITY}",{},{},{}
contracts_output/contracts_output/codellama_with_rag_contracts/5928.sol,5928.sol,smartcheck,solidity,2022/11/14,20260213_1744,1771004688.2834907,4.1879801750183105,0,"{SOLIDITY_ADDRESS_HARDCODED,SOLIDITY_PRAGMAS_VERSION,SOLIDITY_PRIVATE_MODIFIER_DONT_HIDE_DATA,SOLIDITY_UPGRADE_TO_050,SOLIDITY_VISIBILITY}",{},{},{}
contracts_output/contracts_output/codellama_with_rag_contracts/5946.sol,5946.sol,smartcheck,solidity,2022/11/14,20260213_1744,1771004848.1815767,4.67294454574585,0,"{SOLIDITY_ADDRESS_HARDCODED,SOLIDITY_PRAGMAS_VERSION}",{},{},{}
contracts_output/contracts_output/codellama_with_rag_contracts/5952.sol,5952.sol,smartcheck,solidity,2022/11/14,20260213_1744,1771004709.7123346,6.813097238540649,0,"{SOLIDITY_ADDRESS_HARDCODED,SOLIDITY_OVERPOWERED_ROLE,SOLIDITY_PRAGMAS_VERSION,SOLIDITY_PRIVATE_MODIFIER_DONT_HIDE_DATA,SOLIDITY_UPGRADE_TO_050,SOLIDITY_VISIBILITY}",{},{},{}
contracts_output/contracts_output/codellama_with_rag_contracts/5953.sol,5953.sol,smartcheck,solidity,2022/11/14,20260213_1744,1771004962.9051661,5.052018642425537,0,"{SOLIDITY_ADDRESS_HARDCODED,SOLIDITY_OVERPOWERED_ROLE,SOLIDITY_PRAGMAS_VERSION,SOLIDITY_PRIVATE_MODIFIER_DONT_HIDE_DATA,SOLIDITY_UPGRADE_TO_050,SOLIDITY_VISIBILITY}",{},{},{}
contracts_output/contracts_output/codellama_with_rag_contracts/598.sol,598.sol,smartcheck,solidity,2022/11/14,20260213_1744,1771004790.140238,6.638946533203125,0,"{SOLIDITY_ADDRESS_HARDCODED,SOLIDITY_PRAGMAS_VERSION,SOLIDITY_PRIVATE_MODIFIER_DONT_HIDE_DATA,SOLIDITY_UPGRADE_TO_050,SOLIDITY_VISIBILITY}",{},{},{}
contracts_output/contracts_output/codellama_with_rag_contracts/5993.sol,5993.sol,smartcheck,solidity,2022/11/14,20260213_1744,1771004981.0250244,5.081803798675537,0,"{SOLIDITY_ADDRESS_HARDCODED,SOLIDITY_PRAGMAS_VERSION,SOLIDITY_PRIVATE_MODIFIER_DONT_HIDE_DATA,SOLIDITY_UPGRADE_TO_050,SOLIDITY_VISIBILITY}",{},{},{}
contracts_output/contracts_output/codellama_with_rag_contracts/6003.sol,6003.sol,smartcheck,solidity,2022/11/14,20260213_1744,1771004688.882776,4.20037579536438,0,"{SOLIDITY_PRAGMAS_VERSION,SOLIDITY_VISIBILITY}",{},{},{}
contracts_output/contracts_output/codellama_with_rag_contracts/6025.sol,6025.sol,smartcheck,solidity,2022/11/14,20260213_1744,1771004954.7666264,7.049505233764648,0,"{SOLIDITY_ADDRESS_HARDCODED,SOLIDITY_PRAGMAS_VERSION,SOLIDITY_PRIVATE_MODIFIER_DONT_HIDE_DATA,SOLIDITY_UPGRADE_TO_050,SOLIDITY_VISIBILITY}",{},{},{}
contracts_output/contracts_output/codellama_with_rag_contracts/6042.sol,6042.sol,smartcheck,solidity,2022/11/14,20260213_1744,1771004858.6166372,4.2935075759887695,0,"{SOLIDITY_ADDRESS_HARDCODED,SOLIDITY_PRAGMAS_VERSION,SOLIDITY_PRIVATE_MODIFIER_DONT_HIDE_DATA,SOLIDITY_SHOULD_RETURN_STRUCT,SOLIDITY_UPGRADE_TO_050,SOLIDITY_VISIBILITY}",{},{},{}
contracts_output/contracts_output/codellama_with_rag_contracts/6047.sol,6047.sol,smartcheck,solidity,2022/11/14,20260213_1744,1771004889.0891385,4.3263702392578125,0,"{SOLIDITY_ADDRESS_HARDCODED,SOLIDITY_PRAGMAS_VERSION,SOLIDITY_PRIVATE_MODIFIER_DONT_HIDE_DATA,SOLIDITY_UPGRADE_TO_050,SOLIDITY_VISIBILITY}",{},{},{}
contracts_output/contracts_output/codellama_with_rag_contracts/6054.sol,6054.sol,smartcheck,solidity,2022/11/14,20260213_1744,1771004976.8375874,6.692416667938232,0,"{SOLIDITY_ADDRESS_HARDCODED,SOLIDITY_PRAGMAS_VERSION,SOLIDITY_PRIVATE_MODIFIER_DONT_HIDE_DATA,SOLIDITY_UPGRADE_TO_050,SOLIDITY_VISIBILITY}",{},{},{}
contracts_output/contracts_output/codellama_with_rag_contracts/6060.sol,6060.sol,smartcheck,solidity,2022/11/14,20260213_1744,1771004729.5817204,5.329819202423096,0,{SOLIDITY_PRAGMAS_VERSION},{},{},{}
contracts_output/contracts_output/codellama_with_rag_contracts/6063.sol,6063.sol,smartcheck,solidity,2022/11/14,20260213_1744,1771004686.2697732,4.913751840591431,0,"{SOLIDITY_ADDRESS_HARDCODED,SOLIDITY_PRAGMAS_VERSION,SOLIDITY_PRIVATE_MODIFIER_DONT_HIDE_DATA,SOLIDITY_UPGRADE_TO_050,SOLIDITY_VISIBILITY}",{},{},{}
contracts_output/contracts_output/codellama_with_rag_contracts/609.sol,609.sol,smartcheck,solidity,2022/11/14,20260213_1744,1771004979.1028051,5.846508979797363,0,"{SOLIDITY_ADDRESS_HARDCODED,SOLIDITY_PRAGMAS_VERSION,SOLIDITY_PRIVATE_MODIFIER_DONT_HIDE_DATA,SOLIDITY_UPGRADE_TO_050,SOLIDITY_VISIBILITY}",{},{},{}
contracts_output/contracts_output/codellama_with_rag_contracts/6100.sol,6100.sol,smartcheck,solidity,2022/11/14,20260213_1744,1771004961.8246286,6.395517826080322,0,"{SOLIDITY_ADDRESS_HARDCODED,SOLIDITY_PRAGMAS_VERSION}",{},{},{}
contracts_output/contracts_output/codellama_with_rag_contracts/6110.sol,6110.sol,smartcheck,solidity,2022/11/14,20260213_1744,1771004778.9463751,6.120092868804932,0,"{SOLIDITY_ADDRESS_HARDCODED,SOLIDITY_PRAGMAS_VERSION,SOLIDITY_PRIVATE_MODIFIER_DONT_HIDE_DATA,SOLIDITY_UPGRADE_TO_050,SOLIDITY_VISIBILITY}",{},{},{}
contracts_output/contracts_output/codellama_with_rag_contracts/6123.sol,6123.sol,smartcheck,solidity,2022/11/14,20260213_1744,1771004936.0368671,6.317331075668335,0,"{SOLIDITY_ADDRESS_HARDCODED,SOLIDITY_PRAGMAS_VERSION,SOLIDITY_PRIVATE_MODIFIER_DONT_HIDE_DATA,SOLIDITY_UPGRADE_TO_050,SOLIDITY_VISIBILITY}",{},{},{}
contracts_output/contracts_output/codellama_with_rag_contracts/6152.sol,6152.sol,smartcheck,solidity,2022/11/14,20260213_1744,1771005038.648239,5.002019643783569,0,"{SOLIDITY_ADDRESS_HARDCODED,SOLIDITY_OVERPOWERED_ROLE,SOLIDITY_PRAGMAS_VERSION,SOLIDITY_PRIVATE_MODIFIER_DONT_HIDE_DATA,SOLIDITY_UPGRADE_TO_050,SOLIDITY_VISIBILITY}",{},{},{}
contracts_output/contracts_output/codellama_with_rag_contracts/6178.sol,6178.sol,smartcheck,solidity,2022/11/14,20260213_1744,1771004977.1960602,6.970696449279785,0,"{SOLIDITY_ADDRESS_HARDCODED,SOLIDITY_PRAGMAS_VERSION,SOLIDITY_PRIVATE_MODIFIER_DONT_HIDE_DATA,SOLIDITY_UPGRADE_TO_050,SOLIDITY_VISIBILITY}",{},{},{}
contracts_output/contracts_output/codellama_with_rag_contracts/6206.sol,6206.sol,smartcheck,solidity,2022/11/14,20260213_1744,1771004712.151448,6.212249040603638,0,"{SOLIDITY_ADDRESS_HARDCODED,SOLIDITY_PRAGMAS_VERSION,SOLIDITY_PRIVATE_MODIFIER_DONT_HIDE_DATA,SOLIDITY_UPGRADE_TO_050,SOLIDITY_VISIBILITY}",{},{},{}
contracts_output/contracts_output/codellama_with_rag_contracts/6236.sol,6236.sol,smartcheck,solidity,2022/11/14,20260213_1744,1771004939.3720582,6.27842903137207,0,"{SOLIDITY_ADDRESS_HARDCODED,SOLIDITY_PRAGMAS_VERSION,SOLIDITY_VISIBILITY}",{},{},{}
contracts_output/contracts_output/codellama_with_rag_contracts/6249.sol,6249.sol,smartcheck,solidity,2022/11/14,20260213_1744,1771005018.6997433,5.428274154663086,0,"{SOLIDITY_ADDRESS_HARDCODED,SOLIDITY_OVERPOWERED_ROLE,SOLIDITY_PRAGMAS_VERSION,SOLIDITY_PRIVATE_MODIFIER_DONT_HIDE_DATA,SOLIDITY_UPGRADE_TO_050,SOLIDITY_VISIBILITY}",{},{},{}
contracts_output/contracts_output/codellama_with_rag_contracts/6260.sol,6260.sol,smartcheck,solidity,2022/11/14,20260213_1744,1771005020.6216285,6.210397958755493,0,"{SOLIDITY_ADDRESS_HARDCODED,SOLIDITY_PRAGMAS_VERSION,SOLIDITY_PRIVATE_MODIFIER_DONT_HIDE_DATA,SOLIDITY_UPGRADE_TO_050,SOLIDITY_VISIBILITY}",{},{},{}
contracts_output/contracts_output/codellama_with_rag_contracts/6276.sol,6276.sol,smartcheck,solidity,2022/11/14,20260213_1744,1771004828.226914,5.117236614227295,0,"{SOLIDITY_ADDRESS_HARDCODED,SOLIDITY_PRAGMAS_VERSION,SOLIDITY_PRIVATE_MODIFIER_DONT_HIDE_DATA,SOLIDITY_UPGRADE_TO_050,SOLIDITY_VISIBILITY}",{},{},{}
contracts_output/contracts_output/codellama_with_rag_contracts/629.sol,629.sol,smartcheck,solidity,2022/11/14,20260213_1744,1771005050.7857633,5.082957983016968,0,"{SOLIDITY_ADDRESS_HARDCODED,SOLIDITY_PRAGMAS_VERSION,SOLIDITY_PRIVATE_MODIFIER_DONT_HIDE_DATA,SOLIDITY_SHOULD_RETURN_STRUCT,SOLIDITY_UPGRADE_TO_050,SOLIDITY_VISIBILITY}",{},{},{}
contracts_output/contracts_output/codellama_with_rag_contracts/6310.sol,6310.sol,smartcheck,solidity,2022/11/14,20260213_1744,1771004870.3226702,5.122610330581665,0,"{SOLIDITY_ADDRESS_HARDCODED,SOLIDITY_OVERPOWERED_ROLE,SOLIDITY_PRAGMAS_VERSION,SOLIDITY_PRIVATE_MODIFIER_DONT_HIDE_DATA,SOLIDITY_UPGRADE_TO_050,SOLIDITY_VISIBILITY}",{},{},{}
contracts_output/contracts_output/codellama_with_rag_contracts/6311.sol,6311.sol,smartcheck,solidity,2022/11/14,20260213_1744,1771004818.3875537,5.409809827804565,0,"{SOLIDITY_ADDRESS_HARDCODED,SOLIDITY_PRAGMAS_VERSION,SOLIDITY_PRIVATE_MODIFIER_DONT_HIDE_DATA,SOLIDITY_UPGRADE_TO_050,SOLIDITY_VISIBILITY}",{},{},{}
contracts_output/contracts_output/codellama_with_rag_contracts/6317.sol,6317.sol,smartcheck,solidity,2022/11/14,20260213_1744,1771004796.4936578,4.378811359405518,0,"{SOLIDITY_ADDRESS_HARDCODED,SOLIDITY_LOCKED_MONEY,SOLIDITY_PRAGMAS_VERSION,SOLIDITY_PRIVATE_MODIFIER_DONT_HIDE_DATA,SOLIDITY_UPGRADE_TO_050,SOLIDITY_VISIBILITY}",{},{},{}
contracts_output/contracts_output/codellama_with_rag_contracts/6318.sol,6318.sol,smartcheck,solidity,2022/11/14,20260213_1744,1771005101.1408193,5.181615829467773,0,"{SOLIDITY_ADDRESS_HARDCODED,SOLIDITY_PRAGMAS_VERSION,SOLIDITY_PRIVATE_MODIFIER_DONT_HIDE_DATA,SOLIDITY_UPGRADE_TO_050,SOLIDITY_VISIBILITY}",{},{},{}
contracts_output/contracts_output/codellama_with_rag_contracts/6330.sol,6330.sol,smartcheck,solidity,2022/11/14,20260213_1744,1771005077.575695,6.091454982757568,0,"{SOLIDITY_ADDRESS_HARDCODED,SOLIDITY_DIV_MUL,SOLIDITY_PRAGMAS_VERSION,SOLIDITY_PRIVATE_MODIFIER_DONT_HIDE_DATA,SOLIDITY_UPGRADE_TO_050,SOLIDITY_VISIBILITY}",{},{},{}
contracts_output/contracts_output/codellama_with_rag_contracts/6348.sol,6348.sol,smartcheck,solidity,2022/11/14,20260213_1744,1771005061.6518779,6.90481972694397,0,"{SOLIDITY_ADDRESS_HARDCODED,SOLIDITY_PRAGMAS_VERSION,SOLIDITY_VISIBILITY}",{},{},{}
contracts_output/contracts_output/codellama_with_rag_contracts/6370.sol,6370.sol,smartcheck,solidity,2022/11/14,20260213_1744,1771004804.664695,4.5618462562561035,0,"{SOLIDITY_ADDRESS_HARDCODED,SOLIDITY_PRAGMAS_VERSION,SOLIDITY_PRIVATE_MODIFIER_DONT_HIDE_DATA,SOLIDITY_UPGRADE_TO_050,SOLIDITY_VISIBILITY}",{},{},{}
contracts_output/contracts_output/codellama_with_rag_contracts/6381.sol,6381.sol,smartcheck,solidity,2022/11/14,20260213_1744,1771004985.650509,5.359435319900513,0,"{SOLIDITY_ADDRESS_HARDCODED,SOLIDITY_PRAGMAS_VERSION,SOLIDITY_VISIBILITY}",{},{},{}
contracts_output/contracts_output/codellama_with_rag_contracts/6383.sol,6383.sol,smartcheck,solidity,2022/11/14,20260213_1744,1771004852.572142,5.999999284744263,0,"{SOLIDITY_ADDRESS_HARDCODED,SOLIDITY_PRAGMAS_VERSION,SOLIDITY_PRIVATE_MODIFIER_DONT_HIDE_DATA,SOLIDITY_UPGRADE_TO_050,SOLIDITY_VISIBILITY}",{},{},{}
contracts_output/contracts_output/codellama_with_rag_contracts/6386.sol,6386.sol,smartcheck,solidity,2022/11/14,20260213_1744,1771004890.7850165,4.688357353210449,0,"{SOLIDITY_ADDRESS_HARDCODED,SOLIDITY_PRAGMAS_VERSION,SOLIDITY_PRIVATE_MODIFIER_DONT_HIDE_DATA,SOLIDITY_UPGRADE_TO_050,SOLIDITY_VISIBILITY}",{},{},{}
contracts_output/contracts_output/codellama_with_rag_contracts/6399.sol,6399.sol,smartcheck,solidity,2022/11/14,20260213_1744,1771005103.4442472,6.82027792930603,0,"{SOLIDITY_ADDRESS_HARDCODED,SOLIDITY_PRAGMAS_VERSION,SOLIDITY_PRIVATE_MODIFIER_DONT_HIDE_DATA,SOLIDITY_UPGRADE_TO_050,SOLIDITY_VISIBILITY}",{},{},{}
contracts_output/contracts_output/codellama_with_rag_contracts/6404.sol,6404.sol,smartcheck,solidity,2022/11/14,20260213_1744,1771004884.336194,6.446541786193848,0,"{SOLIDITY_ADDRESS_HARDCODED,SOLIDITY_EXTRA_GAS_IN_LOOPS,SOLIDITY_GAS_LIMIT_IN_LOOPS,SOLIDITY_PRAGMAS_VERSION,SOLIDITY_PRIVATE_MODIFIER_DONT_HIDE_DATA,SOLIDITY_UPGRADE_TO_050,SOLIDITY_VISIBILITY}",{},{},{}
contracts_output/contracts_output/codellama_with_rag_contracts/6408.sol,6408.sol,smartcheck,solidity,2022/11/14,20260213_1744,1771004979.4159992,5.503904581069946,0,{SOLIDITY_PRAGMAS_VERSION},{},{},{}
contracts_output/contracts_output/codellama_with_rag_contracts/6427.sol,6427.sol,smartcheck,solidity,2022/11/14,20260213_1744,1771004887.4862568,5.131422758102417,0,"{SOLIDITY_ADDRESS_HARDCODED,SOLIDITY_PRAGMAS_VERSION,SOLIDITY_VISIBILITY}",{},{},{}
contracts_output/contracts_output/codellama_with_rag_contracts/6429.sol,6429.sol,smartcheck,solidity,2022/11/14,20260213_1744,1771005073.2561896,5.253759145736694,0,"{SOLIDITY_ADDRESS_HARDCODED,SOLIDITY_PRAGMAS_VERSION,SOLIDITY_PRIVATE_MODIFIER_DONT_HIDE_DATA,SOLIDITY_UPGRADE_TO_050,SOLIDITY_VISIBILITY}",{},{},{}
contracts_output/contracts_output/codellama_with_rag_contracts/6434.sol,6434.sol,smartcheck,solidity,2022/11/14,20260213_1744,1771005109.227778,4.143183946609497,0,"{SOLIDITY_ADDRESS_HARDCODED,SOLIDITY_OVERPOWERED_ROLE,SOLIDITY_PRAGMAS_VERSION,SOLIDITY_PRIVATE_MODIFIER_DONT_HIDE_DATA,SOLIDITY_UPGRADE_TO_050,SOLIDITY_VISIBILITY}",{},{},{}
contracts_output/contracts_output/codellama_with_rag_contracts/6458.sol,6458.sol,smartcheck,solidity,2022/11/14,20260213_1744,1771005067.5598638,6.604337692260742,0,"{SOLIDITY_ADDRESS_HARDCODED,SOLIDITY_PRAGMAS_VERSION,SOLIDITY_PRIVATE_MODIFIER_DONT_HIDE_DATA,SOLIDITY_UPGRADE_TO_050,SOLIDITY_VISIBILITY}",{},{},{}
contracts_output/contracts_output/codellama_with_rag_contracts/6503.sol,6503.sol,smartcheck,solidity,2022/11/14,20260213_1744,1771004841.67605,5.311161994934082,0,"{SOLIDITY_ADDRESS_HARDCODED,SOLIDITY_PRAGMAS_VERSION,SOLIDITY_PRIVATE_MODIFIER_DONT_HIDE_DATA,SOLIDITY_UPGRADE_TO_050,SOLIDITY_VISIBILITY}",{},{},{}
contracts_output/contracts_output/codellama_with_rag_contracts/6513.sol,6513.sol,smartcheck,solidity,2022/11/14,20260213_1744,1771005021.8943214,6.789292335510254,0,{SOLIDITY_PRAGMAS_VERSION},{},{},{}
contracts_output/contracts_output/codellama_with_rag_contracts/6515.sol,6515.sol,smartcheck,solidity,2022/11/14,20260213_1744,1771004705.1144164,4.486175298690796,0,"{SOLIDITY_ADDRESS_HARDCODED,SOLIDITY_PRAGMAS_VERSION,SOLIDITY_PRIVATE_MODIFIER_DONT_HIDE_DATA,SOLIDITY_UPGRADE_TO_050,SOLIDITY_VISIBILITY}",{},{},{}
contracts_output/contracts_output/codellama_with_rag_contracts/6517.sol,6517.sol,smartcheck,solidity,2022/11/14,20260213_1744,1771004696.7125304,4.1494221687316895,0,"{SOLIDITY_ADDRESS_HARDCODED,SOLIDITY_LOCKED_MONEY,SOLIDITY_PRAGMAS_VERSION}",{},{},{}
contracts_output/contracts_output/codellama_with_rag_contracts/6519.sol,6519.sol,smartcheck,solidity,2022/11/14,20260213_1744,1771004734.093042,5.836731195449829,0,"{SOLIDITY_ADDRESS_HARDCODED,SOLIDITY_PRAGMAS_VERSION,SOLIDITY_PRIVATE_MODIFIER_DONT_HIDE_DATA,SOLIDITY_UPGRADE_TO_050,SOLIDITY_VISIBILITY}",{},{},{}
contracts_output/contracts_output/codellama_with_rag_contracts/6528.sol,6528.sol,smartcheck,solidity,2022/11/14,20260213_1744,1771005100.1946664,5.242262601852417,0,"{SOLIDITY_ADDRESS_HARDCODED,SOLIDITY_PRAGMAS_VERSION,SOLIDITY_PRIVATE_MODIFIER_DONT_HIDE_DATA,SOLIDITY_UPGRADE_TO_050,SOLIDITY_VISIBILITY}",{},{},{}
contracts_output/contracts_output/codellama_with_rag_contracts/6552.sol,6552.sol,smartcheck,solidity,2022/11/14,20260213_1744,1771004871.4856358,6.341420650482178,0,"{SOLIDITY_ADDRESS_HARDCODED,SOLIDITY_PRAGMAS_VERSION,SOLIDITY_PRIVATE_MODIFIER_DONT_HIDE_DATA,SOLIDITY_UPGRADE_TO_050,SOLIDITY_VISIBILITY}",{},{},{}
contracts_output/contracts_output/codellama_with_rag_contracts/6562.sol,6562.sol,smartcheck,solidity,2022/11/14,20260213_1744,1771004993.4248364,5.151322841644287,0,"{SOLIDITY_ADDRESS_HARDCODED,SOLIDITY_PRAGMAS_VERSION,SOLIDITY_PRIVATE_MODIFIER_DONT_HIDE_DATA,SOLIDITY_VISIBILITY}",{},{},{}
contracts_output/contracts_output/codellama_with_rag_contracts/6593.sol,6593.sol,smartcheck,solidity,2022/11/14,20260213_1744,1771004824.4229288,4.61846399307251,0,"{SOLIDITY_PRAGMAS_VERSION,SOLIDITY_VISIBILITY}",{},{},{}
contracts_output/contracts_output/codellama_with_rag_contracts/6613.sol,6613.sol,smartcheck,solidity,2022/11/14,20260213_1744,1771004772.6480482,5.3172807693481445,0,"{SOLIDITY_ADDRESS_HARDCODED,SOLIDITY_PRAGMAS_VERSION,SOLIDITY_PRIVATE_MODIFIER_DONT_HIDE_DATA,SOLIDITY_UPGRADE_TO_050,SOLIDITY_VISIBILITY}",{},{},{}
contracts_output/contracts_output/codellama_with_rag_contracts/6641.sol,6641.sol,smartcheck,solidity,2022/11/14,20260213_1744,1771005075.0427165,6.290343761444092,0,"{SOLIDITY_ADDRESS_HARDCODED,SOLIDITY_EXTRA_GAS_IN_LOOPS,SOLIDITY_GAS_LIMIT_IN_LOOPS,SOLIDITY_PRAGMAS_VERSION,SOLIDITY_PRIVATE_MODIFIER_DONT_HIDE_DATA,SOLIDITY_UPGRADE_TO_050,SOLIDITY_VISIBILITY}",{},{},{}
contracts_output/contracts_output/codellama_with_rag_contracts/6644.sol,6644.sol,smartcheck,solidity,2022/11/14,20260213_1744,1771004953.0812328,5.861178159713745,0,"{SOLIDITY_ADDRESS_HARDCODED,SOLIDITY_PRAGMAS_VERSION,SOLIDITY_PRIVATE_MODIFIER_DONT_HIDE_DATA,SOLIDITY_UPGRADE_TO_050,SOLIDITY_VISIBILITY}",{},{},{}
contracts_output/contracts_output/codellama_with_rag_contracts/6660.sol,6660.sol,smartcheck,solidity,2022/11/14,20260213_1744,1771004727.4833398,5.051968812942505,0,"{SOLIDITY_ADDRESS_HARDCODED,SOLIDITY_PRAGMAS_VERSION,SOLIDITY_PRIVATE_MODIFIER_DONT_HIDE_DATA,SOLIDITY_UPGRADE_TO_050,SOLIDITY_VISIBILITY}",{},{},{}
contracts_output/contracts_output/codellama_with_rag_contracts/6667.sol,6667.sol,smartcheck,solidity,2022/11/14,20260213_1744,1771004732.531344,5.056020736694336,0,"{SOLIDITY_ADDRESS_HARDCODED,SOLIDITY_PRAGMAS_VERSION,SOLIDITY_PRIVATE_MODIFIER_DONT_HIDE_DATA,SOLIDITY_UPGRADE_TO_050,SOLIDITY_VISIBILITY}",{},{},{}
contracts_output/contracts_output/codellama_with_rag_contracts/6671.sol,6671.sol,smartcheck,solidity,2022/11/14,20260213_1744,1771005059.169348,5.639009714126587,0,"{SOLIDITY_ADDRESS_HARDCODED,SOLIDITY_EXACT_TIME,SOLIDITY_PRAGMAS_VERSION,SOLIDITY_PRIVATE_MODIFIER_DONT_HIDE_DATA,SOLIDITY_UPGRADE_TO_050,SOLIDITY_VISIBILITY}",{},{},{}
contracts_output/contracts_output/codellama_with_rag_contracts/6724.sol,6724.sol,smartcheck,solidity,2022/11/14,20260213_1744,1771005086.0592952,5.417513132095337,0,"{SOLIDITY_PRAGMAS_VERSION,SOLIDITY_PRIVATE_MODIFIER_DONT_HIDE_DATA,SOLIDITY_VISIBILITY}",{},{},{}
contracts_output/contracts_output/codellama_with_rag_contracts/6726.sol,6726.sol,smartcheck,solidity,2022/11/14,20260213_1744,1771004712.721748,5.618548631668091,0,"{SOLIDITY_ADDRESS_HARDCODED,SOLIDITY_PRAGMAS_VERSION,SOLIDITY_VISIBILITY}",{},{},{}
contracts_output/contracts_output/codellama_with_rag_contracts/6728.sol,6728.sol,smartcheck,solidity,2022/11/14,20260213_1744,1771004718.3653183,6.314107418060303,0,"{SOLIDITY_ADDRESS_HARDCODED,SOLIDITY_PRAGMAS_VERSION,SOLIDITY_PRIVATE_MODIFIER_DONT_HIDE_DATA,SOLIDITY_UPGRADE_TO_050,SOLIDITY_VISIBILITY}",{},{},{}
contracts_output/contracts_output/codellama_with_rag_contracts/6735.sol,6735.sol,smartcheck,solidity,2022/11/14,20260213_1744,1771004765.320226,5.906621932983398,0,"{SOLIDITY_ADDRESS_HARDCODED,SOLIDITY_PRAGMAS_VERSION,SOLIDITY_PRIVATE_MODIFIER_DONT_HIDE_DATA,SOLIDITY_UPGRADE_TO_050,SOLIDITY_VISIBILITY}",{},{},{}
contracts_output/contracts_output/codellama_with_rag_contracts/6751.sol,6751.sol,smartcheck,solidity,2022/11/14,20260213_1744,1771004687.9179506,3.890310049057007,0,"{SOLIDITY_ADDRESS_HARDCODED,SOLIDITY_PRAGMAS_VERSION,SOLIDITY_PRIVATE_MODIFIER_DONT_HIDE_DATA,SOLIDITY_UPGRADE_TO_050,SOLIDITY_VISIBILITY}",{},{},{}
contracts_output/contracts_output/codellama_with_rag_contracts/6764.sol,6764.sol,smartcheck,solidity,2022/11/14,20260213_1744,1771005000.7080035,5.146321535110474,0,"{SOLIDITY_ADDRESS_HARDCODED,SOLIDITY_PRAGMAS_VERSION,SOLIDITY_PRIVATE_MODIFIER_DONT_HIDE_DATA,SOLIDITY_UPGRADE_TO_050,SOLIDITY_VISIBILITY}",{},{},{}
contracts_output/contracts_output/codellama_with_rag_contracts/6774.sol,6774.sol,smartcheck,solidity,2022/11/14,20260213_1744,1771005074.3784528,5.970944166183472,0,"{SOLIDITY_ADDRESS_HARDCODED,SOLIDITY_PRAGMAS_VERSION,SOLIDITY_PRIVATE_MODIFIER_DONT_HIDE_DATA,SOLIDITY_UPGRADE_TO_050,SOLIDITY_VISIBILITY}",{},{},{}
contracts_output/contracts_output/codellama_with_rag_contracts/6776.sol,6776.sol,smartcheck,solidity,2022/11/14,20260213_1744,1771004846.8935435,4.7299394607543945,0,"{SOLIDITY_ADDRESS_HARDCODED,SOLIDITY_PRAGMAS_VERSION,SOLIDITY_PRIVATE_MODIFIER_DONT_HIDE_DATA,SOLIDITY_UPGRADE_TO_050,SOLIDITY_VISIBILITY}",{},{},{}
contracts_output/contracts_output/codellama_with_rag_contracts/6786.sol,6786.sol,smartcheck,solidity,2022/11/14,20260213_1744,1771004899.975945,5.168254137039185,0,"{SOLIDITY_ADDRESS_HARDCODED,SOLIDITY_PRAGMAS_VERSION,SOLIDITY_PRIVATE_MODIFIER_DONT_HIDE_DATA,SOLIDITY_UPGRADE_TO_050,SOLIDITY_VISIBILITY}",{},{},{}
contracts_output/contracts_output/codellama_with_rag_contracts/6808.sol,6808.sol,smartcheck,solidity,2022/11/14,20260213_1744,1771004829.894355,6.117876052856445,0,"{SOLIDITY_ADDRESS_HARDCODED,SOLIDITY_OVERPOWERED_ROLE,SOLIDITY_PRAGMAS_VERSION,SOLIDITY_PRIVATE_MODIFIER_DONT_HIDE_DATA,SOLIDITY_UPGRADE_TO_050,SOLIDITY_VISIBILITY}",{},{},{}
contracts_output/contracts_output/codellama_with_rag_contracts/6826.sol,6826.sol,smartcheck,solidity,2022/11/14,20260213_1744,1771004857.7903817,4.6896772384643555,0,"{SOLIDITY_ADDRESS_HARDCODED,SOLIDITY_DEPRECATED_CONSTRUCTIONS,SOLIDITY_PRAGMAS_VERSION,SOLIDITY_PRIVATE_MODIFIER_DONT_HIDE_DATA,SOLIDITY_UPGRADE_TO_050,SOLIDITY_VISIBILITY}",{},{},{}
contracts_output/contracts_output/codellama_with_rag_contracts/6848.sol,6848.sol,smartcheck,solidity,2022/11/14,20260213_1744,1771004790.8076797,5.761629104614258,0,"{SOLIDITY_ADDRESS_HARDCODED,SOLIDITY_PRAGMAS_VERSION,SOLIDITY_PRIVATE_MODIFIER_DONT_HIDE_DATA,SOLIDITY_UPGRADE_TO_050,SOLIDITY_VISIBILITY}",{},{},{}
contracts_output/contracts_output/codellama_with_rag_contracts/6875.sol,6875.sol,smartcheck,solidity,2022/11/14,20260213_1744,1771004843.5569649,6.067379474639893,0,"{SOLIDITY_ADDRESS_HARDCODED,SOLIDITY_PRAGMAS_VERSION,SOLIDITY_VISIBILITY}",{},{},{}
contracts_output/contracts_output/codellama_with_rag_contracts/689.sol,689.sol,smartcheck,solidity,2022/11/14,20260213_1744,1771004875.831932,5.679511070251465,0,"{SOLIDITY_ADDRESS_HARDCODED,SOLIDITY_OVERPOWERED_ROLE,SOLIDITY_PRAGMAS_VERSION,SOLIDITY_PRIVATE_MODIFIER_DONT_HIDE_DATA,SOLIDITY_UPGRADE_TO_050,SOLIDITY_VISIBILITY}",{},{},{}
contracts_output/contracts_output/codellama_with_rag_contracts/691.sol,691.sol,smartcheck,solidity,2022/11/14,20260213_1744,1771005082.060041,6.876171112060547,0,"{SOLIDITY_ADDRESS_HARDCODED,SOLIDITY_PRAGMAS_VERSION,SOLIDITY_PRIVATE_MODIFIER_DONT_HIDE_DATA,SOLIDITY_UPGRADE_TO_050,SOLIDITY_VISIBILITY}",{},{},{}
contracts_output/contracts_output/codellama_with_rag_contracts/694.sol,694.sol,smartcheck,solidity,2022/11/14,20260213_1744,1771004866.7299783,5.633147716522217,0,"{SOLIDITY_ADDRESS_HARDCODED,SOLIDITY_LOCKED_MONEY,SOLIDITY_PRAGMAS_VERSION,SOLIDITY_PRIVATE_MODIFIER_DONT_HIDE_DATA,SOLIDITY_UPGRADE_TO_050,SOLIDITY_VISIBILITY}",{},{},{}
contracts_output/contracts_output/codellama_with_rag_contracts/714.sol,714.sol,smartcheck,solidity,2022/11/14,20260213_1744,1771004940.113957,5.23771858215332,0,"{SOLIDITY_ADDRESS_HARDCODED,SOLIDITY_PRAGMAS_VERSION,SOLIDITY_PRIVATE_MODIFIER_DONT_HIDE_DATA,SOLIDITY_UPGRADE_TO_050,SOLIDITY_VISIBILITY}",{},{},{}
contracts_output/contracts_output/codellama_with_rag_contracts/725.sol,725.sol,smartcheck,solidity,2022/11/14,20260213_1744,1771004999.7331023,6.223150253295898,0,"{SOLIDITY_ADDRESS_HARDCODED,SOLIDITY_EXTRA_GAS_IN_LOOPS,SOLIDITY_GAS_LIMIT_IN_LOOPS,SOLIDITY_OVERPOWERED_ROLE,SOLIDITY_PRAGMAS_VERSION,SOLIDITY_PRIVATE_MODIFIER_DONT_HIDE_DATA,SOLIDITY_UPGRADE_TO_050,SOLIDITY_VISIBILITY}",{},{},{}
contracts_output/contracts_output/codellama_with_rag_contracts/732.sol,732.sol,smartcheck,solidity,2022/11/14,20260213_1744,1771004754.3812816,5.029503583908081,0,"{SOLIDITY_LOCKED_MONEY,SOLIDITY_PRAGMAS_VERSION,SOLIDITY_VISIBILITY}",{},{},{}
contracts_output/contracts_output/codellama_with_rag_contracts/752.sol,752.sol,smartcheck,solidity,2022/11/14,20260213_1744,1771004749.7646737,5.792264223098755,0,"{SOLIDITY_ADDRESS_HARDCODED,SOLIDITY_PRAGMAS_VERSION,SOLIDITY_PRIVATE_MODIFIER_DONT_HIDE_DATA,SOLIDITY_UPGRADE_TO_050,SOLIDITY_VISIBILITY}",{},{},{}
contracts_output/contracts_output/codellama_with_rag_contracts/761.sol,761.sol,smartcheck,solidity,2022/11/14,20260213_1744,1771004801.6203575,4.8390889167785645,0,"{SOLIDITY_ADDRESS_HARDCODED,SOLIDITY_PRAGMAS_VERSION,SOLIDITY_PRIVATE_MODIFIER_DONT_HIDE_DATA,SOLIDITY_UPGRADE_TO_050,SOLIDITY_VISIBILITY}",{},{},{}
contracts_output/contracts_output/codellama_with_rag_contracts/772.sol,772.sol,smartcheck,solidity,2022/11/14,20260213_1744,1771004926.9705658,4.996544122695923,0,"{SOLIDITY_ADDRESS_HARDCODED,SOLIDITY_PRAGMAS_VERSION,SOLIDITY_PRIVATE_MODIFIER_DONT_HIDE_DATA,SOLIDITY_UPGRADE_TO_050,SOLIDITY_VISIBILITY}",{},{},{}
contracts_output/contracts_output/codellama_with_rag_contracts/780.sol,780.sol,smartcheck,solidity,2022/11/14,20260213_1744,1771005005.857317,4.983888387680054,0,"{SOLIDITY_ADDRESS_HARDCODED,SOLIDITY_PRAGMAS_VERSION,SOLIDITY_PRIVATE_MODIFIER_DONT_HIDE_DATA,SOLIDITY_UPGRADE_TO_050,SOLIDITY_VISIBILITY}",{},{},{}
contracts_output/contracts_output/codellama_with_rag_contracts/79.sol,79.sol,smartcheck,solidity,2022/11/14,20260213_1744,1771004694.4054246,4.299709796905518,0,"{SOLIDITY_ADDRESS_HARDCODED,SOLIDITY_PRAGMAS_VERSION,SOLIDITY_PRIVATE_MODIFIER_DONT_HIDE_DATA,SOLIDITY_REVERT_REQUIRE,SOLIDITY_UPGRADE_TO_050,SOLIDITY_VISIBILITY}",{},{},{}
contracts_output/contracts_output/codellama_with_rag_contracts/790.sol,790.sol,smartcheck,solidity,2022/11/14,20260213_1744,1771004836.2281206,5.94862174987793,0,"{SOLIDITY_PRAGMAS_VERSION,SOLIDITY_PRIVATE_MODIFIER_DONT_HIDE_DATA,SOLIDITY_VISIBILITY}",{},{},{}
contracts_output/contracts_output/codellama_with_rag_contracts/799.sol,799.sol,smartcheck,solidity,2022/11/14,20260213_1744,1771004735.416943,5.588454246520996,0,"{SOLIDITY_ADDRESS_HARDCODED,SOLIDITY_PRAGMAS_VERSION,SOLIDITY_PRIVATE_MODIFIER_DONT_HIDE_DATA,SOLIDITY_SHOULD_RETURN_STRUCT,SOLIDITY_UPGRADE_TO_050,SOLIDITY_VISIBILITY}",{},{},{}
contracts_output/contracts_output/codellama_with_rag_contracts/812.sol,812.sol,smartcheck,solidity,2022/11/14,20260213_1744,1771004820.447652,5.738207578659058,0,"{SOLIDITY_ADDRESS_HARDCODED,SOLIDITY_LOCKED_MONEY,SOLIDITY_PRAGMAS_VERSION,SOLIDITY_PRIVATE_MODIFIER_DONT_HIDE_DATA,SOLIDITY_UPGRADE_TO_050,SOLIDITY_VISIBILITY}",{},{},{}
contracts_output/contracts_output/codellama_with_rag_contracts/827.sol,827.sol,smartcheck,solidity,2022/11/14,20260213_1744,1771004875.446863,5.913653612136841,0,"{SOLIDITY_ADDRESS_HARDCODED,SOLIDITY_PRAGMAS_VERSION,SOLIDITY_PRIVATE_MODIFIER_DONT_HIDE_DATA,SOLIDITY_UPGRADE_TO_050,SOLIDITY_VISIBILITY}",{},{},{}
contracts_output/contracts_output/codellama_with_rag_contracts/86.sol,86.sol,smartcheck,solidity,2022/11/14,20260213_1744,1771004828.8375163,6.140964031219482,0,"{SOLIDITY_ADDRESS_HARDCODED,SOLIDITY_OVERPOWERED_ROLE,SOLIDITY_PRAGMAS_VERSION,SOLIDITY_PRIVATE_MODIFIER_DONT_HIDE_DATA,SOLIDITY_UPGRADE_TO_050,SOLIDITY_VISIBILITY}",{},{},{}
contracts_output/contracts_output/codellama_with_rag_contracts/868.sol,868.sol,smartcheck,solidity,2022/11/14,20260213_1744,1771004966.3238065,6.261040210723877,0,"{SOLIDITY_ADDRESS_HARDCODED,SOLIDITY_EXTRA_GAS_IN_LOOPS,SOLIDITY_GAS_LIMIT_IN_LOOPS,SOLIDITY_PRAGMAS_VERSION,SOLIDITY_PRIVATE_MODIFIER_DONT_HIDE_DATA,SOLIDITY_TRANSFER_IN_LOOP,SOLIDITY_UPGRADE_TO_050,SOLIDITY_VISIBILITY}",{},{},{}
contracts_output/contracts_output/codellama_with_rag_contracts/876.sol,876.sol,smartcheck,solidity,2022/11/14,20260213_1744,1771004693.5796828,3.9489097595214844,0,"{SOLIDITY_ADDRESS_HARDCODED,SOLIDITY_PRAGMAS_VERSION,SOLIDITY_PRIVATE_MODIFIER_DONT_HIDE_DATA,SOLIDITY_UPGRADE_TO_050,SOLIDITY_VISIBILITY}",{},{},{}
contracts_output/contracts_output/codellama_with_rag_contracts/883.sol,883.sol,smartcheck,solidity,2022/11/14,20260213_1744,1771004818.0884178,4.569621562957764,0,"{SOLIDITY_EXTRA_GAS_IN_LOOPS,SOLIDITY_GAS_LIMIT_IN_LOOPS,SOLIDITY_PRAGMAS_VERSION,SOLIDITY_TRANSFER_IN_LOOP,SOLIDITY_VISIBILITY}",{},{},{}
contracts_output/contracts_output/codellama_with_rag_contracts/892.sol,892.sol,smartcheck,solidity,2022/11/14,20260213_1744,1771004761.2089183,6.089903354644775,0,"{SOLIDITY_ADDRESS_HARDCODED,SOLIDITY_EXTRA_GAS_IN_LOOPS,SOLIDITY_GAS_LIMIT_IN_LOOPS,SOLIDITY_PRAGMAS_VERSION,SOLIDITY_PRIVATE_MODIFIER_DONT_HIDE_DATA,SOLIDITY_UPGRADE_TO_050,SOLIDITY_VISIBILITY}",{},{},{}
contracts_output/contracts_output/codellama_with_rag_contracts/906.sol,906.sol,smartcheck,solidity,2022/11/14,20260213_1744,1771005105.458031,5.323338508605957,0,"{SOLIDITY_ADDRESS_HARDCODED,SOLIDITY_PRAGMAS_VERSION,SOLIDITY_PRIVATE_MODIFIER_DONT_HIDE_DATA,SOLIDITY_UPGRADE_TO_050,SOLIDITY_VISIBILITY}",{},{},{}
contracts_output/contracts_output/codellama_with_rag_contracts/915.sol,915.sol,smartcheck,solidity,2022/11/14,20260213_1744,1771004870.54033,5.099303245544434,0,"{SOLIDITY_ADDRESS_HARDCODED,SOLIDITY_PRAGMAS_VERSION,SOLIDITY_PRIVATE_MODIFIER_DONT_HIDE_DATA,SOLIDITY_UPGRADE_TO_050,SOLIDITY_VISIBILITY}",{},{},{}
contracts_output/contracts_output/codellama_with_rag_contracts/949.sol,949.sol,smartcheck,solidity,2022/11/14,20260213_1744,1771004890.4260623,5.5660881996154785,0,"{SOLIDITY_ADDRESS_HARDCODED,SOLIDITY_PRAGMAS_VERSION,SOLIDITY_UPGRADE_TO_050,SOLIDITY_VISIBILITY}",{},{},{}
contracts_output/contracts_output/codellama_with_rag_contracts/963.sol,963.sol,smartcheck,solidity,2022/11/14,20260213_1744,1771004848.3346179,4.684974670410156,0,"{SOLIDITY_ADDRESS_HARDCODED,SOLIDITY_PRAGMAS_VERSION,SOLIDITY_PRIVATE_MODIFIER_DONT_HIDE_DATA,SOLIDITY_UPGRADE_TO_050,SOLIDITY_VISIBILITY}",{},{},{}
contracts_output/contracts_output/codellama_with_rag_contracts/967.sol,967.sol,smartcheck,solidity,2022/11/14,20260213_1744,1771005109.0179412,4.116852045059204,0,"{SOLIDITY_ADDRESS_HARDCODED,SOLIDITY_PRAGMAS_VERSION,SOLIDITY_PRIVATE_MODIFIER_DONT_HIDE_DATA,SOLIDITY_UPGRADE_TO_050,SOLIDITY_VISIBILITY}",{},{},{}
contracts_output/contracts_output/codellama_with_rag_contracts/97.sol,97.sol,smartcheck,solidity,2022/11/14,20260213_1744,1771004686.3141725,4.008549213409424,0,"{SOLIDITY_ADDRESS_HARDCODED,SOLIDITY_PRAGMAS_VERSION,SOLIDITY_PRIVATE_MODIFIER_DONT_HIDE_DATA,SOLIDITY_UPGRADE_TO_050,SOLIDITY_VISIBILITY}",{},{},{}
contracts_output/contracts_output/codellama_with_rag_contracts/971.sol,971.sol,smartcheck,solidity,2022/11/14,20260213_1744,1771004927.195744,5.480024337768555,0,"{SOLIDITY_ADDRESS_HARDCODED,SOLIDITY_PRAGMAS_VERSION,SOLIDITY_PRIVATE_MODIFIER_DONT_HIDE_DATA,SOLIDITY_UPGRADE_TO_050,SOLIDITY_VISIBILITY}",{},{},{}
contracts_output/contracts_output/codellama_with_rag_contracts/1004.sol,1004.sol,solhint-6.0.0,solidity,2025/09/14,20260213_1744,1771004824.8685558,3.9386532306671143,1,"{compiler_version,func_visibility,gas_custom_errors,gas_increment_by_one,gas_small_strings,gas_strict_inequalities,one_contract_per_file,reason_string,use_natspec}",{},{},{}
contracts_output/contracts_output/codellama_with_rag_contracts/1009.sol,1009.sol,solhint-6.0.0,solidity,2025/09/14,20260213_1744,1771004711.072958,2.731909990310669,1,"{compiler_version,func_visibility,gas_custom_errors,gas_small_strings,gas_strict_inequalities,one_contract_per_file,reason_string,use_natspec}",{},{},{}
contracts_output/contracts_output/codellama_with_rag_contracts/1010.sol,1010.sol,solhint-6.0.0,solidity,2025/09/14,20260213_1744,1771004928.0699172,3.2302584648132324,1,"{compiler_version,func_visibility,gas_custom_errors,gas_small_strings,gas_strict_inequalities,one_contract_per_file,reason_string,use_natspec}",{},{},{}
contracts_output/contracts_output/codellama_with_rag_contracts/1032.sol,1032.sol,solhint-6.0.0,solidity,2025/09/14,20260213_1744,1771004708.0001872,3.3906662464141846,1,"{compiler_version,explicit_types,func_visibility,gas_custom_errors,gas_small_strings,gas_strict_inequalities,one_contract_per_file,reason_string,use_natspec}",{},{},{}
contracts_output/contracts_output/codellama_with_rag_contracts/1053.sol,1053.sol,solhint-6.0.0,solidity,2025/09/14,20260213_1744,1771004842.1777442,4.115415334701538,1,"{compiler_version,func_visibility,gas_custom_errors,gas_increment_by_one,gas_small_strings,gas_strict_inequalities,one_contract_per_file,reason_string,use_natspec}",{},{},{}
contracts_output/contracts_output/codellama_with_rag_contracts/107.sol,107.sol,solhint-6.0.0,solidity,2025/09/14,20260213_1744,1771004698.1423213,2.9162237644195557,1,"{compiler_version,func_visibility,gas_custom_errors,gas_small_strings,gas_strict_inequalities,one_contract_per_file,quotes,reason_string,use_natspec}",{},{},{}
contracts_output/contracts_output/codellama_with_rag_contracts/1091.sol,1091.sol,solhint-6.0.0,solidity,2025/09/14,20260213_1744,1771004856.2203386,2.911668300628662,1,"{compiler_version,explicit_types,func_visibility,gas_custom_errors,gas_increment_by_one,gas_small_strings,gas_strict_inequalities,one_contract_per_file,reason_string,use_natspec}",{},{},{}
contracts_output/contracts_output/codellama_with_rag_contracts/1094.sol,1094.sol,solhint-6.0.0,solidity,2025/09/14,20260213_1744,1771004703.454651,3.0824737548828125,1,"{compiler_version,func_visibility,gas_custom_errors,gas_small_strings,gas_strict_inequalities,one_contract_per_file,reason_string,use_natspec}",{},{},{}
contracts_output/contracts_output/codellama_with_rag_contracts/110.sol,110.sol,solhint-6.0.0,solidity,2025/09/14,20260213_1744,1771004881.5749338,3.2221920490264893,1,"{compiler_version,func_visibility,gas_custom_errors,gas_small_strings,gas_strict_inequalities,one_contract_per_file,reason_string,use_natspec}",{},{},{}
contracts_output/contracts_output/codellama_with_rag_contracts/1111.sol,1111.sol,solhint-6.0.0,solidity,2025/09/14,20260213_1744,1771005033.0297074,2.486774206161499,1,"{compiler_version,func_visibility,gas_custom_errors,gas_small_strings,gas_strict_inequalities,one_contract_per_file,reason_string,use_natspec}",{},{},{}
contracts_output/contracts_output/codellama_with_rag_contracts/1142.sol,1142.sol,solhint-6.0.0,solidity,2025/09/14,20260213_1744,1771005036.5910091,2.863327741622925,1,"{compiler_version,func_visibility,gas_custom_errors,gas_small_strings,gas_strict_inequalities,one_contract_per_file,reason_string,use_natspec}",{},{},{}
contracts_output/contracts_output/codellama_with_rag_contracts/1147.sol,1147.sol,solhint-6.0.0,solidity,2025/09/14,20260213_1744,1771004781.2084744,3.765528917312622,1,"{compiler_version,func_visibility,gas_custom_errors,gas_small_strings,gas_strict_inequalities,no_unused_vars,one_contract_per_file,quotes,reason_string,use_natspec}",{},{},{}
contracts_output/contracts_output/codellama_with_rag_contracts/1148.sol,1148.sol,solhint-6.0.0,solidity,2025/09/14,20260213_1744,1771004853.3855958,3.101588487625122,1,"{compiler_version,func_visibility,gas_custom_errors,gas_small_strings,gas_strict_inequalities,one_contract_per_file,reason_string,state_visibility,use_natspec}",{},{},{}
contracts_output/contracts_output/codellama_with_rag_contracts/1160.sol,1160.sol,solhint-6.0.0,solidity,2025/09/14,20260213_1744,1771004857.2084372,2.6043736934661865,1,"{compiler_version,func_visibility,gas_custom_errors,gas_small_strings,gas_strict_inequalities,one_contract_per_file,reason_string,use_natspec}",{},{},{}
contracts_output/contracts_output/codellama_with_rag_contracts/1164.sol,1164.sol,solhint-6.0.0,solidity,2025/09/14,20260213_1744,1771005040.203539,2.542189598083496,1,"{compiler_version,func_visibility,gas_custom_errors,gas_small_strings,gas_strict_inequalities,one_contract_per_file,reason_string,use_natspec}",{},{},{}
contracts_output/contracts_output/codellama_with_rag_contracts/1195.sol,1195.sol,solhint-6.0.0,solidity,2025/09/14,20260213_1744,1771005055.4753923,2.8276562690734863,1,"{compiler_version,func_visibility,gas_custom_errors,gas_small_strings,gas_strict_inequalities,one_contract_per_file,reason_string,use_natspec}",{},{},{}
contracts_output/contracts_output/codellama_with_rag_contracts/1213.sol,1213.sol,solhint-6.0.0,solidity,2025/09/14,20260213_1744,1771004730.7969818,2.700040817260742,1,"{compiler_version,func_visibility,gas_custom_errors,gas_small_strings,gas_strict_inequalities,no_empty_blocks,one_contract_per_file,quotes,reason_string,use_natspec}",{},{},{}
contracts_output/contracts_output/codellama_with_rag_contracts/1228.sol,1228.sol,solhint-6.0.0,solidity,2025/09/14,20260213_1744,1771004738.103935,3.386317729949951,1,"{compiler_version,func_visibility,gas_custom_errors,gas_small_strings,gas_strict_inequalities,one_contract_per_file,reason_string,use_natspec}",{},{},{}
contracts_output/contracts_output/codellama_with_rag_contracts/124.sol,124.sol,solhint-6.0.0,solidity,2025/09/14,20260213_1744,1771004746.4638276,3.297611713409424,1,"{compiler_version,func_visibility,gas_custom_errors,gas_increment_by_one,gas_small_strings,gas_strict_inequalities,one_contract_per_file,reason_string,use_natspec}",{},{},{}
contracts_output/contracts_output/codellama_with_rag_contracts/1244.sol,1244.sol,solhint-6.0.0,solidity,2025/09/14,20260213_1744,1771004809.1851134,2.661114454269409,1,"{compiler_version,func_visibility,gas_custom_errors,gas_increment_by_one,gas_small_strings,gas_strict_inequalities,one_contract_per_file,reason_string,use_natspec}",{},{},{}
contracts_output/contracts_output/codellama_with_rag_contracts/1247.sol,1247.sol,solhint-6.0.0,solidity,2025/09/14,20260213_1744,1771005018.9488525,2.6707980632781982,1,"{compiler_version,func_visibility,gas_custom_errors,gas_small_strings,gas_strict_inequalities,one_contract_per_file,reason_string,use_natspec}",{},{},{}
contracts_output/contracts_output/codellama_with_rag_contracts/1259.sol,1259.sol,solhint-6.0.0,solidity,2025/09/14,20260213_1744,1771004765.2453163,3.1308984756469727,1,"{compiler_version,func_visibility,gas_custom_errors,gas_small_strings,gas_strict_inequalities,one_contract_per_file,reason_string,use_natspec}",{},{},{}
contracts_output/contracts_output/codellama_with_rag_contracts/1262.sol,1262.sol,solhint-6.0.0,solidity,2025/09/14,20260213_1744,1771004890.4501135,2.7838735580444336,1,"{compiler_version,func_visibility,gas_custom_errors,gas_small_strings,gas_strict_inequalities,one_contract_per_file,reason_string,use_natspec}",{},{},{}
contracts_output/contracts_output/codellama_with_rag_contracts/1265.sol,1265.sol,solhint-6.0.0,solidity,2025/09/14,20260213_1744,1771004975.7244935,4.040733575820923,1,"{compiler_version,func_visibility,gas_custom_errors,gas_small_strings,gas_strict_inequalities,one_contract_per_file,reason_string,use_natspec}",{},{},{}
contracts_output/contracts_output/codellama_with_rag_contracts/1268.sol,1268.sol,solhint-6.0.0,solidity,2025/09/14,20260213_1744,1771005055.8702128,2.461904764175415,1,"{compiler_version,func_visibility,gas_custom_errors,gas_increment_by_one,gas_small_strings,gas_strict_inequalities,one_contract_per_file,reason_string,use_natspec}",{},{},{}
contracts_output/contracts_output/codellama_with_rag_contracts/1281.sol,1281.sol,solhint-6.0.0,solidity,2025/09/14,20260213_1744,1771004692.1582618,3.5184149742126465,1,"{avoid_tx_origin,compiler_version,func_visibility,gas_custom_errors,gas_small_strings,gas_strict_inequalities,one_contract_per_file,reason_string,use_natspec}",{},{},{}
contracts_output/contracts_output/codellama_with_rag_contracts/1283.sol,1283.sol,solhint-6.0.0,solidity,2025/09/14,20260213_1744,1771005097.0625792,2.7127010822296143,1,"{compiler_version,func_visibility,gas_custom_errors,gas_small_strings,gas_strict_inequalities,one_contract_per_file,reason_string,use_natspec}",{},{},{}
contracts_output/contracts_output/codellama_with_rag_contracts/1286.sol,1286.sol,solhint-6.0.0,solidity,2025/09/14,20260213_1744,1771004939.7940319,3.686180830001831,1,"{compiler_version,const_name_snakecase,func_visibility,gas_custom_errors,gas_small_strings,gas_strict_inequalities,one_contract_per_file,reason_string,use_natspec}",{},{},{}
contracts_output/contracts_output/codellama_with_rag_contracts/1315.sol,1315.sol,solhint-6.0.0,solidity,2025/09/14,20260213_1744,1771005058.344731,4.10122275352478,1,"{compiler_version,func_visibility,gas_custom_errors,gas_indexed_events,gas_small_strings,gas_strict_inequalities,one_contract_per_file,reason_string,use_natspec}",{},{},{}
contracts_output/contracts_output/codellama_with_rag_contracts/1319.sol,1319.sol,solhint-6.0.0,solidity,2025/09/14,20260213_1744,1771004852.8853955,4.320881366729736,1,"{compiler_version,explicit_types,func_visibility,gas_custom_errors,gas_indexed_events,gas_small_strings,gas_strict_inequalities,one_contract_per_file,reason_string,use_natspec}",{},{},{}
contracts_output/contracts_output/codellama_with_rag_contracts/1334.sol,1334.sol,solhint-6.0.0,solidity,2025/09/14,20260213_1744,1771005047.5302072,3.9351859092712402,1,"{compiler_version,func_visibility,gas_custom_errors,gas_small_strings,gas_strict_inequalities,one_contract_per_file,reason_string,use_natspec}",{},{},{}
contracts_output/contracts_output/codellama_with_rag_contracts/1335.sol,1335.sol,solhint-6.0.0,solidity,2025/09/14,20260213_1744,1771004996.8293068,2.8997092247009277,1,"{compiler_version,gas_custom_errors,gas_small_strings,gas_strict_inequalities,one_contract_per_file,reason_string,use_natspec}",{},{},{}
contracts_output/contracts_output/codellama_with_rag_contracts/1356.sol,1356.sol,solhint-6.0.0,solidity,2025/09/14,20260213_1744,1771004742.639159,2.328679323196411,1,"{compiler_version,explicit_types,func_visibility,gas_custom_errors,gas_small_strings,gas_strict_inequalities,one_contract_per_file,quotes,reason_string,use_natspec}",{},{},{}
contracts_output/contracts_output/codellama_with_rag_contracts/1358.sol,1358.sol,solhint-6.0.0,solidity,2025/09/14,20260213_1744,1771004940.8607082,2.8627450466156006,1,"{compiler_version,func_visibility,gas_custom_errors,gas_increment_by_one,gas_small_strings,gas_strict_inequalities,no_unused_vars,one_contract_per_file,quotes,reason_string,use_natspec}",{},{},{}
contracts_output/contracts_output/codellama_with_rag_contracts/1383.sol,1383.sol,solhint-6.0.0,solidity,2025/09/14,20260213_1744,1771005074.6099105,2.9633140563964844,1,"{compiler_version,explicit_types,func_visibility,gas_custom_errors,gas_small_strings,gas_strict_inequalities,no_unused_vars,one_contract_per_file,reason_string,use_natspec}",{},{},{}
contracts_output/contracts_output/codellama_with_rag_contracts/1386.sol,1386.sol,solhint-6.0.0,solidity,2025/09/14,20260213_1744,1771004847.191357,3.5338802337646484,1,"{compiler_version,func_visibility,gas_custom_errors,gas_small_strings,gas_strict_inequalities,one_contract_per_file,reason_string,use_natspec}",{},{},{}
contracts_output/contracts_output/codellama_with_rag_contracts/1398.sol,1398.sol,solhint-6.0.0,solidity,2025/09/14,20260213_1744,1771004780.1254847,3.1301207542419434,255,{},{},{EXIT_CODE_255},{}
contracts_output/contracts_output/codellama_with_rag_contracts/1413.sol,1413.sol,solhint-6.0.0,solidity,2025/09/14,20260213_1744,1771004991.0117989,3.03861141204834,1,"{compiler_version,func_visibility,gas_custom_errors,gas_small_strings,gas_strict_inequalities,one_contract_per_file,quotes,reason_string,use_natspec}",{},{},{}
contracts_output/contracts_output/codellama_with_rag_contracts/1424.sol,1424.sol,solhint-6.0.0,solidity,2025/09/14,20260213_1744,1771004930.9946032,3.4370713233947754,1,"{compiler_version,func_visibility,gas_custom_errors,gas_small_strings,gas_strict_inequalities,one_contract_per_file,reason_string,use_natspec}",{},{},{}
contracts_output/contracts_output/codellama_with_rag_contracts/1438.sol,1438.sol,solhint-6.0.0,solidity,2025/09/14,20260213_1744,1771004795.5395517,2.753617525100708,1,"{compiler_version,func_visibility,gas_custom_errors,gas_small_strings,gas_strict_inequalities,one_contract_per_file,reason_string,state_visibility,use_natspec}",{},{},{}
contracts_output/contracts_output/codellama_with_rag_contracts/1443.sol,1443.sol,solhint-6.0.0,solidity,2025/09/14,20260213_1744,1771004827.0913854,2.799708366394043,1,"{compiler_version,func_visibility,gas_custom_errors,gas_small_strings,gas_strict_inequalities,one_contract_per_file,reason_string,use_natspec}",{},{},{}
contracts_output/contracts_output/codellama_with_rag_contracts/146.sol,146.sol,solhint-6.0.0,solidity,2025/09/14,20260213_1744,1771004796.78088,2.7986228466033936,1,"{compiler_version,func_visibility,gas_custom_errors,gas_small_strings,gas_strict_inequalities,one_contract_per_file,reason_string,use_natspec}",{},{},{}
contracts_output/contracts_output/codellama_with_rag_contracts/1493.sol,1493.sol,solhint-6.0.0,solidity,2025/09/14,20260213_1744,1771004838.6505976,3.6047420501708984,1,"{compiler_version,func_visibility,gas_custom_errors,gas_small_strings,gas_strict_inequalities,import_path_check,no_global_import,one_contract_per_file,reason_string,use_natspec}",{},{},{}
contracts_output/contracts_output/codellama_with_rag_contracts/1522.sol,1522.sol,solhint-6.0.0,solidity,2025/09/14,20260213_1744,1771004928.5631263,3.6542086601257324,1,"{compiler_version,func_visibility,gas_custom_errors,gas_indexed_events,gas_small_strings,gas_strict_inequalities,one_contract_per_file,reason_string,use_natspec}",{},{},{}
contracts_output/contracts_output/codellama_with_rag_contracts/153.sol,153.sol,solhint-6.0.0,solidity,2025/09/14,20260213_1744,1771004701.1686068,3.4262473583221436,1,"{compiler_version,func_visibility,gas_custom_errors,gas_small_strings,gas_strict_inequalities,one_contract_per_file,reason_string,use_natspec}",{},{},{}
contracts_output/contracts_output/codellama_with_rag_contracts/1531.sol,1531.sol,solhint-6.0.0,solidity,2025/09/14,20260213_1744,1771004733.696479,3.231253147125244,1,"{compiler_version,func_visibility,gas_custom_errors,gas_small_strings,gas_strict_inequalities,one_contract_per_file,reason_string,use_natspec}",{},{},{}
contracts_output/contracts_output/codellama_with_rag_contracts/1558.sol,1558.sol,solhint-6.0.0,solidity,2025/09/14,20260213_1744,1771004785.045197,3.905477523803711,1,"{compiler_version,func_visibility,gas_custom_errors,gas_small_strings,gas_strict_inequalities,one_contract_per_file,reason_string,use_natspec}",{},{},{}
contracts_output/contracts_output/codellama_with_rag_contracts/1565.sol,1565.sol,solhint-6.0.0,solidity,2025/09/14,20260213_1744,1771005049.9033957,3.5129384994506836,1,"{compiler_version,func_visibility,gas_custom_errors,gas_indexed_events,gas_small_strings,gas_strict_inequalities,one_contract_per_file,reason_string,use_natspec}",{},{},{}
contracts_output/contracts_output/codellama_with_rag_contracts/1587.sol,1587.sol,solhint-6.0.0,solidity,2025/09/14,20260213_1744,1771004687.6967297,3.138824462890625,1,"{compiler_version,func_visibility,gas_custom_errors,gas_small_strings,gas_strict_inequalities,one_contract_per_file,reason_string,use_natspec}",{},{},{}
contracts_output/contracts_output/codellama_with_rag_contracts/1589.sol,1589.sol,solhint-6.0.0,solidity,2025/09/14,20260213_1744,1771004978.256772,4.484438180923462,1,"{compiler_version,func_visibility,gas_custom_errors,gas_small_strings,gas_strict_inequalities,one_contract_per_file,reason_string,use_natspec}",{},{},{}
contracts_output/contracts_output/codellama_with_rag_contracts/1597.sol,1597.sol,solhint-6.0.0,solidity,2025/09/14,20260213_1744,1771004723.0462832,2.9469614028930664,1,"{compiler_version,func_visibility,gas_custom_errors,gas_small_strings,gas_strict_inequalities,one_contract_per_file,reason_string,use_natspec}",{},{},{}
contracts_output/contracts_output/codellama_with_rag_contracts/1600.sol,1600.sol,solhint-6.0.0,solidity,2025/09/14,20260213_1744,1771004833.152042,3.0734636783599854,1,"{compiler_version,func_visibility,gas_custom_errors,gas_small_strings,gas_strict_inequalities,no_unused_vars,one_contract_per_file,reason_string,use_natspec}",{},{},{}
contracts_output/contracts_output/codellama_with_rag_contracts/1609.sol,1609.sol,solhint-6.0.0,solidity,2025/09/14,20260213_1744,1771004826.1243582,3.9585540294647217,1,"{compiler_version,func_visibility,gas_custom_errors,gas_small_strings,gas_strict_inequalities,one_contract_per_file,reason_string,use_natspec}",{},{},{}
contracts_output/contracts_output/codellama_with_rag_contracts/1613.sol,1613.sol,solhint-6.0.0,solidity,2025/09/14,20260213_1744,1771004841.466008,3.20363187789917,1,"{compiler_version,func_visibility,gas_custom_errors,gas_small_strings,gas_strict_inequalities,one_contract_per_file,reason_string,use_natspec}",{},{},{}
contracts_output/contracts_output/codellama_with_rag_contracts/1617.sol,1617.sol,solhint-6.0.0,solidity,2025/09/14,20260213_1744,1771004876.2558389,3.575502634048462,1,"{compiler_version,func_visibility,gas_custom_errors,gas_small_strings,gas_strict_inequalities,one_contract_per_file,reason_string,use_natspec}",{},{},{}
contracts_output/contracts_output/codellama_with_rag_contracts/1642.sol,1642.sol,solhint-6.0.0,solidity,2025/09/14,20260213_1744,1771004942.3559682,3.3915860652923584,1,"{compiler_version,func_visibility,gas_custom_errors,gas_small_strings,gas_strict_inequalities,one_contract_per_file,reason_string,use_natspec}",{},{},{}
contracts_output/contracts_output/codellama_with_rag_contracts/1644.sol,1644.sol,solhint-6.0.0,solidity,2025/09/14,20260213_1744,1771004924.3049746,2.8882198333740234,1,"{compiler_version,func_visibility,gas_custom_errors,gas_small_strings,gas_strict_inequalities,one_contract_per_file,quotes,reason_string,use_natspec}",{},{},{}
contracts_output/contracts_output/codellama_with_rag_contracts/1662.sol,1662.sol,solhint-6.0.0,solidity,2025/09/14,20260213_1744,1771004712.7362537,3.6503312587738037,1,"{compiler_version,func_visibility,gas_custom_errors,gas_small_strings,gas_strict_inequalities,one_contract_per_file,reason_string,use_natspec}",{},{},{}
contracts_output/contracts_output/codellama_with_rag_contracts/1663.sol,1663.sol,solhint-6.0.0,solidity,2025/09/14,20260213_1744,1771004897.0538483,3.4265859127044678,1,"{compiler_version,explicit_types,func_visibility,gas_custom_errors,gas_small_strings,gas_strict_inequalities,one_contract_per_file,reason_string,use_natspec}",{},{},{}
contracts_output/contracts_output/codellama_with_rag_contracts/170.sol,170.sol,solhint-6.0.0,solidity,2025/09/14,20260213_1744,1771005017.2047417,3.5673747062683105,1,"{compiler_version,explicit_types,func_visibility,gas_custom_errors,gas_indexed_events,gas_small_strings,gas_strict_inequalities,one_contract_per_file,reason_string,use_natspec}",{},{},{}
contracts_output/contracts_output/codellama_with_rag_contracts/1700.sol,1700.sol,solhint-6.0.0,solidity,2025/09/14,20260213_1744,1771004771.2280695,3.2684288024902344,1,"{compiler_version,func_visibility,gas_custom_errors,gas_small_strings,gas_strict_inequalities,no_empty_blocks,one_contract_per_file,reason_string,use_natspec}",{},{},{}
contracts_output/contracts_output/codellama_with_rag_contracts/1722.sol,1722.sol,solhint-6.0.0,solidity,2025/09/14,20260213_1744,1771004928.98385,2.885714054107666,1,"{compiler_version,func_visibility,gas_custom_errors,gas_small_strings,gas_strict_inequalities,one_contract_per_file,reason_string,use_natspec}",{},{},{}
contracts_output/contracts_output/codellama_with_rag_contracts/1735.sol,1735.sol,solhint-6.0.0,solidity,2025/09/14,20260213_1744,1771005105.3557816,3.6665587425231934,1,"{compiler_version,explicit_types,func_visibility,gas_custom_errors,gas_small_strings,gas_strict_inequalities,one_contract_per_file,reason_string,use_natspec,visibility_modifier_order}",{},{},{}
contracts_output/contracts_output/codellama_with_rag_contracts/1777.sol,1777.sol,solhint-6.0.0,solidity,2025/09/14,20260213_1744,1771004931.635779,3.0734035968780518,1,"{compiler_version,func_visibility,gas_custom_errors,gas_increment_by_one,gas_small_strings,gas_strict_inequalities,one_contract_per_file,reason_string,use_natspec}",{},{},{}
contracts_output/contracts_output/codellama_with_rag_contracts/1782.sol,1782.sol,solhint-6.0.0,solidity,2025/09/14,20260213_1744,1771004965.411063,3.602142095565796,1,"{compiler_version,func_visibility,gas_calldata_parameters,gas_custom_errors,gas_small_strings,gas_strict_inequalities,one_contract_per_file,quotes,reason_string,use_natspec}",{},{},{}
contracts_output/contracts_output/codellama_with_rag_contracts/1790.sol,1790.sol,solhint-6.0.0,solidity,2025/09/14,20260213_1744,1771004737.588922,3.2840735912323,255,{},{},{EXIT_CODE_255},{}
contracts_output/contracts_output/codellama_with_rag_contracts/1809.sol,1809.sol,solhint-6.0.0,solidity,2025/09/14,20260213_1744,1771004954.8783317,2.8598549365997314,1,"{compiler_version,func_visibility,gas_custom_errors,gas_small_strings,gas_strict_inequalities,one_contract_per_file,quotes,reason_string,state_visibility,use_natspec}",{},{},{}
contracts_output/contracts_output/codellama_with_rag_contracts/1814.sol,1814.sol,solhint-6.0.0,solidity,2025/09/14,20260213_1744,1771004861.7769148,3.3406662940979004,1,"{compiler_version,explicit_types,func_visibility,gas_custom_errors,gas_small_strings,gas_strict_inequalities,one_contract_per_file,reason_string,use_natspec,visibility_modifier_order}",{},{},{}
contracts_output/contracts_output/codellama_with_rag_contracts/1824.sol,1824.sol,solhint-6.0.0,solidity,2025/09/14,20260213_1744,1771005051.0408497,3.1750991344451904,1,"{compiler_version,func_visibility,gas_custom_errors,gas_increment_by_one,gas_small_strings,gas_strict_inequalities,one_contract_per_file,reason_string,use_natspec}",{},{},{}
contracts_output/contracts_output/codellama_with_rag_contracts/1832.sol,1832.sol,solhint-6.0.0,solidity,2025/09/14,20260213_1744,1771005086.2225296,3.382810115814209,1,"{compiler_version,gas_custom_errors,gas_small_strings,gas_strict_inequalities,one_contract_per_file,quotes,reason_string,use_natspec,visibility_modifier_order}",{},{},{}
contracts_output/contracts_output/codellama_with_rag_contracts/1838.sol,1838.sol,solhint-6.0.0,solidity,2025/09/14,20260213_1744,1771004820.0551188,4.123088359832764,1,"{compiler_version,func_visibility,gas_custom_errors,gas_small_strings,gas_strict_inequalities,one_contract_per_file,reason_string,use_natspec}",{},{},{}
contracts_output/contracts_output/codellama_with_rag_contracts/1872.sol,1872.sol,solhint-6.0.0,solidity,2025/09/14,20260213_1744,1771005055.7676868,2.4762752056121826,1,"{compiler_version,func_visibility,gas_custom_errors,gas_small_strings,gas_strict_inequalities,one_contract_per_file,reason_string,use_natspec}",{},{},{}
contracts_output/contracts_output/codellama_with_rag_contracts/1877.sol,1877.sol,solhint-6.0.0,solidity,2025/09/14,20260213_1744,1771004850.9876611,2.693349599838257,1,"{compiler_version,func_visibility,gas_custom_errors,gas_small_strings,gas_strict_inequalities,no_empty_blocks,one_contract_per_file,reason_string,use_natspec}",{},{},{}
contracts_output/contracts_output/codellama_with_rag_contracts/189.sol,189.sol,solhint-6.0.0,solidity,2025/09/14,20260213_1744,1771004790.5097663,3.4054312705993652,1,"{compiler_version,gas_custom_errors,gas_small_strings,gas_strict_inequalities,one_contract_per_file,reason_string,use_natspec}",{},{},{}
contracts_output/contracts_output/codellama_with_rag_contracts/1905.sol,1905.sol,solhint-6.0.0,solidity,2025/09/14,20260213_1744,1771004847.7876039,3.108778238296509,1,"{compiler_version,func_visibility,gas_custom_errors,gas_increment_by_one,gas_small_strings,gas_strict_inequalities,one_contract_per_file,reason_string,use_natspec}",{},{},{}
contracts_output/contracts_output/codellama_with_rag_contracts/191.sol,191.sol,solhint-6.0.0,solidity,2025/09/14,20260213_1744,1771004968.7004957,3.090442180633545,1,"{compiler_version,func_visibility,gas_custom_errors,gas_small_strings,gas_strict_inequalities,one_contract_per_file,reason_string,use_natspec}",{},{},{}
contracts_output/contracts_output/codellama_with_rag_contracts/1924.sol,1924.sol,solhint-6.0.0,solidity,2025/09/14,20260213_1744,1771004709.7496274,2.74757719039917,1,"{compiler_version,func_visibility,gas_custom_errors,gas_small_strings,gas_strict_inequalities,one_contract_per_file,reason_string,state_visibility,use_natspec}",{},{},{}
contracts_output/contracts_output/codellama_with_rag_contracts/1926.sol,1926.sol,solhint-6.0.0,solidity,2025/09/14,20260213_1744,1771004758.355204,3.1173501014709473,1,"{compiler_version,func_visibility,gas_custom_errors,gas_small_strings,gas_strict_inequalities,one_contract_per_file,reason_string,use_natspec}",{},{},{}
contracts_output/contracts_output/codellama_with_rag_contracts/1932.sol,1932.sol,solhint-6.0.0,solidity,2025/09/14,20260213_1744,1771004686.2222166,3.2815370559692383,1,"{compiler_version,func_visibility,gas_custom_errors,gas_small_strings,gas_strict_inequalities,one_contract_per_file,reason_string,use_natspec}",{},{},{}
contracts_output/contracts_output/codellama_with_rag_contracts/1962.sol,1962.sol,solhint-6.0.0,solidity,2025/09/14,20260213_1744,1771005057.5195029,3.3420469760894775,1,"{compiler_version,explicit_types,func_visibility,gas_custom_errors,gas_small_strings,gas_strict_inequalities,one_contract_per_file,quotes,reason_string,use_natspec}",{},{},{}
contracts_output/contracts_output/codellama_with_rag_contracts/1979.sol,1979.sol,solhint-6.0.0,solidity,2025/09/14,20260213_1744,1771004708.573074,3.5748205184936523,1,"{compiler_version,func_visibility,gas_custom_errors,gas_small_strings,gas_strict_inequalities,one_contract_per_file,quotes,reason_string,use_natspec}",{},{},{}
contracts_output/contracts_output/codellama_with_rag_contracts/1993.sol,1993.sol,solhint-6.0.0,solidity,2025/09/14,20260213_1744,1771004712.2529294,3.6715896129608154,1,"{compiler_version,func_visibility,gas_custom_errors,gas_small_strings,gas_strict_inequalities,one_contract_per_file,quotes,reason_string,use_natspec}",{},{},{}
contracts_output/contracts_output/codellama_with_rag_contracts/2003.sol,2003.sol,solhint-6.0.0,solidity,2025/09/14,20260213_1744,1771004816.3269215,3.7251625061035156,1,"{compiler_version,explicit_types,func_visibility,gas_custom_errors,gas_small_strings,gas_strict_inequalities,one_contract_per_file,reason_string,use_natspec}",{},{},{}
contracts_output/contracts_output/codellama_with_rag_contracts/2019.sol,2019.sol,solhint-6.0.0,solidity,2025/09/14,20260213_1744,1771004860.916375,3.035414218902588,1,"{compiler_version,func_visibility,gas_custom_errors,gas_small_strings,gas_strict_inequalities,one_contract_per_file,reason_string,use_natspec}",{},{},{}
contracts_output/contracts_output/codellama_with_rag_contracts/2044.sol,2044.sol,solhint-6.0.0,solidity,2025/09/14,20260213_1744,1771004774.0615497,2.9222729206085205,1,"{compiler_version,func_visibility,gas_custom_errors,gas_indexed_events,gas_small_strings,gas_strict_inequalities,one_contract_per_file,reason_string,use_natspec}",{},{},{}
contracts_output/contracts_output/codellama_with_rag_contracts/2053.sol,2053.sol,solhint-6.0.0,solidity,2025/09/14,20260213_1744,1771004726.9405081,3.394876480102539,255,{},{},{EXIT_CODE_255},{}
contracts_output/contracts_output/codellama_with_rag_contracts/2061.sol,2061.sol,solhint-6.0.0,solidity,2025/09/14,20260213_1744,1771004730.5490427,3.1446573734283447,1,"{compiler_version,func_visibility,gas_custom_errors,gas_small_strings,gas_strict_inequalities,one_contract_per_file,quotes,reason_string,use_natspec}",{},{},{}
contracts_output/contracts_output/codellama_with_rag_contracts/2081.sol,2081.sol,solhint-6.0.0,solidity,2025/09/14,20260213_1744,1771004940.5035038,3.20473051071167,1,"{compiler_version,func_visibility,gas_custom_errors,gas_increment_by_one,gas_small_strings,gas_strict_inequalities,one_contract_per_file,reason_string,use_natspec}",{},{},{}
contracts_output/contracts_output/codellama_with_rag_contracts/2092.sol,2092.sol,solhint-6.0.0,solidity,2025/09/14,20260213_1744,1771004977.1444118,3.659381628036499,1,"{compiler_version,func_visibility,gas_custom_errors,gas_increment_by_one,gas_small_strings,gas_strict_inequalities,one_contract_per_file,reason_string,use_natspec}",{},{},{}
contracts_output/contracts_output/codellama_with_rag_contracts/2093.sol,2093.sol,solhint-6.0.0,solidity,2025/09/14,20260213_1744,1771004976.6589317,2.4411611557006836,1,"{compiler_version,func_visibility,gas_custom_errors,gas_increment_by_one,gas_small_strings,gas_strict_inequalities,one_contract_per_file,reason_string,use_natspec}",{},{},{}
contracts_output/contracts_output/codellama_with_rag_contracts/211.sol,211.sol,solhint-6.0.0,solidity,2025/09/14,20260213_1744,1771004988.5266635,2.6944780349731445,1,"{compiler_version,func_visibility,gas_custom_errors,gas_small_strings,gas_strict_inequalities,one_contract_per_file,reason_string,use_natspec}",{},{},{}
contracts_output/contracts_output/codellama_with_rag_contracts/2110.sol,2110.sol,solhint-6.0.0,solidity,2025/09/14,20260213_1744,1771005092.3130176,3.707453727722168,1,"{compiler_version,func_visibility,gas_custom_errors,gas_small_strings,gas_strict_inequalities,no_unused_vars,one_contract_per_file,reason_string,use_natspec}",{},{},{}
contracts_output/contracts_output/codellama_with_rag_contracts/2112.sol,2112.sol,solhint-6.0.0,solidity,2025/09/14,20260213_1744,1771004913.1139128,3.8686842918395996,1,"{compiler_version,func_visibility,gas_custom_errors,gas_small_strings,gas_strict_inequalities,one_contract_per_file,reason_string,use_natspec,visibility_modifier_order}",{},{},{}
contracts_output/contracts_output/codellama_with_rag_contracts/2119.sol,2119.sol,solhint-6.0.0,solidity,2025/09/14,20260213_1744,1771004877.8298943,4.116636276245117,1,"{compiler_version,func_visibility,gas_custom_errors,gas_small_strings,gas_strict_inequalities,no_unused_vars,one_contract_per_file,reason_string,use_natspec}",{},{},{}
contracts_output/contracts_output/codellama_with_rag_contracts/213.sol,213.sol,solhint-6.0.0,solidity,2025/09/14,20260213_1744,1771005094.1102536,3.1315383911132812,1,"{compiler_version,func_visibility,gas_custom_errors,gas_increment_by_one,gas_small_strings,gas_strict_inequalities,one_contract_per_file,reason_string,use_natspec}",{},{},{}
contracts_output/contracts_output/codellama_with_rag_contracts/2141.sol,2141.sol,solhint-6.0.0,solidity,2025/09/14,20260213_1744,1771005100.4909146,3.1332309246063232,1,"{compiler_version,func_visibility,gas_custom_errors,gas_small_strings,gas_strict_inequalities,one_contract_per_file,quotes,reason_string,use_natspec}",{},{},{}
contracts_output/contracts_output/codellama_with_rag_contracts/2199.sol,2199.sol,solhint-6.0.0,solidity,2025/09/14,20260213_1744,1771004905.4903615,4.088590383529663,1,"{compiler_version,func_visibility,gas_custom_errors,gas_small_strings,gas_strict_inequalities,import_path_check,no_global_import,one_contract_per_file,reason_string,state_visibility,use_natspec}",{},{},{}
contracts_output/contracts_output/codellama_with_rag_contracts/2205.sol,2205.sol,solhint-6.0.0,solidity,2025/09/14,20260213_1744,1771004862.481546,3.199307918548584,1,"{compiler_version,func_visibility,gas_custom_errors,gas_small_strings,gas_strict_inequalities,import_path_check,no_global_import,one_contract_per_file,quotes,reason_string,use_natspec}",{},{},{}
contracts_output/contracts_output/codellama_with_rag_contracts/2209.sol,2209.sol,solhint-6.0.0,solidity,2025/09/14,20260213_1744,1771004867.491099,4.003462076187134,1,"{compiler_version,func_visibility,gas_custom_errors,gas_increment_by_one,gas_small_strings,gas_strict_inequalities,gas_struct_packing,one_contract_per_file,reason_string,use_natspec}",{},{},{}
contracts_output/contracts_output/codellama_with_rag_contracts/2215.sol,2215.sol,solhint-6.0.0,solidity,2025/09/14,20260213_1744,1771004945.651984,3.7723560333251953,1,"{compiler_version,explicit_types,func_visibility,gas_custom_errors,gas_small_strings,gas_strict_inequalities,one_contract_per_file,reason_string,use_natspec}",{},{},{}
contracts_output/contracts_output/codellama_with_rag_contracts/2223.sol,2223.sol,solhint-6.0.0,solidity,2025/09/14,20260213_1744,1771004726.9421008,2.6376752853393555,1,"{compiler_version,func_visibility,gas_custom_errors,gas_increment_by_one,gas_small_strings,gas_strict_inequalities,one_contract_per_file,reason_string,use_natspec}",{},{},{}
contracts_output/contracts_output/codellama_with_rag_contracts/223.sol,223.sol,solhint-6.0.0,solidity,2025/09/14,20260213_1744,1771004834.5584016,3.5815398693084717,1,"{compiler_version,explicit_types,func_visibility,gas_custom_errors,gas_increment_by_one,gas_small_strings,gas_strict_inequalities,one_contract_per_file,reason_string,use_natspec}",{},{},{}
contracts_output/contracts_output/codellama_with_rag_contracts/2236.sol,2236.sol,solhint-6.0.0,solidity,2025/09/14,20260213_1744,1771004686.2174752,4.931054592132568,1,"{compiler_version,func_visibility,gas_custom_errors,gas_small_strings,gas_strict_inequalities,one_contract_per_file,reason_string,use_natspec}",{},{},{}
contracts_output/contracts_output/codellama_with_rag_contracts/2241.sol,2241.sol,solhint-6.0.0,solidity,2025/09/14,20260213_1744,1771004767.9646287,2.436708688735962,1,"{compiler_version,func_visibility,gas_custom_errors,gas_small_strings,gas_strict_inequalities,one_contract_per_file,reason_string,use_natspec}",{},{},{}
contracts_output/contracts_output/codellama_with_rag_contracts/2268.sol,2268.sol,solhint-6.0.0,solidity,2025/09/14,20260213_1744,1771005051.2312324,3.3837532997131348,1,"{compiler_version,func_visibility,gas_custom_errors,gas_small_strings,gas_strict_inequalities,one_contract_per_file,reason_string,use_natspec}",{},{},{}
contracts_output/contracts_output/codellama_with_rag_contracts/2271.sol,2271.sol,solhint-6.0.0,solidity,2025/09/14,20260213_1744,1771004753.6321895,2.5905303955078125,1,"{compiler_version,func_visibility,gas_custom_errors,gas_small_strings,gas_strict_inequalities,one_contract_per_file,reason_string,use_natspec}",{},{},{}
contracts_output/contracts_output/codellama_with_rag_contracts/2278.sol,2278.sol,solhint-6.0.0,solidity,2025/09/14,20260213_1744,1771004718.173133,2.666837692260742,1,"{compiler_version,func_visibility,gas_custom_errors,gas_small_strings,gas_strict_inequalities,one_contract_per_file,quotes,reason_string,use_natspec}",{},{},{}
contracts_output/contracts_output/codellama_with_rag_contracts/2295.sol,2295.sol,solhint-6.0.0,solidity,2025/09/14,20260213_1744,1771005091.8539376,3.223869562149048,1,"{compiler_version,func_visibility,gas_custom_errors,gas_small_strings,gas_strict_inequalities,no_unused_vars,one_contract_per_file,reason_string,use_natspec}",{},{},{}
contracts_output/contracts_output/codellama_with_rag_contracts/2308.sol,2308.sol,solhint-6.0.0,solidity,2025/09/14,20260213_1744,1771005028.010365,2.9719531536102295,1,"{avoid_tx_origin,compiler_version,func_visibility,gas_custom_errors,gas_small_strings,gas_strict_inequalities,one_contract_per_file,reason_string,use_natspec}",{},{},{}
contracts_output/contracts_output/codellama_with_rag_contracts/2313.sol,2313.sol,solhint-6.0.0,solidity,2025/09/14,20260213_1744,1771004876.3384302,3.09403395652771,1,"{compiler_version,func_visibility,gas_custom_errors,gas_small_strings,gas_strict_inequalities,one_contract_per_file,reason_string,use_natspec}",{},{},{}
contracts_output/contracts_output/codellama_with_rag_contracts/232.sol,232.sol,solhint-6.0.0,solidity,2025/09/14,20260213_1744,1771004700.0625346,3.1228203773498535,1,"{compiler_version,explicit_types,func_visibility,gas_custom_errors,gas_increment_by_one,gas_small_strings,gas_strict_inequalities,one_contract_per_file,reason_string,use_natspec,var_name_mixedcase}",{},{},{}
contracts_output/contracts_output/codellama_with_rag_contracts/2321.sol,2321.sol,solhint-6.0.0,solidity,2025/09/14,20260213_1744,1771005110.071153,2.7942557334899902,1,"{compiler_version,func_visibility,gas_custom_errors,gas_increment_by_one,gas_small_strings,gas_strict_inequalities,one_contract_per_file,quotes,reason_string,use_natspec}",{},{},{}
contracts_output/contracts_output/codellama_with_rag_contracts/2323.sol,2323.sol,solhint-6.0.0,solidity,2025/09/14,20260213_1744,1771004821.5967126,2.822934627532959,1,"{compiler_version,func_visibility,gas_custom_errors,gas_small_strings,gas_strict_inequalities,one_contract_per_file,reason_string,use_natspec}",{},{},{}
contracts_output/contracts_output/codellama_with_rag_contracts/2354.sol,2354.sol,solhint-6.0.0,solidity,2025/09/14,20260213_1744,1771004844.7952778,2.989546775817871,1,"{compiler_version,func_visibility,gas_custom_errors,gas_small_strings,gas_strict_inequalities,one_contract_per_file,reason_string,use_natspec}",{},{},{}
contracts_output/contracts_output/codellama_with_rag_contracts/2359.sol,2359.sol,solhint-6.0.0,solidity,2025/09/14,20260213_1744,1771004720.141282,2.8662893772125244,1,"{compiler_version,explicit_types,func_visibility,gas_custom_errors,gas_small_strings,gas_strict_inequalities,one_contract_per_file,reason_string,use_natspec}",{},{},{}
contracts_output/contracts_output/codellama_with_rag_contracts/2373.sol,2373.sol,solhint-6.0.0,solidity,2025/09/14,20260213_1744,1771004709.6022832,2.6485373973846436,1,"{compiler_version,explicit_types,func_visibility,gas_custom_errors,gas_small_strings,gas_strict_inequalities,one_contract_per_file,reason_string,use_natspec}",{},{},{}
contracts_output/contracts_output/codellama_with_rag_contracts/2380.sol,2380.sol,solhint-6.0.0,solidity,2025/09/14,20260213_1744,1771004933.9921198,3.4242680072784424,1,"{compiler_version,func_visibility,gas_custom_errors,gas_small_strings,gas_strict_inequalities,no_empty_blocks,one_contract_per_file,reason_string,use_natspec}",{},{},{}
contracts_output/contracts_output/codellama_with_rag_contracts/239.sol,239.sol,solhint-6.0.0,solidity,2025/09/14,20260213_1744,1771004691.8110468,3.481410264968872,1,"{compiler_version,func_visibility,gas_custom_errors,gas_increment_by_one,gas_small_strings,gas_strict_inequalities,one_contract_per_file,reason_string,use_natspec}",{},{},{}
contracts_output/contracts_output/codellama_with_rag_contracts/2394.sol,2394.sol,solhint-6.0.0,solidity,2025/09/14,20260213_1744,1771004926.1526022,2.648818254470825,1,"{compiler_version,func_visibility,gas_custom_errors,gas_small_strings,gas_strict_inequalities,one_contract_per_file,reason_string,state_visibility,use_natspec}",{},{},{}
contracts_output/contracts_output/codellama_with_rag_contracts/2396.sol,2396.sol,solhint-6.0.0,solidity,2025/09/14,20260213_1744,1771005035.5187426,3.1273386478424072,1,"{compiler_version,func_visibility,gas_custom_errors,gas_small_strings,gas_strict_inequalities,import_path_check,imports_on_top,no_global_import,one_contract_per_file,reason_string,use_natspec}",{},{},{}
contracts_output/contracts_output/codellama_with_rag_contracts/240.sol,240.sol,solhint-6.0.0,solidity,2025/09/14,20260213_1744,1771004791.0799499,2.9512522220611572,1,"{compiler_version,func_visibility,gas_custom_errors,gas_small_strings,gas_strict_inequalities,one_contract_per_file,reason_string,use_natspec}",{},{},{}
contracts_output/contracts_output/codellama_with_rag_contracts/2419.sol,2419.sol,solhint-6.0.0,solidity,2025/09/14,20260213_1744,1771004854.6922975,3.7225069999694824,1,"{compiler_version,func_visibility,gas_custom_errors,gas_small_strings,gas_strict_inequalities,one_contract_per_file,reason_string,use_natspec}",{},{},{}
contracts_output/contracts_output/codellama_with_rag_contracts/242.sol,242.sol,solhint-6.0.0,solidity,2025/09/14,20260213_1744,1771004818.704672,3.046076536178589,1,{},{},{},{}
contracts_output/contracts_output/codellama_with_rag_contracts/2424.sol,2424.sol,solhint-6.0.0,solidity,2025/09/14,20260213_1744,1771005084.507886,3.28376841545105,1,"{compiler_version,func_visibility,gas_custom_errors,gas_small_strings,gas_strict_inequalities,one_contract_per_file,reason_string,use_natspec}",{},{},{}
contracts_output/contracts_output/codellama_with_rag_contracts/243.sol,243.sol,solhint-6.0.0,solidity,2025/09/14,20260213_1744,1771005105.438925,3.784881830215454,1,"{compiler_version,func_visibility,gas_custom_errors,gas_small_strings,gas_strict_inequalities,one_contract_per_file,quotes,reason_string,use_natspec}",{},{},{}
contracts_output/contracts_output/codellama_with_rag_contracts/2431.sol,2431.sol,solhint-6.0.0,solidity,2025/09/14,20260213_1744,1771004701.6500008,2.7503821849823,255,{},{},{EXIT_CODE_255},{}
contracts_output/contracts_output/codellama_with_rag_contracts/2433.sol,2433.sol,solhint-6.0.0,solidity,2025/09/14,20260213_1744,1771004695.0439093,2.936704397201538,255,{},{},{EXIT_CODE_255},{}
contracts_output/contracts_output/codellama_with_rag_contracts/2436.sol,2436.sol,solhint-6.0.0,solidity,2025/09/14,20260213_1744,1771005019.9716012,3.3161542415618896,1,"{compiler_version,func_visibility,gas_custom_errors,gas_small_strings,gas_strict_inequalities,one_contract_per_file,reason_string,use_natspec}",{},{},{}
contracts_output/contracts_output/codellama_with_rag_contracts/2439.sol,2439.sol,solhint-6.0.0,solidity,2025/09/14,20260213_1744,1771004695.8743296,3.5861594676971436,1,"{compiler_version,func_visibility,gas_custom_errors,gas_small_strings,gas_strict_inequalities,one_contract_per_file,quotes,reason_string,use_natspec}",{},{},{}
contracts_output/contracts_output/codellama_with_rag_contracts/2463.sol,2463.sol,solhint-6.0.0,solidity,2025/09/14,20260213_1744,1771004970.9597282,4.462971448898315,1,"{compiler_version,func_visibility,gas_custom_errors,gas_small_strings,gas_strict_inequalities,one_contract_per_file,quotes,reason_string,use_natspec}",{},{},{}
contracts_output/contracts_output/codellama_with_rag_contracts/2468.sol,2468.sol,solhint-6.0.0,solidity,2025/09/14,20260213_1744,1771004718.3417444,3.4426863193511963,1,"{compiler_version,func_visibility,gas_custom_errors,gas_small_strings,gas_strict_inequalities,no_empty_blocks,one_contract_per_file,reason_string,use_natspec}",{},{},{}
contracts_output/contracts_output/codellama_with_rag_contracts/2473.sol,2473.sol,solhint-6.0.0,solidity,2025/09/14,20260213_1744,1771004910.8027022,3.366175651550293,1,"{compiler_version,gas_custom_errors,gas_small_strings,gas_strict_inequalities,one_contract_per_file,reason_string,use_natspec}",{},{},{}
contracts_output/contracts_output/codellama_with_rag_contracts/2476.sol,2476.sol,solhint-6.0.0,solidity,2025/09/14,20260213_1744,1771004701.0630102,3.796877145767212,1,"{compiler_version,func_visibility,gas_custom_errors,gas_small_strings,gas_strict_inequalities,one_contract_per_file,reason_string,use_natspec,visibility_modifier_order}",{},{},{}
contracts_output/contracts_output/codellama_with_rag_contracts/2481.sol,2481.sol,solhint-6.0.0,solidity,2025/09/14,20260213_1744,1771004964.0579488,3.7146217823028564,1,"{compiler_version,explicit_types,func_visibility,gas_custom_errors,gas_increment_by_one,gas_small_strings,gas_strict_inequalities,one_contract_per_file,reason_string,use_natspec}",{},{},{}
contracts_output/contracts_output/codellama_with_rag_contracts/2485.sol,2485.sol,solhint-6.0.0,solidity,2025/09/14,20260213_1744,1771004808.7338853,3.3722095489501953,1,"{compiler_version,func_visibility,gas_custom_errors,gas_small_strings,gas_strict_inequalities,one_contract_per_file,reason_string,use_natspec,var_name_mixedcase}",{},{},{}
contracts_output/contracts_output/codellama_with_rag_contracts/2491.sol,2491.sol,solhint-6.0.0,solidity,2025/09/14,20260213_1744,1771004686.3142064,3.242068290710449,1,"{compiler_version,func_visibility,gas_custom_errors,gas_small_strings,gas_strict_inequalities,one_contract_per_file,reason_string,use_natspec}",{},{},{}
contracts_output/contracts_output/codellama_with_rag_contracts/250.sol,250.sol,solhint-6.0.0,solidity,2025/09/14,20260213_1744,1771005100.3907342,3.043133020401001,1,"{compiler_version,gas_custom_errors,gas_small_strings,gas_strict_inequalities,one_contract_per_file,reason_string,use_natspec,visibility_modifier_order}",{},{},{}
contracts_output/contracts_output/codellama_with_rag_contracts/2515.sol,2515.sol,solhint-6.0.0,solidity,2025/09/14,20260213_1744,1771005045.7004263,3.52952241897583,1,"{compiler_version,func_visibility,gas_custom_errors,gas_increment_by_one,gas_small_strings,gas_strict_inequalities,one_contract_per_file,reason_string,use_natspec}",{},{},{}
contracts_output/contracts_output/codellama_with_rag_contracts/2521.sol,2521.sol,solhint-6.0.0,solidity,2025/09/14,20260213_1744,1771004690.8383663,3.3467905521392822,1,"{compiler_version,func_visibility,gas_custom_errors,gas_small_strings,gas_strict_inequalities,no_unused_vars,one_contract_per_file,reason_string,use_natspec}",{},{},{}
contracts_output/contracts_output/codellama_with_rag_contracts/2524.sol,2524.sol,solhint-6.0.0,solidity,2025/09/14,20260213_1744,1771004914.391567,3.5161757469177246,1,"{compiler_version,func_visibility,gas_custom_errors,gas_increment_by_one,gas_small_strings,gas_strict_inequalities,one_contract_per_file,reason_string,use_natspec}",{},{},{}
contracts_output/contracts_output/codellama_with_rag_contracts/2532.sol,2532.sol,solhint-6.0.0,solidity,2025/09/14,20260213_1744,1771004708.3893206,3.5561788082122803,1,"{compiler_version,gas_custom_errors,gas_small_strings,gas_strict_inequalities,one_contract_per_file,reason_string,use_natspec}",{},{},{}
contracts_output/contracts_output/codellama_with_rag_contracts/2533.sol,2533.sol,solhint-6.0.0,solidity,2025/09/14,20260213_1744,1771004830.1751735,4.360452651977539,1,"{compiler_version,explicit_types,func_visibility,gas_custom_errors,gas_small_strings,gas_strict_inequalities,one_contract_per_file,reason_string,use_natspec}",{},{},{}
contracts_output/contracts_output/codellama_with_rag_contracts/2566.sol,2566.sol,solhint-6.0.0,solidity,2025/09/14,20260213_1744,1771005040.2585447,2.918914318084717,1,"{compiler_version,func_visibility,gas_custom_errors,gas_small_strings,gas_strict_inequalities,one_contract_per_file,reason_string,use_natspec}",{},{},{}
contracts_output/contracts_output/codellama_with_rag_contracts/2581.sol,2581.sol,solhint-6.0.0,solidity,2025/09/14,20260213_1744,1771004688.4330397,3.7217090129852295,1,"{compiler_version,explicit_types,func_visibility,gas_custom_errors,gas_small_strings,gas_strict_inequalities,no_unused_vars,one_contract_per_file,reason_string,use_natspec}",{},{},{}
contracts_output/contracts_output/codellama_with_rag_contracts/2600.sol,2600.sol,solhint-6.0.0,solidity,2025/09/14,20260213_1744,1771005003.830734,3.4329447746276855,1,"{compiler_version,func_visibility,gas_custom_errors,gas_small_strings,gas_strict_inequalities,one_contract_per_file,reason_string,use_natspec}",{},{},{}
contracts_output/contracts_output/codellama_with_rag_contracts/2602.sol,2602.sol,solhint-6.0.0,solidity,2025/09/14,20260213_1744,1771004998.8043826,2.7455241680145264,1,"{compiler_version,gas_custom_errors,gas_small_strings,gas_strict_inequalities,one_contract_per_file,reason_string,use_natspec}",{},{},{}
contracts_output/contracts_output/codellama_with_rag_contracts/2614.sol,2614.sol,solhint-6.0.0,solidity,2025/09/14,20260213_1744,1771004947.5835721,3.8004672527313232,1,"{compiler_version,func_visibility,gas_custom_errors,gas_indexed_events,gas_small_strings,gas_strict_inequalities,one_contract_per_file,reason_string,use_natspec}",{},{},{}
contracts_output/contracts_output/codellama_with_rag_contracts/2617.sol,2617.sol,solhint-6.0.0,solidity,2025/09/14,20260213_1744,1771004742.8446305,3.616671323776245,1,"{compiler_version,func_visibility,gas_custom_errors,gas_small_strings,gas_strict_inequalities,one_contract_per_file,reason_string,use_natspec,visibility_modifier_order}",{},{},{}
contracts_output/contracts_output/codellama_with_rag_contracts/2621.sol,2621.sol,solhint-6.0.0,solidity,2025/09/14,20260213_1744,1771004987.5520992,3.693011522293091,1,"{compiler_version,func_visibility,gas_custom_errors,gas_increment_by_one,gas_small_strings,gas_strict_inequalities,one_contract_per_file,reason_string,use_natspec}",{},{},{}
contracts_output/contracts_output/codellama_with_rag_contracts/2632.sol,2632.sol,solhint-6.0.0,solidity,2025/09/14,20260213_1744,1771004862.8378942,3.4025185108184814,1,"{compiler_version,explicit_types,func_visibility,gas_custom_errors,gas_small_strings,gas_strict_inequalities,one_contract_per_file,reason_string,use_natspec}",{},{},{}
contracts_output/contracts_output/codellama_with_rag_contracts/2639.sol,2639.sol,solhint-6.0.0,solidity,2025/09/14,20260213_1744,1771004777.376898,3.935364246368408,1,"{compiler_version,func_visibility,gas_custom_errors,gas_small_strings,gas_strict_inequalities,one_contract_per_file,reason_string,use_natspec}",{},{},{}
contracts_output/contracts_output/codellama_with_rag_contracts/267.sol,267.sol,solhint-6.0.0,solidity,2025/09/14,20260213_1744,1771004826.187575,3.9749672412872314,1,"{compiler_version,func_visibility,gas_custom_errors,gas_small_strings,gas_strict_inequalities,one_contract_per_file,reason_string,use_natspec}",{},{},{}
contracts_output/contracts_output/codellama_with_rag_contracts/2680.sol,2680.sol,solhint-6.0.0,solidity,2025/09/14,20260213_1744,1771005054.6191325,3.7230353355407715,1,"{compiler_version,func_visibility,gas_custom_errors,gas_small_strings,gas_strict_inequalities,one_contract_per_file,reason_string,use_natspec}",{},{},{}
contracts_output/contracts_output/codellama_with_rag_contracts/2712.sol,2712.sol,solhint-6.0.0,solidity,2025/09/14,20260213_1744,1771005074.362496,2.9807238578796387,1,"{compiler_version,gas_custom_errors,gas_small_strings,gas_strict_inequalities,one_contract_per_file,reason_string,use_natspec}",{},{},{}
contracts_output/contracts_output/codellama_with_rag_contracts/2733.sol,2733.sol,solhint-6.0.0,solidity,2025/09/14,20260213_1744,1771005109.204006,2.4439353942871094,1,"{compiler_version,explicit_types,func_visibility,gas_custom_errors,gas_small_strings,gas_strict_inequalities,one_contract_per_file,reason_string,use_natspec}",{},{},{}
contracts_output/contracts_output/codellama_with_rag_contracts/2749.sol,2749.sol,solhint-6.0.0,solidity,2025/09/14,20260213_1744,1771004929.9138515,2.653532028198242,1,"{compiler_version,func_visibility,gas_custom_errors,gas_small_strings,gas_strict_inequalities,one_contract_per_file,reason_string,use_natspec}",{},{},{}
contracts_output/contracts_output/codellama_with_rag_contracts/2752.sol,2752.sol,solhint-6.0.0,solidity,2025/09/14,20260213_1744,1771004871.6232045,4.206088066101074,1,"{compiler_version,func_visibility,gas_custom_errors,gas_small_strings,gas_strict_inequalities,one_contract_per_file,reason_string,use_natspec}",{},{},{}
contracts_output/contracts_output/codellama_with_rag_contracts/277.sol,277.sol,solhint-6.0.0,solidity,2025/09/14,20260213_1744,1771004973.3798656,3.96297550201416,1,"{compiler_version,func_visibility,gas_custom_errors,gas_small_strings,gas_strict_inequalities,one_contract_per_file,reason_string,use_natspec}",{},{},{}
contracts_output/contracts_output/codellama_with_rag_contracts/2777.sol,2777.sol,solhint-6.0.0,solidity,2025/09/14,20260213_1744,1771004915.9325008,3.9585015773773193,1,"{compiler_version,func_visibility,gas_custom_errors,gas_small_strings,gas_strict_inequalities,import_path_check,imports_on_top,no_global_import,one_contract_per_file,reason_string,use_natspec}",{},{},{}
contracts_output/contracts_output/codellama_with_rag_contracts/281.sol,281.sol,solhint-6.0.0,solidity,2025/09/14,20260213_1744,1771004817.108361,2.9083473682403564,1,"{compiler_version,func_visibility,gas_custom_errors,gas_small_strings,gas_strict_inequalities,one_contract_per_file,reason_string,use_natspec}",{},{},{}
contracts_output/contracts_output/codellama_with_rag_contracts/2847.sol,2847.sol,solhint-6.0.0,solidity,2025/09/14,20260213_1744,1771004721.3493202,2.979104995727539,1,"{compiler_version,func_visibility,gas_custom_errors,gas_small_strings,gas_strict_inequalities,one_contract_per_file,reason_string,use_natspec}",{},{},{}
contracts_output/contracts_output/codellama_with_rag_contracts/2851.sol,2851.sol,solhint-6.0.0,solidity,2025/09/14,20260213_1744,1771004793.9174728,3.147907257080078,1,"{compiler_version,func_visibility,gas_custom_errors,gas_small_strings,gas_strict_inequalities,one_contract_per_file,reason_string,use_natspec}",{},{},{}
contracts_output/contracts_output/codellama_with_rag_contracts/2869.sol,2869.sol,solhint-6.0.0,solidity,2025/09/14,20260213_1744,1771004743.334235,3.233015537261963,1,"{compiler_version,func_visibility,gas_custom_errors,gas_small_strings,gas_strict_inequalities,one_contract_per_file,reason_string,use_natspec}",{},{},{}
contracts_output/contracts_output/codellama_with_rag_contracts/2892.sol,2892.sol,solhint-6.0.0,solidity,2025/09/14,20260213_1744,1771004775.2294016,3.015608072280884,1,"{compiler_version,func_visibility,gas_custom_errors,gas_small_strings,gas_strict_inequalities,gas_struct_packing,one_contract_per_file,reason_string,use_natspec}",{},{},{}
contracts_output/contracts_output/codellama_with_rag_contracts/2907.sol,2907.sol,solhint-6.0.0,solidity,2025/09/14,20260213_1744,1771004972.781415,4.057889223098755,1,"{compiler_version,func_visibility,gas_custom_errors,gas_small_strings,gas_strict_inequalities,one_contract_per_file,quotes,reason_string,use_natspec}",{},{},{}
contracts_output/contracts_output/codellama_with_rag_contracts/2948.sol,2948.sol,solhint-6.0.0,solidity,2025/09/14,20260213_1744,1771004895.4748886,3.5224618911743164,1,"{compiler_version,func_visibility,gas_custom_errors,gas_small_strings,gas_strict_inequalities,no_unused_vars,one_contract_per_file,reason_string,use_natspec}",{},{},{}
contracts_output/contracts_output/codellama_with_rag_contracts/2971.sol,2971.sol,solhint-6.0.0,solidity,2025/09/14,20260213_1744,1771004714.4941618,3.7611827850341797,1,"{compiler_version,func_visibility,gas_custom_errors,gas_small_strings,gas_strict_inequalities,one_contract_per_file,reason_string,use_natspec}",{},{},{}
contracts_output/contracts_output/codellama_with_rag_contracts/2976.sol,2976.sol,solhint-6.0.0,solidity,2025/09/14,20260213_1744,1771004840.0740833,3.4808855056762695,1,"{compiler_version,func_visibility,gas_custom_errors,gas_small_strings,gas_strict_inequalities,one_contract_per_file,quotes,reason_string,use_natspec}",{},{},{}
contracts_output/contracts_output/codellama_with_rag_contracts/2989.sol,2989.sol,solhint-6.0.0,solidity,2025/09/14,20260213_1744,1771004868.125011,3.3587167263031006,255,{},{},{EXIT_CODE_255},{}
contracts_output/contracts_output/codellama_with_rag_contracts/30.sol,30.sol,solhint-6.0.0,solidity,2025/09/14,20260213_1744,1771004952.3262696,3.4418299198150635,1,"{compiler_version,func_visibility,gas_custom_errors,gas_small_strings,gas_strict_inequalities,one_contract_per_file,reason_string,use_natspec}",{},{},{}
contracts_output/contracts_output/codellama_with_rag_contracts/3024.sol,3024.sol,solhint-6.0.0,solidity,2025/09/14,20260213_1744,1771004726.203226,2.9411861896514893,1,"{compiler_version,func_visibility,gas_custom_errors,gas_small_strings,gas_strict_inequalities,one_contract_per_file,quotes,reason_string,use_natspec}",{},{},{}
contracts_output/contracts_output/codellama_with_rag_contracts/3040.sol,3040.sol,solhint-6.0.0,solidity,2025/09/14,20260213_1744,1771005096.090437,3.278432607650757,1,"{compiler_version,func_visibility,gas_custom_errors,gas_small_strings,gas_strict_inequalities,one_contract_per_file,reason_string,use_natspec}",{},{},{}
contracts_output/contracts_output/codellama_with_rag_contracts/306.sol,306.sol,solhint-6.0.0,solidity,2025/09/14,20260213_1744,1771004989.9309318,2.7226369380950928,1,"{compiler_version,func_visibility,gas_custom_errors,gas_small_strings,gas_strict_inequalities,one_contract_per_file,reason_string,use_natspec,visibility_modifier_order}",{},{},{}
contracts_output/contracts_output/codellama_with_rag_contracts/3060.sol,3060.sol,solhint-6.0.0,solidity,2025/09/14,20260213_1744,1771004971.9408402,3.21330189704895,255,{},{},{EXIT_CODE_255},{}
contracts_output/contracts_output/codellama_with_rag_contracts/3064.sol,3064.sol,solhint-6.0.0,solidity,2025/09/14,20260213_1744,1771005055.5223465,3.426668405532837,1,"{compiler_version,func_visibility,gas_custom_errors,gas_small_strings,gas_strict_inequalities,one_contract_per_file,reason_string,use_natspec}",{},{},{}
contracts_output/contracts_output/codellama_with_rag_contracts/3096.sol,3096.sol,solhint-6.0.0,solidity,2025/09/14,20260213_1744,1771004700.5218787,3.408849000930786,1,"{compiler_version,func_visibility,gas_custom_errors,gas_small_strings,gas_strict_inequalities,one_contract_per_file,reason_string,reentrancy,use_natspec}",{},{},{}
contracts_output/contracts_output/codellama_with_rag_contracts/3103.sol,3103.sol,solhint-6.0.0,solidity,2025/09/14,20260213_1744,1771004691.3492045,3.649200439453125,1,"{compiler_version,func_visibility,gas_custom_errors,gas_small_strings,gas_strict_inequalities,one_contract_per_file,reason_string,use_natspec}",{},{},{}
contracts_output/contracts_output/codellama_with_rag_contracts/312.sol,312.sol,solhint-6.0.0,solidity,2025/09/14,20260213_1744,1771004829.3112473,2.874518871307373,1,"{compiler_version,explicit_types,func_visibility,gas_custom_errors,gas_increment_by_one,gas_small_strings,gas_strict_inequalities,one_contract_per_file,reason_string,use_natspec}",{},{},{}
contracts_output/contracts_output/codellama_with_rag_contracts/3142.sol,3142.sol,solhint-6.0.0,solidity,2025/09/14,20260213_1744,1771004686.2681766,3.8546833992004395,1,"{compiler_version,func_visibility,gas_custom_errors,gas_small_strings,gas_strict_inequalities,no_empty_blocks,one_contract_per_file,quotes,reason_string,use_natspec}",{},{},{}
contracts_output/contracts_output/codellama_with_rag_contracts/3148.sol,3148.sol,solhint-6.0.0,solidity,2025/09/14,20260213_1744,1771005030.9848423,3.094792604446411,1,"{compiler_version,explicit_types,func_visibility,gas_custom_errors,gas_small_strings,gas_strict_inequalities,no_unused_vars,one_contract_per_file,reason_string,reentrancy,use_natspec}",{},{},{}
contracts_output/contracts_output/codellama_with_rag_contracts/316.sol,316.sol,solhint-6.0.0,solidity,2025/09/14,20260213_1744,1771004720.254208,2.9204530715942383,1,"{compiler_version,func_visibility,gas_custom_errors,gas_indexed_events,gas_small_strings,gas_strict_inequalities,one_contract_per_file,reason_string,use_natspec}",{},{},{}
contracts_output/contracts_output/codellama_with_rag_contracts/3161.sol,3161.sol,solhint-6.0.0,solidity,2025/09/14,20260213_1744,1771004852.8559659,2.5614328384399414,1,"{compiler_version,func_visibility,gas_custom_errors,gas_small_strings,gas_strict_inequalities,one_contract_per_file,reason_string,use_natspec,var_name_mixedcase}",{},{},{}
contracts_output/contracts_output/codellama_with_rag_contracts/3163.sol,3163.sol,solhint-6.0.0,solidity,2025/09/14,20260213_1744,1771005029.4213607,3.473785161972046,1,"{compiler_version,func_visibility,gas_custom_errors,gas_small_strings,gas_strict_inequalities,one_contract_per_file,reason_string,use_natspec}",{},{},{}
contracts_output/contracts_output/codellama_with_rag_contracts/3170.sol,3170.sol,solhint-6.0.0,solidity,2025/09/14,20260213_1744,1771004793.3953607,3.856846809387207,1,"{compiler_version,func_visibility,gas_custom_errors,gas_small_strings,gas_strict_inequalities,one_contract_per_file,reason_string,use_natspec}",{},{},{}
contracts_output/contracts_output/codellama_with_rag_contracts/3181.sol,3181.sol,solhint-6.0.0,solidity,2025/09/14,20260213_1744,1771005046.8073788,4.129814147949219,1,"{compiler_version,func_visibility,gas_custom_errors,gas_small_strings,gas_strict_inequalities,no_empty_blocks,one_contract_per_file,reason_string,use_natspec}",{},{},{}
contracts_output/contracts_output/codellama_with_rag_contracts/3185.sol,3185.sol,solhint-6.0.0,solidity,2025/09/14,20260213_1744,1771004762.5776718,3.597961664199829,1,"{compiler_version,func_visibility,gas_custom_errors,gas_small_strings,gas_strict_inequalities,no_inline_assembly,one_contract_per_file,quotes,reason_string,use_natspec}",{},{},{}
contracts_output/contracts_output/codellama_with_rag_contracts/3195.sol,3195.sol,solhint-6.0.0,solidity,2025/09/14,20260213_1744,1771004891.519564,3.436337947845459,1,"{compiler_version,func_visibility,gas_custom_errors,gas_small_strings,gas_strict_inequalities,one_contract_per_file,quotes,reason_string,use_natspec}",{},{},{}
contracts_output/contracts_output/codellama_with_rag_contracts/32.sol,32.sol,solhint-6.0.0,solidity,2025/09/14,20260213_1744,1771004877.3418603,3.747309446334839,1,"{compiler_version,func_visibility,gas_custom_errors,gas_small_strings,gas_strict_inequalities,one_contract_per_file,reason_string,use_natspec}",{},{},{}
contracts_output/contracts_output/codellama_with_rag_contracts/3202.sol,3202.sol,solhint-6.0.0,solidity,2025/09/14,20260213_1744,1771005013.1046484,3.2395436763763428,1,"{compiler_version,func_visibility,gas_custom_errors,gas_small_strings,gas_strict_inequalities,one_contract_per_file,reason_string,use_natspec}",{},{},{}
contracts_output/contracts_output/codellama_with_rag_contracts/3204.sol,3204.sol,solhint-6.0.0,solidity,2025/09/14,20260213_1744,1771004846.761343,2.9767558574676514,1,"{compiler_version,func_visibility,gas_custom_errors,gas_small_strings,gas_strict_inequalities,one_contract_per_file,reason_string,use_natspec,visibility_modifier_order}",{},{},{}
contracts_output/contracts_output/codellama_with_rag_contracts/321.sol,321.sol,solhint-6.0.0,solidity,2025/09/14,20260213_1744,1771005004.6618521,2.952241897583008,255,{},{},{EXIT_CODE_255},{}
contracts_output/contracts_output/codellama_with_rag_contracts/3235.sol,3235.sol,solhint-6.0.0,solidity,2025/09/14,20260213_1744,1771004856.4508395,3.193533420562744,1,"{compiler_version,func_visibility,gas_custom_errors,gas_small_strings,gas_strict_inequalities,one_contract_per_file,reason_string,use_natspec}",{},{},{}
contracts_output/contracts_output/codellama_with_rag_contracts/3265.sol,3265.sol,solhint-6.0.0,solidity,2025/09/14,20260213_1744,1771005036.2136233,3.013028860092163,1,"{compiler_version,func_visibility,gas_custom_errors,gas_small_strings,gas_strict_inequalities,one_contract_per_file,reason_string,use_natspec}",{},{},{}
contracts_output/contracts_output/codellama_with_rag_contracts/3277.sol,3277.sol,solhint-6.0.0,solidity,2025/09/14,20260213_1744,1771004785.0678124,3.654750347137451,1,"{compiler_version,func_visibility,gas_custom_errors,gas_small_strings,gas_strict_inequalities,one_contract_per_file,reason_string,use_natspec}",{},{},{}
contracts_output/contracts_output/codellama_with_rag_contracts/3285.sol,3285.sol,solhint-6.0.0,solidity,2025/09/14,20260213_1744,1771004691.1523588,3.522280216217041,1,"{compiler_version,func_visibility,gas_custom_errors,gas_small_strings,gas_strict_inequalities,one_contract_per_file,reason_string,use_natspec}",{},{},{}
contracts_output/contracts_output/codellama_with_rag_contracts/3288.sol,3288.sol,solhint-6.0.0,solidity,2025/09/14,20260213_1744,1771004762.694371,2.54805850982666,1,"{compiler_version,explicit_types,func_visibility,gas_custom_errors,gas_increment_by_one,gas_small_strings,gas_strict_inequalities,one_contract_per_file,reason_string,use_natspec}",{},{},{}
contracts_output/contracts_output/codellama_with_rag_contracts/3297.sol,3297.sol,solhint-6.0.0,solidity,2025/09/14,20260213_1744,1771004891.6267278,3.5104246139526367,1,"{avoid_tx_origin,compiler_version,func_visibility,gas_custom_errors,gas_small_strings,gas_strict_inequalities,one_contract_per_file,reason_string,reentrancy,use_natspec}",{},{},{}
contracts_output/contracts_output/codellama_with_rag_contracts/3314.sol,3314.sol,solhint-6.0.0,solidity,2025/09/14,20260213_1744,1771004698.09068,3.154951572418213,1,"{compiler_version,func_visibility,gas_custom_errors,gas_small_strings,gas_strict_inequalities,one_contract_per_file,reason_string,use_natspec}",{},{},{}
contracts_output/contracts_output/codellama_with_rag_contracts/3318.sol,3318.sol,solhint-6.0.0,solidity,2025/09/14,20260213_1744,1771005074.8369067,2.9882264137268066,1,"{compiler_version,func_visibility,gas_custom_errors,gas_small_strings,gas_strict_inequalities,one_contract_per_file,reason_string,use_natspec}",{},{},{}
contracts_output/contracts_output/codellama_with_rag_contracts/3322.sol,3322.sol,solhint-6.0.0,solidity,2025/09/14,20260213_1744,1771004868.8358169,3.270056962966919,1,"{compiler_version,func_visibility,gas_custom_errors,gas_small_strings,gas_strict_inequalities,one_contract_per_file,reason_string,use_natspec}",{},{},{}
contracts_output/contracts_output/codellama_with_rag_contracts/3332.sol,3332.sol,solhint-6.0.0,solidity,2025/09/14,20260213_1744,1771004741.9459856,3.302720785140991,1,"{compiler_version,func_visibility,gas_custom_errors,gas_increment_by_one,gas_small_strings,gas_strict_inequalities,one_contract_per_file,reason_string,use_natspec}",{},{},{}
contracts_output/contracts_output/codellama_with_rag_contracts/3338.sol,3338.sol,solhint-6.0.0,solidity,2025/09/14,20260213_1744,1771004942.772563,3.6529154777526855,1,"{compiler_version,func_visibility,gas_custom_errors,gas_small_strings,gas_strict_inequalities,one_contract_per_file,reason_string,use_natspec}",{},{},{}
contracts_output/contracts_output/codellama_with_rag_contracts/3343.sol,3343.sol,solhint-6.0.0,solidity,2025/09/14,20260213_1744,1771004922.8931608,3.446016311645508,1,"{compiler_version,func_visibility,gas_custom_errors,gas_small_strings,gas_strict_inequalities,one_contract_per_file,reason_string,use_natspec}",{},{},{}
contracts_output/contracts_output/codellama_with_rag_contracts/3368.sol,3368.sol,solhint-6.0.0,solidity,2025/09/14,20260213_1744,1771005035.7060297,2.321115493774414,255,{},{},{EXIT_CODE_255},{}
contracts_output/contracts_output/codellama_with_rag_contracts/3377.sol,3377.sol,solhint-6.0.0,solidity,2025/09/14,20260213_1744,1771005103.9948204,3.0471787452697754,1,"{compiler_version,func_visibility,gas_custom_errors,gas_small_strings,gas_strict_inequalities,one_contract_per_file,reason_string,use_natspec}",{},{},{}
contracts_output/contracts_output/codellama_with_rag_contracts/3380.sol,3380.sol,solhint-6.0.0,solidity,2025/09/14,20260213_1744,1771004727.8236704,2.7229955196380615,1,"{compiler_version,func_visibility,gas_custom_errors,gas_small_strings,gas_strict_inequalities,one_contract_per_file,reason_string,use_natspec}",{},{},{}
contracts_output/contracts_output/codellama_with_rag_contracts/339.sol,339.sol,solhint-6.0.0,solidity,2025/09/14,20260213_1744,1771004984.9210157,2.9134743213653564,1,"{compiler_version,explicit_types,func_visibility,gas_custom_errors,gas_increment_by_one,gas_small_strings,gas_strict_inequalities,one_contract_per_file,reason_string,use_natspec}",{},{},{}
contracts_output/contracts_output/codellama_with_rag_contracts/3416.sol,3416.sol,solhint-6.0.0,solidity,2025/09/14,20260213_1744,1771004932.569969,3.4636194705963135,1,"{compiler_version,func_visibility,gas_custom_errors,gas_small_strings,gas_strict_inequalities,one_contract_per_file,quotes,reason_string,use_natspec}",{},{},{}
contracts_output/contracts_output/codellama_with_rag_contracts/3424.sol,3424.sol,solhint-6.0.0,solidity,2025/09/14,20260213_1744,1771005065.6686697,3.5015716552734375,1,"{compiler_version,func_visibility,gas_custom_errors,gas_increment_by_one,gas_small_strings,gas_strict_inequalities,one_contract_per_file,reason_string,use_natspec}",{},{},{}
contracts_output/contracts_output/codellama_with_rag_contracts/3433.sol,3433.sol,solhint-6.0.0,solidity,2025/09/14,20260213_1744,1771005068.5578663,3.122283697128296,1,"{compiler_version,func_visibility,gas_custom_errors,gas_increment_by_one,gas_indexed_events,gas_small_strings,gas_strict_inequalities,one_contract_per_file,reason_string,use_natspec}",{},{},{}
contracts_output/contracts_output/codellama_with_rag_contracts/3447.sol,3447.sol,solhint-6.0.0,solidity,2025/09/14,20260213_1744,1771004908.103624,3.332829713821411,1,"{compiler_version,func_visibility,gas_custom_errors,gas_small_strings,gas_strict_inequalities,one_contract_per_file,reason_string,use_natspec}",{},{},{}
contracts_output/contracts_output/codellama_with_rag_contracts/3452.sol,3452.sol,solhint-6.0.0,solidity,2025/09/14,20260213_1744,1771004848.066645,2.9060583114624023,1,"{compiler_version,func_visibility,gas_custom_errors,gas_increment_by_one,gas_small_strings,gas_strict_inequalities,one_contract_per_file,reason_string,use_natspec}",{},{},{}
contracts_output/contracts_output/codellama_with_rag_contracts/3458.sol,3458.sol,solhint-6.0.0,solidity,2025/09/14,20260213_1744,1771004731.8104029,3.604365825653076,1,"{compiler_version,func_visibility,gas_custom_errors,gas_small_strings,gas_strict_inequalities,one_contract_per_file,reason_string,use_natspec,var_name_mixedcase}",{},{},{}
contracts_output/contracts_output/codellama_with_rag_contracts/3464.sol,3464.sol,solhint-6.0.0,solidity,2025/09/14,20260213_1744,1771005098.656224,3.5529284477233887,1,"{compiler_version,func_visibility,gas_custom_errors,gas_increment_by_one,gas_small_strings,gas_strict_inequalities,one_contract_per_file,quotes,reason_string,use_natspec,var_name_mixedcase}",{},{},{}
contracts_output/contracts_output/codellama_with_rag_contracts/3476.sol,3476.sol,solhint-6.0.0,solidity,2025/09/14,20260213_1744,1771004690.4396055,2.8957111835479736,1,{},{},{},{}
contracts_output/contracts_output/codellama_with_rag_contracts/3477.sol,3477.sol,solhint-6.0.0,solidity,2025/09/14,20260213_1744,1771005071.4776607,3.356901168823242,1,"{compiler_version,func_visibility,gas_custom_errors,gas_small_strings,gas_strict_inequalities,one_contract_per_file,quotes,reason_string,use_natspec}",{},{},{}
contracts_output/contracts_output/codellama_with_rag_contracts/3500.sol,3500.sol,solhint-6.0.0,solidity,2025/09/14,20260213_1744,1771004977.389934,3.3991167545318604,255,{},{},{EXIT_CODE_255},{}
contracts_output/contracts_output/codellama_with_rag_contracts/3520.sol,3520.sol,solhint-6.0.0,solidity,2025/09/14,20260213_1744,1771005000.289529,3.4666154384613037,1,"{compiler_version,func_visibility,gas_custom_errors,gas_increment_by_one,gas_small_strings,gas_strict_inequalities,gas_struct_packing,one_contract_per_file,reason_string,use_natspec}",{},{},{}
contracts_output/contracts_output/codellama_with_rag_contracts/3570.sol,3570.sol,solhint-6.0.0,solidity,2025/09/14,20260213_1744,1771004824.2754745,4.607813119888306,1,"{compiler_version,func_visibility,gas_custom_errors,gas_small_strings,gas_strict_inequalities,one_contract_per_file,reason_string,use_natspec}",{},{},{}
contracts_output/contracts_output/codellama_with_rag_contracts/3576.sol,3576.sol,solhint-6.0.0,solidity,2025/09/14,20260213_1744,1771005089.832948,3.3486266136169434,1,"{compiler_version,gas_custom_errors,gas_small_strings,gas_strict_inequalities,one_contract_per_file,reason_string,use_natspec}",{},{},{}
contracts_output/contracts_output/codellama_with_rag_contracts/3580.sol,3580.sol,solhint-6.0.0,solidity,2025/09/14,20260213_1744,1771004765.6155412,4.013472080230713,1,"{compiler_version,func_visibility,gas_custom_errors,gas_increment_by_one,gas_small_strings,gas_strict_inequalities,no_unused_vars,one_contract_per_file,reason_string,use_natspec}",{},{},{}
contracts_output/contracts_output/codellama_with_rag_contracts/36.sol,36.sol,solhint-6.0.0,solidity,2025/09/14,20260213_1744,1771004767.3004346,3.2232322692871094,1,"{compiler_version,func_name_mixedcase,func_visibility,gas_custom_errors,gas_small_strings,gas_strict_inequalities,one_contract_per_file,quotes,reason_string,use_natspec}",{},{},{}
contracts_output/contracts_output/codellama_with_rag_contracts/3604.sol,3604.sol,solhint-6.0.0,solidity,2025/09/14,20260213_1744,1771004997.9340172,2.9501852989196777,1,"{compiler_version,explicit_types,func_visibility,gas_custom_errors,gas_increment_by_one,gas_small_strings,gas_strict_inequalities,no_unused_vars,one_contract_per_file,quotes,reason_string,use_natspec}",{},{},{}
contracts_output/contracts_output/codellama_with_rag_contracts/3619.sol,3619.sol,solhint-6.0.0,solidity,2025/09/14,20260213_1744,1771005043.5389214,3.2663605213165283,1,"{compiler_version,func_visibility,gas_custom_errors,gas_small_strings,gas_strict_inequalities,one_contract_per_file,reason_string,use_natspec}",{},{},{}
contracts_output/contracts_output/codellama_with_rag_contracts/3633.sol,3633.sol,solhint-6.0.0,solidity,2025/09/14,20260213_1744,1771004739.846958,2.7342960834503174,1,"{compiler_version,func_visibility,gas_custom_errors,gas_indexed_events,gas_small_strings,gas_strict_inequalities,one_contract_per_file,reason_string,use_natspec}",{},{},{}
contracts_output/contracts_output/codellama_with_rag_contracts/3644.sol,3644.sol,solhint-6.0.0,solidity,2025/09/14,20260213_1744,1771004949.7484975,2.817915678024292,1,"{compiler_version,explicit_types,func_visibility,gas_custom_errors,gas_small_strings,gas_strict_inequalities,one_contract_per_file,reason_string,use_natspec}",{},{},{}
contracts_output/contracts_output/codellama_with_rag_contracts/3650.sol,3650.sol,solhint-6.0.0,solidity,2025/09/14,20260213_1744,1771004813.9673538,4.7351415157318115,1,"{compiler_version,func_visibility,gas_custom_errors,gas_small_strings,gas_strict_inequalities,one_contract_per_file,reason_string,use_natspec}",{},{},{}
contracts_output/contracts_output/codellama_with_rag_contracts/3662.sol,3662.sol,solhint-6.0.0,solidity,2025/09/14,20260213_1744,1771005009.845918,2.456300973892212,1,"{compiler_version,func_visibility,gas_custom_errors,gas_small_strings,gas_strict_inequalities,one_contract_per_file,reason_string,use_natspec}",{},{},{}
contracts_output/contracts_output/codellama_with_rag_contracts/3698.sol,3698.sol,solhint-6.0.0,solidity,2025/09/14,20260213_1744,1771004909.7055564,2.9902031421661377,1,"{compiler_version,func_visibility,gas_custom_errors,gas_small_strings,gas_strict_inequalities,one_contract_per_file,reason_string,use_natspec,visibility_modifier_order}",{},{},{}
contracts_output/contracts_output/codellama_with_rag_contracts/3704.sol,3704.sol,solhint-6.0.0,solidity,2025/09/14,20260213_1744,1771004796.6516638,3.319636583328247,1,"{compiler_version,func_visibility,gas_custom_errors,gas_small_strings,gas_strict_inequalities,import_path_check,imports_on_top,no_global_import,one_contract_per_file,reason_string,use_natspec}",{},{},{}
contracts_output/contracts_output/codellama_with_rag_contracts/3719.sol,3719.sol,solhint-6.0.0,solidity,2025/09/14,20260213_1744,1771004956.4777236,2.8208255767822266,1,"{compiler_version,func_visibility,gas_custom_errors,gas_small_strings,gas_strict_inequalities,one_contract_per_file,reason_string,use_natspec}",{},{},{}
contracts_output/contracts_output/codellama_with_rag_contracts/3727.sol,3727.sol,solhint-6.0.0,solidity,2025/09/14,20260213_1744,1771004936.06948,3.0636234283447266,1,"{compiler_version,func_visibility,gas_custom_errors,gas_small_strings,gas_strict_inequalities,one_contract_per_file,reason_string,use_natspec}",{},{},{}
contracts_output/contracts_output/codellama_with_rag_contracts/3728.sol,3728.sol,solhint-6.0.0,solidity,2025/09/14,20260213_1744,1771004709.9786205,2.7555174827575684,1,"{compiler_version,func_visibility,gas_custom_errors,gas_small_strings,gas_strict_inequalities,one_contract_per_file,reason_string,use_natspec}",{},{},{}
contracts_output/contracts_output/codellama_with_rag_contracts/3748.sol,3748.sol,solhint-6.0.0,solidity,2025/09/14,20260213_1744,1771004952.5706751,2.8300933837890625,1,"{compiler_version,func_visibility,gas_custom_errors,gas_small_strings,gas_strict_inequalities,one_contract_per_file,reason_string,use_natspec}",{},{},{}
contracts_output/contracts_output/codellama_with_rag_contracts/3756.sol,3756.sol,solhint-6.0.0,solidity,2025/09/14,20260213_1744,1771004810.5253468,3.926097869873047,1,"{compiler_version,explicit_types,func_visibility,gas_custom_errors,gas_increment_by_one,gas_small_strings,gas_strict_inequalities,no_empty_blocks,one_contract_per_file,reason_string,use_natspec}",{},{},{}
contracts_output/contracts_output/codellama_with_rag_contracts/3776.sol,3776.sol,solhint-6.0.0,solidity,2025/09/14,20260213_1744,1771004810.344467,3.0270981788635254,1,"{compiler_version,explicit_types,func_visibility,gas_custom_errors,gas_small_strings,gas_strict_inequalities,one_contract_per_file,reason_string,use_natspec}",{},{},{}
contracts_output/contracts_output/codellama_with_rag_contracts/3785.sol,3785.sol,solhint-6.0.0,solidity,2025/09/14,20260213_1744,1771005005.4244697,3.216843843460083,1,"{compiler_version,func_visibility,gas_custom_errors,gas_small_strings,gas_strict_inequalities,one_contract_per_file,reason_string,use_natspec}",{},{},{}
contracts_output/contracts_output/codellama_with_rag_contracts/3793.sol,3793.sol,solhint-6.0.0,solidity,2025/09/14,20260213_1744,1771004820.5895116,3.274001359939575,1,"{compiler_version,func_visibility,gas_custom_errors,gas_small_strings,gas_strict_inequalities,one_contract_per_file,reason_string,use_natspec}",{},{},{}
contracts_output/contracts_output/codellama_with_rag_contracts/381.sol,381.sol,solhint-6.0.0,solidity,2025/09/14,20260213_1744,1771004686.301155,3.0616295337677,1,"{compiler_version,func_visibility,gas_custom_errors,gas_small_strings,gas_strict_inequalities,one_contract_per_file,reason_string,use_natspec,visibility_modifier_order}",{},{},{}
contracts_output/contracts_output/codellama_with_rag_contracts/382.sol,382.sol,solhint-6.0.0,solidity,2025/09/14,20260213_1744,1771004780.4527776,3.354532480239868,1,"{compiler_version,func_visibility,gas_custom_errors,gas_small_strings,gas_strict_inequalities,one_contract_per_file,reason_string,use_natspec}",{},{},{}
contracts_output/contracts_output/codellama_with_rag_contracts/3857.sol,3857.sol,solhint-6.0.0,solidity,2025/09/14,20260213_1744,1771004723.933951,3.5469343662261963,1,"{compiler_version,func_visibility,gas_custom_errors,gas_small_strings,gas_strict_inequalities,one_contract_per_file,reason_string,use_natspec}",{},{},{}
contracts_output/contracts_output/codellama_with_rag_contracts/3863.sol,3863.sol,solhint-6.0.0,solidity,2025/09/14,20260213_1744,1771004742.323933,2.221641778945923,1,"{compiler_version,gas_custom_errors,gas_small_strings,gas_strict_inequalities,one_contract_per_file,reason_string,use_natspec}",{},{},{}
contracts_output/contracts_output/codellama_with_rag_contracts/3881.sol,3881.sol,solhint-6.0.0,solidity,2025/09/14,20260213_1744,1771005021.3757489,2.739750385284424,1,"{compiler_version,func_visibility,gas_custom_errors,gas_increment_by_one,gas_small_strings,gas_strict_inequalities,one_contract_per_file,reason_string,use_natspec}",{},{},{}
contracts_output/contracts_output/codellama_with_rag_contracts/3890.sol,3890.sol,solhint-6.0.0,solidity,2025/09/14,20260213_1744,1771004706.7975092,3.4847874641418457,1,"{compiler_version,func_visibility,gas_custom_errors,gas_increment_by_one,gas_small_strings,gas_strict_inequalities,one_contract_per_file,reason_string,reentrancy,use_natspec}",{},{},{}
contracts_output/contracts_output/codellama_with_rag_contracts/3893.sol,3893.sol,solhint-6.0.0,solidity,2025/09/14,20260213_1744,1771004913.2193098,2.5732924938201904,1,"{compiler_version,func_visibility,gas_custom_errors,gas_small_strings,gas_strict_inequalities,one_contract_per_file,reason_string,use_natspec}",{},{},{}
contracts_output/contracts_output/codellama_with_rag_contracts/3896.sol,3896.sol,solhint-6.0.0,solidity,2025/09/14,20260213_1744,1771005017.5118473,3.1073479652404785,1,"{compiler_version,func_visibility,gas_custom_errors,gas_small_strings,gas_strict_inequalities,one_contract_per_file,reason_string,use_natspec}",{},{},{}
contracts_output/contracts_output/codellama_with_rag_contracts/39.sol,39.sol,solhint-6.0.0,solidity,2025/09/14,20260213_1744,1771005086.4225361,3.8711798191070557,1,"{compiler_version,func_visibility,gas_custom_errors,gas_increment_by_one,gas_small_strings,gas_strict_inequalities,no_unused_vars,one_contract_per_file,reason_string,use_natspec,visibility_modifier_order}",{},{},{}
contracts_output/contracts_output/codellama_with_rag_contracts/3939.sol,3939.sol,solhint-6.0.0,solidity,2025/09/14,20260213_1744,1771004796.3621504,2.7592861652374268,1,"{compiler_version,func_visibility,gas_custom_errors,gas_small_strings,gas_strict_inequalities,one_contract_per_file,reason_string,use_natspec}",{},{},{}
contracts_output/contracts_output/codellama_with_rag_contracts/3988.sol,3988.sol,solhint-6.0.0,solidity,2025/09/14,20260213_1744,1771005052.5869453,2.9322328567504883,1,"{compiler_version,func_visibility,gas_custom_errors,gas_small_strings,gas_strict_inequalities,one_contract_per_file,reason_string,use_natspec}",{},{},{}
contracts_output/contracts_output/codellama_with_rag_contracts/3990.sol,3990.sol,solhint-6.0.0,solidity,2025/09/14,20260213_1744,1771004968.48321,3.9126150608062744,1,"{compiler_version,func_visibility,gas_custom_errors,gas_small_strings,gas_strict_inequalities,one_contract_per_file,reason_string,use_natspec}",{},{},{}
contracts_output/contracts_output/codellama_with_rag_contracts/4001.sol,4001.sol,solhint-6.0.0,solidity,2025/09/14,20260213_1744,1771004746.570128,2.499274730682373,1,"{compiler_version,func_visibility,gas_custom_errors,gas_small_strings,gas_strict_inequalities,no_empty_blocks,one_contract_per_file,reason_string,use_natspec}",{},{},{}
contracts_output/contracts_output/codellama_with_rag_contracts/4005.sol,4005.sol,solhint-6.0.0,solidity,2025/09/14,20260213_1744,1771005038.6209338,3.249199390411377,1,"{compiler_version,func_visibility,gas_custom_errors,gas_small_strings,gas_strict_inequalities,one_contract_per_file,reason_string,use_natspec}",{},{},{}
contracts_output/contracts_output/codellama_with_rag_contracts/402.sol,402.sol,solhint-6.0.0,solidity,2025/09/14,20260213_1744,1771004968.2022462,3.6237854957580566,1,"{compiler_version,func_visibility,gas_custom_errors,gas_small_strings,gas_strict_inequalities,one_contract_per_file,reason_string,use_natspec}",{},{},{}
contracts_output/contracts_output/codellama_with_rag_contracts/4025.sol,4025.sol,solhint-6.0.0,solidity,2025/09/14,20260213_1744,1771004865.687421,3.477315664291382,1,"{compiler_version,func_visibility,gas_custom_errors,gas_small_strings,gas_strict_inequalities,one_contract_per_file,reason_string,use_natspec}",{},{},{}
contracts_output/contracts_output/codellama_with_rag_contracts/4047.sol,4047.sol,solhint-6.0.0,solidity,2025/09/14,20260213_1744,1771004802.7241123,4.141199588775635,1,"{compiler_version,func_visibility,gas_custom_errors,gas_increment_by_one,gas_small_strings,gas_strict_inequalities,one_contract_per_file,reason_string,use_natspec}",{},{},{}
contracts_output/contracts_output/codellama_with_rag_contracts/4051.sol,4051.sol,solhint-6.0.0,solidity,2025/09/14,20260213_1744,1771004854.3346393,4.378835439682007,1,"{compiler_version,func_visibility,gas_custom_errors,gas_small_strings,gas_strict_inequalities,one_contract_per_file,reason_string,use_natspec}",{},{},{}
contracts_output/contracts_output/codellama_with_rag_contracts/4079.sol,4079.sol,solhint-6.0.0,solidity,2025/09/14,20260213_1744,1771004987.528198,2.9721806049346924,1,"{compiler_version,func_visibility,gas_custom_errors,gas_small_strings,gas_strict_inequalities,one_contract_per_file,reason_string,use_natspec}",{},{},{}
contracts_output/contracts_output/codellama_with_rag_contracts/4083.sol,4083.sol,solhint-6.0.0,solidity,2025/09/14,20260213_1744,1771004806.7449298,3.7712225914001465,1,"{compiler_version,func_visibility,gas_custom_errors,gas_small_strings,gas_strict_inequalities,one_contract_per_file,reason_string,use_natspec}",{},{},{}
contracts_output/contracts_output/codellama_with_rag_contracts/4086.sol,4086.sol,solhint-6.0.0,solidity,2025/09/14,20260213_1744,1771005042.3470337,2.460552453994751,1,"{compiler_version,func_visibility,gas_custom_errors,gas_small_strings,gas_strict_inequalities,one_contract_per_file,reason_string,use_natspec}",{},{},{}
contracts_output/contracts_output/codellama_with_rag_contracts/4148.sol,4148.sol,solhint-6.0.0,solidity,2025/09/14,20260213_1744,1771005087.295281,2.825634479522705,1,"{compiler_version,func_visibility,gas_custom_errors,gas_small_strings,gas_strict_inequalities,one_contract_per_file,reason_string,use_natspec}",{},{},{}
contracts_output/contracts_output/codellama_with_rag_contracts/4173.sol,4173.sol,solhint-6.0.0,solidity,2025/09/14,20260213_1744,1771004853.4207945,2.6647896766662598,1,"{compiler_version,func_visibility,gas_custom_errors,gas_small_strings,gas_strict_inequalities,one_contract_per_file,reason_string,use_natspec}",{},{},{}
contracts_output/contracts_output/codellama_with_rag_contracts/4185.sol,4185.sol,solhint-6.0.0,solidity,2025/09/14,20260213_1744,1771004972.7564924,3.1551172733306885,1,"{compiler_version,func_visibility,gas_custom_errors,gas_increment_by_one,gas_small_strings,gas_strict_inequalities,one_contract_per_file,reason_string,use_natspec}",{},{},{}
contracts_output/contracts_output/codellama_with_rag_contracts/4219.sol,4219.sol,solhint-6.0.0,solidity,2025/09/14,20260213_1744,1771004842.6323042,4.258679151535034,1,"{compiler_version,func_visibility,gas_custom_errors,gas_small_strings,gas_strict_inequalities,one_contract_per_file,reason_string,use_natspec}",{},{},{}
contracts_output/contracts_output/codellama_with_rag_contracts/4258.sol,4258.sol,solhint-6.0.0,solidity,2025/09/14,20260213_1744,1771004943.368748,2.8625242710113525,1,"{compiler_version,func_visibility,gas_custom_errors,gas_indexed_events,gas_small_strings,gas_strict_inequalities,one_contract_per_file,reason_string,use_natspec}",{},{},{}
contracts_output/contracts_output/codellama_with_rag_contracts/4267.sol,4267.sol,solhint-6.0.0,solidity,2025/09/14,20260213_1744,1771004856.0883954,2.9183645248413086,1,"{compiler_version,explicit_types,func_visibility,gas_custom_errors,gas_small_strings,gas_strict_inequalities,one_contract_per_file,reason_string,use_natspec}",{},{},{}
contracts_output/contracts_output/codellama_with_rag_contracts/4301.sol,4301.sol,solhint-6.0.0,solidity,2025/09/14,20260213_1744,1771004796.5703614,3.129345417022705,1,"{avoid_low_level_calls,compiler_version,func_visibility,gas_custom_errors,gas_increment_by_one,gas_small_strings,gas_strict_inequalities,one_contract_per_file,reason_string,use_natspec}",{},{},{}
contracts_output/contracts_output/codellama_with_rag_contracts/4311.sol,4311.sol,solhint-6.0.0,solidity,2025/09/14,20260213_1744,1771004844.171193,3.4463465213775635,1,"{compiler_version,contract_name_capwords,func_visibility,gas_custom_errors,gas_increment_by_one,gas_small_strings,gas_strict_inequalities,one_contract_per_file,reason_string,state_visibility,use_natspec}",{},{},{}
contracts_output/contracts_output/codellama_with_rag_contracts/4342.sol,4342.sol,solhint-6.0.0,solidity,2025/09/14,20260213_1744,1771004692.2568367,3.6911861896514893,1,"{compiler_version,func_visibility,gas_custom_errors,gas_small_strings,gas_strict_inequalities,one_contract_per_file,reason_string,use_natspec}",{},{},{}
contracts_output/contracts_output/codellama_with_rag_contracts/4344.sol,4344.sol,solhint-6.0.0,solidity,2025/09/14,20260213_1744,1771004838.7527525,3.9738051891326904,1,"{compiler_version,func_visibility,gas_custom_errors,gas_small_strings,gas_strict_inequalities,import_path_check,imports_on_top,no_global_import,one_contract_per_file,reason_string,use_natspec}",{},{},{}
contracts_output/contracts_output/codellama_with_rag_contracts/4397.sol,4397.sol,solhint-6.0.0,solidity,2025/09/14,20260213_1744,1771005006.0970924,3.161954879760742,1,"{compiler_version,func_visibility,gas_custom_errors,gas_small_strings,gas_strict_inequalities,one_contract_per_file,reason_string,use_natspec}",{},{},{}
contracts_output/contracts_output/codellama_with_rag_contracts/4411.sol,4411.sol,solhint-6.0.0,solidity,2025/09/14,20260213_1744,1771005005.9579742,4.4636218547821045,1,"{compiler_version,func_visibility,gas_custom_errors,gas_increment_by_one,gas_small_strings,gas_strict_inequalities,one_contract_per_file,reason_string,use_natspec}",{},{},{}
contracts_output/contracts_output/codellama_with_rag_contracts/4418.sol,4418.sol,solhint-6.0.0,solidity,2025/09/14,20260213_1744,1771005044.159803,3.4824109077453613,1,"{compiler_version,gas_custom_errors,gas_small_strings,gas_strict_inequalities,one_contract_per_file,reason_string,use_natspec}",{},{},{}
contracts_output/contracts_output/codellama_with_rag_contracts/442.sol,442.sol,solhint-6.0.0,solidity,2025/09/14,20260213_1744,1771005013.4559367,3.745932102203369,1,"{compiler_version,func_visibility,gas_custom_errors,gas_small_strings,gas_strict_inequalities,one_contract_per_file,reason_string,use_natspec}",{},{},{}
contracts_output/contracts_output/codellama_with_rag_contracts/4437.sol,4437.sol,solhint-6.0.0,solidity,2025/09/14,20260213_1744,1771004940.5167477,3.2915446758270264,1,"{compiler_version,func_visibility,gas_custom_errors,gas_small_strings,gas_strict_inequalities,one_contract_per_file,reason_string,use_natspec}",{},{},{}
contracts_output/contracts_output/codellama_with_rag_contracts/4464.sol,4464.sol,solhint-6.0.0,solidity,2025/09/14,20260213_1744,1771004916.4603207,3.1179141998291016,1,"{compiler_version,func_visibility,gas_custom_errors,gas_small_strings,gas_strict_inequalities,one_contract_per_file,reason_string,use_natspec}",{},{},{}
contracts_output/contracts_output/codellama_with_rag_contracts/4481.sol,4481.sol,solhint-6.0.0,solidity,2025/09/14,20260213_1744,1771004858.898767,3.47979998588562,1,"{compiler_version,gas_custom_errors,gas_small_strings,gas_strict_inequalities,one_contract_per_file,reason_string,use_natspec}",{},{},{}
contracts_output/contracts_output/codellama_with_rag_contracts/4491.sol,4491.sol,solhint-6.0.0,solidity,2025/09/14,20260213_1744,1771004723.3760586,2.8249804973602295,1,"{compiler_version,explicit_types,func_visibility,gas_custom_errors,gas_increment_by_one,gas_small_strings,gas_strict_inequalities,one_contract_per_file,reason_string,use_natspec}",{},{},{}
contracts_output/contracts_output/codellama_with_rag_contracts/4496.sol,4496.sol,solhint-6.0.0,solidity,2025/09/14,20260213_1744,1771005024.1296766,2.9701194763183594,1,"{compiler_version,func_visibility,gas_custom_errors,gas_small_strings,gas_strict_inequalities,no_unused_vars,one_contract_per_file,reason_string,use_natspec,visibility_modifier_order}",{},{},{}
contracts_output/contracts_output/codellama_with_rag_contracts/4517.sol,4517.sol,solhint-6.0.0,solidity,2025/09/14,20260213_1744,1771004791.0516813,3.1085336208343506,1,"{compiler_version,func_visibility,gas_custom_errors,gas_small_strings,gas_strict_inequalities,one_contract_per_file,reason_string,use_natspec}",{},{},{}
contracts_output/contracts_output/codellama_with_rag_contracts/4527.sol,4527.sol,solhint-6.0.0,solidity,2025/09/14,20260213_1744,1771004701.2477038,3.8640296459198,1,"{compiler_version,func_visibility,gas_custom_errors,gas_small_strings,gas_strict_inequalities,one_contract_per_file,reason_string,use_natspec}",{},{},{}
contracts_output/contracts_output/codellama_with_rag_contracts/4553.sol,4553.sol,solhint-6.0.0,solidity,2025/09/14,20260213_1744,1771005001.9923613,3.3762407302856445,1,"{compiler_version,func_visibility,gas_custom_errors,gas_small_strings,gas_strict_inequalities,one_contract_per_file,reason_string,use_natspec}",{},{},{}
contracts_output/contracts_output/codellama_with_rag_contracts/4560.sol,4560.sol,solhint-6.0.0,solidity,2025/09/14,20260213_1744,1771004946.2333765,3.2774085998535156,1,"{compiler_version,func_visibility,gas_custom_errors,gas_small_strings,gas_strict_inequalities,one_contract_per_file,reason_string,use_natspec}",{},{},{}
contracts_output/contracts_output/codellama_with_rag_contracts/4562.sol,4562.sol,solhint-6.0.0,solidity,2025/09/14,20260213_1744,1771004847.6155734,3.12286376953125,1,"{compiler_version,gas_custom_errors,gas_increment_by_one,gas_small_strings,gas_strict_inequalities,one_contract_per_file,reason_string,use_natspec}",{},{},{}
contracts_output/contracts_output/codellama_with_rag_contracts/4567.sol,4567.sol,solhint-6.0.0,solidity,2025/09/14,20260213_1744,1771004792.7228286,3.768629789352417,1,"{compiler_version,func_visibility,gas_custom_errors,gas_increment_by_one,gas_small_strings,gas_strict_inequalities,one_contract_per_file,reason_string,use_natspec}",{},{},{}
contracts_output/contracts_output/codellama_with_rag_contracts/4568.sol,4568.sol,solhint-6.0.0,solidity,2025/09/14,20260213_1744,1771004749.151498,2.5635344982147217,1,"{compiler_version,func_visibility,gas_custom_errors,gas_increment_by_one,gas_small_strings,gas_strict_inequalities,one_contract_per_file,reason_string,use_natspec}",{},{},{}
contracts_output/contracts_output/codellama_with_rag_contracts/4569.sol,4569.sol,solhint-6.0.0,solidity,2025/09/14,20260213_1744,1771004875.1143312,2.86442232131958,1,"{compiler_version,func_visibility,gas_custom_errors,gas_increment_by_one,gas_small_strings,gas_strict_inequalities,gas_struct_packing,one_contract_per_file,quotes,reason_string,use_natspec}",{},{},{}
contracts_output/contracts_output/codellama_with_rag_contracts/4577.sol,4577.sol,solhint-6.0.0,solidity,2025/09/14,20260213_1744,1771005030.2941153,2.4492146968841553,1,"{compiler_version,func_visibility,gas_custom_errors,gas_small_strings,gas_strict_inequalities,one_contract_per_file,reason_string,use_natspec}",{},{},{}
contracts_output/contracts_output/codellama_with_rag_contracts/4581.sol,4581.sol,solhint-6.0.0,solidity,2025/09/14,20260213_1744,1771005016.984878,2.9855496883392334,255,{},{},{EXIT_CODE_255},{}
contracts_output/contracts_output/codellama_with_rag_contracts/4592.sol,4592.sol,solhint-6.0.0,solidity,2025/09/14,20260213_1744,1771005000.8872192,2.937401533126831,1,"{compiler_version,func_visibility,gas_custom_errors,gas_small_strings,gas_strict_inequalities,one_contract_per_file,reason_string,use_natspec}",{},{},{}
contracts_output/contracts_output/codellama_with_rag_contracts/4597.sol,4597.sol,solhint-6.0.0,solidity,2025/09/14,20260213_1744,1771005068.4392092,2.913806915283203,1,"{compiler_version,func_visibility,gas_custom_errors,gas_small_strings,gas_strict_inequalities,one_contract_per_file,reason_string,use_natspec}",{},{},{}
contracts_output/contracts_output/codellama_with_rag_contracts/4609.sol,4609.sol,solhint-6.0.0,solidity,2025/09/14,20260213_1744,1771004999.4200072,3.2654523849487305,1,"{compiler_version,func_visibility,gas_custom_errors,gas_small_strings,gas_strict_inequalities,one_contract_per_file,reason_string,use_natspec}",{},{},{}
contracts_output/contracts_output/codellama_with_rag_contracts/461.sol,461.sol,solhint-6.0.0,solidity,2025/09/14,20260213_1744,1771004691.1172357,3.921016216278076,1,"{compiler_version,func_visibility,gas_custom_errors,gas_small_strings,gas_strict_inequalities,one_contract_per_file,reason_string,use_natspec}",{},{},{}
contracts_output/contracts_output/codellama_with_rag_contracts/4614.sol,4614.sol,solhint-6.0.0,solidity,2025/09/14,20260213_1744,1771004725.3941696,2.8328309059143066,1,"{compiler_version,explicit_types,func_visibility,gas_custom_errors,gas_small_strings,gas_strict_inequalities,immutable_vars_naming,import_path_check,imports_on_top,no_global_import,one_contract_per_file,reason_string,state_visibility,use_natspec}",{},{},{}
contracts_output/contracts_output/codellama_with_rag_contracts/4646.sol,4646.sol,solhint-6.0.0,solidity,2025/09/14,20260213_1744,1771005047.7632325,3.3848483562469482,1,"{compiler_version,func_visibility,gas_custom_errors,gas_small_strings,gas_strict_inequalities,no_unused_vars,one_contract_per_file,quotes,reason_string,use_natspec}",{},{},{}
contracts_output/contracts_output/codellama_with_rag_contracts/465.sol,465.sol,solhint-6.0.0,solidity,2025/09/14,20260213_1744,1771005099.2298436,21.140421867370605,255,{},{},{EXIT_CODE_255},{}
contracts_output/contracts_output/codellama_with_rag_contracts/4661.sol,4661.sol,solhint-6.0.0,solidity,2025/09/14,20260213_1744,1771004931.3023145,3.080303430557251,1,"{compiler_version,explicit_types,func_visibility,gas_custom_errors,gas_small_strings,gas_strict_inequalities,one_contract_per_file,reason_string,use_natspec}",{},{},{}
contracts_output/contracts_output/codellama_with_rag_contracts/4669.sol,4669.sol,solhint-6.0.0,solidity,2025/09/14,20260213_1744,1771004854.7575083,3.0301918983459473,1,"{compiler_version,func_visibility,gas_custom_errors,gas_small_strings,gas_strict_inequalities,import_path_check,no_global_import,one_contract_per_file,reason_string,use_natspec}",{},{},{}
contracts_output/contracts_output/codellama_with_rag_contracts/467.sol,467.sol,solhint-6.0.0,solidity,2025/09/14,20260213_1744,1771004750.0205958,2.621699810028076,1,"{compiler_version,func_visibility,gas_custom_errors,gas_small_strings,gas_strict_inequalities,one_contract_per_file,reason_string,use_natspec}",{},{},{}
contracts_output/contracts_output/codellama_with_rag_contracts/4675.sol,4675.sol,solhint-6.0.0,solidity,2025/09/14,20260213_1744,1771005022.392127,3.700180768966675,1,"{compiler_version,func_visibility,gas_custom_errors,gas_small_strings,gas_strict_inequalities,one_contract_per_file,reason_string,use_natspec}",{},{},{}
contracts_output/contracts_output/codellama_with_rag_contracts/4681.sol,4681.sol,solhint-6.0.0,solidity,2025/09/14,20260213_1744,1771005027.1024053,3.4739041328430176,1,"{compiler_version,gas_custom_errors,gas_small_strings,gas_strict_inequalities,one_contract_per_file,reason_string,use_natspec,visibility_modifier_order}",{},{},{}
contracts_output/contracts_output/codellama_with_rag_contracts/4695.sol,4695.sol,solhint-6.0.0,solidity,2025/09/14,20260213_1744,1771004707.2193735,3.768756628036499,1,"{compiler_version,func_visibility,gas_custom_errors,gas_small_strings,gas_strict_inequalities,one_contract_per_file,reason_string,use_natspec}",{},{},{}
contracts_output/contracts_output/codellama_with_rag_contracts/4726.sol,4726.sol,solhint-6.0.0,solidity,2025/09/14,20260213_1744,1771005078.7193568,2.8735640048980713,1,"{compiler_version,gas_custom_errors,gas_small_strings,gas_strict_inequalities,one_contract_per_file,reason_string,use_natspec}",{},{},{}
contracts_output/contracts_output/codellama_with_rag_contracts/4727.sol,4727.sol,solhint-6.0.0,solidity,2025/09/14,20260213_1744,1771004815.961742,2.579986810684204,255,{},{},{EXIT_CODE_255},{}
contracts_output/contracts_output/codellama_with_rag_contracts/474.sol,474.sol,solhint-6.0.0,solidity,2025/09/14,20260213_1744,1771004962.6130466,2.7242515087127686,1,"{compiler_version,func_visibility,gas_custom_errors,gas_small_strings,gas_strict_inequalities,one_contract_per_file,reason_string,use_natspec}",{},{},{}
contracts_output/contracts_output/codellama_with_rag_contracts/4746.sol,4746.sol,solhint-6.0.0,solidity,2025/09/14,20260213_1744,1771004855.6797917,2.9345502853393555,1,"{compiler_version,explicit_types,func_visibility,gas_custom_errors,gas_small_strings,gas_strict_inequalities,no_unused_vars,one_contract_per_file,reason_string,use_natspec}",{},{},{}
contracts_output/contracts_output/codellama_with_rag_contracts/475.sol,475.sol,solhint-6.0.0,solidity,2025/09/14,20260213_1744,1771004817.811159,2.8870222568511963,1,"{compiler_version,func_visibility,gas_custom_errors,gas_small_strings,gas_strict_inequalities,no_empty_blocks,one_contract_per_file,reason_string,use_natspec}",{},{},{}
contracts_output/contracts_output/codellama_with_rag_contracts/476.sol,476.sol,solhint-6.0.0,solidity,2025/09/14,20260213_1744,1771004756.2250836,3.457789897918701,1,"{compiler_version,func_visibility,gas_custom_errors,gas_indexed_events,gas_small_strings,gas_strict_inequalities,one_contract_per_file,reason_string,use_natspec}",{},{},{}
contracts_output/contracts_output/codellama_with_rag_contracts/4761.sol,4761.sol,solhint-6.0.0,solidity,2025/09/14,20260213_1744,1771004755.6505022,2.711686849594116,1,"{compiler_version,func_visibility,gas_custom_errors,gas_small_strings,gas_strict_inequalities,one_contract_per_file,reason_string,use_natspec}",{},{},{}
contracts_output/contracts_output/codellama_with_rag_contracts/4775.sol,4775.sol,solhint-6.0.0,solidity,2025/09/14,20260213_1744,1771005021.6223166,3.3510403633117676,1,"{compiler_version,func_visibility,gas_custom_errors,gas_small_strings,gas_strict_inequalities,one_contract_per_file,reason_string,use_natspec}",{},{},{}
contracts_output/contracts_output/codellama_with_rag_contracts/4790.sol,4790.sol,solhint-6.0.0,solidity,2025/09/14,20260213_1744,1771005010.423637,2.942607879638672,1,"{compiler_version,func_visibility,gas_custom_errors,gas_increment_by_one,gas_small_strings,gas_strict_inequalities,one_contract_per_file,reason_string,use_natspec}",{},{},{}
contracts_output/contracts_output/codellama_with_rag_contracts/4803.sol,4803.sol,solhint-6.0.0,solidity,2025/09/14,20260213_1744,1771004844.046712,4.489619970321655,1,"{compiler_version,func_visibility,gas_custom_errors,gas_small_strings,gas_strict_inequalities,import_path_check,no_empty_blocks,no_global_import,one_contract_per_file,reason_string,use_natspec}",{},{},{}
contracts_output/contracts_output/codellama_with_rag_contracts/4806.sol,4806.sol,solhint-6.0.0,solidity,2025/09/14,20260213_1744,1771004951.273825,2.998762607574463,1,"{compiler_version,func_visibility,gas_custom_errors,gas_small_strings,gas_strict_inequalities,one_contract_per_file,reason_string,use_natspec}",{},{},{}
contracts_output/contracts_output/codellama_with_rag_contracts/4823.sol,4823.sol,solhint-6.0.0,solidity,2025/09/14,20260213_1744,1771004799.560592,2.597679615020752,1,"{compiler_version,explicit_types,func_visibility,gas_custom_errors,gas_increment_by_one,gas_small_strings,gas_strict_inequalities,one_contract_per_file,reason_string,use_natspec}",{},{},{}
contracts_output/contracts_output/codellama_with_rag_contracts/4839.sol,4839.sol,solhint-6.0.0,solidity,2025/09/14,20260213_1744,1771004851.8152745,3.8722755908966064,1,"{compiler_version,func_visibility,gas_custom_errors,gas_small_strings,gas_strict_inequalities,one_contract_per_file,reason_string,use_natspec}",{},{},{}
contracts_output/contracts_output/codellama_with_rag_contracts/4847.sol,4847.sol,solhint-6.0.0,solidity,2025/09/14,20260213_1744,1771005007.6155205,2.257805109024048,1,"{compiler_version,func_visibility,gas_custom_errors,gas_small_strings,gas_strict_inequalities,one_contract_per_file,reason_string,use_natspec}",{},{},{}
contracts_output/contracts_output/codellama_with_rag_contracts/4852.sol,4852.sol,solhint-6.0.0,solidity,2025/09/14,20260213_1744,1771004767.6698086,3.3393707275390625,1,"{compiler_version,func_visibility,gas_custom_errors,gas_small_strings,gas_strict_inequalities,one_contract_per_file,reason_string,use_natspec}",{},{},{}
contracts_output/contracts_output/codellama_with_rag_contracts/4854.sol,4854.sol,solhint-6.0.0,solidity,2025/09/14,20260213_1744,1771005084.9603288,2.5409095287323,1,"{compiler_version,explicit_types,func_visibility,gas_custom_errors,gas_small_strings,gas_strict_inequalities,no_unused_vars,one_contract_per_file,quotes,reason_string,use_natspec}",{},{},{}
contracts_output/contracts_output/codellama_with_rag_contracts/4864.sol,4864.sol,solhint-6.0.0,solidity,2025/09/14,20260213_1744,1771004857.2677114,2.841172456741333,255,{},{},{EXIT_CODE_255},{}
contracts_output/contracts_output/codellama_with_rag_contracts/4877.sol,4877.sol,solhint-6.0.0,solidity,2025/09/14,20260213_1744,1771004970.2286465,3.35564923286438,1,"{compiler_version,func_visibility,gas_custom_errors,gas_small_strings,gas_strict_inequalities,one_contract_per_file,reason_string,use_natspec}",{},{},{}
contracts_output/contracts_output/codellama_with_rag_contracts/4896.sol,4896.sol,solhint-6.0.0,solidity,2025/09/14,20260213_1744,1771004880.9714074,2.5651159286499023,1,"{compiler_version,func_visibility,gas_custom_errors,gas_small_strings,gas_strict_inequalities,one_contract_per_file,reason_string,use_natspec}",{},{},{}
contracts_output/contracts_output/codellama_with_rag_contracts/4898.sol,4898.sol,solhint-6.0.0,solidity,2025/09/14,20260213_1744,1771004810.416057,2.8037869930267334,1,"{compiler_version,func_visibility,gas_custom_errors,gas_small_strings,gas_strict_inequalities,one_contract_per_file,reason_string,use_natspec}",{},{},{}
contracts_output/contracts_output/codellama_with_rag_contracts/4912.sol,4912.sol,solhint-6.0.0,solidity,2025/09/14,20260213_1744,1771004692.9359927,3.3047709465026855,1,"{compiler_version,func_visibility,gas_custom_errors,gas_small_strings,gas_strict_inequalities,one_contract_per_file,reason_string,use_natspec}",{},{},{}
contracts_output/contracts_output/codellama_with_rag_contracts/4928.sol,4928.sol,solhint-6.0.0,solidity,2025/09/14,20260213_1744,1771005041.0361452,2.501521110534668,255,{},{},{EXIT_CODE_255},{}
contracts_output/contracts_output/codellama_with_rag_contracts/4942.sol,4942.sol,solhint-6.0.0,solidity,2025/09/14,20260213_1744,1771004742.583237,2.2032992839813232,1,"{compiler_version,func_visibility,gas_custom_errors,gas_small_strings,gas_strict_inequalities,one_contract_per_file,reason_string,use_natspec}",{},{},{}
contracts_output/contracts_output/codellama_with_rag_contracts/497.sol,497.sol,solhint-6.0.0,solidity,2025/09/14,20260213_1744,1771005021.7554572,3.051854133605957,1,"{compiler_version,func_visibility,gas_custom_errors,gas_small_strings,gas_strict_inequalities,one_contract_per_file,reason_string,use_natspec}",{},{},{}
contracts_output/contracts_output/codellama_with_rag_contracts/4986.sol,4986.sol,solhint-6.0.0,solidity,2025/09/14,20260213_1744,1771004929.7477376,2.6911444664001465,1,"{compiler_version,func_visibility,gas_custom_errors,gas_small_strings,gas_strict_inequalities,one_contract_per_file,reason_string,use_natspec,visibility_modifier_order}",{},{},{}
contracts_output/contracts_output/codellama_with_rag_contracts/4993.sol,4993.sol,solhint-6.0.0,solidity,2025/09/14,20260213_1744,1771004995.5339532,3.5968525409698486,1,"{compiler_version,func_visibility,gas_custom_errors,gas_small_strings,gas_strict_inequalities,no_unused_vars,one_contract_per_file,reason_string,use_natspec}",{},{},{}
contracts_output/contracts_output/codellama_with_rag_contracts/5005.sol,5005.sol,solhint-6.0.0,solidity,2025/09/14,20260213_1744,1771005014.0435982,3.0953423976898193,1,"{compiler_version,func_visibility,gas_custom_errors,gas_small_strings,gas_strict_inequalities,one_contract_per_file,reason_string,use_natspec}",{},{},{}
contracts_output/contracts_output/codellama_with_rag_contracts/5007.sol,5007.sol,solhint-6.0.0,solidity,2025/09/14,20260213_1744,1771004765.0755646,2.8857357501983643,1,"{compiler_version,func_visibility,gas_custom_errors,gas_increment_by_one,gas_small_strings,gas_strict_inequalities,no_unused_vars,one_contract_per_file,reason_string,use_natspec}",{},{},{}
contracts_output/contracts_output/codellama_with_rag_contracts/5030.sol,5030.sol,solhint-6.0.0,solidity,2025/09/14,20260213_1744,1771004982.7592077,3.1718826293945312,1,"{compiler_version,explicit_types,func_visibility,gas_custom_errors,gas_small_strings,gas_strict_inequalities,one_contract_per_file,reason_string,use_natspec}",{},{},{}
contracts_output/contracts_output/codellama_with_rag_contracts/5033.sol,5033.sol,solhint-6.0.0,solidity,2025/09/14,20260213_1744,1771004860.1103644,2.6391475200653076,1,"{compiler_version,func_visibility,gas_custom_errors,gas_small_strings,gas_strict_inequalities,one_contract_per_file,reason_string,use_natspec}",{},{},{}
contracts_output/contracts_output/codellama_with_rag_contracts/5043.sol,5043.sol,solhint-6.0.0,solidity,2025/09/14,20260213_1744,1771004809.4005647,2.717013359069824,1,"{compiler_version,func_visibility,gas_custom_errors,gas_indexed_events,gas_small_strings,gas_strict_inequalities,one_contract_per_file,reason_string,use_natspec}",{},{},{}
contracts_output/contracts_output/codellama_with_rag_contracts/5070.sol,5070.sol,solhint-6.0.0,solidity,2025/09/14,20260213_1744,1771005089.6077862,2.2425994873046875,1,"{compiler_version,explicit_types,func_visibility,gas_custom_errors,gas_small_strings,gas_strict_inequalities,no_unused_vars,one_contract_per_file,quotes,reason_string,use_natspec}",{},{},{}
contracts_output/contracts_output/codellama_with_rag_contracts/5074.sol,5074.sol,solhint-6.0.0,solidity,2025/09/14,20260213_1744,1771004803.8555744,2.8874740600585938,1,"{compiler_version,gas_custom_errors,gas_small_strings,gas_strict_inequalities,one_contract_per_file,reason_string,use_natspec}",{},{},{}
contracts_output/contracts_output/codellama_with_rag_contracts/5098.sol,5098.sol,solhint-6.0.0,solidity,2025/09/14,20260213_1744,1771004858.5735364,2.751634120941162,1,"{compiler_version,func_visibility,gas_custom_errors,gas_small_strings,gas_strict_inequalities,one_contract_per_file,reason_string,use_natspec}",{},{},{}
contracts_output/contracts_output/codellama_with_rag_contracts/5099.sol,5099.sol,solhint-6.0.0,solidity,2025/09/14,20260213_1744,1771004924.649869,3.5226035118103027,1,"{compiler_version,func_visibility,gas_custom_errors,gas_small_strings,gas_strict_inequalities,one_contract_per_file,reason_string,use_natspec}",{},{},{}
contracts_output/contracts_output/codellama_with_rag_contracts/5101.sol,5101.sol,solhint-6.0.0,solidity,2025/09/14,20260213_1744,1771004825.6794276,4.110191583633423,1,"{compiler_version,func_visibility,gas_custom_errors,gas_small_strings,gas_strict_inequalities,one_contract_per_file,quotes,reason_string,use_natspec}",{},{},{}
contracts_output/contracts_output/codellama_with_rag_contracts/5131.sol,5131.sol,solhint-6.0.0,solidity,2025/09/14,20260213_1744,1771005032.897364,3.691635847091675,1,"{compiler_version,func_visibility,gas_custom_errors,gas_small_strings,gas_strict_inequalities,one_contract_per_file,reason_string,use_natspec}",{},{},{}
contracts_output/contracts_output/codellama_with_rag_contracts/5169.sol,5169.sol,solhint-6.0.0,solidity,2025/09/14,20260213_1744,1771005010.3097332,3.1440062522888184,1,"{compiler_version,func_visibility,gas_custom_errors,gas_small_strings,gas_strict_inequalities,one_contract_per_file,reason_string,use_natspec,visibility_modifier_order}",{},{},{}
contracts_output/contracts_output/codellama_with_rag_contracts/517.sol,517.sol,solhint-6.0.0,solidity,2025/09/14,20260213_1744,1771004989.8924363,3.37074613571167,1,"{compiler_version,explicit_types,func_visibility,gas_custom_errors,gas_small_strings,gas_strict_inequalities,one_contract_per_file,reason_string,use_natspec}",{},{},{}
contracts_output/contracts_output/codellama_with_rag_contracts/5173.sol,5173.sol,solhint-6.0.0,solidity,2025/09/14,20260213_1744,1771005031.6011124,2.823845624923706,1,"{compiler_version,func_visibility,gas_custom_errors,gas_small_strings,gas_strict_inequalities,one_contract_per_file,reason_string,use_natspec}",{},{},{}
contracts_output/contracts_output/codellama_with_rag_contracts/5181.sol,5181.sol,solhint-6.0.0,solidity,2025/09/14,20260213_1744,1771004937.4189706,3.095453977584839,1,"{compiler_version,func_visibility,gas_custom_errors,gas_small_strings,gas_strict_inequalities,one_contract_per_file,reason_string,use_natspec}",{},{},{}
contracts_output/contracts_output/codellama_with_rag_contracts/5188.sol,5188.sol,solhint-6.0.0,solidity,2025/09/14,20260213_1744,1771005069.149383,3.869851589202881,1,"{compiler_version,func_visibility,gas_custom_errors,gas_increment_by_one,gas_small_strings,gas_strict_inequalities,one_contract_per_file,reason_string,use_natspec}",{},{},{}
contracts_output/contracts_output/codellama_with_rag_contracts/52.sol,52.sol,solhint-6.0.0,solidity,2025/09/14,20260213_1744,1771004893.5560055,3.121830701828003,1,"{compiler_version,func_visibility,gas_custom_errors,gas_small_strings,gas_strict_inequalities,one_contract_per_file,reason_string,use_natspec,visibility_modifier_order}",{},{},{}
contracts_output/contracts_output/codellama_with_rag_contracts/5200.sol,5200.sol,solhint-6.0.0,solidity,2025/09/14,20260213_1744,1771004888.2543185,4.549558639526367,1,"{compiler_version,func_visibility,gas_custom_errors,gas_increment_by_one,gas_small_strings,gas_strict_inequalities,one_contract_per_file,reason_string,use_natspec}",{},{},{}
contracts_output/contracts_output/codellama_with_rag_contracts/521.sol,521.sol,solhint-6.0.0,solidity,2025/09/14,20260213_1744,1771004791.0696883,3.0764739513397217,1,"{compiler_version,func_visibility,gas_custom_errors,gas_small_strings,gas_strict_inequalities,one_contract_per_file,reason_string,use_natspec}",{},{},{}
contracts_output/contracts_output/codellama_with_rag_contracts/5228.sol,5228.sol,solhint-6.0.0,solidity,2025/09/14,20260213_1744,1771005024.97588,3.129509687423706,1,"{compiler_version,func_visibility,gas_custom_errors,gas_small_strings,gas_strict_inequalities,one_contract_per_file,reason_string,use_natspec}",{},{},{}
contracts_output/contracts_output/codellama_with_rag_contracts/5253.sol,5253.sol,solhint-6.0.0,solidity,2025/09/14,20260213_1744,1771005095.0799804,2.7109415531158447,1,"{compiler_version,gas_custom_errors,gas_small_strings,gas_strict_inequalities,one_contract_per_file,reason_string,use_natspec}",{},{},{}
contracts_output/contracts_output/codellama_with_rag_contracts/527.sol,527.sol,solhint-6.0.0,solidity,2025/09/14,20260213_1744,1771004963.7509925,3.021721124649048,1,"{compiler_version,explicit_types,func_visibility,gas_custom_errors,gas_small_strings,gas_strict_inequalities,one_contract_per_file,reason_string,use_natspec}",{},{},{}
contracts_output/contracts_output/codellama_with_rag_contracts/5294.sol,5294.sol,solhint-6.0.0,solidity,2025/09/14,20260213_1744,1771005095.2957828,3.3580820560455322,1,"{compiler_version,func_visibility,gas_custom_errors,gas_small_strings,gas_strict_inequalities,one_contract_per_file,reason_string,use_natspec}",{},{},{}
contracts_output/contracts_output/codellama_with_rag_contracts/5296.sol,5296.sol,solhint-6.0.0,solidity,2025/09/14,20260213_1744,1771004901.9170036,3.5815176963806152,1,"{compiler_version,explicit_types,func_visibility,gas_custom_errors,gas_increment_by_one,gas_small_strings,gas_strict_inequalities,one_contract_per_file,reason_string,use_natspec}",{},{},{}
contracts_output/contracts_output/codellama_with_rag_contracts/5300.sol,5300.sol,solhint-6.0.0,solidity,2025/09/14,20260213_1744,1771004897.9798803,3.9351086616516113,1,"{compiler_version,gas_custom_errors,gas_small_strings,gas_strict_inequalities,one_contract_per_file,reason_string,use_natspec}",{},{},{}
contracts_output/contracts_output/codellama_with_rag_contracts/5313.sol,5313.sol,solhint-6.0.0,solidity,2025/09/14,20260213_1744,1771004916.8852932,3.4156267642974854,1,"{compiler_version,func_visibility,gas_custom_errors,gas_small_strings,gas_strict_inequalities,one_contract_per_file,reason_string,use_natspec}",{},{},{}
contracts_output/contracts_output/codellama_with_rag_contracts/5314.sol,5314.sol,solhint-6.0.0,solidity,2025/09/14,20260213_1744,1771004734.9140697,2.9656450748443604,1,"{compiler_version,explicit_types,func_visibility,gas_custom_errors,gas_increment_by_one,gas_small_strings,gas_strict_inequalities,one_contract_per_file,reason_string,use_natspec}",{},{},{}
contracts_output/contracts_output/codellama_with_rag_contracts/5346.sol,5346.sol,solhint-6.0.0,solidity,2025/09/14,20260213_1744,1771004965.2494662,3.6233325004577637,1,"{compiler_version,func_visibility,gas_custom_errors,gas_small_strings,gas_strict_inequalities,one_contract_per_file,reason_string,use_natspec}",{},{},{}
contracts_output/contracts_output/codellama_with_rag_contracts/5392.sol,5392.sol,solhint-6.0.0,solidity,2025/09/14,20260213_1744,1771004896.6794868,3.649174213409424,1,"{compiler_version,func_visibility,gas_custom_errors,gas_increment_by_one,gas_small_strings,gas_strict_inequalities,one_contract_per_file,reason_string,use_natspec}",{},{},{}
contracts_output/contracts_output/codellama_with_rag_contracts/5397.sol,5397.sol,solhint-6.0.0,solidity,2025/09/14,20260213_1744,1771004697.3414323,3.176311731338501,1,"{compiler_version,func_visibility,gas_custom_errors,gas_increment_by_one,gas_small_strings,gas_strict_inequalities,one_contract_per_file,reason_string,use_natspec}",{},{},{}
contracts_output/contracts_output/codellama_with_rag_contracts/5406.sol,5406.sol,solhint-6.0.0,solidity,2025/09/14,20260213_1744,1771004721.2575636,2.521141529083252,255,{},{},{EXIT_CODE_255},{}
contracts_output/contracts_output/codellama_with_rag_contracts/5414.sol,5414.sol,solhint-6.0.0,solidity,2025/09/14,20260213_1744,1771005091.232273,2.876972198486328,255,{},{},{EXIT_CODE_255},{}
contracts_output/contracts_output/codellama_with_rag_contracts/5432.sol,5432.sol,solhint-6.0.0,solidity,2025/09/14,20260213_1744,1771004894.0447264,3.093928575515747,1,"{compiler_version,explicit_types,func_visibility,gas_custom_errors,gas_small_strings,gas_strict_inequalities,one_contract_per_file,reason_string,use_natspec}",{},{},{}
contracts_output/contracts_output/codellama_with_rag_contracts/5444.sol,5444.sol,solhint-6.0.0,solidity,2025/09/14,20260213_1744,1771004888.410597,4.231587171554565,1,"{compiler_version,func_visibility,gas_custom_errors,gas_small_strings,gas_strict_inequalities,one_contract_per_file,reason_string,use_natspec}",{},{},{}
contracts_output/contracts_output/codellama_with_rag_contracts/5459.sol,5459.sol,solhint-6.0.0,solidity,2025/09/14,20260213_1744,1771005003.0426753,2.848891019821167,1,"{compiler_version,func_visibility,gas_custom_errors,gas_small_strings,gas_strict_inequalities,one_contract_per_file,reason_string,use_natspec}",{},{},{}
contracts_output/contracts_output/codellama_with_rag_contracts/5466.sol,5466.sol,solhint-6.0.0,solidity,2025/09/14,20260213_1744,1771005009.262019,3.773015022277832,1,"{compiler_version,explicit_types,func_visibility,gas_custom_errors,gas_small_strings,gas_strict_inequalities,one_contract_per_file,reason_string,use_natspec}",{},{},{}
contracts_output/contracts_output/codellama_with_rag_contracts/5478.sol,5478.sol,solhint-6.0.0,solidity,2025/09/14,20260213_1744,1771004867.4916365,4.665251731872559,1,"{compiler_version,func_visibility,gas_custom_errors,gas_small_strings,gas_strict_inequalities,one_contract_per_file,reason_string,use_natspec}",{},{},{}
contracts_output/contracts_output/codellama_with_rag_contracts/5480.sol,5480.sol,solhint-6.0.0,solidity,2025/09/14,20260213_1744,1771004994.153476,4.067946195602417,1,"{compiler_version,func_visibility,gas_custom_errors,gas_small_strings,gas_strict_inequalities,one_contract_per_file,reason_string,use_natspec,visibility_modifier_order}",{},{},{}
contracts_output/contracts_output/codellama_with_rag_contracts/5481.sol,5481.sol,solhint-6.0.0,solidity,2025/09/14,20260213_1744,1771004952.3672113,3.5602147579193115,1,"{compiler_version,func_visibility,gas_custom_errors,gas_small_strings,gas_strict_inequalities,no_inline_assembly,one_contract_per_file,reason_string,use_natspec}",{},{},{}
contracts_output/contracts_output/codellama_with_rag_contracts/5497.sol,5497.sol,solhint-6.0.0,solidity,2025/09/14,20260213_1744,1771004835.435241,3.211944580078125,1,"{compiler_version,explicit_types,func_visibility,gas_custom_errors,gas_increment_by_one,gas_small_strings,gas_strict_inequalities,one_contract_per_file,reason_string,use_natspec,visibility_modifier_order}",{},{},{}
contracts_output/contracts_output/codellama_with_rag_contracts/5500.sol,5500.sol,solhint-6.0.0,solidity,2025/09/14,20260213_1744,1771004729.4528923,2.353390693664551,1,"{compiler_version,const_name_snakecase,func_visibility,gas_custom_errors,gas_small_strings,gas_strict_inequalities,no_empty_blocks,one_contract_per_file,quotes,reason_string,use_natspec}",{},{},{}
contracts_output/contracts_output/codellama_with_rag_contracts/5527.sol,5527.sol,solhint-6.0.0,solidity,2025/09/14,20260213_1744,1771004722.913528,2.343792200088501,255,{},{},{EXIT_CODE_255},{}
contracts_output/contracts_output/codellama_with_rag_contracts/5531.sol,5531.sol,solhint-6.0.0,solidity,2025/09/14,20260213_1744,1771004826.7372406,3.4342193603515625,1,"{compiler_version,func_visibility,gas_custom_errors,gas_small_strings,gas_strict_inequalities,no_empty_blocks,one_contract_per_file,reason_string,use_natspec}",{},{},{}
contracts_output/contracts_output/codellama_with_rag_contracts/5534.sol,5534.sol,solhint-6.0.0,solidity,2025/09/14,20260213_1744,1771004797.2551157,2.396056890487671,1,"{compiler_version,func_visibility,gas_custom_errors,gas_small_strings,gas_strict_inequalities,one_contract_per_file,reason_string,use_natspec}",{},{},{}
contracts_output/contracts_output/codellama_with_rag_contracts/5542.sol,5542.sol,solhint-6.0.0,solidity,2025/09/14,20260213_1744,1771004888.2200944,3.296919345855713,1,"{compiler_version,func_visibility,gas_custom_errors,gas_small_strings,gas_strict_inequalities,one_contract_per_file,quotes,reason_string,use_natspec}",{},{},{}
contracts_output/contracts_output/codellama_with_rag_contracts/5584.sol,5584.sol,solhint-6.0.0,solidity,2025/09/14,20260213_1744,1771005058.3354034,3.059199810028076,1,"{compiler_version,func_visibility,gas_custom_errors,gas_small_strings,gas_strict_inequalities,no_empty_blocks,one_contract_per_file,reason_string,use_natspec}",{},{},{}
contracts_output/contracts_output/codellama_with_rag_contracts/5602.sol,5602.sol,solhint-6.0.0,solidity,2025/09/14,20260213_1744,1771004787.0820258,3.425391912460327,1,"{compiler_version,func_visibility,gas_custom_errors,gas_small_strings,gas_strict_inequalities,one_contract_per_file,reason_string,use_natspec}",{},{},{}
contracts_output/contracts_output/codellama_with_rag_contracts/5609.sol,5609.sol,solhint-6.0.0,solidity,2025/09/14,20260213_1744,1771004916.6401134,2.7846460342407227,1,"{compiler_version,func_visibility,gas_custom_errors,gas_increment_by_one,gas_small_strings,gas_strict_inequalities,one_contract_per_file,reason_string,use_natspec}",{},{},{}
contracts_output/contracts_output/codellama_with_rag_contracts/5627.sol,5627.sol,solhint-6.0.0,solidity,2025/09/14,20260213_1744,1771005078.5116684,3.546065092086792,1,"{compiler_version,func_visibility,gas_custom_errors,gas_increment_by_one,gas_small_strings,gas_strict_inequalities,one_contract_per_file,reason_string,use_natspec}",{},{},{}
contracts_output/contracts_output/codellama_with_rag_contracts/5639.sol,5639.sol,solhint-6.0.0,solidity,2025/09/14,20260213_1744,1771004868.124958,3.3588035106658936,1,"{compiler_version,explicit_types,func_visibility,gas_custom_errors,gas_small_strings,gas_strict_inequalities,one_contract_per_file,reason_string,use_natspec}",{},{},{}
contracts_output/contracts_output/codellama_with_rag_contracts/5641.sol,5641.sol,solhint-6.0.0,solidity,2025/09/14,20260213_1744,1771005008.6440878,2.733605146408081,1,"{compiler_version,func_visibility,gas_custom_errors,gas_small_strings,gas_strict_inequalities,one_contract_per_file,reason_string,use_natspec}",{},{},{}
contracts_output/contracts_output/codellama_with_rag_contracts/5648.sol,5648.sol,solhint-6.0.0,solidity,2025/09/14,20260213_1744,1771004834.3830924,3.0974509716033936,1,"{compiler_version,func_visibility,gas_custom_errors,gas_small_strings,gas_strict_inequalities,one_contract_per_file,reason_string,use_natspec}",{},{},{}
contracts_output/contracts_output/codellama_with_rag_contracts/565.sol,565.sol,solhint-6.0.0,solidity,2025/09/14,20260213_1744,1771004709.579491,3.1395139694213867,1,"{compiler_version,func_visibility,gas_custom_errors,gas_increment_by_one,gas_small_strings,gas_strict_inequalities,one_contract_per_file,reason_string,use_natspec}",{},{},{}
contracts_output/contracts_output/codellama_with_rag_contracts/5667.sol,5667.sol,solhint-6.0.0,solidity,2025/09/14,20260213_1744,1771004698.696351,2.987618923187256,1,"{compiler_version,func_visibility,gas_custom_errors,gas_small_strings,gas_strict_inequalities,one_contract_per_file,reason_string,use_natspec}",{},{},{}
contracts_output/contracts_output/codellama_with_rag_contracts/5679.sol,5679.sol,solhint-6.0.0,solidity,2025/09/14,20260213_1744,1771004850.740425,3.4569127559661865,1,"{compiler_version,func_visibility,gas_custom_errors,gas_small_strings,gas_strict_inequalities,one_contract_per_file,reason_string,use_natspec}",{},{},{}
contracts_output/contracts_output/codellama_with_rag_contracts/5691.sol,5691.sol,solhint-6.0.0,solidity,2025/09/14,20260213_1744,1771004697.703617,3.218003988265991,1,"{compiler_version,func_visibility,gas_custom_errors,gas_small_strings,gas_strict_inequalities,one_contract_per_file,reason_string,use_natspec}",{},{},{}
contracts_output/contracts_output/codellama_with_rag_contracts/5701.sol,5701.sol,solhint-6.0.0,solidity,2025/09/14,20260213_1744,1771004908.305415,3.39597487449646,1,"{compiler_version,func_visibility,gas_custom_errors,gas_small_strings,gas_strict_inequalities,one_contract_per_file,reason_string,use_natspec}",{},{},{}
contracts_output/contracts_output/codellama_with_rag_contracts/5707.sol,5707.sol,solhint-6.0.0,solidity,2025/09/14,20260213_1744,1771004995.0241725,3.2361721992492676,1,"{compiler_version,func_visibility,gas_custom_errors,gas_small_strings,gas_strict_inequalities,one_contract_per_file,reason_string,use_natspec}",{},{},{}
contracts_output/contracts_output/codellama_with_rag_contracts/5732.sol,5732.sol,solhint-6.0.0,solidity,2025/09/14,20260213_1744,1771004817.5958147,2.84950590133667,1,"{compiler_version,explicit_types,func_visibility,gas_custom_errors,gas_small_strings,gas_strict_inequalities,one_contract_per_file,reason_string,use_natspec}",{},{},{}
contracts_output/contracts_output/codellama_with_rag_contracts/5733.sol,5733.sol,solhint-6.0.0,solidity,2025/09/14,20260213_1744,1771004914.4133093,3.894291877746582,1,"{compiler_version,explicit_types,func_visibility,gas_custom_errors,gas_increment_by_one,gas_small_strings,gas_strict_inequalities,one_contract_per_file,reason_string,use_natspec}",{},{},{}
contracts_output/contracts_output/codellama_with_rag_contracts/5740.sol,5740.sol,solhint-6.0.0,solidity,2025/09/14,20260213_1744,1771004741.4927645,2.7601871490478516,1,"{compiler_version,func_visibility,gas_custom_errors,gas_small_strings,gas_strict_inequalities,one_contract_per_file,reason_string,use_natspec}",{},{},{}
contracts_output/contracts_output/codellama_with_rag_contracts/5759.sol,5759.sol,solhint-6.0.0,solidity,2025/09/14,20260213_1744,1771004918.4427335,2.849107265472412,1,"{compiler_version,func_visibility,gas_custom_errors,gas_small_strings,gas_strict_inequalities,one_contract_per_file,reason_string,use_natspec}",{},{},{}
contracts_output/contracts_output/codellama_with_rag_contracts/5765.sol,5765.sol,solhint-6.0.0,solidity,2025/09/14,20260213_1744,1771004895.1394577,3.0163259506225586,1,"{compiler_version,func_visibility,gas_custom_errors,gas_small_strings,gas_strict_inequalities,one_contract_per_file,reason_string,use_natspec,visibility_modifier_order}",{},{},{}
contracts_output/contracts_output/codellama_with_rag_contracts/5767.sol,5767.sol,solhint-6.0.0,solidity,2025/09/14,20260213_1744,1771004776.1353228,2.8078043460845947,1,"{compiler_version,explicit_types,gas_custom_errors,gas_small_strings,gas_strict_inequalities,one_contract_per_file,reason_string,reentrancy,use_natspec}",{},{},{}
contracts_output/contracts_output/codellama_with_rag_contracts/5781.sol,5781.sol,solhint-6.0.0,solidity,2025/09/14,20260213_1744,1771004914.562006,3.177028179168701,1,"{compiler_version,func_visibility,gas_custom_errors,gas_small_strings,gas_strict_inequalities,one_contract_per_file,reason_string,use_natspec}",{},{},{}
contracts_output/contracts_output/codellama_with_rag_contracts/5791.sol,5791.sol,solhint-6.0.0,solidity,2025/09/14,20260213_1744,1771004867.765401,3.211134195327759,255,{},{},{EXIT_CODE_255},{}
contracts_output/contracts_output/codellama_with_rag_contracts/5799.sol,5799.sol,solhint-6.0.0,solidity,2025/09/14,20260213_1744,1771004807.5232122,2.94316029548645,1,"{compiler_version,func_visibility,gas_custom_errors,gas_small_strings,gas_strict_inequalities,one_contract_per_file,reason_string,use_natspec}",{},{},{}
contracts_output/contracts_output/codellama_with_rag_contracts/5800.sol,5800.sol,solhint-6.0.0,solidity,2025/09/14,20260213_1744,1771005067.3725243,2.4560883045196533,255,{},{},{EXIT_CODE_255},{}
contracts_output/contracts_output/codellama_with_rag_contracts/5804.sol,5804.sol,solhint-6.0.0,solidity,2025/09/14,20260213_1744,1771005013.0849743,3.8960540294647217,1,"{compiler_version,explicit_types,func_visibility,gas_custom_errors,gas_small_strings,gas_strict_inequalities,one_contract_per_file,reason_string,use_natspec}",{},{},{}
contracts_output/contracts_output/codellama_with_rag_contracts/5822.sol,5822.sol,solhint-6.0.0,solidity,2025/09/14,20260213_1744,1771004928.804143,3.3530683517456055,1,"{compiler_version,explicit_types,func_visibility,gas_custom_errors,gas_small_strings,gas_strict_inequalities,one_contract_per_file,reason_string,use_natspec}",{},{},{}
contracts_output/contracts_output/codellama_with_rag_contracts/5836.sol,5836.sol,solhint-6.0.0,solidity,2025/09/14,20260213_1744,1771004960.5550241,3.193690061569214,1,"{compiler_version,explicit_types,func_visibility,gas_custom_errors,gas_small_strings,gas_strict_inequalities,one_contract_per_file,quotes,reason_string,use_natspec}",{},{},{}
contracts_output/contracts_output/codellama_with_rag_contracts/5894.sol,5894.sol,solhint-6.0.0,solidity,2025/09/14,20260213_1744,1771004863.9701474,3.5199122428894043,255,{},{},{EXIT_CODE_255},{}
contracts_output/contracts_output/codellama_with_rag_contracts/5915.sol,5915.sol,solhint-6.0.0,solidity,2025/09/14,20260213_1744,1771004888.7161837,3.725332736968994,1,"{compiler_version,gas_custom_errors,gas_small_strings,gas_strict_inequalities,one_contract_per_file,reason_string,use_natspec}",{},{},{}
contracts_output/contracts_output/codellama_with_rag_contracts/5919.sol,5919.sol,solhint-6.0.0,solidity,2025/09/14,20260213_1744,1771004877.1526487,3.2713069915771484,1,"{compiler_version,func_visibility,gas_custom_errors,gas_small_strings,gas_strict_inequalities,one_contract_per_file,reason_string,use_natspec}",{},{},{}
contracts_output/contracts_output/codellama_with_rag_contracts/5921.sol,5921.sol,solhint-6.0.0,solidity,2025/09/14,20260213_1744,1771005034.0815442,3.411067485809326,1,"{compiler_version,func_visibility,gas_custom_errors,gas_small_strings,gas_strict_inequalities,one_contract_per_file,reason_string,use_natspec}",{},{},{}
contracts_output/contracts_output/codellama_with_rag_contracts/5927.sol,5927.sol,solhint-6.0.0,solidity,2025/09/14,20260213_1744,1771004720.8422687,3.192192792892456,1,"{compiler_version,func_visibility,gas_custom_errors,gas_increment_by_one,gas_small_strings,gas_strict_inequalities,one_contract_per_file,reason_string,use_natspec}",{},{},{}
contracts_output/contracts_output/codellama_with_rag_contracts/5928.sol,5928.sol,solhint-6.0.0,solidity,2025/09/14,20260213_1744,1771004686.3493118,3.3639681339263916,1,"{compiler_version,func_visibility,gas_custom_errors,gas_small_strings,gas_strict_inequalities,one_contract_per_file,reason_string,use_natspec}",{},{},{}
contracts_output/contracts_output/codellama_with_rag_contracts/5946.sol,5946.sol,solhint-6.0.0,solidity,2025/09/14,20260213_1744,1771004861.2912066,3.1082534790039062,1,"{compiler_version,gas_custom_errors,gas_small_strings,gas_strict_inequalities,one_contract_per_file,reason_string,use_natspec}",{},{},{}
contracts_output/contracts_output/codellama_with_rag_contracts/5952.sol,5952.sol,solhint-6.0.0,solidity,2025/09/14,20260213_1744,1771005025.755745,3.117093563079834,1,"{compiler_version,func_visibility,gas_custom_errors,gas_small_strings,gas_strict_inequalities,no_unused_vars,one_contract_per_file,reason_string,use_natspec}",{},{},{}
contracts_output/contracts_output/codellama_with_rag_contracts/5953.sol,5953.sol,solhint-6.0.0,solidity,2025/09/14,20260213_1744,1771004880.2217443,3.570875883102417,1,"{compiler_version,func_visibility,gas_custom_errors,gas_small_strings,gas_strict_inequalities,one_contract_per_file,reason_string,use_natspec}",{},{},{}
contracts_output/contracts_output/codellama_with_rag_contracts/598.sol,598.sol,solhint-6.0.0,solidity,2025/09/14,20260213_1744,1771004751.7193327,3.033658981323242,1,"{compiler_version,func_visibility,gas_custom_errors,gas_small_strings,gas_strict_inequalities,one_contract_per_file,reason_string,use_natspec}",{},{},{}
contracts_output/contracts_output/codellama_with_rag_contracts/5993.sol,5993.sol,solhint-6.0.0,solidity,2025/09/14,20260213_1744,1771004787.1283736,3.0094830989837646,1,"{compiler_version,func_visibility,gas_custom_errors,gas_small_strings,gas_strict_inequalities,one_contract_per_file,reason_string,use_natspec}",{},{},{}
contracts_output/contracts_output/codellama_with_rag_contracts/6003.sol,6003.sol,solhint-6.0.0,solidity,2025/09/14,20260213_1744,1771004783.953498,2.9496586322784424,1,"{compiler_version,func_visibility,gas_custom_errors,gas_small_strings,gas_strict_inequalities,one_contract_per_file,reason_string,use_natspec}",{},{},{}
contracts_output/contracts_output/codellama_with_rag_contracts/6025.sol,6025.sol,solhint-6.0.0,solidity,2025/09/14,20260213_1744,1771004820.0188735,3.568929672241211,1,"{compiler_version,func_visibility,gas_custom_errors,gas_small_strings,gas_strict_inequalities,one_contract_per_file,reason_string,use_natspec}",{},{},{}
contracts_output/contracts_output/codellama_with_rag_contracts/6042.sol,6042.sol,solhint-6.0.0,solidity,2025/09/14,20260213_1744,1771004937.5230625,3.3090875148773193,1,"{compiler_version,func_visibility,gas_custom_errors,gas_increment_by_one,gas_small_strings,gas_strict_inequalities,no_unused_vars,one_contract_per_file,reason_string,use_natspec}",{},{},{}
contracts_output/contracts_output/codellama_with_rag_contracts/6047.sol,6047.sol,solhint-6.0.0,solidity,2025/09/14,20260213_1744,1771004882.5393708,3.1466779708862305,1,"{compiler_version,func_visibility,gas_custom_errors,gas_small_strings,gas_strict_inequalities,one_contract_per_file,reason_string,use_natspec}",{},{},{}
contracts_output/contracts_output/codellama_with_rag_contracts/6054.sol,6054.sol,solhint-6.0.0,solidity,2025/09/14,20260213_1744,1771004905.5011978,2.8016743659973145,1,"{compiler_version,func_visibility,gas_custom_errors,gas_small_strings,gas_strict_inequalities,one_contract_per_file,reason_string,use_natspec}",{},{},{}
contracts_output/contracts_output/codellama_with_rag_contracts/6060.sol,6060.sol,solhint-6.0.0,solidity,2025/09/14,20260213_1744,1771005099.7772174,3.6649234294891357,1,"{compiler_version,gas_custom_errors,gas_small_strings,gas_strict_inequalities,no_empty_blocks,no_unused_vars,one_contract_per_file,reason_string,use_natspec,var_name_mixedcase,visibility_modifier_order}",{},{},{}
contracts_output/contracts_output/codellama_with_rag_contracts/6063.sol,6063.sol,solhint-6.0.0,solidity,2025/09/14,20260213_1744,1771005104.597746,3.0433828830718994,1,"{compiler_version,func_visibility,gas_custom_errors,gas_small_strings,gas_strict_inequalities,one_contract_per_file,quotes,reason_string,use_natspec}",{},{},{}
contracts_output/contracts_output/codellama_with_rag_contracts/609.sol,609.sol,solhint-6.0.0,solidity,2025/09/14,20260213_1744,1771004928.6111743,2.511308431625366,1,"{compiler_version,func_visibility,gas_custom_errors,gas_increment_by_one,gas_small_strings,gas_strict_inequalities,one_contract_per_file,reason_string,use_natspec}",{},{},{}
contracts_output/contracts_output/codellama_with_rag_contracts/6100.sol,6100.sol,solhint-6.0.0,solidity,2025/09/14,20260213_1744,1771004714.3651175,2.8003933429718018,1,"{compiler_version,gas_custom_errors,gas_small_strings,gas_strict_inequalities,one_contract_per_file,reason_string,use_natspec}",{},{},{}
contracts_output/contracts_output/codellama_with_rag_contracts/6110.sol,6110.sol,solhint-6.0.0,solidity,2025/09/14,20260213_1744,1771004848.5382946,3.1919734477996826,1,"{compiler_version,explicit_types,func_visibility,gas_custom_errors,gas_indexed_events,gas_small_strings,gas_strict_inequalities,one_contract_per_file,reason_string,use_natspec}",{},{},{}
contracts_output/contracts_output/codellama_with_rag_contracts/6123.sol,6123.sol,solhint-6.0.0,solidity,2025/09/14,20260213_1744,1771005081.9026775,3.0557148456573486,1,"{compiler_version,func_visibility,gas_custom_errors,gas_small_strings,gas_strict_inequalities,one_contract_per_file,reason_string,use_natspec}",{},{},{}
contracts_output/contracts_output/codellama_with_rag_contracts/6152.sol,6152.sol,solhint-6.0.0,solidity,2025/09/14,20260213_1744,1771004902.3639545,3.0415053367614746,1,"{compiler_version,func_visibility,gas_custom_errors,gas_small_strings,gas_strict_inequalities,one_contract_per_file,reason_string,use_natspec}",{},{},{}
contracts_output/contracts_output/codellama_with_rag_contracts/6178.sol,6178.sol,solhint-6.0.0,solidity,2025/09/14,20260213_1744,1771004904.4940486,2.803783893585205,1,"{compiler_version,func_visibility,gas_custom_errors,gas_small_strings,gas_strict_inequalities,one_contract_per_file,reason_string,use_natspec}",{},{},{}
contracts_output/contracts_output/codellama_with_rag_contracts/6206.sol,6206.sol,solhint-6.0.0,solidity,2025/09/14,20260213_1744,1771004700.239636,3.0844528675079346,1,"{compiler_version,func_visibility,gas_custom_errors,gas_small_strings,gas_strict_inequalities,one_contract_per_file,reason_string,use_natspec}",{},{},{}
contracts_output/contracts_output/codellama_with_rag_contracts/6236.sol,6236.sol,solhint-6.0.0,solidity,2025/09/14,20260213_1744,1771004881.091512,3.1032521724700928,255,{},{},{EXIT_CODE_255},{}
contracts_output/contracts_output/codellama_with_rag_contracts/6249.sol,6249.sol,solhint-6.0.0,solidity,2025/09/14,20260213_1744,1771004712.499227,3.358269214630127,1,"{compiler_version,func_visibility,gas_custom_errors,gas_small_strings,gas_strict_inequalities,one_contract_per_file,reason_string,use_natspec}",{},{},{}
contracts_output/contracts_output/codellama_with_rag_contracts/6260.sol,6260.sol,solhint-6.0.0,solidity,2025/09/14,20260213_1744,1771004694.1877844,3.131605625152588,1,"{compiler_version,func_visibility,gas_custom_errors,gas_small_strings,gas_strict_inequalities,one_contract_per_file,reason_string,use_natspec}",{},{},{}
contracts_output/contracts_output/codellama_with_rag_contracts/6276.sol,6276.sol,solhint-6.0.0,solidity,2025/09/14,20260213_1744,1771004914.3126302,3.637392282485962,1,"{compiler_version,func_visibility,gas_custom_errors,gas_small_strings,gas_strict_inequalities,one_contract_per_file,reason_string,use_natspec}",{},{},{}
contracts_output/contracts_output/codellama_with_rag_contracts/629.sol,629.sol,solhint-6.0.0,solidity,2025/09/14,20260213_1744,1771004924.523424,4.035926103591919,1,"{compiler_version,func_visibility,gas_custom_errors,gas_small_strings,gas_strict_inequalities,one_contract_per_file,reason_string,use_natspec}",{},{},{}
contracts_output/contracts_output/codellama_with_rag_contracts/6310.sol,6310.sol,solhint-6.0.0,solidity,2025/09/14,20260213_1744,1771004850.9747517,3.2365779876708984,1,"{compiler_version,func_visibility,gas_custom_errors,gas_small_strings,gas_strict_inequalities,one_contract_per_file,reason_string,use_natspec}",{},{},{}
contracts_output/contracts_output/codellama_with_rag_contracts/6311.sol,6311.sol,solhint-6.0.0,solidity,2025/09/14,20260213_1744,1771004850.8989275,3.66642165184021,1,"{compiler_version,explicit_types,func_visibility,gas_custom_errors,gas_increment_by_one,gas_small_strings,gas_strict_inequalities,one_contract_per_file,reason_string,use_natspec}",{},{},{}
contracts_output/contracts_output/codellama_with_rag_contracts/6317.sol,6317.sol,solhint-6.0.0,solidity,2025/09/14,20260213_1744,1771004800.873962,3.2665023803710938,1,"{compiler_version,explicit_types,func_visibility,gas_custom_errors,gas_small_strings,gas_strict_inequalities,one_contract_per_file,reason_string,use_natspec}",{},{},{}
contracts_output/contracts_output/codellama_with_rag_contracts/6318.sol,6318.sol,solhint-6.0.0,solidity,2025/09/14,20260213_1744,1771004892.806584,2.870846748352051,1,"{compiler_version,func_visibility,gas_custom_errors,gas_small_strings,gas_strict_inequalities,one_contract_per_file,reason_string,use_natspec}",{},{},{}
contracts_output/contracts_output/codellama_with_rag_contracts/6330.sol,6330.sol,solhint-6.0.0,solidity,2025/09/14,20260213_1744,1771004995.7471192,3.153475522994995,1,"{compiler_version,func_visibility,gas_custom_errors,gas_small_strings,gas_strict_inequalities,one_contract_per_file,reason_string,use_natspec}",{},{},{}
contracts_output/contracts_output/codellama_with_rag_contracts/6348.sol,6348.sol,solhint-6.0.0,solidity,2025/09/14,20260213_1744,1771004960.3451412,2.2660675048828125,1,"{compiler_version,func_visibility,gas_custom_errors,gas_small_strings,gas_strict_inequalities,one_contract_per_file,reason_string,use_natspec}",{},{},{}
contracts_output/contracts_output/codellama_with_rag_contracts/6370.sol,6370.sol,solhint-6.0.0,solidity,2025/09/14,20260213_1744,1771004879.5813653,2.9551265239715576,1,"{compiler_version,func_visibility,gas_custom_errors,gas_small_strings,gas_strict_inequalities,one_contract_per_file,reason_string,use_natspec}",{},{},{}
contracts_output/contracts_output/codellama_with_rag_contracts/6381.sol,6381.sol,solhint-6.0.0,solidity,2025/09/14,20260213_1744,1771004948.7775772,3.54626202583313,1,"{compiler_version,const_name_snakecase,func_visibility,gas_custom_errors,gas_small_strings,gas_strict_inequalities,one_contract_per_file,quotes,reason_string,use_natspec}",{},{},{}
contracts_output/contracts_output/codellama_with_rag_contracts/6383.sol,6383.sol,solhint-6.0.0,solidity,2025/09/14,20260213_1744,1771004854.568412,3.3296384811401367,1,"{compiler_version,func_visibility,gas_custom_errors,gas_small_strings,gas_strict_inequalities,one_contract_per_file,reason_string,use_natspec}",{},{},{}
contracts_output/contracts_output/codellama_with_rag_contracts/6386.sol,6386.sol,solhint-6.0.0,solidity,2025/09/14,20260213_1744,1771005062.4490333,3.2308051586151123,1,"{compiler_version,func_visibility,gas_custom_errors,gas_small_strings,gas_strict_inequalities,one_contract_per_file,reason_string,use_natspec}",{},{},{}
contracts_output/contracts_output/codellama_with_rag_contracts/6399.sol,6399.sol,solhint-6.0.0,solidity,2025/09/14,20260213_1744,1771004806.867313,3.857419729232788,1,"{compiler_version,func_visibility,gas_custom_errors,gas_small_strings,gas_strict_inequalities,no_unused_vars,one_contract_per_file,reason_string,use_natspec}",{},{},{}
contracts_output/contracts_output/codellama_with_rag_contracts/6404.sol,6404.sol,solhint-6.0.0,solidity,2025/09/14,20260213_1744,1771004778.248768,5.001111030578613,1,"{compiler_version,func_visibility,gas_custom_errors,gas_small_strings,gas_strict_inequalities,one_contract_per_file,reason_string,use_natspec}",{},{},{}
contracts_output/contracts_output/codellama_with_rag_contracts/6408.sol,6408.sol,solhint-6.0.0,solidity,2025/09/14,20260213_1744,1771004857.9726815,3.031808376312256,1,"{compiler_version,gas_custom_errors,gas_small_strings,gas_strict_inequalities,one_contract_per_file,reason_string,use_natspec}",{},{},{}
contracts_output/contracts_output/codellama_with_rag_contracts/6427.sol,6427.sol,solhint-6.0.0,solidity,2025/09/14,20260213_1744,1771004725.7749717,2.3935909271240234,1,"{compiler_version,func_visibility,gas_custom_errors,gas_small_strings,gas_strict_inequalities,one_contract_per_file,reason_string,use_natspec}",{},{},{}
contracts_output/contracts_output/codellama_with_rag_contracts/6429.sol,6429.sol,solhint-6.0.0,solidity,2025/09/14,20260213_1744,1771005000.685746,2.5181920528411865,1,"{compiler_version,func_visibility,gas_custom_errors,gas_small_strings,gas_strict_inequalities,one_contract_per_file,reason_string,use_natspec}",{},{},{}
contracts_output/contracts_output/codellama_with_rag_contracts/6434.sol,6434.sol,solhint-6.0.0,solidity,2025/09/14,20260213_1744,1771004757.5620708,3.6505277156829834,1,"{compiler_version,func_visibility,gas_custom_errors,gas_small_strings,gas_strict_inequalities,one_contract_per_file,reason_string,use_natspec}",{},{},{}
contracts_output/contracts_output/codellama_with_rag_contracts/6458.sol,6458.sol,solhint-6.0.0,solidity,2025/09/14,20260213_1744,1771004838.043794,3.8909385204315186,1,"{compiler_version,func_visibility,gas_custom_errors,gas_small_strings,gas_strict_inequalities,one_contract_per_file,reason_string,use_natspec}",{},{},{}
contracts_output/contracts_output/codellama_with_rag_contracts/6503.sol,6503.sol,solhint-6.0.0,solidity,2025/09/14,20260213_1744,1771004945.1506498,3.6257786750793457,255,{},{},{EXIT_CODE_255},{}
contracts_output/contracts_output/codellama_with_rag_contracts/6513.sol,6513.sol,solhint-6.0.0,solidity,2025/09/14,20260213_1744,1771005096.0141513,2.8464717864990234,1,"{compiler_version,gas_custom_errors,gas_small_strings,gas_strict_inequalities,one_contract_per_file,reason_string,use_natspec}",{},{},{}
contracts_output/contracts_output/codellama_with_rag_contracts/6515.sol,6515.sol,solhint-6.0.0,solidity,2025/09/14,20260213_1744,1771004758.6491773,2.557473659515381,1,"{compiler_version,func_visibility,gas_custom_errors,gas_small_strings,gas_strict_inequalities,one_contract_per_file,quotes,reason_string,use_natspec}",{},{},{}
contracts_output/contracts_output/codellama_with_rag_contracts/6517.sol,6517.sol,solhint-6.0.0,solidity,2025/09/14,20260213_1744,1771005007.3395915,3.6969544887542725,1,"{compiler_version,gas_custom_errors,gas_small_strings,gas_strict_inequalities,one_contract_per_file,reason_string,use_natspec,visibility_modifier_order}",{},{},{}
contracts_output/contracts_output/codellama_with_rag_contracts/6519.sol,6519.sol,solhint-6.0.0,solidity,2025/09/14,20260213_1744,1771004732.5372093,3.523317337036133,1,"{compiler_version,explicit_types,func_visibility,gas_custom_errors,gas_small_strings,gas_strict_inequalities,one_contract_per_file,reason_string,use_natspec}",{},{},{}
contracts_output/contracts_output/codellama_with_rag_contracts/6528.sol,6528.sol,solhint-6.0.0,solidity,2025/09/14,20260213_1744,1771004919.7672927,3.0756163597106934,1,"{compiler_version,explicit_types,func_visibility,gas_custom_errors,gas_increment_by_one,gas_small_strings,gas_strict_inequalities,one_contract_per_file,reason_string,use_natspec}",{},{},{}
contracts_output/contracts_output/codellama_with_rag_contracts/6552.sol,6552.sol,solhint-6.0.0,solidity,2025/09/14,20260213_1744,1771004736.6641772,3.602860927581787,1,"{compiler_version,func_visibility,gas_custom_errors,gas_small_strings,gas_strict_inequalities,one_contract_per_file,reason_string,use_natspec}",{},{},{}
contracts_output/contracts_output/codellama_with_rag_contracts/6562.sol,6562.sol,solhint-6.0.0,solidity,2025/09/14,20260213_1744,1771004818.4850938,3.162647008895874,1,"{compiler_version,func_visibility,gas_custom_errors,gas_small_strings,gas_strict_inequalities,one_contract_per_file,reason_string,use_natspec}",{},{},{}
contracts_output/contracts_output/codellama_with_rag_contracts/6593.sol,6593.sol,solhint-6.0.0,solidity,2025/09/14,20260213_1744,1771004851.7329514,3.1139729022979736,1,"{compiler_version,func_visibility,gas_custom_errors,gas_small_strings,gas_strict_inequalities,one_contract_per_file,reason_string,use_natspec}",{},{},{}
contracts_output/contracts_output/codellama_with_rag_contracts/6613.sol,6613.sol,solhint-6.0.0,solidity,2025/09/14,20260213_1744,1771004810.4440513,3.5194897651672363,1,"{compiler_version,func_visibility,gas_custom_errors,gas_small_strings,gas_strict_inequalities,one_contract_per_file,reason_string,use_natspec}",{},{},{}
contracts_output/contracts_output/codellama_with_rag_contracts/6641.sol,6641.sol,solhint-6.0.0,solidity,2025/09/14,20260213_1744,1771004703.6241863,2.976945161819458,1,"{compiler_version,explicit_types,func_visibility,gas_custom_errors,gas_increment_by_one,gas_small_strings,gas_strict_inequalities,one_contract_per_file,reason_string,use_natspec}",{},{},{}
contracts_output/contracts_output/codellama_with_rag_contracts/6644.sol,6644.sol,solhint-6.0.0,solidity,2025/09/14,20260213_1744,1771004831.7850273,2.697927713394165,1,"{compiler_version,explicit_types,func_visibility,gas_custom_errors,gas_small_strings,gas_strict_inequalities,one_contract_per_file,reason_string,use_natspec}",{},{},{}
contracts_output/contracts_output/codellama_with_rag_contracts/6660.sol,6660.sol,solhint-6.0.0,solidity,2025/09/14,20260213_1744,1771004819.8181183,3.2156593799591064,1,"{compiler_version,func_visibility,gas_custom_errors,gas_small_strings,gas_strict_inequalities,one_contract_per_file,reason_string,use_natspec}",{},{},{}
contracts_output/contracts_output/codellama_with_rag_contracts/6667.sol,6667.sol,solhint-6.0.0,solidity,2025/09/14,20260213_1744,1771004855.7955601,3.1005821228027344,1,"{compiler_version,explicit_types,func_visibility,gas_custom_errors,gas_small_strings,gas_strict_inequalities,one_contract_per_file,quotes,reason_string,use_natspec}",{},{},{}
contracts_output/contracts_output/codellama_with_rag_contracts/6671.sol,6671.sol,solhint-6.0.0,solidity,2025/09/14,20260213_1744,1771005041.0178745,2.803288459777832,1,"{compiler_version,func_visibility,gas_custom_errors,gas_small_strings,gas_strict_inequalities,no_unused_vars,one_contract_per_file,reason_string,use_natspec,visibility_modifier_order}",{},{},{}
contracts_output/contracts_output/codellama_with_rag_contracts/6724.sol,6724.sol,solhint-6.0.0,solidity,2025/09/14,20260213_1744,1771004700.8643546,3.1817893981933594,1,"{compiler_version,func_visibility,gas_custom_errors,gas_small_strings,gas_strict_inequalities,one_contract_per_file,reason_string,use_natspec}",{},{},{}
contracts_output/contracts_output/codellama_with_rag_contracts/6726.sol,6726.sol,solhint-6.0.0,solidity,2025/09/14,20260213_1744,1771004882.3755214,2.513575315475464,1,"{compiler_version,explicit_types,func_visibility,gas_custom_errors,gas_small_strings,gas_strict_inequalities,one_contract_per_file,quotes,reason_string,use_natspec}",{},{},{}
contracts_output/contracts_output/codellama_with_rag_contracts/6728.sol,6728.sol,solhint-6.0.0,solidity,2025/09/14,20260213_1744,1771004706.4207838,2.754848003387451,1,"{compiler_version,func_visibility,gas_custom_errors,gas_small_strings,gas_strict_inequalities,one_contract_per_file,reason_string,use_natspec}",{},{},{}
contracts_output/contracts_output/codellama_with_rag_contracts/6735.sol,6735.sol,solhint-6.0.0,solidity,2025/09/14,20260213_1744,1771004873.5306005,2.8037784099578857,1,"{compiler_version,func_visibility,gas_custom_errors,gas_small_strings,gas_strict_inequalities,no_empty_blocks,one_contract_per_file,reason_string,use_natspec,visibility_modifier_order}",{},{},{}
contracts_output/contracts_output/codellama_with_rag_contracts/6751.sol,6751.sol,solhint-6.0.0,solidity,2025/09/14,20260213_1744,1771004946.8204014,3.1234450340270996,1,"{compiler_version,func_visibility,gas_custom_errors,gas_small_strings,gas_strict_inequalities,one_contract_per_file,reason_string,use_natspec}",{},{},{}
contracts_output/contracts_output/codellama_with_rag_contracts/6764.sol,6764.sol,solhint-6.0.0,solidity,2025/09/14,20260213_1744,1771004760.4452312,3.3781747817993164,1,"{compiler_version,func_visibility,gas_custom_errors,gas_small_strings,gas_strict_inequalities,one_contract_per_file,reason_string,use_natspec}",{},{},{}
contracts_output/contracts_output/codellama_with_rag_contracts/6774.sol,6774.sol,solhint-6.0.0,solidity,2025/09/14,20260213_1744,1771004827.159206,3.0777366161346436,1,"{compiler_version,func_visibility,gas_custom_errors,gas_increment_by_one,gas_small_strings,gas_strict_inequalities,one_contract_per_file,reason_string,use_natspec}",{},{},{}
contracts_output/contracts_output/codellama_with_rag_contracts/6776.sol,6776.sol,solhint-6.0.0,solidity,2025/09/14,20260213_1744,1771004701.686895,3.2744767665863037,1,"{compiler_version,func_visibility,gas_custom_errors,gas_small_strings,gas_strict_inequalities,no_empty_blocks,one_contract_per_file,reason_string,use_natspec}",{},{},{}
contracts_output/contracts_output/codellama_with_rag_contracts/6786.sol,6786.sol,solhint-6.0.0,solidity,2025/09/14,20260213_1744,1771004942.1676276,2.8506429195404053,1,"{compiler_version,func_visibility,gas_custom_errors,gas_small_strings,gas_strict_inequalities,one_contract_per_file,reason_string,use_natspec}",{},{},{}
contracts_output/contracts_output/codellama_with_rag_contracts/6808.sol,6808.sol,solhint-6.0.0,solidity,2025/09/14,20260213_1744,1771005100.1808956,3.1669695377349854,1,"{compiler_version,func_visibility,gas_custom_errors,gas_small_strings,gas_strict_inequalities,one_contract_per_file,reason_string,use_natspec}",{},{},{}
contracts_output/contracts_output/codellama_with_rag_contracts/6826.sol,6826.sol,solhint-6.0.0,solidity,2025/09/14,20260213_1744,1771005049.9016054,3.3318967819213867,1,"{compiler_version,explicit_types,func_visibility,gas_custom_errors,gas_small_strings,gas_strict_inequalities,one_contract_per_file,reason_string,use_natspec,visibility_modifier_order}",{},{},{}
contracts_output/contracts_output/codellama_with_rag_contracts/6848.sol,6848.sol,solhint-6.0.0,solidity,2025/09/14,20260213_1744,1771004973.6561074,4.353856801986694,1,"{compiler_version,func_visibility,gas_custom_errors,gas_increment_by_one,gas_indexed_events,gas_small_strings,gas_strict_inequalities,one_contract_per_file,reason_string,use_natspec}",{},{},{}
contracts_output/contracts_output/codellama_with_rag_contracts/6875.sol,6875.sol,solhint-6.0.0,solidity,2025/09/14,20260213_1744,1771004899.0001981,3.5004892349243164,1,"{compiler_version,func_visibility,gas_custom_errors,gas_small_strings,gas_strict_inequalities,one_contract_per_file,reason_string,use_natspec}",{},{},{}
contracts_output/contracts_output/codellama_with_rag_contracts/689.sol,689.sol,solhint-6.0.0,solidity,2025/09/14,20260213_1744,1771004870.8445816,3.019447088241577,1,"{compiler_version,func_visibility,gas_custom_errors,gas_small_strings,gas_strict_inequalities,one_contract_per_file,reason_string,use_natspec}",{},{},{}
contracts_output/contracts_output/codellama_with_rag_contracts/691.sol,691.sol,solhint-6.0.0,solidity,2025/09/14,20260213_1744,1771004695.679144,2.9353907108306885,1,"{compiler_version,func_visibility,gas_custom_errors,gas_small_strings,gas_strict_inequalities,one_contract_per_file,reason_string,use_natspec}",{},{},{}
contracts_output/contracts_output/codellama_with_rag_contracts/694.sol,694.sol,solhint-6.0.0,solidity,2025/09/14,20260213_1744,1771005075.2465277,3.196307420730591,1,"{compiler_version,func_visibility,gas_custom_errors,gas_small_strings,gas_strict_inequalities,one_contract_per_file,reason_string,use_natspec}",{},{},{}
contracts_output/contracts_output/codellama_with_rag_contracts/714.sol,714.sol,solhint-6.0.0,solidity,2025/09/14,20260213_1744,1771005040.9885566,3.168837547302246,1,"{compiler_version,func_visibility,gas_custom_errors,gas_small_strings,gas_strict_inequalities,one_contract_per_file,reason_string,use_natspec}",{},{},{}
contracts_output/contracts_output/codellama_with_rag_contracts/725.sol,725.sol,solhint-6.0.0,solidity,2025/09/14,20260213_1744,1771004889.7216213,3.513972759246826,1,"{compiler_version,func_visibility,gas_custom_errors,gas_increment_by_one,gas_small_strings,gas_strict_inequalities,one_contract_per_file,reason_string,use_natspec}",{},{},{}
contracts_output/contracts_output/codellama_with_rag_contracts/732.sol,732.sol,solhint-6.0.0,solidity,2025/09/14,20260213_1744,1771004834.5379977,3.01499342918396,1,"{compiler_version,func_visibility,gas_custom_errors,gas_small_strings,gas_strict_inequalities,one_contract_per_file,quotes,reason_string,use_natspec}",{},{},{}
contracts_output/contracts_output/codellama_with_rag_contracts/752.sol,752.sol,solhint-6.0.0,solidity,2025/09/14,20260213_1744,1771004859.6721478,2.8430330753326416,1,"{compiler_version,func_visibility,gas_custom_errors,gas_small_strings,gas_strict_inequalities,no_empty_blocks,one_contract_per_file,reason_string,use_natspec}",{},{},{}
contracts_output/contracts_output/codellama_with_rag_contracts/761.sol,761.sol,solhint-6.0.0,solidity,2025/09/14,20260213_1744,1771004845.8283668,3.6190123558044434,1,"{compiler_version,func_visibility,gas_custom_errors,gas_small_strings,gas_strict_inequalities,one_contract_per_file,reason_string,use_natspec}",{},{},{}
contracts_output/contracts_output/codellama_with_rag_contracts/772.sol,772.sol,solhint-6.0.0,solidity,2025/09/14,20260213_1744,1771004974.515635,2.677669048309326,1,"{compiler_version,func_visibility,gas_custom_errors,gas_small_strings,gas_strict_inequalities,one_contract_per_file,reason_string,use_natspec}",{},{},{}
contracts_output/contracts_output/codellama_with_rag_contracts/780.sol,780.sol,solhint-6.0.0,solidity,2025/09/14,20260213_1744,1771004998.9035907,3.273224353790283,1,"{compiler_version,func_visibility,gas_custom_errors,gas_small_strings,gas_strict_inequalities,one_contract_per_file,reason_string,use_natspec,visibility_modifier_order}",{},{},{}
contracts_output/contracts_output/codellama_with_rag_contracts/79.sol,79.sol,solhint-6.0.0,solidity,2025/09/14,20260213_1744,1771004986.200398,4.342008590698242,1,"{compiler_version,func_visibility,gas_custom_errors,gas_increment_by_one,gas_indexed_events,gas_small_strings,gas_strict_inequalities,one_contract_per_file,reason_string,use_natspec}",{},{},{}
contracts_output/contracts_output/codellama_with_rag_contracts/790.sol,790.sol,solhint-6.0.0,solidity,2025/09/14,20260213_1744,1771004694.6769872,2.9666528701782227,1,"{compiler_version,func_visibility,gas_custom_errors,gas_small_strings,gas_strict_inequalities,one_contract_per_file,reason_string,use_natspec}",{},{},{}
contracts_output/contracts_output/codellama_with_rag_contracts/799.sol,799.sol,solhint-6.0.0,solidity,2025/09/14,20260213_1744,1771004696.45654,3.780075788497925,1,"{compiler_version,func_visibility,gas_custom_errors,gas_increment_by_one,gas_small_strings,gas_strict_inequalities,one_contract_per_file,quotes,reason_string,use_natspec}",{},{},{}
contracts_output/contracts_output/codellama_with_rag_contracts/812.sol,812.sol,solhint-6.0.0,solidity,2025/09/14,20260213_1744,1771004867.4233263,4.396550416946411,1,"{compiler_version,func_visibility,gas_custom_errors,gas_increment_by_one,gas_small_strings,gas_strict_inequalities,one_contract_per_file,reason_string,use_natspec}",{},{},{}
contracts_output/contracts_output/codellama_with_rag_contracts/827.sol,827.sol,solhint-6.0.0,solidity,2025/09/14,20260213_1744,1771004849.183557,3.919710874557495,1,"{compiler_version,func_visibility,gas_custom_errors,gas_small_strings,gas_strict_inequalities,one_contract_per_file,reason_string,use_natspec}",{},{},{}
contracts_output/contracts_output/codellama_with_rag_contracts/86.sol,86.sol,solhint-6.0.0,solidity,2025/09/14,20260213_1744,1771004718.3035219,3.0435497760772705,1,"{compiler_version,explicit_types,func_visibility,gas_custom_errors,gas_small_strings,gas_strict_inequalities,one_contract_per_file,reason_string,use_natspec,visibility_modifier_order}",{},{},{}
contracts_output/contracts_output/codellama_with_rag_contracts/868.sol,868.sol,solhint-6.0.0,solidity,2025/09/14,20260213_1744,1771004999.5259688,2.618309736251831,1,"{compiler_version,func_name_mixedcase,func_visibility,gas_custom_errors,gas_increment_by_one,gas_small_strings,gas_strict_inequalities,one_contract_per_file,reason_string,use_natspec,visibility_modifier_order}",{},{},{}
contracts_output/contracts_output/codellama_with_rag_contracts/876.sol,876.sol,solhint-6.0.0,solidity,2025/09/14,20260213_1744,1771004788.008063,3.118542432785034,1,"{compiler_version,func_visibility,gas_custom_errors,gas_small_strings,gas_strict_inequalities,no_empty_blocks,one_contract_per_file,reason_string,use_natspec,visibility_modifier_order}",{},{},{}
contracts_output/contracts_output/codellama_with_rag_contracts/883.sol,883.sol,solhint-6.0.0,solidity,2025/09/14,20260213_1744,1771004838.912705,4.057211399078369,1,"{compiler_version,func_name_mixedcase,func_visibility,gas_custom_errors,gas_increment_by_one,gas_small_strings,gas_strict_inequalities,one_contract_per_file,reason_string,use_natspec}",{},{},{}
contracts_output/contracts_output/codellama_with_rag_contracts/892.sol,892.sol,solhint-6.0.0,solidity,2025/09/14,20260213_1744,1771004997.523969,2.722632646560669,1,"{compiler_version,func_visibility,gas_custom_errors,gas_increment_by_one,gas_small_strings,gas_strict_inequalities,one_contract_per_file,reason_string,use_natspec}",{},{},{}
contracts_output/contracts_output/codellama_with_rag_contracts/906.sol,906.sol,solhint-6.0.0,solidity,2025/09/14,20260213_1744,1771004748.4703958,3.8435633182525635,1,"{compiler_version,func_visibility,gas_custom_errors,gas_increment_by_one,gas_small_strings,gas_strict_inequalities,one_contract_per_file,reason_string,use_natspec}",{},{},{}
contracts_output/contracts_output/codellama_with_rag_contracts/915.sol,915.sol,solhint-6.0.0,solidity,2025/09/14,20260213_1744,1771004700.703325,3.3599140644073486,1,"{compiler_version,explicit_types,func_visibility,gas_custom_errors,gas_small_strings,gas_strict_inequalities,one_contract_per_file,reason_string,use_natspec}",{},{},{}
contracts_output/contracts_output/codellama_with_rag_contracts/949.sol,949.sol,solhint-6.0.0,solidity,2025/09/14,20260213_1744,1771004688.2938385,3.052551031112671,255,{},{},{EXIT_CODE_255},{}
contracts_output/contracts_output/codellama_with_rag_contracts/963.sol,963.sol,solhint-6.0.0,solidity,2025/09/14,20260213_1744,1771004693.0847683,3.294199228286743,1,"{compiler_version,func_visibility,gas_custom_errors,gas_small_strings,gas_strict_inequalities,one_contract_per_file,reason_string,use_natspec}",{},{},{}
contracts_output/contracts_output/codellama_with_rag_contracts/967.sol,967.sol,solhint-6.0.0,solidity,2025/09/14,20260213_1744,1771004830.0851314,3.064655065536499,1,"{avoid_tx_origin,compiler_version,func_visibility,gas_custom_errors,gas_small_strings,gas_strict_inequalities,one_contract_per_file,reason_string,use_natspec}",{},{},{}
contracts_output/contracts_output/codellama_with_rag_contracts/97.sol,97.sol,solhint-6.0.0,solidity,2025/09/14,20260213_1744,1771004874.1930113,4.313782453536987,1,"{compiler_version,func_visibility,gas_custom_errors,gas_small_strings,gas_strict_inequalities,one_contract_per_file,reason_string,use_natspec}",{},{},{}
contracts_output/contracts_output/codellama_with_rag_contracts/971.sol,971.sol,solhint-6.0.0,solidity,2025/09/14,20260213_1744,1771005015.1534061,3.4060416221618652,1,"{compiler_version,func_visibility,gas_custom_errors,gas_small_strings,gas_strict_inequalities,one_contract_per_file,reason_string,use_natspec}",{},{},{}
