filename,basename,toolid,toolmode,parser_version,runid,start,duration,exit_code,findings,infos,errors,fails
contracts_output/contracts_output/gemini_with_rag_contracts/1004.sol,1004.sol,oyente+-060ca34,solidity,2025/06/04,20260206_1558,1770394038.5625021,0.5513262748718262,1,{},{analysis incomplete},{Solidity compilation failed},{}
contracts_output/contracts_output/gemini_with_rag_contracts/1009.sol,1009.sol,oyente+-060ca34,solidity,2025/06/04,20260206_1558,1770393799.7955523,2.1630635261535645,1,{},{analysis incomplete},{Solidity compilation failed},{}
contracts_output/contracts_output/gemini_with_rag_contracts/1010.sol,1010.sol,oyente+-060ca34,solidity,2025/06/04,20260206_1558,1770393682.6419299,15.969401359558105,0,{Integer_Underflow},"{coverage CoordinatorContract 46.0%,coverage SafeMath 98.4%}",{},{}
contracts_output/contracts_output/gemini_with_rag_contracts/1032.sol,1032.sol,oyente+-060ca34,solidity,2025/06/04,20260206_1558,1770393764.5131636,16.155914545059204,0,{Integer_Underflow},"{coverage SafeMath 98.4%,coverage Vesting 65.8%}",{},{}
contracts_output/contracts_output/gemini_with_rag_contracts/1053.sol,1053.sol,oyente+-060ca34,solidity,2025/06/04,20260206_1558,1770393821.7277832,15.80038857460022,0,{Integer_Underflow},"{coverage GameBoard 84.5%,coverage SafeMath 98.4%}",{},{}
contracts_output/contracts_output/gemini_with_rag_contracts/107.sol,107.sol,oyente+-060ca34,solidity,2025/06/04,20260206_1558,1770393573.306267,0.5244064331054688,1,{},{analysis incomplete},{Solidity compilation failed},{}
contracts_output/contracts_output/gemini_with_rag_contracts/1091.sol,1091.sol,oyente+-060ca34,solidity,2025/06/04,20260206_1558,1770393784.2010355,15.593720197677612,0,{Integer_Underflow},"{coverage MyContract 65.3%,coverage SafeMath 98.4%}",{},{}
contracts_output/contracts_output/gemini_with_rag_contracts/1094.sol,1094.sol,oyente+-060ca34,solidity,2025/06/04,20260206_1558,1770393714.0887249,0.5740704536437988,1,{},{analysis incomplete},{Solidity compilation failed},{}
contracts_output/contracts_output/gemini_with_rag_contracts/110.sol,110.sol,oyente+-060ca34,solidity,2025/06/04,20260206_1558,1770393643.8715656,0.5511510372161865,1,{},{analysis incomplete},{Solidity compilation failed},{}
contracts_output/contracts_output/gemini_with_rag_contracts/1111.sol,1111.sol,oyente+-060ca34,solidity,2025/06/04,20260206_1558,1770394257.3996367,0.5618047714233398,1,{},{analysis incomplete},{Solidity compilation failed},{}
contracts_output/contracts_output/gemini_with_rag_contracts/1142.sol,1142.sol,oyente+-060ca34,solidity,2025/06/04,20260206_1558,1770393960.287727,16.842307806015015,0,"{Integer_Overflow,Integer_Underflow}","{coverage SafeMath 98.4%,coverage Token 88.1%}",{},{}
contracts_output/contracts_output/gemini_with_rag_contracts/1147.sol,1147.sol,oyente+-060ca34,solidity,2025/06/04,20260206_1558,1770394263.264639,16.499688625335693,0,"{Integer_Overflow,Integer_Underflow}","{coverage QuestionContract 79.7%,coverage SafeMath 98.4%}",{},{}
contracts_output/contracts_output/gemini_with_rag_contracts/1148.sol,1148.sol,oyente+-060ca34,solidity,2025/06/04,20260206_1558,1770393712.1369078,0.5361084938049316,1,{},{analysis incomplete},{Solidity compilation failed},{}
contracts_output/contracts_output/gemini_with_rag_contracts/1160.sol,1160.sol,oyente+-060ca34,solidity,2025/06/04,20260206_1558,1770394230.5171945,0.5288465023040771,1,{},{analysis incomplete},{Solidity compilation failed},{}
contracts_output/contracts_output/gemini_with_rag_contracts/1164.sol,1164.sol,oyente+-060ca34,solidity,2025/06/04,20260206_1558,1770394043.1231787,0.5590379238128662,1,{},{analysis incomplete},{Solidity compilation failed},{}
contracts_output/contracts_output/gemini_with_rag_contracts/1195.sol,1195.sol,oyente+-060ca34,solidity,2025/06/04,20260206_1558,1770393799.5498397,2.048661947250366,1,{},{analysis incomplete},{Solidity compilation failed},{}
contracts_output/contracts_output/gemini_with_rag_contracts/1213.sol,1213.sol,oyente+-060ca34,solidity,2025/06/04,20260206_1558,1770393547.5353742,0.5878570079803467,1,{},{analysis incomplete},{Solidity compilation failed},{}
contracts_output/contracts_output/gemini_with_rag_contracts/1228.sol,1228.sol,oyente+-060ca34,solidity,2025/06/04,20260206_1558,1770394277.5893373,0.5340113639831543,1,{},{analysis incomplete},{Solidity compilation failed},{}
contracts_output/contracts_output/gemini_with_rag_contracts/124.sol,124.sol,oyente+-060ca34,solidity,2025/06/04,20260206_1558,1770394262.5253425,6.917738437652588,0,"{Integer_Overflow,Integer_Underflow}","{coverage MyContract 85.7%,coverage SafeMath 98.4%}",{},{}
contracts_output/contracts_output/gemini_with_rag_contracts/1244.sol,1244.sol,oyente+-060ca34,solidity,2025/06/04,20260206_1558,1770394049.5466871,24.282748222351074,0,"{Integer_Overflow,Integer_Underflow}","{coverage GreyContract 81.5%,coverage SafeMath 98.4%}",{},{}
contracts_output/contracts_output/gemini_with_rag_contracts/1247.sol,1247.sol,oyente+-060ca34,solidity,2025/06/04,20260206_1558,1770394222.594059,0.5467410087585449,1,{},{analysis incomplete},{Solidity compilation failed},{}
contracts_output/contracts_output/gemini_with_rag_contracts/1259.sol,1259.sol,oyente+-060ca34,solidity,2025/06/04,20260206_1558,1770394258.4900122,0.5554685592651367,1,{},{analysis incomplete},{Solidity compilation failed},{}
contracts_output/contracts_output/gemini_with_rag_contracts/1262.sol,1262.sol,oyente+-060ca34,solidity,2025/06/04,20260206_1558,1770393567.5864449,0.5339529514312744,1,{},{analysis incomplete},{Solidity compilation failed},{}
contracts_output/contracts_output/gemini_with_rag_contracts/1265.sol,1265.sol,oyente+-060ca34,solidity,2025/06/04,20260206_1558,1770393589.6416278,16.690085411071777,0,"{Integer_Overflow,Integer_Underflow}","{coverage MyContract 84.6%,coverage SafeMath 98.4%}",{},{}
contracts_output/contracts_output/gemini_with_rag_contracts/1268.sol,1268.sol,oyente+-060ca34,solidity,2025/06/04,20260206_1558,1770393735.6546745,15.96152114868164,0,"{Integer_Overflow,Integer_Underflow}","{coverage PledgeContract 62.5%,coverage SafeMath 98.4%}",{},{}
contracts_output/contracts_output/gemini_with_rag_contracts/1281.sol,1281.sol,oyente+-060ca34,solidity,2025/06/04,20260206_1558,1770393877.5428026,0.5167057514190674,1,{},{analysis incomplete},{Solidity compilation failed},{}
contracts_output/contracts_output/gemini_with_rag_contracts/1283.sol,1283.sol,oyente+-060ca34,solidity,2025/06/04,20260206_1558,1770393822.7938476,0.5226328372955322,1,{},{analysis incomplete},{Solidity compilation failed},{}
contracts_output/contracts_output/gemini_with_rag_contracts/1286.sol,1286.sol,oyente+-060ca34,solidity,2025/06/04,20260206_1558,1770394122.9454613,0.5095922946929932,1,{},{analysis incomplete},{Solidity compilation failed},{}
contracts_output/contracts_output/gemini_with_rag_contracts/1315.sol,1315.sol,oyente+-060ca34,solidity,2025/06/04,20260206_1558,1770393529.0135324,17.07886552810669,0,"{Integer_Overflow,Integer_Underflow}","{coverage SafeMath 98.4%,coverage Token 72.1%}",{},{}
contracts_output/contracts_output/gemini_with_rag_contracts/1319.sol,1319.sol,oyente+-060ca34,solidity,2025/06/04,20260206_1558,1770393829.8662374,0.5284566879272461,1,{},{analysis incomplete},{Solidity compilation failed},{}
contracts_output/contracts_output/gemini_with_rag_contracts/1334.sol,1334.sol,oyente+-060ca34,solidity,2025/06/04,20260206_1558,1770393660.8798811,17.734506845474243,0,"{Integer_Overflow,Integer_Underflow}","{coverage MyContract 42.3%,coverage SafeMath 98.4%}",{},{}
contracts_output/contracts_output/gemini_with_rag_contracts/1335.sol,1335.sol,oyente+-060ca34,solidity,2025/06/04,20260206_1558,1770394253.979084,0.6159675121307373,1,{},{analysis incomplete},{Solidity compilation failed},{}
contracts_output/contracts_output/gemini_with_rag_contracts/1356.sol,1356.sol,oyente+-060ca34,solidity,2025/06/04,20260206_1558,1770394225.2341533,0.5378646850585938,1,{},{analysis incomplete},{Solidity compilation failed},{}
contracts_output/contracts_output/gemini_with_rag_contracts/1358.sol,1358.sol,oyente+-060ca34,solidity,2025/06/04,20260206_1558,1770394124.8233328,0.5673797130584717,1,{},{analysis incomplete},{Solidity compilation failed},{}
contracts_output/contracts_output/gemini_with_rag_contracts/1383.sol,1383.sol,oyente+-060ca34,solidity,2025/06/04,20260206_1558,1770393523.7043636,0.5211300849914551,1,{},{analysis incomplete},{Solidity compilation failed},{}
contracts_output/contracts_output/gemini_with_rag_contracts/1386.sol,1386.sol,oyente+-060ca34,solidity,2025/06/04,20260206_1558,1770393846.7105794,24.500548601150513,0,{Integer_Underflow},"{coverage MyContract 82.8%,coverage SafeMath 98.4%}",{},{}
contracts_output/contracts_output/gemini_with_rag_contracts/1398.sol,1398.sol,oyente+-060ca34,solidity,2025/06/04,20260206_1558,1770393519.278824,0.5370855331420898,1,{},{analysis incomplete},{Solidity compilation failed},{}
contracts_output/contracts_output/gemini_with_rag_contracts/1413.sol,1413.sol,oyente+-060ca34,solidity,2025/06/04,20260206_1558,1770394314.8028543,22.65950083732605,0,"{Integer_Overflow,Integer_Underflow}","{coverage BoardContract 47.5%,coverage SafeMath 98.4%}",{},{}
contracts_output/contracts_output/gemini_with_rag_contracts/1424.sol,1424.sol,oyente+-060ca34,solidity,2025/06/04,20260206_1558,1770394199.9744005,0.49638891220092773,1,{},{analysis incomplete},{Solidity compilation failed},{}
contracts_output/contracts_output/gemini_with_rag_contracts/1438.sol,1438.sol,oyente+-060ca34,solidity,2025/06/04,20260206_1558,1770393920.5804014,0.5139310359954834,1,{},{analysis incomplete},{Solidity compilation failed},{}
contracts_output/contracts_output/gemini_with_rag_contracts/1443.sol,1443.sol,oyente+-060ca34,solidity,2025/06/04,20260206_1558,1770393715.4883752,0.5265285968780518,1,{},{analysis incomplete},{Solidity compilation failed},{}
contracts_output/contracts_output/gemini_with_rag_contracts/146.sol,146.sol,oyente+-060ca34,solidity,2025/06/04,20260206_1558,1770393968.9113374,0.47088193893432617,1,{},{analysis incomplete},{Solidity compilation failed},{}
contracts_output/contracts_output/gemini_with_rag_contracts/1493.sol,1493.sol,oyente+-060ca34,solidity,2025/06/04,20260206_1558,1770394016.4315193,0.5190153121948242,1,{},{analysis incomplete},{Solidity compilation failed},{}
contracts_output/contracts_output/gemini_with_rag_contracts/1522.sol,1522.sol,oyente+-060ca34,solidity,2025/06/04,20260206_1558,1770394024.540136,0.5649657249450684,1,{},{analysis incomplete},{Solidity compilation failed},{}
contracts_output/contracts_output/gemini_with_rag_contracts/153.sol,153.sol,oyente+-060ca34,solidity,2025/06/04,20260206_1558,1770394225.6577737,0.5856335163116455,1,{},{analysis incomplete},{Solidity compilation failed},{}
contracts_output/contracts_output/gemini_with_rag_contracts/1531.sol,1531.sol,oyente+-060ca34,solidity,2025/06/04,20260206_1558,1770393508.8449354,0.5465714931488037,1,{},{analysis incomplete},{Solidity compilation failed},{}
contracts_output/contracts_output/gemini_with_rag_contracts/1558.sol,1558.sol,oyente+-060ca34,solidity,2025/06/04,20260206_1558,1770393955.5847645,23.418071031570435,0,"{Integer_Overflow,Integer_Underflow}","{coverage MyToken 51.6%,coverage SafeMath 98.4%}",{},{}
contracts_output/contracts_output/gemini_with_rag_contracts/1565.sol,1565.sol,oyente+-060ca34,solidity,2025/06/04,20260206_1558,1770394203.1487548,0.5658760070800781,1,{},{analysis incomplete},{Solidity compilation failed},{}
contracts_output/contracts_output/gemini_with_rag_contracts/1587.sol,1587.sol,oyente+-060ca34,solidity,2025/06/04,20260206_1558,1770394226.7377186,0.588773250579834,1,{},{analysis incomplete},{Solidity compilation failed},{}
contracts_output/contracts_output/gemini_with_rag_contracts/1589.sol,1589.sol,oyente+-060ca34,solidity,2025/06/04,20260206_1558,1770394248.7575865,16.91428017616272,0,"{Integer_Overflow,Integer_Underflow}","{coverage SafeMath 98.4%,coverage Token 55.6%}",{},{}
contracts_output/contracts_output/gemini_with_rag_contracts/1597.sol,1597.sol,oyente+-060ca34,solidity,2025/06/04,20260206_1558,1770393679.2037768,0.5106692314147949,1,{},{analysis incomplete},{Solidity compilation failed},{}
contracts_output/contracts_output/gemini_with_rag_contracts/1600.sol,1600.sol,oyente+-060ca34,solidity,2025/06/04,20260206_1558,1770393762.358283,0.5820200443267822,1,{},{analysis incomplete},{Solidity compilation failed},{}
contracts_output/contracts_output/gemini_with_rag_contracts/1609.sol,1609.sol,oyente+-060ca34,solidity,2025/06/04,20260206_1558,1770394205.6764472,0.5281760692596436,1,{},{analysis incomplete},{Solidity compilation failed},{}
contracts_output/contracts_output/gemini_with_rag_contracts/1613.sol,1613.sol,oyente+-060ca34,solidity,2025/06/04,20260206_1558,1770393719.8837209,0.6806623935699463,1,{},{analysis incomplete},{Solidity compilation failed},{}
contracts_output/contracts_output/gemini_with_rag_contracts/1617.sol,1617.sol,oyente+-060ca34,solidity,2025/06/04,20260206_1558,1770394285.6393013,24.85236096382141,0,"{Integer_Overflow,Integer_Underflow}","{coverage MarketContract 67.2%,coverage SafeMath 98.4%}",{},{}
contracts_output/contracts_output/gemini_with_rag_contracts/1642.sol,1642.sol,oyente+-060ca34,solidity,2025/06/04,20260206_1558,1770393670.5330667,0.500554084777832,1,{},{analysis incomplete},{Solidity compilation failed},{}
contracts_output/contracts_output/gemini_with_rag_contracts/1644.sol,1644.sol,oyente+-060ca34,solidity,2025/06/04,20260206_1558,1770394162.0179904,0.5557825565338135,1,{},{analysis incomplete},{Solidity compilation failed},{}
contracts_output/contracts_output/gemini_with_rag_contracts/1662.sol,1662.sol,oyente+-060ca34,solidity,2025/06/04,20260206_1558,1770393770.2156134,0.5380551815032959,1,{},{analysis incomplete},{Solidity compilation failed},{}
contracts_output/contracts_output/gemini_with_rag_contracts/1663.sol,1663.sol,oyente+-060ca34,solidity,2025/06/04,20260206_1558,1770393548.4773328,16.083679676055908,0,{Integer_Underflow},"{coverage PriceOracle 69.8%,coverage SafeMath 98.4%}",{},{}
contracts_output/contracts_output/gemini_with_rag_contracts/170.sol,170.sol,oyente+-060ca34,solidity,2025/06/04,20260206_1558,1770394241.855071,16.012051820755005,0,{Integer_Underflow},"{coverage PriceOracle 85.3%,coverage SafeMath 98.4%}",{},{}
contracts_output/contracts_output/gemini_with_rag_contracts/1700.sol,1700.sol,oyente+-060ca34,solidity,2025/06/04,20260206_1558,1770393584.7828548,0.480945348739624,1,{},{analysis incomplete},{Solidity compilation failed},{}
contracts_output/contracts_output/gemini_with_rag_contracts/1722.sol,1722.sol,oyente+-060ca34,solidity,2025/06/04,20260206_1558,1770394287.0356953,23.823711395263672,0,{Integer_Underflow},"{coverage SafeMath 98.4%,coverage TokenSale 83.4%}",{},{}
contracts_output/contracts_output/gemini_with_rag_contracts/1735.sol,1735.sol,oyente+-060ca34,solidity,2025/06/04,20260206_1558,1770393821.833373,0.5669090747833252,1,{},{analysis incomplete},{Solidity compilation failed},{}
contracts_output/contracts_output/gemini_with_rag_contracts/1777.sol,1777.sol,oyente+-060ca34,solidity,2025/06/04,20260206_1558,1770394078.5920749,16.341849327087402,0,"{Integer_Overflow,Integer_Underflow}","{coverage MyContract 75.7%,coverage SafeMath 98.4%}",{},{}
contracts_output/contracts_output/gemini_with_rag_contracts/1782.sol,1782.sol,oyente+-060ca34,solidity,2025/06/04,20260206_1558,1770393526.3413901,0.512439489364624,1,{},{analysis incomplete},{Solidity compilation failed},{}
contracts_output/contracts_output/gemini_with_rag_contracts/1790.sol,1790.sol,oyente+-060ca34,solidity,2025/06/04,20260206_1558,1770394029.3683653,0.5104923248291016,1,{},{analysis incomplete},{Solidity compilation failed},{}
contracts_output/contracts_output/gemini_with_rag_contracts/1809.sol,1809.sol,oyente+-060ca34,solidity,2025/06/04,20260206_1558,1770393619.9457057,0.4802696704864502,1,{},{analysis incomplete},{Solidity compilation failed},{}
contracts_output/contracts_output/gemini_with_rag_contracts/1814.sol,1814.sol,oyente+-060ca34,solidity,2025/06/04,20260206_1558,1770394208.0996072,16.51841378211975,0,"{Integer_Overflow,Integer_Underflow}","{coverage MyContract 57.4%,coverage SafeMath 98.4%}",{},{}
contracts_output/contracts_output/gemini_with_rag_contracts/1824.sol,1824.sol,oyente+-060ca34,solidity,2025/06/04,20260206_1558,1770393610.6081312,17.826385259628296,0,"{Integer_Overflow,Integer_Underflow}","{coverage MyToken 77.8%,coverage SafeMath 98.4%}",{},{}
contracts_output/contracts_output/gemini_with_rag_contracts/1832.sol,1832.sol,oyente+-060ca34,solidity,2025/06/04,20260206_1558,1770393797.3329546,0.5159525871276855,1,{},{analysis incomplete},{Solidity compilation failed},{}
contracts_output/contracts_output/gemini_with_rag_contracts/1838.sol,1838.sol,oyente+-060ca34,solidity,2025/06/04,20260206_1558,1770394129.204127,17.45160222053528,0,"{Integer_Overflow,Integer_Underflow}","{coverage SafeMath 98.4%,coverage TokenHolder 78.7%}",{},{}
contracts_output/contracts_output/gemini_with_rag_contracts/1872.sol,1872.sol,oyente+-060ca34,solidity,2025/06/04,20260206_1558,1770394304.7359486,24.39275288581848,0,{Integer_Underflow},"{coverage Auction 85.2%,coverage SafeMath 98.4%}",{},{}
contracts_output/contracts_output/gemini_with_rag_contracts/1877.sol,1877.sol,oyente+-060ca34,solidity,2025/06/04,20260206_1558,1770393971.6034405,0.48461008071899414,1,{},{analysis incomplete},{Solidity compilation failed},{}
contracts_output/contracts_output/gemini_with_rag_contracts/189.sol,189.sol,oyente+-060ca34,solidity,2025/06/04,20260206_1558,1770393773.0905454,0.512559175491333,1,{},{analysis incomplete},{Solidity compilation failed},{}
contracts_output/contracts_output/gemini_with_rag_contracts/1905.sol,1905.sol,oyente+-060ca34,solidity,2025/06/04,20260206_1558,1770393958.5338194,16.94910979270935,0,"{Integer_Overflow,Integer_Underflow}","{coverage SafeMath 98.4%,coverage ShareTransfer 71.1%}",{},{}
contracts_output/contracts_output/gemini_with_rag_contracts/191.sol,191.sol,oyente+-060ca34,solidity,2025/06/04,20260206_1558,1770393896.6341188,0.4951341152191162,1,{},{analysis incomplete},{Solidity compilation failed},{}
contracts_output/contracts_output/gemini_with_rag_contracts/1924.sol,1924.sol,oyente+-060ca34,solidity,2025/06/04,20260206_1558,1770394280.0426137,0.5677990913391113,1,{},{analysis incomplete},{Solidity compilation failed},{}
contracts_output/contracts_output/gemini_with_rag_contracts/1926.sol,1926.sol,oyente+-060ca34,solidity,2025/06/04,20260206_1558,1770394274.0371559,16.387409210205078,0,{Integer_Underflow},"{coverage PaymentProxy 80.1%,coverage SafeMath 98.4%}",{},{}
contracts_output/contracts_output/gemini_with_rag_contracts/1932.sol,1932.sol,oyente+-060ca34,solidity,2025/06/04,20260206_1558,1770393724.7415771,0.5670914649963379,1,{},{analysis incomplete},{Solidity compilation failed},{}
contracts_output/contracts_output/gemini_with_rag_contracts/1962.sol,1962.sol,oyente+-060ca34,solidity,2025/06/04,20260206_1558,1770393513.6440873,16.369510650634766,0,"{Integer_Overflow,Integer_Underflow}","{coverage SafeMath 98.4%,coverage UintStorage 81.0%}",{},{}
contracts_output/contracts_output/gemini_with_rag_contracts/1979.sol,1979.sol,oyente+-060ca34,solidity,2025/06/04,20260206_1558,1770393514.357582,20.62647318840027,0,"{Integer_Overflow,Integer_Underflow}","{coverage AttributeTypeRegistry 76.0%,coverage SafeMath 98.4%}",{},{}
contracts_output/contracts_output/gemini_with_rag_contracts/1993.sol,1993.sol,oyente+-060ca34,solidity,2025/06/04,20260206_1558,1770393567.047737,0.5377576351165771,1,{},{analysis incomplete},{Solidity compilation failed},{}
contracts_output/contracts_output/gemini_with_rag_contracts/2003.sol,2003.sol,oyente+-060ca34,solidity,2025/06/04,20260206_1558,1770394216.5627036,0.5970025062561035,1,{},{analysis incomplete},{Solidity compilation failed},{}
contracts_output/contracts_output/gemini_with_rag_contracts/2019.sol,2019.sol,oyente+-060ca34,solidity,2025/06/04,20260206_1558,1770393921.3781927,16.59943699836731,0,"{Integer_Overflow,Integer_Underflow}","{coverage SafeMath 98.4%,coverage Token 86.6%}",{},{}
contracts_output/contracts_output/gemini_with_rag_contracts/2044.sol,2044.sol,oyente+-060ca34,solidity,2025/06/04,20260206_1558,1770394175.866147,17.747607231140137,0,"{Integer_Overflow,Integer_Underflow}","{coverage MyToken 61.2%,coverage SafeMath 98.4%}",{},{}
contracts_output/contracts_output/gemini_with_rag_contracts/2053.sol,2053.sol,oyente+-060ca34,solidity,2025/06/04,20260206_1558,1770394234.3865333,0.5426485538482666,1,{},{analysis incomplete},{Solidity compilation failed},{}
contracts_output/contracts_output/gemini_with_rag_contracts/2061.sol,2061.sol,oyente+-060ca34,solidity,2025/06/04,20260206_1558,1770393854.6892593,16.46154260635376,0,"{Integer_Overflow,Integer_Underflow}","{coverage NotaryVerification 36.9%,coverage SafeMath 98.4%}",{},{}
contracts_output/contracts_output/gemini_with_rag_contracts/2081.sol,2081.sol,oyente+-060ca34,solidity,2025/06/04,20260206_1558,1770393631.5747159,0.5133235454559326,1,{},{analysis incomplete},{Solidity compilation failed},{}
contracts_output/contracts_output/gemini_with_rag_contracts/2092.sol,2092.sol,oyente+-060ca34,solidity,2025/06/04,20260206_1558,1770393643.3899488,13.13745903968811,0,{Integer_Underflow},"{coverage MyContract 63.7%,coverage SafeMath 98.4%}",{},{}
contracts_output/contracts_output/gemini_with_rag_contracts/2093.sol,2093.sol,oyente+-060ca34,solidity,2025/06/04,20260206_1558,1770393566.4912686,0.5557780265808105,1,{},{analysis incomplete},{Solidity compilation failed},{}
contracts_output/contracts_output/gemini_with_rag_contracts/211.sol,211.sol,oyente+-060ca34,solidity,2025/06/04,20260206_1558,1770394041.1551673,0.6021988391876221,1,{},{analysis incomplete},{Solidity compilation failed},{}
contracts_output/contracts_output/gemini_with_rag_contracts/2110.sol,2110.sol,oyente+-060ca34,solidity,2025/06/04,20260206_1558,1770393753.3437905,0.5855419635772705,1,{},{analysis incomplete},{Solidity compilation failed},{}
contracts_output/contracts_output/gemini_with_rag_contracts/2112.sol,2112.sol,oyente+-060ca34,solidity,2025/06/04,20260206_1558,1770394269.208698,0.5273840427398682,1,{},{analysis incomplete},{Solidity compilation failed},{}
contracts_output/contracts_output/gemini_with_rag_contracts/2119.sol,2119.sol,oyente+-060ca34,solidity,2025/06/04,20260206_1558,1770393579.8231966,0.5318965911865234,1,{},{analysis incomplete},{Solidity compilation failed},{}
contracts_output/contracts_output/gemini_with_rag_contracts/213.sol,213.sol,oyente+-060ca34,solidity,2025/06/04,20260206_1558,1770394041.7452364,0.5198097229003906,1,{},{analysis incomplete},{Solidity compilation failed},{}
contracts_output/contracts_output/gemini_with_rag_contracts/2141.sol,2141.sol,oyente+-060ca34,solidity,2025/06/04,20260206_1558,1770394321.3265646,0.5621042251586914,1,{},{analysis incomplete},{Solidity compilation failed},{}
contracts_output/contracts_output/gemini_with_rag_contracts/2199.sol,2199.sol,oyente+-060ca34,solidity,2025/06/04,20260206_1558,1770393762.8317125,0.5221085548400879,1,{},{analysis incomplete},{Solidity compilation failed},{}
contracts_output/contracts_output/gemini_with_rag_contracts/2205.sol,2205.sol,oyente+-060ca34,solidity,2025/06/04,20260206_1558,1770393752.9611974,0.5279405117034912,1,{},{analysis incomplete},{Solidity compilation failed},{}
contracts_output/contracts_output/gemini_with_rag_contracts/2209.sol,2209.sol,oyente+-060ca34,solidity,2025/06/04,20260206_1558,1770394039.0185404,0.4996013641357422,1,{},{analysis incomplete},{Solidity compilation failed},{}
contracts_output/contracts_output/gemini_with_rag_contracts/2215.sol,2215.sol,oyente+-060ca34,solidity,2025/06/04,20260206_1558,1770393729.9371881,0.5141849517822266,1,{},{analysis incomplete},{Solidity compilation failed},{}
contracts_output/contracts_output/gemini_with_rag_contracts/2223.sol,2223.sol,oyente+-060ca34,solidity,2025/06/04,20260206_1558,1770393736.923573,16.717963457107544,0,{Integer_Underflow},"{coverage SafeMath 98.4%,coverage TokenVerifier 86.8%}",{},{}
contracts_output/contracts_output/gemini_with_rag_contracts/223.sol,223.sol,oyente+-060ca34,solidity,2025/06/04,20260206_1558,1770393567.8894236,25.712416172027588,0,"{Integer_Overflow,Integer_Underflow}","{coverage CardContract 38.4%,coverage SafeMath 98.4%}",{},{}
contracts_output/contracts_output/gemini_with_rag_contracts/2236.sol,2236.sol,oyente+-060ca34,solidity,2025/06/04,20260206_1558,1770393898.1515307,0.5435478687286377,1,{},{analysis incomplete},{Solidity compilation failed},{}
contracts_output/contracts_output/gemini_with_rag_contracts/2241.sol,2241.sol,oyente+-060ca34,solidity,2025/06/04,20260206_1558,1770393550.0715263,16.418895721435547,0,{Integer_Underflow},"{coverage SafeMath 98.4%,coverage TokenContract 81.9%}",{},{}
contracts_output/contracts_output/gemini_with_rag_contracts/2268.sol,2268.sol,oyente+-060ca34,solidity,2025/06/04,20260206_1558,1770393710.9829488,0.518930196762085,1,{},{analysis incomplete},{Solidity compilation failed},{}
contracts_output/contracts_output/gemini_with_rag_contracts/2271.sol,2271.sol,oyente+-060ca34,solidity,2025/06/04,20260206_1558,1770394125.155524,0.5993194580078125,1,{},{analysis incomplete},{Solidity compilation failed},{}
contracts_output/contracts_output/gemini_with_rag_contracts/2278.sol,2278.sol,oyente+-060ca34,solidity,2025/06/04,20260206_1558,1770393811.7567754,0.5231809616088867,1,{},{analysis incomplete},{Solidity compilation failed},{}
contracts_output/contracts_output/gemini_with_rag_contracts/2295.sol,2295.sol,oyente+-060ca34,solidity,2025/06/04,20260206_1558,1770393571.535519,0.5177667140960693,1,{},{analysis incomplete},{Solidity compilation failed},{}
contracts_output/contracts_output/gemini_with_rag_contracts/2308.sol,2308.sol,oyente+-060ca34,solidity,2025/06/04,20260206_1558,1770393681.3336422,0.5428104400634766,1,{},{analysis incomplete},{Solidity compilation failed},{}
contracts_output/contracts_output/gemini_with_rag_contracts/2313.sol,2313.sol,oyente+-060ca34,solidity,2025/06/04,20260206_1558,1770393707.635666,0.5392758846282959,1,{},{analysis incomplete},{Solidity compilation failed},{}
contracts_output/contracts_output/gemini_with_rag_contracts/232.sol,232.sol,oyente+-060ca34,solidity,2025/06/04,20260206_1558,1770394279.072241,17.333367824554443,0,"{Integer_Overflow,Integer_Underflow}","{coverage PriceOracle 79.8%,coverage SafeMath 98.4%}",{},{}
contracts_output/contracts_output/gemini_with_rag_contracts/2321.sol,2321.sol,oyente+-060ca34,solidity,2025/06/04,20260206_1558,1770394271.4902148,0.5013816356658936,1,{},{analysis incomplete},{Solidity compilation failed},{}
contracts_output/contracts_output/gemini_with_rag_contracts/2323.sol,2323.sol,oyente+-060ca34,solidity,2025/06/04,20260206_1558,1770393536.9219077,23.524168014526367,0,"{Integer_Overflow,Integer_Underflow}","{coverage DXF 57.5%,coverage SafeMath 98.4%}",{},{}
contracts_output/contracts_output/gemini_with_rag_contracts/2354.sol,2354.sol,oyente+-060ca34,solidity,2025/06/04,20260206_1558,1770394203.6216042,16.83530902862549,1,"{Callstack_Depth_Attack_Vulnerability,Integer_Overflow,Integer_Underflow}","{coverage MyToken 33.5%,coverage SafeMath 98.4%}",{},{}
contracts_output/contracts_output/gemini_with_rag_contracts/2359.sol,2359.sol,oyente+-060ca34,solidity,2025/06/04,20260206_1558,1770393856.631347,15.904203176498413,0,{Integer_Underflow},"{coverage AttributeCounter 61.5%,coverage SafeMath 98.4%}",{},{}
contracts_output/contracts_output/gemini_with_rag_contracts/2373.sol,2373.sol,oyente+-060ca34,solidity,2025/06/04,20260206_1558,1770394084.6561036,0.5055255889892578,1,{},{analysis incomplete},{Solidity compilation failed},{}
contracts_output/contracts_output/gemini_with_rag_contracts/2380.sol,2380.sol,oyente+-060ca34,solidity,2025/06/04,20260206_1558,1770394162.574441,16.539881706237793,0,"{Integer_Overflow,Integer_Underflow}","{coverage ERC721Receiver 86.0%,coverage SafeMath 98.4%}",{},{}
contracts_output/contracts_output/gemini_with_rag_contracts/239.sol,239.sol,oyente+-060ca34,solidity,2025/06/04,20260206_1558,1770393985.5540774,32.08879566192627,0,{Integer_Underflow},"{coverage SafeMath 98.4%,coverage UniverseForker 82.6%}",{},{}
contracts_output/contracts_output/gemini_with_rag_contracts/2394.sol,2394.sol,oyente+-060ca34,solidity,2025/06/04,20260206_1558,1770394089.9025319,0.5063762664794922,1,{},{analysis incomplete},{Solidity compilation failed},{}
contracts_output/contracts_output/gemini_with_rag_contracts/2396.sol,2396.sol,oyente+-060ca34,solidity,2025/06/04,20260206_1558,1770393795.5760367,0.5180954933166504,1,{},{analysis incomplete},{Solidity compilation failed},{}
contracts_output/contracts_output/gemini_with_rag_contracts/240.sol,240.sol,oyente+-060ca34,solidity,2025/06/04,20260206_1558,1770393945.742983,0.5518898963928223,1,{},{analysis incomplete},{Solidity compilation failed},{}
contracts_output/contracts_output/gemini_with_rag_contracts/2419.sol,2419.sol,oyente+-060ca34,solidity,2025/06/04,20260206_1558,1770393929.9811125,20.786808967590332,0,"{Integer_Overflow,Integer_Underflow}","{coverage PermissionContract 86.9%,coverage SafeMath 98.4%}",{},{}
contracts_output/contracts_output/gemini_with_rag_contracts/242.sol,242.sol,oyente+-060ca34,solidity,2025/06/04,20260206_1558,1770393783.6764834,0.5238463878631592,1,{},{analysis incomplete},{Solidity compilation failed},{}
contracts_output/contracts_output/gemini_with_rag_contracts/2424.sol,2424.sol,oyente+-060ca34,solidity,2025/06/04,20260206_1558,1770393734.5956302,0.5124244689941406,1,{},{analysis incomplete},{Solidity compilation failed},{}
contracts_output/contracts_output/gemini_with_rag_contracts/243.sol,243.sol,oyente+-060ca34,solidity,2025/06/04,20260206_1558,1770394269.7373428,0.5308804512023926,1,{},{analysis incomplete},{Solidity compilation failed},{}
contracts_output/contracts_output/gemini_with_rag_contracts/2431.sol,2431.sol,oyente+-060ca34,solidity,2025/06/04,20260206_1558,1770394147.9358463,19.675512313842773,0,"{Integer_Overflow,Integer_Underflow}","{coverage MyContract 75.7%,coverage SafeMath 98.4%}",{},{}
contracts_output/contracts_output/gemini_with_rag_contracts/2433.sol,2433.sol,oyente+-060ca34,solidity,2025/06/04,20260206_1558,1770394068.5085478,0.5627744197845459,1,{},{analysis incomplete},{Solidity compilation failed},{}
contracts_output/contracts_output/gemini_with_rag_contracts/2436.sol,2436.sol,oyente+-060ca34,solidity,2025/06/04,20260206_1558,1770394227.9808507,0.6779522895812988,1,{},{analysis incomplete},{Solidity compilation failed},{}
contracts_output/contracts_output/gemini_with_rag_contracts/2439.sol,2439.sol,oyente+-060ca34,solidity,2025/06/04,20260206_1558,1770394226.9796526,0.5529110431671143,1,{},{analysis incomplete},{Solidity compilation failed},{}
contracts_output/contracts_output/gemini_with_rag_contracts/2463.sol,2463.sol,oyente+-060ca34,solidity,2025/06/04,20260206_1558,1770394165.3377047,0.5210905075073242,1,{},{analysis incomplete},{Solidity compilation failed},{}
contracts_output/contracts_output/gemini_with_rag_contracts/2468.sol,2468.sol,oyente+-060ca34,solidity,2025/06/04,20260206_1558,1770394223.7062016,0.536083459854126,1,{},{analysis incomplete},{Solidity compilation failed},{}
contracts_output/contracts_output/gemini_with_rag_contracts/2473.sol,2473.sol,oyente+-060ca34,solidity,2025/06/04,20260206_1558,1770394195.0715356,0.5517585277557373,1,{},{analysis incomplete},{Solidity compilation failed},{}
contracts_output/contracts_output/gemini_with_rag_contracts/2476.sol,2476.sol,oyente+-060ca34,solidity,2025/06/04,20260206_1558,1770394152.925608,0.5160253047943115,1,{},{analysis incomplete},{Solidity compilation failed},{}
contracts_output/contracts_output/gemini_with_rag_contracts/2481.sol,2481.sol,oyente+-060ca34,solidity,2025/06/04,20260206_1558,1770393854.7010827,0.5764756202697754,1,{},{analysis incomplete},{Solidity compilation failed},{}
contracts_output/contracts_output/gemini_with_rag_contracts/2485.sol,2485.sol,oyente+-060ca34,solidity,2025/06/04,20260206_1558,1770394070.642355,26.504539728164673,0,"{Integer_Overflow,Integer_Underflow}","{coverage MyContract 66.2%,coverage SafeMath 98.4%}",{},{}
contracts_output/contracts_output/gemini_with_rag_contracts/2491.sol,2491.sol,oyente+-060ca34,solidity,2025/06/04,20260206_1558,1770393889.330404,0.5287344455718994,1,{},{analysis incomplete},{Solidity compilation failed},{}
contracts_output/contracts_output/gemini_with_rag_contracts/250.sol,250.sol,oyente+-060ca34,solidity,2025/06/04,20260206_1558,1770393720.4201689,0.6046168804168701,1,{},{analysis incomplete},{Solidity compilation failed},{}
contracts_output/contracts_output/gemini_with_rag_contracts/2515.sol,2515.sol,oyente+-060ca34,solidity,2025/06/04,20260206_1558,1770393754.201682,0.5197184085845947,1,{},{analysis incomplete},{Solidity compilation failed},{}
contracts_output/contracts_output/gemini_with_rag_contracts/2521.sol,2521.sol,oyente+-060ca34,solidity,2025/06/04,20260206_1558,1770393729.2265348,16.49753451347351,0,"{Integer_Overflow,Integer_Underflow}","{coverage MyContract 86.0%,coverage SafeMath 98.4%}",{},{}
contracts_output/contracts_output/gemini_with_rag_contracts/2524.sol,2524.sol,oyente+-060ca34,solidity,2025/06/04,20260206_1558,1770394337.0736277,0.6160266399383545,1,{},{analysis incomplete},{Solidity compilation failed},{}
contracts_output/contracts_output/gemini_with_rag_contracts/2532.sol,2532.sol,oyente+-060ca34,solidity,2025/06/04,20260206_1558,1770394197.3515985,0.5477731227874756,1,{},{analysis incomplete},{Solidity compilation failed},{}
contracts_output/contracts_output/gemini_with_rag_contracts/2533.sol,2533.sol,oyente+-060ca34,solidity,2025/06/04,20260206_1558,1770394208.631698,0.5559713840484619,1,{},{analysis incomplete},{Solidity compilation failed},{}
contracts_output/contracts_output/gemini_with_rag_contracts/2566.sol,2566.sol,oyente+-060ca34,solidity,2025/06/04,20260206_1558,1770393792.8862808,0.5575315952301025,1,{},{analysis incomplete},{Solidity compilation failed},{}
contracts_output/contracts_output/gemini_with_rag_contracts/2581.sol,2581.sol,oyente+-060ca34,solidity,2025/06/04,20260206_1558,1770393976.6757627,15.793864727020264,0,{Integer_Underflow},"{coverage SafeMath 98.4%,coverage TakeOrderChecker 66.4%}",{},{}
contracts_output/contracts_output/gemini_with_rag_contracts/2600.sol,2600.sol,oyente+-060ca34,solidity,2025/06/04,20260206_1558,1770394314.2026014,20.288946390151978,0,{Integer_Underflow},"{coverage MyContract 83.5%,coverage SafeMath 98.4%}",{},{}
contracts_output/contracts_output/gemini_with_rag_contracts/2602.sol,2602.sol,oyente+-060ca34,solidity,2025/06/04,20260206_1558,1770393598.7836204,0.574272871017456,1,{},{analysis incomplete},{Solidity compilation failed},{}
contracts_output/contracts_output/gemini_with_rag_contracts/2614.sol,2614.sol,oyente+-060ca34,solidity,2025/06/04,20260206_1558,1770393873.0546396,0.5059447288513184,1,{},{analysis incomplete},{Solidity compilation failed},{}
contracts_output/contracts_output/gemini_with_rag_contracts/2617.sol,2617.sol,oyente+-060ca34,solidity,2025/06/04,20260206_1558,1770393801.6186383,16.43193554878235,0,{Integer_Underflow},"{coverage MyContract 85.4%,coverage SafeMath 98.4%}",{},{}
contracts_output/contracts_output/gemini_with_rag_contracts/2621.sol,2621.sol,oyente+-060ca34,solidity,2025/06/04,20260206_1558,1770393775.7690263,15.924620389938354,0,"{Integer_Overflow,Integer_Underflow}","{coverage SafeMath 98.4%,coverage Unregistration 65.2%}",{},{}
contracts_output/contracts_output/gemini_with_rag_contracts/2632.sol,2632.sol,oyente+-060ca34,solidity,2025/06/04,20260206_1558,1770393562.7386718,15.505395889282227,0,{Integer_Underflow},"{coverage Fundraiser 79.3%,coverage SafeMath 98.4%}",{},{}
contracts_output/contracts_output/gemini_with_rag_contracts/2639.sol,2639.sol,oyente+-060ca34,solidity,2025/06/04,20260206_1558,1770394314.7537313,0.5553719997406006,1,{},{analysis incomplete},{Solidity compilation failed},{}
contracts_output/contracts_output/gemini_with_rag_contracts/267.sol,267.sol,oyente+-060ca34,solidity,2025/06/04,20260206_1558,1770394248.743078,0.5931272506713867,1,{},{analysis incomplete},{Solidity compilation failed},{}
contracts_output/contracts_output/gemini_with_rag_contracts/2680.sol,2680.sol,oyente+-060ca34,solidity,2025/06/04,20260206_1558,1770393604.1769855,16.445939302444458,0,"{Integer_Overflow,Integer_Underflow}","{coverage BonusAssignment 86.8%,coverage SafeMath 98.4%}",{},{}
contracts_output/contracts_output/gemini_with_rag_contracts/2712.sol,2712.sol,oyente+-060ca34,solidity,2025/06/04,20260206_1558,1770394165.5035625,0.5508894920349121,1,{},{analysis incomplete},{Solidity compilation failed},{}
contracts_output/contracts_output/gemini_with_rag_contracts/2733.sol,2733.sol,oyente+-060ca34,solidity,2025/06/04,20260206_1558,1770393934.3516035,0.5310876369476318,1,{},{analysis incomplete},{Solidity compilation failed},{}
contracts_output/contracts_output/gemini_with_rag_contracts/2749.sol,2749.sol,oyente+-060ca34,solidity,2025/06/04,20260206_1558,1770393847.7321348,0.5095183849334717,1,{},{analysis incomplete},{Solidity compilation failed},{}
contracts_output/contracts_output/gemini_with_rag_contracts/2752.sol,2752.sol,oyente+-060ca34,solidity,2025/06/04,20260206_1558,1770394084.144797,0.5106539726257324,1,{},{analysis incomplete},{Solidity compilation failed},{}
contracts_output/contracts_output/gemini_with_rag_contracts/277.sol,277.sol,oyente+-060ca34,solidity,2025/06/04,20260206_1558,1770394218.4343028,0.5219569206237793,1,{},{analysis incomplete},{Solidity compilation failed},{}
contracts_output/contracts_output/gemini_with_rag_contracts/2777.sol,2777.sol,oyente+-060ca34,solidity,2025/06/04,20260206_1558,1770393599.3586023,0.6004586219787598,0,{Integer_Underflow},"{coverage MyContract 69.0%,coverage SafeMath 98.4%}",{},{}
contracts_output/contracts_output/gemini_with_rag_contracts/281.sol,281.sol,oyente+-060ca34,solidity,2025/06/04,20260206_1558,1770394076.5458844,0.522892951965332,1,{},{analysis incomplete},{Solidity compilation failed},{}
contracts_output/contracts_output/gemini_with_rag_contracts/2847.sol,2847.sol,oyente+-060ca34,solidity,2025/06/04,20260206_1558,1770394135.1580591,25.18853259086609,0,{Integer_Underflow},"{coverage MyContract 68.3%,coverage SafeMath 98.4%}",{},{}
contracts_output/contracts_output/gemini_with_rag_contracts/2851.sol,2851.sol,oyente+-060ca34,solidity,2025/06/04,20260206_1558,1770393588.1433249,0.4618191719055176,1,{},{analysis incomplete},{Solidity compilation failed},{}
contracts_output/contracts_output/gemini_with_rag_contracts/2869.sol,2869.sol,oyente+-060ca34,solidity,2025/06/04,20260206_1558,1770393756.7764368,0.5222625732421875,1,{},{analysis incomplete},{Solidity compilation failed},{}
contracts_output/contracts_output/gemini_with_rag_contracts/2892.sol,2892.sol,oyente+-060ca34,solidity,2025/06/04,20260206_1558,1770394227.6710794,0.5971052646636963,1,{},{analysis incomplete},{Solidity compilation failed},{}
contracts_output/contracts_output/gemini_with_rag_contracts/2907.sol,2907.sol,oyente+-060ca34,solidity,2025/06/04,20260206_1558,1770394337.0911326,18.634615659713745,0,{Integer_Underflow},"{coverage MyContract 79.4%,coverage SafeMath 98.4%}",{},{}
contracts_output/contracts_output/gemini_with_rag_contracts/2948.sol,2948.sol,oyente+-060ca34,solidity,2025/06/04,20260206_1558,1770394180.717625,7.3565833568573,0,{Integer_Underflow},"{coverage ExampleContract 64.2%,coverage SafeMath 98.4%}",{},{}
contracts_output/contracts_output/gemini_with_rag_contracts/2971.sol,2971.sol,oyente+-060ca34,solidity,2025/06/04,20260206_1558,1770393510.9795434,0.6195633411407471,1,{},{analysis incomplete},{Solidity compilation failed},{}
contracts_output/contracts_output/gemini_with_rag_contracts/2976.sol,2976.sol,oyente+-060ca34,solidity,2025/06/04,20260206_1558,1770394228.0325215,0.6522977352142334,1,{},{analysis incomplete},{Solidity compilation failed},{}
contracts_output/contracts_output/gemini_with_rag_contracts/2989.sol,2989.sol,oyente+-060ca34,solidity,2025/06/04,20260206_1558,1770393785.1187859,17.027426958084106,0,"{Integer_Overflow,Integer_Underflow}","{coverage SafeMath 98.4%,coverage ValidatorRegistry 76.2%}",{},{}
contracts_output/contracts_output/gemini_with_rag_contracts/30.sol,30.sol,oyente+-060ca34,solidity,2025/06/04,20260206_1558,1770393886.5218446,16.495269536972046,0,"{Integer_Overflow,Integer_Underflow}","{coverage MyContract 81.8%,coverage SafeMath 98.4%}",{},{}
contracts_output/contracts_output/gemini_with_rag_contracts/3024.sol,3024.sol,oyente+-060ca34,solidity,2025/06/04,20260206_1558,1770393863.8542264,21.105096578598022,0,"{Integer_Overflow,Integer_Underflow}","{coverage ForkAnnouncer 56.1%,coverage SafeMath 98.4%}",{},{}
contracts_output/contracts_output/gemini_with_rag_contracts/3040.sol,3040.sol,oyente+-060ca34,solidity,2025/06/04,20260206_1558,1770393653.5317929,0.533240795135498,1,{},{analysis incomplete},{Solidity compilation failed},{}
contracts_output/contracts_output/gemini_with_rag_contracts/306.sol,306.sol,oyente+-060ca34,solidity,2025/06/04,20260206_1558,1770393517.752873,0.49839162826538086,1,{},{analysis incomplete},{Solidity compilation failed},{}
contracts_output/contracts_output/gemini_with_rag_contracts/3060.sol,3060.sol,oyente+-060ca34,solidity,2025/06/04,20260206_1558,1770394016.9511702,0.6119685173034668,1,{},{analysis incomplete},{Solidity compilation failed},{}
contracts_output/contracts_output/gemini_with_rag_contracts/3064.sol,3064.sol,oyente+-060ca34,solidity,2025/06/04,20260206_1558,1770393684.4721923,16.18916630744934,1,"{Callstack_Depth_Attack_Vulnerability,Integer_Overflow,Integer_Underflow}","{coverage BatchTransfer 47.8%,coverage SafeMath 98.4%}",{},{}
contracts_output/contracts_output/gemini_with_rag_contracts/3096.sol,3096.sol,oyente+-060ca34,solidity,2025/06/04,20260206_1558,1770393797.0555193,0.5388240814208984,1,{},{analysis incomplete},{Solidity compilation failed},{}
contracts_output/contracts_output/gemini_with_rag_contracts/3103.sol,3103.sol,oyente+-060ca34,solidity,2025/06/04,20260206_1558,1770393641.9830983,0.5344099998474121,1,{},{analysis incomplete},{Solidity compilation failed},{}
contracts_output/contracts_output/gemini_with_rag_contracts/312.sol,312.sol,oyente+-060ca34,solidity,2025/06/04,20260206_1558,1770393558.2881062,0.5163261890411377,1,{},{analysis incomplete},{Solidity compilation failed},{}
contracts_output/contracts_output/gemini_with_rag_contracts/3142.sol,3142.sol,oyente+-060ca34,solidity,2025/06/04,20260206_1558,1770394047.6972167,0.5317764282226562,1,{},{analysis incomplete},{Solidity compilation failed},{}
contracts_output/contracts_output/gemini_with_rag_contracts/3148.sol,3148.sol,oyente+-060ca34,solidity,2025/06/04,20260206_1558,1770393848.4855309,0.5184726715087891,1,{},{analysis incomplete},{Solidity compilation failed},{}
contracts_output/contracts_output/gemini_with_rag_contracts/316.sol,316.sol,oyente+-060ca34,solidity,2025/06/04,20260206_1558,1770394297.345841,16.676395893096924,0,"{Integer_Overflow,Integer_Underflow}","{coverage MyToken 63.3%,coverage SafeMath 98.4%}",{},{}
contracts_output/contracts_output/gemini_with_rag_contracts/3161.sol,3161.sol,oyente+-060ca34,solidity,2025/06/04,20260206_1558,1770393802.1471093,16.156323194503784,0,{Integer_Underflow},"{coverage Auction 85.1%,coverage SafeMath 98.4%}",{},{}
contracts_output/contracts_output/gemini_with_rag_contracts/3163.sol,3163.sol,oyente+-060ca34,solidity,2025/06/04,20260206_1558,1770393624.7698479,16.05204725265503,0,{Integer_Underflow},"{coverage PaymentProxy 66.6%,coverage SafeMath 98.4%}",{},{}
contracts_output/contracts_output/gemini_with_rag_contracts/3170.sol,3170.sol,oyente+-060ca34,solidity,2025/06/04,20260206_1558,1770394247.2129362,0.5044817924499512,1,{},{analysis incomplete},{Solidity compilation failed},{}
contracts_output/contracts_output/gemini_with_rag_contracts/3181.sol,3181.sol,oyente+-060ca34,solidity,2025/06/04,20260206_1558,1770393870.5477085,21.34942078590393,0,"{Integer_Overflow,Integer_Underflow}","{coverage MyToken 48.7%,coverage SafeMath 98.4%}",{},{}
contracts_output/contracts_output/gemini_with_rag_contracts/3185.sol,3185.sol,oyente+-060ca34,solidity,2025/06/04,20260206_1558,1770393661.5738602,15.995007276535034,0,"{Integer_Overflow,Integer_Underflow}","{coverage ContractChecker 85.2%,coverage SafeMath 98.4%}",{},{}
contracts_output/contracts_output/gemini_with_rag_contracts/3195.sol,3195.sol,oyente+-060ca34,solidity,2025/06/04,20260206_1558,1770393512.2967525,16.57683491706848,0,{Integer_Underflow},"{coverage DarknodeRegistry 46.9%,coverage SafeMath 98.4%}",{},{}
contracts_output/contracts_output/gemini_with_rag_contracts/32.sol,32.sol,oyente+-060ca34,solidity,2025/06/04,20260206_1558,1770393955.4098232,0.5211825370788574,1,{},{analysis incomplete},{Solidity compilation failed},{}
contracts_output/contracts_output/gemini_with_rag_contracts/3202.sol,3202.sol,oyente+-060ca34,solidity,2025/06/04,20260206_1558,1770394069.0720458,0.5267148017883301,1,{},{analysis incomplete},{Solidity compilation failed},{}
contracts_output/contracts_output/gemini_with_rag_contracts/3204.sol,3204.sol,oyente+-060ca34,solidity,2025/06/04,20260206_1558,1770393711.5026028,0.5235388278961182,1,{},{analysis incomplete},{Solidity compilation failed},{}
contracts_output/contracts_output/gemini_with_rag_contracts/321.sol,321.sol,oyente+-060ca34,solidity,2025/06/04,20260206_1558,1770394070.7139773,15.967749118804932,0,{Integer_Underflow},"{coverage FundingContract 80.8%,coverage SafeMath 98.4%}",{},{}
contracts_output/contracts_output/gemini_with_rag_contracts/3235.sol,3235.sol,oyente+-060ca34,solidity,2025/06/04,20260206_1558,1770394228.847136,0.5906553268432617,1,{},{analysis incomplete},{Solidity compilation failed},{}
contracts_output/contracts_output/gemini_with_rag_contracts/3265.sol,3265.sol,oyente+-060ca34,solidity,2025/06/04,20260206_1558,1770393878.588714,0.5054965019226074,1,{},{analysis incomplete},{Solidity compilation failed},{}
contracts_output/contracts_output/gemini_with_rag_contracts/3277.sol,3277.sol,oyente+-060ca34,solidity,2025/06/04,20260206_1558,1770393939.6719534,0.5092144012451172,1,{},{analysis incomplete},{Solidity compilation failed},{}
contracts_output/contracts_output/gemini_with_rag_contracts/3285.sol,3285.sol,oyente+-060ca34,solidity,2025/06/04,20260206_1558,1770394027.2017767,11.08357834815979,0,"{Integer_Overflow,Integer_Underflow}","{coverage MyContract 88.2%,coverage SafeMath 98.4%}",{},{}
contracts_output/contracts_output/gemini_with_rag_contracts/3288.sol,3288.sol,oyente+-060ca34,solidity,2025/06/04,20260206_1558,1770394083.6439664,0.500288724899292,1,{},{analysis incomplete},{Solidity compilation failed},{}
contracts_output/contracts_output/gemini_with_rag_contracts/3297.sol,3297.sol,oyente+-060ca34,solidity,2025/06/04,20260206_1558,1770394266.6486664,0.5277996063232422,1,{},{analysis incomplete},{Solidity compilation failed},{}
contracts_output/contracts_output/gemini_with_rag_contracts/3314.sol,3314.sol,oyente+-060ca34,solidity,2025/06/04,20260206_1558,1770393979.2025797,0.5074176788330078,1,{},{analysis incomplete},{Solidity compilation failed},{}
contracts_output/contracts_output/gemini_with_rag_contracts/3318.sol,3318.sol,oyente+-060ca34,solidity,2025/06/04,20260206_1558,1770393947.6013372,0.443835973739624,1,{},{analysis incomplete},{Solidity compilation failed},{}
contracts_output/contracts_output/gemini_with_rag_contracts/3322.sol,3322.sol,oyente+-060ca34,solidity,2025/06/04,20260206_1558,1770394226.401186,0.5777897834777832,1,{},{analysis incomplete},{Solidity compilation failed},{}
contracts_output/contracts_output/gemini_with_rag_contracts/3332.sol,3332.sol,oyente+-060ca34,solidity,2025/06/04,20260206_1558,1770394324.114862,0.5220856666564941,1,{},{analysis incomplete},{Solidity compilation failed},{}
contracts_output/contracts_output/gemini_with_rag_contracts/3338.sol,3338.sol,oyente+-060ca34,solidity,2025/06/04,20260206_1558,1770394278.528076,0.5135619640350342,1,{},{analysis incomplete},{Solidity compilation failed},{}
contracts_output/contracts_output/gemini_with_rag_contracts/3343.sol,3343.sol,oyente+-060ca34,solidity,2025/06/04,20260206_1558,1770393597.7360423,0.621220588684082,1,{},{analysis incomplete},{Solidity compilation failed},{}
contracts_output/contracts_output/gemini_with_rag_contracts/3368.sol,3368.sol,oyente+-060ca34,solidity,2025/06/04,20260206_1558,1770393768.7612588,16.356508016586304,0,"{Integer_Overflow,Integer_Underflow}","{coverage AddressChecker 83.5%,coverage SafeMath 98.4%}",{},{}
contracts_output/contracts_output/gemini_with_rag_contracts/3377.sol,3377.sol,oyente+-060ca34,solidity,2025/06/04,20260206_1558,1770393572.774627,0.5308306217193604,1,{},{analysis incomplete},{Solidity compilation failed},{}
contracts_output/contracts_output/gemini_with_rag_contracts/3380.sol,3380.sol,oyente+-060ca34,solidity,2025/06/04,20260206_1558,1770393511.9828084,16.05382776260376,0,{Integer_Underflow},"{coverage SafeMath 98.4%,coverage ValidatorRegistry 78.2%}",{},{}
contracts_output/contracts_output/gemini_with_rag_contracts/339.sol,339.sol,oyente+-060ca34,solidity,2025/06/04,20260206_1558,1770394184.4185224,25.108343362808228,0,"{Integer_Overflow,Integer_Underflow}","{coverage CardContract 52.2%,coverage SafeMath 98.4%}",{},{}
contracts_output/contracts_output/gemini_with_rag_contracts/3416.sol,3416.sol,oyente+-060ca34,solidity,2025/06/04,20260206_1558,1770393642.9177547,17.344218015670776,0,"{Integer_Overflow,Integer_Underflow}","{coverage PropertyRegistry 82.1%,coverage SafeMath 98.4%}",{},{}
contracts_output/contracts_output/gemini_with_rag_contracts/3424.sol,3424.sol,oyente+-060ca34,solidity,2025/06/04,20260206_1558,1770393523.5914955,16.426319360733032,0,{Integer_Underflow},"{coverage CollectionRegistry 65.2%,coverage SafeMath 98.4%}",{},{}
contracts_output/contracts_output/gemini_with_rag_contracts/3433.sol,3433.sol,oyente+-060ca34,solidity,2025/06/04,20260206_1558,1770394139.2884986,17.189484119415283,0,"{Integer_Overflow,Integer_Underflow}","{coverage NeuroChainAddressRegistry 66.4%,coverage SafeMath 98.4%}",{},{}
contracts_output/contracts_output/gemini_with_rag_contracts/3447.sol,3447.sol,oyente+-060ca34,solidity,2025/06/04,20260206_1558,1770393512.162998,0.6060359477996826,1,{},{analysis incomplete},{Solidity compilation failed},{}
contracts_output/contracts_output/gemini_with_rag_contracts/3452.sol,3452.sol,oyente+-060ca34,solidity,2025/06/04,20260206_1558,1770394081.5567765,0.4929530620574951,1,{},{analysis incomplete},{Solidity compilation failed},{}
contracts_output/contracts_output/gemini_with_rag_contracts/3458.sol,3458.sol,oyente+-060ca34,solidity,2025/06/04,20260206_1558,1770394019.2918348,15.663702249526978,0,{Integer_Underflow},"{coverage MyContract 84.0%,coverage SafeMath 98.4%}",{},{}
contracts_output/contracts_output/gemini_with_rag_contracts/3464.sol,3464.sol,oyente+-060ca34,solidity,2025/06/04,20260206_1558,1770394187.1421971,0.5082964897155762,1,{},{analysis incomplete},{Solidity compilation failed},{}
contracts_output/contracts_output/gemini_with_rag_contracts/3476.sol,3476.sol,oyente+-060ca34,solidity,2025/06/04,20260206_1558,1770393767.2405016,0.5260970592498779,1,{},{analysis incomplete},{Solidity compilation failed},{}
contracts_output/contracts_output/gemini_with_rag_contracts/3477.sol,3477.sol,oyente+-060ca34,solidity,2025/06/04,20260206_1558,1770394047.152745,0.5437917709350586,1,{},{analysis incomplete},{Solidity compilation failed},{}
contracts_output/contracts_output/gemini_with_rag_contracts/3500.sol,3500.sol,oyente+-060ca34,solidity,2025/06/04,20260206_1558,1770393678.218626,0.5173583030700684,1,{},{analysis incomplete},{Solidity compilation failed},{}
contracts_output/contracts_output/gemini_with_rag_contracts/3520.sol,3520.sol,oyente+-060ca34,solidity,2025/06/04,20260206_1558,1770394232.445116,0.5767433643341064,1,{},{analysis incomplete},{Solidity compilation failed},{}
contracts_output/contracts_output/gemini_with_rag_contracts/3570.sol,3570.sol,oyente+-060ca34,solidity,2025/06/04,20260206_1558,1770394098.0435514,25.52130150794983,0,{Integer_Underflow},"{coverage MyContract 82.5%,coverage SafeMath 98.4%}",{},{}
contracts_output/contracts_output/gemini_with_rag_contracts/3576.sol,3576.sol,oyente+-060ca34,solidity,2025/06/04,20260206_1558,1770394336.4027834,0.6520428657531738,1,{},{analysis incomplete},{Solidity compilation failed},{}
contracts_output/contracts_output/gemini_with_rag_contracts/3580.sol,3580.sol,oyente+-060ca34,solidity,2025/06/04,20260206_1558,1770393791.286525,15.674060344696045,0,"{Integer_Overflow,Integer_Underflow}","{coverage AttributeValidator 58.8%,coverage SafeMath 98.4%}",{},{}
contracts_output/contracts_output/gemini_with_rag_contracts/36.sol,36.sol,oyente+-060ca34,solidity,2025/06/04,20260206_1558,1770393681.5906944,0.5930087566375732,1,{},{analysis incomplete},{Solidity compilation failed},{}
contracts_output/contracts_output/gemini_with_rag_contracts/3604.sol,3604.sol,oyente+-060ca34,solidity,2025/06/04,20260206_1558,1770393723.2892325,0.5653433799743652,1,{},{analysis incomplete},{Solidity compilation failed},{}
contracts_output/contracts_output/gemini_with_rag_contracts/3619.sol,3619.sol,oyente+-060ca34,solidity,2025/06/04,20260206_1558,1770394320.3585374,0.5367734432220459,1,{},{analysis incomplete},{Solidity compilation failed},{}
contracts_output/contracts_output/gemini_with_rag_contracts/3633.sol,3633.sol,oyente+-060ca34,solidity,2025/06/04,20260206_1558,1770394296.4064848,17.257544994354248,0,"{Integer_Overflow,Integer_Underflow}","{coverage SafeMath 98.4%,coverage Token 83.0%}",{},{}
contracts_output/contracts_output/gemini_with_rag_contracts/3644.sol,3644.sol,oyente+-060ca34,solidity,2025/06/04,20260206_1558,1770393712.2629387,0.5158188343048096,1,{},{analysis incomplete},{Solidity compilation failed},{}
contracts_output/contracts_output/gemini_with_rag_contracts/3650.sol,3650.sol,oyente+-060ca34,solidity,2025/06/04,20260206_1558,1770394283.939148,0.5417068004608154,1,{},{analysis incomplete},{Solidity compilation failed},{}
contracts_output/contracts_output/gemini_with_rag_contracts/3662.sol,3662.sol,oyente+-060ca34,solidity,2025/06/04,20260206_1558,1770393556.7330236,10.534445524215698,0,"{Integer_Overflow,Integer_Underflow}","{coverage MyContract 70.5%,coverage SafeMath 98.4%}",{},{}
contracts_output/contracts_output/gemini_with_rag_contracts/3698.sol,3698.sol,oyente+-060ca34,solidity,2025/06/04,20260206_1558,1770393708.1755838,0.5181925296783447,1,{},{analysis incomplete},{Solidity compilation failed},{}
contracts_output/contracts_output/gemini_with_rag_contracts/3704.sol,3704.sol,oyente+-060ca34,solidity,2025/06/04,20260206_1558,1770394111.5011175,24.323999404907227,0,"{Integer_Overflow,Integer_Underflow}","{coverage SafeMath 98.4%,coverage TokenContract 60.0%}",{},{}
contracts_output/contracts_output/gemini_with_rag_contracts/3719.sol,3719.sol,oyente+-060ca34,solidity,2025/06/04,20260206_1558,1770393977.732445,7.2856950759887695,0,{Integer_Underflow},"{coverage MyContract 66.8%,coverage SafeMath 98.4%}",{},{}
contracts_output/contracts_output/gemini_with_rag_contracts/3727.sol,3727.sol,oyente+-060ca34,solidity,2025/06/04,20260206_1558,1770393857.5105698,0.5298399925231934,1,{},{analysis incomplete},{Solidity compilation failed},{}
contracts_output/contracts_output/gemini_with_rag_contracts/3728.sol,3728.sol,oyente+-060ca34,solidity,2025/06/04,20260206_1558,1770393581.3302543,0.4546792507171631,1,{},{analysis incomplete},{Solidity compilation failed},{}
contracts_output/contracts_output/gemini_with_rag_contracts/3748.sol,3748.sol,oyente+-060ca34,solidity,2025/06/04,20260206_1558,1770393986.6255343,0.49526023864746094,1,{},{analysis incomplete},{Solidity compilation failed},{}
contracts_output/contracts_output/gemini_with_rag_contracts/3756.sol,3756.sol,oyente+-060ca34,solidity,2025/06/04,20260206_1558,1770394026.4521117,23.416884660720825,0,"{Integer_Overflow,Integer_Underflow}","{coverage MyContract 72.8%,coverage SafeMath 98.4%}",{},{}
contracts_output/contracts_output/gemini_with_rag_contracts/3776.sol,3776.sol,oyente+-060ca34,solidity,2025/06/04,20260206_1558,1770393900.924021,15.598160743713379,0,{Integer_Underflow},"{coverage MyContract 74.4%,coverage SafeMath 98.4%}",{},{}
contracts_output/contracts_output/gemini_with_rag_contracts/3785.sol,3785.sol,oyente+-060ca34,solidity,2025/06/04,20260206_1558,1770393575.5371644,22.50600552558899,0,"{Integer_Overflow,Integer_Underflow}","{coverage PixelCons 66.1%,coverage SafeMath 98.4%}",{},{}
contracts_output/contracts_output/gemini_with_rag_contracts/3793.sol,3793.sol,oyente+-060ca34,solidity,2025/06/04,20260206_1558,1770393546.8853097,0.5292243957519531,1,{},{analysis incomplete},{Solidity compilation failed},{}
contracts_output/contracts_output/gemini_with_rag_contracts/381.sol,381.sol,oyente+-060ca34,solidity,2025/06/04,20260206_1558,1770394284.3598008,0.520472526550293,1,{},{analysis incomplete},{Solidity compilation failed},{}
contracts_output/contracts_output/gemini_with_rag_contracts/382.sol,382.sol,oyente+-060ca34,solidity,2025/06/04,20260206_1558,1770393751.4451435,0.4933450222015381,1,{},{analysis incomplete},{Solidity compilation failed},{}
contracts_output/contracts_output/gemini_with_rag_contracts/3857.sol,3857.sol,oyente+-060ca34,solidity,2025/06/04,20260206_1558,1770393792.367311,0.5182533264160156,1,{},{analysis incomplete},{Solidity compilation failed},{}
contracts_output/contracts_output/gemini_with_rag_contracts/3863.sol,3863.sol,oyente+-060ca34,solidity,2025/06/04,20260206_1558,1770393734.1218534,0.47321486473083496,1,{},{analysis incomplete},{Solidity compilation failed},{}
contracts_output/contracts_output/gemini_with_rag_contracts/3881.sol,3881.sol,oyente+-060ca34,solidity,2025/06/04,20260206_1558,1770393600.8779912,15.804208755493164,0,"{Integer_Overflow,Integer_Underflow}","{coverage SafeMath 98.4%,coverage TrustContract 84.2%}",{},{}
contracts_output/contracts_output/gemini_with_rag_contracts/3890.sol,3890.sol,oyente+-060ca34,solidity,2025/06/04,20260206_1558,1770394056.0853212,0.5265035629272461,1,{},{analysis incomplete},{Solidity compilation failed},{}
contracts_output/contracts_output/gemini_with_rag_contracts/3893.sol,3893.sol,oyente+-060ca34,solidity,2025/06/04,20260206_1558,1770393907.9258287,0.5244019031524658,1,{},{analysis incomplete},{Solidity compilation failed},{}
contracts_output/contracts_output/gemini_with_rag_contracts/3896.sol,3896.sol,oyente+-060ca34,solidity,2025/06/04,20260206_1558,1770393979.7106233,0.5453977584838867,1,{},{analysis incomplete},{Solidity compilation failed},{}
contracts_output/contracts_output/gemini_with_rag_contracts/39.sol,39.sol,oyente+-060ca34,solidity,2025/06/04,20260206_1558,1770393802.522672,0.5445466041564941,1,{},{analysis incomplete},{Solidity compilation failed},{}
contracts_output/contracts_output/gemini_with_rag_contracts/3939.sol,3939.sol,oyente+-060ca34,solidity,2025/06/04,20260206_1558,1770394219.2343936,7.165426015853882,0,{Integer_Underflow},"{coverage MyContract 81.1%,coverage SafeMath 98.4%}",{},{}
contracts_output/contracts_output/gemini_with_rag_contracts/3988.sol,3988.sol,oyente+-060ca34,solidity,2025/06/04,20260206_1558,1770393856.5119843,23.8263258934021,0,{Integer_Underflow},"{coverage Campaign 84.9%,coverage SafeMath 98.4%}",{},{}
contracts_output/contracts_output/gemini_with_rag_contracts/3990.sol,3990.sol,oyente+-060ca34,solidity,2025/06/04,20260206_1558,1770394277.091489,0.49719905853271484,1,{},{analysis incomplete},{Solidity compilation failed},{}
contracts_output/contracts_output/gemini_with_rag_contracts/4001.sol,4001.sol,oyente+-060ca34,solidity,2025/06/04,20260206_1558,1770394319.8457854,0.5120735168457031,1,{},{analysis incomplete},{Solidity compilation failed},{}
contracts_output/contracts_output/gemini_with_rag_contracts/4005.sol,4005.sol,oyente+-060ca34,solidity,2025/06/04,20260206_1558,1770393913.8922892,0.4804501533508301,1,{},{analysis incomplete},{Solidity compilation failed},{}
contracts_output/contracts_output/gemini_with_rag_contracts/402.sol,402.sol,oyente+-060ca34,solidity,2025/06/04,20260206_1558,1770393766.1129746,25.17260217666626,0,{Integer_Underflow},"{coverage MyContract 48.6%,coverage SafeMath 98.4%}",{},{}
contracts_output/contracts_output/gemini_with_rag_contracts/4025.sol,4025.sol,oyente+-060ca34,solidity,2025/06/04,20260206_1558,1770393936.8498755,17.856870412826538,0,"{Integer_Overflow,Integer_Underflow}","{coverage SafeMath 98.4%,coverage YourContract 89.0%}",{},{}
contracts_output/contracts_output/gemini_with_rag_contracts/4047.sol,4047.sol,oyente+-060ca34,solidity,2025/06/04,20260206_1558,1770394158.4258585,25.576838493347168,0,"{Integer_Overflow,Integer_Underflow}","{coverage SafeMath 98.4%,coverage WinnerValidator 59.7%}",{},{}
contracts_output/contracts_output/gemini_with_rag_contracts/4051.sol,4051.sol,oyente+-060ca34,solidity,2025/06/04,20260206_1558,1770394044.5393853,17.019391298294067,0,"{Integer_Overflow,Integer_Underflow}","{coverage OperatorApprovalChecker 86.3%,coverage SafeMath 98.4%}",{},{}
contracts_output/contracts_output/gemini_with_rag_contracts/4079.sol,4079.sol,oyente+-060ca34,solidity,2025/06/04,20260206_1558,1770393568.1211717,0.5517055988311768,1,{},{analysis incomplete},{Solidity compilation failed},{}
contracts_output/contracts_output/gemini_with_rag_contracts/4083.sol,4083.sol,oyente+-060ca34,solidity,2025/06/04,20260206_1558,1770393847.2841733,0.5279977321624756,1,{},{analysis incomplete},{Solidity compilation failed},{}
contracts_output/contracts_output/gemini_with_rag_contracts/4086.sol,4086.sol,oyente+-060ca34,solidity,2025/06/04,20260206_1558,1770393903.8418996,16.399080753326416,0,"{Integer_Overflow,Integer_Underflow}","{coverage ERC721 78.8%,coverage SafeMath 98.4%}",{},{}
contracts_output/contracts_output/gemini_with_rag_contracts/4148.sol,4148.sol,oyente+-060ca34,solidity,2025/06/04,20260206_1558,1770394201.5767663,0.5696361064910889,1,{},{analysis incomplete},{Solidity compilation failed},{}
contracts_output/contracts_output/gemini_with_rag_contracts/4173.sol,4173.sol,oyente+-060ca34,solidity,2025/06/04,20260206_1558,1770394230.616394,16.595691680908203,0,{Integer_Underflow},"{coverage MyContract 82.3%,coverage SafeMath 98.4%}",{},{}
contracts_output/contracts_output/gemini_with_rag_contracts/4185.sol,4185.sol,oyente+-060ca34,solidity,2025/06/04,20260206_1558,1770394231.692576,23.55456781387329,0,{Integer_Underflow},"{coverage Collectible 75.8%,coverage SafeMath 98.4%}",{},{}
contracts_output/contracts_output/gemini_with_rag_contracts/4219.sol,4219.sol,oyente+-060ca34,solidity,2025/06/04,20260206_1558,1770394325.2512188,23.38789129257202,0,{Integer_Underflow},"{coverage SafeMath 98.4%,coverage TokenGenerator 74.1%}",{},{}
contracts_output/contracts_output/gemini_with_rag_contracts/4258.sol,4258.sol,oyente+-060ca34,solidity,2025/06/04,20260206_1558,1770393520.8148751,0.8292851448059082,0,"{Integer_Overflow,Integer_Underflow}","{coverage MyToken 89.1%,coverage SafeMath 98.4%}",{},{}
contracts_output/contracts_output/gemini_with_rag_contracts/4267.sol,4267.sol,oyente+-060ca34,solidity,2025/06/04,20260206_1558,1770393640.414195,0.5219383239746094,1,{},{analysis incomplete},{Solidity compilation failed},{}
contracts_output/contracts_output/gemini_with_rag_contracts/4301.sol,4301.sol,oyente+-060ca34,solidity,2025/06/04,20260206_1558,1770393759.7814198,0.5351481437683105,1,{},{analysis incomplete},{Solidity compilation failed},{}
contracts_output/contracts_output/gemini_with_rag_contracts/4311.sol,4311.sol,oyente+-060ca34,solidity,2025/06/04,20260206_1558,1770393982.757762,35.37255549430847,0,{Integer_Underflow},"{coverage MyContract 74.4%,coverage SafeMath 98.4%}",{},{}
contracts_output/contracts_output/gemini_with_rag_contracts/4342.sol,4342.sol,oyente+-060ca34,solidity,2025/06/04,20260206_1558,1770394313.6794257,0.5222773551940918,1,{},{analysis incomplete},{Solidity compilation failed},{}
contracts_output/contracts_output/gemini_with_rag_contracts/4344.sol,4344.sol,oyente+-060ca34,solidity,2025/06/04,20260206_1558,1770393719.860438,0.6863865852355957,1,{},{analysis incomplete},{Solidity compilation failed},{}
contracts_output/contracts_output/gemini_with_rag_contracts/4397.sol,4397.sol,oyente+-060ca34,solidity,2025/06/04,20260206_1558,1770394098.917784,0.5140101909637451,1,{},{analysis incomplete},{Solidity compilation failed},{}
contracts_output/contracts_output/gemini_with_rag_contracts/4411.sol,4411.sol,oyente+-060ca34,solidity,2025/06/04,20260206_1558,1770394130.6128252,24.929386377334595,0,"{Integer_Overflow,Integer_Underflow}","{coverage SafeMath 98.4%,coverage TrustContract 81.1%}",{},{}
contracts_output/contracts_output/gemini_with_rag_contracts/4418.sol,4418.sol,oyente+-060ca34,solidity,2025/06/04,20260206_1558,1770394325.0050142,0.5606319904327393,1,{},{analysis incomplete},{Solidity compilation failed},{}
contracts_output/contracts_output/gemini_with_rag_contracts/442.sol,442.sol,oyente+-060ca34,solidity,2025/06/04,20260206_1558,1770393828.906899,0.5414137840270996,1,{},{analysis incomplete},{Solidity compilation failed},{}
contracts_output/contracts_output/gemini_with_rag_contracts/4437.sol,4437.sol,oyente+-060ca34,solidity,2025/06/04,20260206_1558,1770394279.7655015,0.5382640361785889,1,{},{analysis incomplete},{Solidity compilation failed},{}
contracts_output/contracts_output/gemini_with_rag_contracts/4464.sol,4464.sol,oyente+-060ca34,solidity,2025/06/04,20260206_1558,1770393589.8936539,0.44075918197631836,1,{},{analysis incomplete},{Solidity compilation failed},{}
contracts_output/contracts_output/gemini_with_rag_contracts/4481.sol,4481.sol,oyente+-060ca34,solidity,2025/06/04,20260206_1558,1770393633.6789558,0.5018672943115234,1,{},{analysis incomplete},{Solidity compilation failed},{}
contracts_output/contracts_output/gemini_with_rag_contracts/4491.sol,4491.sol,oyente+-060ca34,solidity,2025/06/04,20260206_1558,1770393609.8423145,0.49767422676086426,1,{},{analysis incomplete},{Solidity compilation failed},{}
contracts_output/contracts_output/gemini_with_rag_contracts/4496.sol,4496.sol,oyente+-060ca34,solidity,2025/06/04,20260206_1558,1770394282.7651694,0.49332165718078613,1,{},{analysis incomplete},{Solidity compilation failed},{}
contracts_output/contracts_output/gemini_with_rag_contracts/4517.sol,4517.sol,oyente+-060ca34,solidity,2025/06/04,20260206_1558,1770393832.9273028,16.41305422782898,0,"{Integer_Overflow,Integer_Underflow}","{coverage OrderBook 82.8%,coverage SafeMath 98.4%}",{},{}
contracts_output/contracts_output/gemini_with_rag_contracts/4527.sol,4527.sol,oyente+-060ca34,solidity,2025/06/04,20260206_1558,1770393508.4257998,0.5206849575042725,1,{},{analysis incomplete},{Solidity compilation failed},{}
contracts_output/contracts_output/gemini_with_rag_contracts/4553.sol,4553.sol,oyente+-060ca34,solidity,2025/06/04,20260206_1558,1770394310.8601089,0.5172152519226074,1,{},{analysis incomplete},{Solidity compilation failed},{}
contracts_output/contracts_output/gemini_with_rag_contracts/4560.sol,4560.sol,oyente+-060ca34,solidity,2025/06/04,20260206_1558,1770393742.5435565,15.70535922050476,0,{Integer_Underflow},"{coverage PixelconContract 78.3%,coverage SafeMath 98.4%}",{},{}
contracts_output/contracts_output/gemini_with_rag_contracts/4562.sol,4562.sol,oyente+-060ca34,solidity,2025/06/04,20260206_1558,1770393801.9593928,0.5624651908874512,1,{},{analysis incomplete},{Solidity compilation failed},{}
contracts_output/contracts_output/gemini_with_rag_contracts/4567.sol,4567.sol,oyente+-060ca34,solidity,2025/06/04,20260206_1558,1770394236.1017594,8.890336513519287,0,"{Integer_Overflow,Integer_Underflow}","{coverage ModuleRegistry 55.5%,coverage SafeMath 98.4%}",{},{}
contracts_output/contracts_output/gemini_with_rag_contracts/4568.sol,4568.sol,oyente+-060ca34,solidity,2025/06/04,20260206_1558,1770393808.9209435,16.424835205078125,0,{Integer_Underflow},"{coverage MyContract 87.9%,coverage SafeMath 98.4%}",{},{}
contracts_output/contracts_output/gemini_with_rag_contracts/4569.sol,4569.sol,oyente+-060ca34,solidity,2025/06/04,20260206_1558,1770393804.5126078,19.6971378326416,0,"{Integer_Overflow,Integer_Underflow}","{coverage SafeMath 98.4%,coverage WhaleNFT 61.9%}",{},{}
contracts_output/contracts_output/gemini_with_rag_contracts/4577.sol,4577.sol,oyente+-060ca34,solidity,2025/06/04,20260206_1558,1770394246.1880112,0.5149965286254883,1,{},{analysis incomplete},{Solidity compilation failed},{}
contracts_output/contracts_output/gemini_with_rag_contracts/4581.sol,4581.sol,oyente+-060ca34,solidity,2025/06/04,20260206_1558,1770394278.5583184,0.513080358505249,1,{},{analysis incomplete},{Solidity compilation failed},{}
contracts_output/contracts_output/gemini_with_rag_contracts/4592.sol,4592.sol,oyente+-060ca34,solidity,2025/06/04,20260206_1558,1770394332.4969728,0.5512571334838867,1,{},{analysis incomplete},{Solidity compilation failed},{}
contracts_output/contracts_output/gemini_with_rag_contracts/4597.sol,4597.sol,oyente+-060ca34,solidity,2025/06/04,20260206_1558,1770393696.5134494,23.36943554878235,0,{Integer_Underflow},"{coverage CanvasContract 64.2%,coverage SafeMath 98.4%}",{},{}
contracts_output/contracts_output/gemini_with_rag_contracts/4609.sol,4609.sol,oyente+-060ca34,solidity,2025/06/04,20260206_1558,1770394044.9160674,0.5615081787109375,1,{},{analysis incomplete},{Solidity compilation failed},{}
contracts_output/contracts_output/gemini_with_rag_contracts/461.sol,461.sol,oyente+-060ca34,solidity,2025/06/04,20260206_1558,1770393573.831297,0.5535428524017334,1,{},{analysis incomplete},{Solidity compilation failed},{}
contracts_output/contracts_output/gemini_with_rag_contracts/4614.sol,4614.sol,oyente+-060ca34,solidity,2025/06/04,20260206_1558,1770394257.9621499,0.5269768238067627,1,{},{analysis incomplete},{Solidity compilation failed},{}
contracts_output/contracts_output/gemini_with_rag_contracts/4646.sol,4646.sol,oyente+-060ca34,solidity,2025/06/04,20260206_1558,1770393652.4275782,0.5174322128295898,1,{},{analysis incomplete},{Solidity compilation failed},{}
contracts_output/contracts_output/gemini_with_rag_contracts/465.sol,465.sol,oyente+-060ca34,solidity,2025/06/04,20260206_1558,1770393763.9715147,0.5407376289367676,1,{},{analysis incomplete},{Solidity compilation failed},{}
contracts_output/contracts_output/gemini_with_rag_contracts/4661.sol,4661.sol,oyente+-060ca34,solidity,2025/06/04,20260206_1558,1770393653.4389386,0.5215699672698975,1,{},{analysis incomplete},{Solidity compilation failed},{}
contracts_output/contracts_output/gemini_with_rag_contracts/4669.sol,4669.sol,oyente+-060ca34,solidity,2025/06/04,20260206_1558,1770393898.743167,0.5564534664154053,1,{},{analysis incomplete},{Solidity compilation failed},{}
contracts_output/contracts_output/gemini_with_rag_contracts/467.sol,467.sol,oyente+-060ca34,solidity,2025/06/04,20260206_1558,1770393685.9820592,0.5252735614776611,1,{},{analysis incomplete},{Solidity compilation failed},{}
contracts_output/contracts_output/gemini_with_rag_contracts/4675.sol,4675.sol,oyente+-060ca34,solidity,2025/06/04,20260206_1558,1770393822.1924791,0.6007134914398193,1,{},{analysis incomplete},{Solidity compilation failed},{}
contracts_output/contracts_output/gemini_with_rag_contracts/4681.sol,4681.sol,oyente+-060ca34,solidity,2025/06/04,20260206_1558,1770394229.3321533,0.5596561431884766,1,{},{analysis incomplete},{Solidity compilation failed},{}
contracts_output/contracts_output/gemini_with_rag_contracts/4695.sol,4695.sol,oyente+-060ca34,solidity,2025/06/04,20260206_1558,1770393580.1600566,16.54432964324951,0,"{Integer_Overflow,Integer_Underflow}","{coverage PrivateSale 85.5%,coverage SafeMath 98.4%}",{},{}
contracts_output/contracts_output/gemini_with_rag_contracts/4726.sol,4726.sol,oyente+-060ca34,solidity,2025/06/04,20260206_1558,1770393766.6362917,0.6034016609191895,1,{},{analysis incomplete},{Solidity compilation failed},{}
contracts_output/contracts_output/gemini_with_rag_contracts/4727.sol,4727.sol,oyente+-060ca34,solidity,2025/06/04,20260206_1558,1770393598.2142792,0.5685687065124512,1,{},{analysis incomplete},{Solidity compilation failed},{}
contracts_output/contracts_output/gemini_with_rag_contracts/474.sol,474.sol,oyente+-060ca34,solidity,2025/06/04,20260206_1558,1770393556.2010756,0.5312199592590332,1,{},{analysis incomplete},{Solidity compilation failed},{}
contracts_output/contracts_output/gemini_with_rag_contracts/4746.sol,4746.sol,oyente+-060ca34,solidity,2025/06/04,20260206_1558,1770393957.4394722,0.5357565879821777,1,{},{analysis incomplete},{Solidity compilation failed},{}
contracts_output/contracts_output/gemini_with_rag_contracts/475.sol,475.sol,oyente+-060ca34,solidity,2025/06/04,20260206_1558,1770393721.026149,0.5348963737487793,1,{},{analysis incomplete},{Solidity compilation failed},{}
contracts_output/contracts_output/gemini_with_rag_contracts/476.sol,476.sol,oyente+-060ca34,solidity,2025/06/04,20260206_1558,1770393943.5961585,34.13558578491211,0,"{Integer_Overflow,Integer_Underflow}","{coverage SafeMath 98.4%,coverage Token 65.3%}",{},{}
contracts_output/contracts_output/gemini_with_rag_contracts/4761.sol,4761.sol,oyente+-060ca34,solidity,2025/06/04,20260206_1558,1770393755.029528,11.318730115890503,0,{Integer_Underflow},"{coverage PriceUpdater 84.1%,coverage SafeMath 98.4%}",{},{}
contracts_output/contracts_output/gemini_with_rag_contracts/4775.sol,4775.sol,oyente+-060ca34,solidity,2025/06/04,20260206_1558,1770393951.425947,16.14630913734436,0,{Integer_Underflow},"{coverage SafeMath 98.4%,coverage TokenSale 81.8%}",{},{}
contracts_output/contracts_output/gemini_with_rag_contracts/4790.sol,4790.sol,oyente+-060ca34,solidity,2025/06/04,20260206_1558,1770394042.5352201,0.5210855007171631,1,{},{analysis incomplete},{Solidity compilation failed},{}
contracts_output/contracts_output/gemini_with_rag_contracts/4803.sol,4803.sol,oyente+-060ca34,solidity,2025/06/04,20260206_1558,1770393653.9611814,23.904985189437866,0,"{Integer_Overflow,Integer_Underflow}","{coverage MyContract 62.3%,coverage SafeMath 98.4%}",{},{}
contracts_output/contracts_output/gemini_with_rag_contracts/4806.sol,4806.sol,oyente+-060ca34,solidity,2025/06/04,20260206_1558,1770393944.5589497,0.5766727924346924,1,{},{analysis incomplete},{Solidity compilation failed},{}
contracts_output/contracts_output/gemini_with_rag_contracts/4823.sol,4823.sol,oyente+-060ca34,solidity,2025/06/04,20260206_1558,1770393695.0325055,0.4839308261871338,1,{},{analysis incomplete},{Solidity compilation failed},{}
contracts_output/contracts_output/gemini_with_rag_contracts/4839.sol,4839.sol,oyente+-060ca34,solidity,2025/06/04,20260206_1558,1770393853.1540627,0.5932855606079102,1,{},{analysis incomplete},{Solidity compilation failed},{}
contracts_output/contracts_output/gemini_with_rag_contracts/4847.sol,4847.sol,oyente+-060ca34,solidity,2025/06/04,20260206_1558,1770394074.750078,0.5182135105133057,1,{},{analysis incomplete},{Solidity compilation failed},{}
contracts_output/contracts_output/gemini_with_rag_contracts/4852.sol,4852.sol,oyente+-060ca34,solidity,2025/06/04,20260206_1558,1770393599.1097305,0.5761852264404297,1,{},{analysis incomplete},{Solidity compilation failed},{}
contracts_output/contracts_output/gemini_with_rag_contracts/4854.sol,4854.sol,oyente+-060ca34,solidity,2025/06/04,20260206_1558,1770394117.270589,16.089679479599,0,"{Integer_Overflow,Integer_Underflow}","{coverage PledgeContract 82.1%,coverage SafeMath 98.4%}",{},{}
contracts_output/contracts_output/gemini_with_rag_contracts/4864.sol,4864.sol,oyente+-060ca34,solidity,2025/06/04,20260206_1558,1770394210.5093691,0.5915548801422119,1,{},{analysis incomplete},{Solidity compilation failed},{}
contracts_output/contracts_output/gemini_with_rag_contracts/4877.sol,4877.sol,oyente+-060ca34,solidity,2025/06/04,20260206_1558,1770393542.0061948,0.5295453071594238,1,{},{analysis incomplete},{Solidity compilation failed},{}
contracts_output/contracts_output/gemini_with_rag_contracts/4896.sol,4896.sol,oyente+-060ca34,solidity,2025/06/04,20260206_1558,1770393728.9897103,25.117577075958252,0,{Integer_Underflow},"{coverage MyContract 85.3%,coverage SafeMath 98.4%}",{},{}
contracts_output/contracts_output/gemini_with_rag_contracts/4898.sol,4898.sol,oyente+-060ca34,solidity,2025/06/04,20260206_1558,1770394167.6120956,16.805521726608276,0,"{Integer_Overflow,Integer_Underflow}","{coverage SafeMath 98.4%,coverage WithdrawalAnnouncer 83.5%}",{},{}
contracts_output/contracts_output/gemini_with_rag_contracts/4912.sol,4912.sol,oyente+-060ca34,solidity,2025/06/04,20260206_1558,1770393598.2867868,0.563849925994873,1,{},{analysis incomplete},{Solidity compilation failed},{}
contracts_output/contracts_output/gemini_with_rag_contracts/4928.sol,4928.sol,oyente+-060ca34,solidity,2025/06/04,20260206_1558,1770394155.5429943,0.5363590717315674,1,{},{analysis incomplete},{Solidity compilation failed},{}
contracts_output/contracts_output/gemini_with_rag_contracts/4942.sol,4942.sol,oyente+-060ca34,solidity,2025/06/04,20260206_1558,1770394028.864131,0.503547191619873,1,{},{analysis incomplete},{Solidity compilation failed},{}
contracts_output/contracts_output/gemini_with_rag_contracts/497.sol,497.sol,oyente+-060ca34,solidity,2025/06/04,20260206_1558,1770394115.2585542,0.4898092746734619,1,{},{analysis incomplete},{Solidity compilation failed},{}
contracts_output/contracts_output/gemini_with_rag_contracts/4986.sol,4986.sol,oyente+-060ca34,solidity,2025/06/04,20260206_1558,1770393509.368512,0.6503100395202637,1,{},{analysis incomplete},{Solidity compilation failed},{}
contracts_output/contracts_output/gemini_with_rag_contracts/4993.sol,4993.sol,oyente+-060ca34,solidity,2025/06/04,20260206_1558,1770393742.0436294,0.49916934967041016,1,{},{analysis incomplete},{Solidity compilation failed},{}
contracts_output/contracts_output/gemini_with_rag_contracts/5005.sol,5005.sol,oyente+-060ca34,solidity,2025/06/04,20260206_1558,1770393687.8812299,24.254873752593994,0,"{Integer_Overflow,Integer_Underflow}","{coverage SafeMath 98.4%,coverage Token 65.0%}",{},{}
contracts_output/contracts_output/gemini_with_rag_contracts/5007.sol,5007.sol,oyente+-060ca34,solidity,2025/06/04,20260206_1558,1770394261.4426136,17.1148784160614,0,"{Integer_Overflow,Integer_Underflow}","{coverage SafeMath 98.4%,coverage TokenIndex 83.0%}",{},{}
contracts_output/contracts_output/gemini_with_rag_contracts/5030.sol,5030.sol,oyente+-060ca34,solidity,2025/06/04,20260206_1558,1770394261.7003644,0.5400938987731934,1,{},{analysis incomplete},{Solidity compilation failed},{}
contracts_output/contracts_output/gemini_with_rag_contracts/5033.sol,5033.sol,oyente+-060ca34,solidity,2025/06/04,20260206_1558,1770393757.0551322,0.5300767421722412,1,{},{analysis incomplete},{Solidity compilation failed},{}
contracts_output/contracts_output/gemini_with_rag_contracts/5043.sol,5043.sol,oyente+-060ca34,solidity,2025/06/04,20260206_1558,1770393846.114509,0.5953147411346436,1,{},{analysis incomplete},{Solidity compilation failed},{}
contracts_output/contracts_output/gemini_with_rag_contracts/5070.sol,5070.sol,oyente+-060ca34,solidity,2025/06/04,20260206_1558,1770393934.8835082,16.541687488555908,0,"{Integer_Overflow,Integer_Underflow}","{coverage MultisigWallet 68.9%,coverage SafeMath 98.4%}",{},{}
contracts_output/contracts_output/gemini_with_rag_contracts/5074.sol,5074.sol,oyente+-060ca34,solidity,2025/06/04,20260206_1558,1770394158.1508818,0.5713119506835938,1,{},{analysis incomplete},{Solidity compilation failed},{}
contracts_output/contracts_output/gemini_with_rag_contracts/5098.sol,5098.sol,oyente+-060ca34,solidity,2025/06/04,20260206_1558,1770394138.768444,0.5193686485290527,1,{},{analysis incomplete},{Solidity compilation failed},{}
contracts_output/contracts_output/gemini_with_rag_contracts/5099.sol,5099.sol,oyente+-060ca34,solidity,2025/06/04,20260206_1558,1770393758.0383377,0.5824587345123291,1,{},{analysis incomplete},{Solidity compilation failed},{}
contracts_output/contracts_output/gemini_with_rag_contracts/5101.sol,5101.sol,oyente+-060ca34,solidity,2025/06/04,20260206_1558,1770393615.1851256,0.4935758113861084,1,{},{analysis incomplete},{Solidity compilation failed},{}
contracts_output/contracts_output/gemini_with_rag_contracts/5131.sol,5131.sol,oyente+-060ca34,solidity,2025/06/04,20260206_1558,1770393568.6736944,0.5489370822906494,1,{},{analysis incomplete},{Solidity compilation failed},{}
contracts_output/contracts_output/gemini_with_rag_contracts/5169.sol,5169.sol,oyente+-060ca34,solidity,2025/06/04,20260206_1558,1770393560.4470158,0.5118527412414551,1,{},{analysis incomplete},{Solidity compilation failed},{}
contracts_output/contracts_output/gemini_with_rag_contracts/517.sol,517.sol,oyente+-060ca34,solidity,2025/06/04,20260206_1558,1770393616.2913737,24.121995449066162,0,{Integer_Underflow},"{coverage MyContract 84.5%,coverage SafeMath 98.4%}",{},{}
contracts_output/contracts_output/gemini_with_rag_contracts/5173.sol,5173.sol,oyente+-060ca34,solidity,2025/06/04,20260206_1558,1770393644.4235184,33.1941602230072,0,{Integer_Underflow},"{coverage SafeMath 98.4%,coverage Token 76.4%}",{},{}
contracts_output/contracts_output/gemini_with_rag_contracts/5181.sol,5181.sol,oyente+-060ca34,solidity,2025/06/04,20260206_1558,1770393584.7069452,0.47054433822631836,1,{},{analysis incomplete},{Solidity compilation failed},{}
contracts_output/contracts_output/gemini_with_rag_contracts/5188.sol,5188.sol,oyente+-060ca34,solidity,2025/06/04,20260206_1558,1770393845.656291,16.50731587409973,0,"{Integer_Overflow,Integer_Underflow}","{coverage ExchangeRateOracle 46.4%,coverage SafeMath 98.4%}",{},{}
contracts_output/contracts_output/gemini_with_rag_contracts/52.sol,52.sol,oyente+-060ca34,solidity,2025/06/04,20260206_1558,1770393834.9587555,0.5082006454467773,1,{},{analysis incomplete},{Solidity compilation failed},{}
contracts_output/contracts_output/gemini_with_rag_contracts/5200.sol,5200.sol,oyente+-060ca34,solidity,2025/06/04,20260206_1558,1770393879.4447677,16.928683519363403,0,"{Integer_Overflow,Integer_Underflow}","{coverage MyToken 70.3%,coverage SafeMath 98.4%}",{},{}
contracts_output/contracts_output/gemini_with_rag_contracts/521.sol,521.sol,oyente+-060ca34,solidity,2025/06/04,20260206_1558,1770393758.2497761,0.5484981536865234,1,{},{analysis incomplete},{Solidity compilation failed},{}
contracts_output/contracts_output/gemini_with_rag_contracts/5228.sol,5228.sol,oyente+-060ca34,solidity,2025/06/04,20260206_1558,1770394153.3461993,0.49472880363464355,1,{},{analysis incomplete},{Solidity compilation failed},{}
contracts_output/contracts_output/gemini_with_rag_contracts/5253.sol,5253.sol,oyente+-060ca34,solidity,2025/06/04,20260206_1558,1770394043.3812819,0.5153796672821045,1,{},{analysis incomplete},{Solidity compilation failed},{}
contracts_output/contracts_output/gemini_with_rag_contracts/527.sol,527.sol,oyente+-060ca34,solidity,2025/06/04,20260206_1558,1770393917.9698741,16.38089919090271,0,{Integer_Underflow},"{coverage HavvenConverter 83.4%,coverage SafeMath 98.4%}",{},{}
contracts_output/contracts_output/gemini_with_rag_contracts/5294.sol,5294.sol,oyente+-060ca34,solidity,2025/06/04,20260206_1558,1770394209.0865474,0.5140781402587891,1,{},{analysis incomplete},{Solidity compilation failed},{}
contracts_output/contracts_output/gemini_with_rag_contracts/5296.sol,5296.sol,oyente+-060ca34,solidity,2025/06/04,20260206_1558,1770394065.0896826,16.466144323349,0,"{Integer_Overflow,Integer_Underflow}","{coverage DoublyLinkedList 80.1%,coverage SafeMath 98.4%}",{},{}
contracts_output/contracts_output/gemini_with_rag_contracts/5300.sol,5300.sol,oyente+-060ca34,solidity,2025/06/04,20260206_1558,1770394234.9059937,16.116883516311646,0,{Integer_Underflow},"{coverage MyContract 68.2%,coverage SafeMath 98.4%}",{},{}
contracts_output/contracts_output/gemini_with_rag_contracts/5313.sol,5313.sol,oyente+-060ca34,solidity,2025/06/04,20260206_1558,1770393756.1804543,0.5026218891143799,1,{},{analysis incomplete},{Solidity compilation failed},{}
contracts_output/contracts_output/gemini_with_rag_contracts/5314.sol,5314.sol,oyente+-060ca34,solidity,2025/06/04,20260206_1558,1770393677.6184444,16.753433227539062,0,{Integer_Underflow},"{coverage InvestmentContract 53.8%,coverage SafeMath 98.4%}",{},{}
contracts_output/contracts_output/gemini_with_rag_contracts/5346.sol,5346.sol,oyente+-060ca34,solidity,2025/06/04,20260206_1558,1770394211.4052916,0.5284147262573242,1,{},{analysis incomplete},{Solidity compilation failed},{}
contracts_output/contracts_output/gemini_with_rag_contracts/5392.sol,5392.sol,oyente+-060ca34,solidity,2025/06/04,20260206_1558,1770393542.5365176,0.5155470371246338,1,{},{analysis incomplete},{Solidity compilation failed},{}
contracts_output/contracts_output/gemini_with_rag_contracts/5397.sol,5397.sol,oyente+-060ca34,solidity,2025/06/04,20260206_1558,1770394136.255254,16.66933798789978,0,{Integer_Underflow},"{coverage SafeMath 98.4%,coverage TokenRelease 73.2%}",{},{}
contracts_output/contracts_output/gemini_with_rag_contracts/5406.sol,5406.sol,oyente+-060ca34,solidity,2025/06/04,20260206_1558,1770393720.5475044,0.5945425033569336,1,{},{analysis incomplete},{Solidity compilation failed},{}
contracts_output/contracts_output/gemini_with_rag_contracts/5414.sol,5414.sol,oyente+-060ca34,solidity,2025/06/04,20260206_1558,1770393521.6449058,0.5139961242675781,1,{},{analysis incomplete},{Solidity compilation failed},{}
contracts_output/contracts_output/gemini_with_rag_contracts/5432.sol,5432.sol,oyente+-060ca34,solidity,2025/06/04,20260206_1558,1770393600.0713255,23.31973934173584,0,{Integer_Underflow},"{coverage MyContract 81.0%,coverage SafeMath 98.4%}",{},{}
contracts_output/contracts_output/gemini_with_rag_contracts/5444.sol,5444.sol,oyente+-060ca34,solidity,2025/06/04,20260206_1558,1770394218.9570162,7.85605263710022,0,{},"{coverage CampaignManager 55.3%,coverage SafeMath 98.4%}",{},{}
contracts_output/contracts_output/gemini_with_rag_contracts/5459.sol,5459.sol,oyente+-060ca34,solidity,2025/06/04,20260206_1558,1770393952.9486628,0.523237943649292,1,{},{analysis incomplete},{Solidity compilation failed},{}
contracts_output/contracts_output/gemini_with_rag_contracts/5466.sol,5466.sol,oyente+-060ca34,solidity,2025/06/04,20260206_1558,1770394155.9808762,0.531714916229248,1,{},{analysis incomplete},{Solidity compilation failed},{}
contracts_output/contracts_output/gemini_with_rag_contracts/5478.sol,5478.sol,oyente+-060ca34,solidity,2025/06/04,20260206_1558,1770393891.980198,24.302297353744507,0,"{Integer_Overflow,Integer_Underflow}","{coverage ExchangeRateSetter 84.6%,coverage SafeMath 98.4%}",{},{}
contracts_output/contracts_output/gemini_with_rag_contracts/5480.sol,5480.sol,oyente+-060ca34,solidity,2025/06/04,20260206_1558,1770393821.2747505,0.5577719211578369,1,{},{analysis incomplete},{Solidity compilation failed},{}
contracts_output/contracts_output/gemini_with_rag_contracts/5481.sol,5481.sol,oyente+-060ca34,solidity,2025/06/04,20260206_1558,1770393526.8543859,0.4996955394744873,1,{},{analysis incomplete},{Solidity compilation failed},{}
contracts_output/contracts_output/gemini_with_rag_contracts/5497.sol,5497.sol,oyente+-060ca34,solidity,2025/06/04,20260206_1558,1770393678.6157413,0.587214469909668,1,{},{analysis incomplete},{Solidity compilation failed},{}
contracts_output/contracts_output/gemini_with_rag_contracts/5500.sol,5500.sol,oyente+-060ca34,solidity,2025/06/04,20260206_1558,1770394304.8198109,16.505878686904907,0,"{Integer_Overflow,Integer_Underflow}","{coverage ApprovalContract 89.0%,coverage SafeMath 98.4%}",{},{}
contracts_output/contracts_output/gemini_with_rag_contracts/5527.sol,5527.sol,oyente+-060ca34,solidity,2025/06/04,20260206_1558,1770393530.5842383,16.005455255508423,0,"{Integer_Overflow,Integer_Underflow}","{coverage GrantCalculator 34.9%,coverage SafeMath 98.4%}",{},{}
contracts_output/contracts_output/gemini_with_rag_contracts/5531.sol,5531.sol,oyente+-060ca34,solidity,2025/06/04,20260206_1558,1770393921.0949435,17.80417561531067,0,{Integer_Underflow},"{coverage KeyRevocation 68.5%,coverage SafeMath 98.4%}",{},{}
contracts_output/contracts_output/gemini_with_rag_contracts/5534.sol,5534.sol,oyente+-060ca34,solidity,2025/06/04,20260206_1558,1770393966.8700423,15.886890649795532,0,"{Integer_Overflow,Integer_Underflow}","{coverage QuestionContract 82.8%,coverage SafeMath 98.4%}",{},{}
contracts_output/contracts_output/gemini_with_rag_contracts/5542.sol,5542.sol,oyente+-060ca34,solidity,2025/06/04,20260206_1558,1770394094.7742243,0.9449417591094971,0,"{Integer_Overflow,Integer_Underflow}","{coverage Mortgage 72.8%,coverage SafeMath 98.4%}",{},{}
contracts_output/contracts_output/gemini_with_rag_contracts/5584.sol,5584.sol,oyente+-060ca34,solidity,2025/06/04,20260206_1558,1770393515.38435,0.5295403003692627,1,{},{analysis incomplete},{Solidity compilation failed},{}
contracts_output/contracts_output/gemini_with_rag_contracts/5602.sol,5602.sol,oyente+-060ca34,solidity,2025/06/04,20260206_1558,1770393944.5637722,0.557396650314331,1,{},{analysis incomplete},{Solidity compilation failed},{}
contracts_output/contracts_output/gemini_with_rag_contracts/5609.sol,5609.sol,oyente+-060ca34,solidity,2025/06/04,20260206_1558,1770393889.8598597,0.5188491344451904,1,{},{analysis incomplete},{Solidity compilation failed},{}
contracts_output/contracts_output/gemini_with_rag_contracts/5627.sol,5627.sol,oyente+-060ca34,solidity,2025/06/04,20260206_1558,1770394304.291245,0.5277509689331055,1,{},{analysis incomplete},{Solidity compilation failed},{}
contracts_output/contracts_output/gemini_with_rag_contracts/5639.sol,5639.sol,oyente+-060ca34,solidity,2025/06/04,20260206_1558,1770393735.108764,0.5449483394622803,1,{},{analysis incomplete},{Solidity compilation failed},{}
contracts_output/contracts_output/gemini_with_rag_contracts/5641.sol,5641.sol,oyente+-060ca34,solidity,2025/06/04,20260206_1558,1770393632.7787437,0.49475741386413574,1,{},{analysis incomplete},{Solidity compilation failed},{}
contracts_output/contracts_output/gemini_with_rag_contracts/5648.sol,5648.sol,oyente+-060ca34,solidity,2025/06/04,20260206_1558,1770393767.7674005,15.908182144165039,0,{Integer_Underflow},"{coverage CheckpointContract 82.6%,coverage SafeMath 98.4%}",{},{}
contracts_output/contracts_output/gemini_with_rag_contracts/565.sol,565.sol,oyente+-060ca34,solidity,2025/06/04,20260206_1558,1770393693.0163374,24.87570023536682,0,{Integer_Underflow},"{coverage MyContract 84.3%,coverage SafeMath 98.4%}",{},{}
contracts_output/contracts_output/gemini_with_rag_contracts/5667.sol,5667.sol,oyente+-060ca34,solidity,2025/06/04,20260206_1558,1770393701.440964,16.484078884124756,0,"{Integer_Overflow,Integer_Underflow}","{coverage MyContract 84.5%,coverage SafeMath 98.4%}",{},{}
contracts_output/contracts_output/gemini_with_rag_contracts/5679.sol,5679.sol,oyente+-060ca34,solidity,2025/06/04,20260206_1558,1770393982.2697403,34.91120004653931,0,{Integer_Underflow},"{coverage MyContract 87.1%,coverage SafeMath 98.4%}",{},{}
contracts_output/contracts_output/gemini_with_rag_contracts/5691.sol,5691.sol,oyente+-060ca34,solidity,2025/06/04,20260206_1558,1770393766.3491628,0.5451786518096924,1,{},{analysis incomplete},{Solidity compilation failed},{}
contracts_output/contracts_output/gemini_with_rag_contracts/5701.sol,5701.sol,oyente+-060ca34,solidity,2025/06/04,20260206_1558,1770393640.9920573,15.682958841323853,0,"{Integer_Overflow,Integer_Underflow}","{coverage Division 84.5%,coverage SafeMath 98.4%}",{},{}
contracts_output/contracts_output/gemini_with_rag_contracts/5707.sol,5707.sol,oyente+-060ca34,solidity,2025/06/04,20260206_1558,1770393769.7201905,0.49471473693847656,1,{},{analysis incomplete},{Solidity compilation failed},{}
contracts_output/contracts_output/gemini_with_rag_contracts/5732.sol,5732.sol,oyente+-060ca34,solidity,2025/06/04,20260206_1558,1770394055.5647209,0.5199301242828369,1,{},{analysis incomplete},{Solidity compilation failed},{}
contracts_output/contracts_output/gemini_with_rag_contracts/5733.sol,5733.sol,oyente+-060ca34,solidity,2025/06/04,20260206_1558,1770393891.0684562,16.856441974639893,0,"{Integer_Overflow,Integer_Underflow}","{coverage AssetDecoder 43.1%,coverage SafeMath 98.4%}",{},{}
contracts_output/contracts_output/gemini_with_rag_contracts/5740.sol,5740.sol,oyente+-060ca34,solidity,2025/06/04,20260206_1558,1770394228.2890627,0.6216933727264404,1,{},{analysis incomplete},{Solidity compilation failed},{}
contracts_output/contracts_output/gemini_with_rag_contracts/5759.sol,5759.sol,oyente+-060ca34,solidity,2025/06/04,20260206_1558,1770394247.5867686,0.5381190776824951,1,{},{analysis incomplete},{Solidity compilation failed},{}
contracts_output/contracts_output/gemini_with_rag_contracts/5765.sol,5765.sol,oyente+-060ca34,solidity,2025/06/04,20260206_1558,1770393809.9591331,0.5039730072021484,1,{},{analysis incomplete},{Solidity compilation failed},{}
contracts_output/contracts_output/gemini_with_rag_contracts/5767.sol,5767.sol,oyente+-060ca34,solidity,2025/06/04,20260206_1558,1770393760.3028696,0.5798087120056152,1,{},{analysis incomplete},{Solidity compilation failed},{}
contracts_output/contracts_output/gemini_with_rag_contracts/5781.sol,5781.sol,oyente+-060ca34,solidity,2025/06/04,20260206_1558,1770393990.4804814,16.258557081222534,0,"{Integer_Overflow,Integer_Underflow}","{coverage MyContract 81.4%,coverage SafeMath 98.4%}",{},{}
contracts_output/contracts_output/gemini_with_rag_contracts/5791.sol,5791.sol,oyente+-060ca34,solidity,2025/06/04,20260206_1558,1770394277.9954686,0.5319409370422363,1,{},{analysis incomplete},{Solidity compilation failed},{}
contracts_output/contracts_output/gemini_with_rag_contracts/5799.sol,5799.sol,oyente+-060ca34,solidity,2025/06/04,20260206_1558,1770394095.5677264,0.5331923961639404,1,{},{analysis incomplete},{Solidity compilation failed},{}
contracts_output/contracts_output/gemini_with_rag_contracts/5800.sol,5800.sol,oyente+-060ca34,solidity,2025/06/04,20260206_1558,1770394104.6716983,19.441733837127686,0,{Integer_Underflow},"{coverage FundingContract 81.8%,coverage SafeMath 98.4%}",{},{}
contracts_output/contracts_output/gemini_with_rag_contracts/5804.sol,5804.sol,oyente+-060ca34,solidity,2025/06/04,20260206_1558,1770394337.0558927,14.971315860748291,0,"{Integer_Overflow,Integer_Underflow}","{coverage CanvasMarket 87.2%,coverage SafeMath 98.4%}",{},{}
contracts_output/contracts_output/gemini_with_rag_contracts/5822.sol,5822.sol,oyente+-060ca34,solidity,2025/06/04,20260206_1558,1770394038.167908,0.5357365608215332,1,{},{analysis incomplete},{Solidity compilation failed},{}
contracts_output/contracts_output/gemini_with_rag_contracts/5836.sol,5836.sol,oyente+-060ca34,solidity,2025/06/04,20260206_1558,1770393721.1429138,15.779708623886108,0,{Integer_Underflow},"{coverage SafeMath 98.4%,coverage TokenContract 79.3%}",{},{}
contracts_output/contracts_output/gemini_with_rag_contracts/5894.sol,5894.sol,oyente+-060ca34,solidity,2025/06/04,20260206_1558,1770394337.3476098,14.980998277664185,0,"{Integer_Overflow,Integer_Underflow}","{coverage ChannelContract 72.3%,coverage SafeMath 98.4%}",{},{}
contracts_output/contracts_output/gemini_with_rag_contracts/5915.sol,5915.sol,oyente+-060ca34,solidity,2025/06/04,20260206_1558,1770393888.3295245,0.5251145362854004,1,{},{analysis incomplete},{Solidity compilation failed},{}
contracts_output/contracts_output/gemini_with_rag_contracts/5919.sol,5919.sol,oyente+-060ca34,solidity,2025/06/04,20260206_1558,1770394050.8358145,0.546546459197998,1,{},{analysis incomplete},{Solidity compilation failed},{}
contracts_output/contracts_output/gemini_with_rag_contracts/5921.sol,5921.sol,oyente+-060ca34,solidity,2025/06/04,20260206_1558,1770393922.1973708,0.4997220039367676,1,{},{analysis incomplete},{Solidity compilation failed},{}
contracts_output/contracts_output/gemini_with_rag_contracts/5927.sol,5927.sol,oyente+-060ca34,solidity,2025/06/04,20260206_1558,1770394280.4388556,23.85166621208191,0,{Integer_Underflow},"{coverage PledgeSystem 80.7%,coverage SafeMath 98.4%}",{},{}
contracts_output/contracts_output/gemini_with_rag_contracts/5928.sol,5928.sol,oyente+-060ca34,solidity,2025/06/04,20260206_1558,1770393871.7532718,16.57541060447693,0,"{Integer_Overflow,Integer_Underflow}","{coverage OperatorAuthorization 83.7%,coverage SafeMath 98.4%}",{},{}
contracts_output/contracts_output/gemini_with_rag_contracts/5946.sol,5946.sol,oyente+-060ca34,solidity,2025/06/04,20260206_1558,1770394315.947243,0.535118579864502,1,{},{analysis incomplete},{Solidity compilation failed},{}
contracts_output/contracts_output/gemini_with_rag_contracts/5952.sol,5952.sol,oyente+-060ca34,solidity,2025/06/04,20260206_1558,1770393827.4782221,7.582679271697998,0,"{Integer_Overflow,Integer_Underflow}","{coverage InterfaceRegistry 86.1%,coverage SafeMath 98.4%}",{},{}
contracts_output/contracts_output/gemini_with_rag_contracts/5953.sol,5953.sol,oyente+-060ca34,solidity,2025/06/04,20260206_1558,1770393827.562,0.5430889129638672,1,{},{analysis incomplete},{Solidity compilation failed},{}
contracts_output/contracts_output/gemini_with_rag_contracts/598.sol,598.sol,oyente+-060ca34,solidity,2025/06/04,20260206_1558,1770393718.1819527,0.5396099090576172,1,{},{analysis incomplete},{Solidity compilation failed},{}
contracts_output/contracts_output/gemini_with_rag_contracts/5993.sol,5993.sol,oyente+-060ca34,solidity,2025/06/04,20260206_1558,1770394027.17974,0.5310063362121582,1,{},{analysis incomplete},{Solidity compilation failed},{}
contracts_output/contracts_output/gemini_with_rag_contracts/6003.sol,6003.sol,oyente+-060ca34,solidity,2025/06/04,20260206_1558,1770394229.748731,0.6433243751525879,1,{},{analysis incomplete},{Solidity compilation failed},{}
contracts_output/contracts_output/gemini_with_rag_contracts/6025.sol,6025.sol,oyente+-060ca34,solidity,2025/06/04,20260206_1558,1770393826.1347966,0.5845720767974854,1,{},{analysis incomplete},{Solidity compilation failed},{}
contracts_output/contracts_output/gemini_with_rag_contracts/6042.sol,6042.sol,oyente+-060ca34,solidity,2025/06/04,20260206_1558,1770393957.2333834,0.55916428565979,1,{},{analysis incomplete},{Solidity compilation failed},{}
contracts_output/contracts_output/gemini_with_rag_contracts/6047.sol,6047.sol,oyente+-060ca34,solidity,2025/06/04,20260206_1558,1770393635.2002435,16.127152919769287,0,{Integer_Underflow},"{coverage MyToken 74.0%,coverage SafeMath 98.4%}",{},{}
contracts_output/contracts_output/gemini_with_rag_contracts/6054.sol,6054.sol,oyente+-060ca34,solidity,2025/06/04,20260206_1558,1770393597.8476143,25.11697292327881,0,"{Integer_Overflow,Integer_Underflow}","{coverage MyContract 55.5%,coverage SafeMath 98.4%}",{},{}
contracts_output/contracts_output/gemini_with_rag_contracts/6060.sol,6060.sol,oyente+-060ca34,solidity,2025/06/04,20260206_1558,1770393774.5699944,24.97907590866089,0,"{Integer_Overflow,Integer_Underflow}","{coverage MetaDollar 70.9%,coverage SafeMath 98.4%}",{},{}
contracts_output/contracts_output/gemini_with_rag_contracts/6063.sol,6063.sol,oyente+-060ca34,solidity,2025/06/04,20260206_1558,1770393938.8999434,0.5479481220245361,1,{},{analysis incomplete},{Solidity compilation failed},{}
contracts_output/contracts_output/gemini_with_rag_contracts/609.sol,609.sol,oyente+-060ca34,solidity,2025/06/04,20260206_1558,1770393650.9214063,0.5058083534240723,1,{},{analysis incomplete},{Solidity compilation failed},{}
contracts_output/contracts_output/gemini_with_rag_contracts/6100.sol,6100.sol,oyente+-060ca34,solidity,2025/06/04,20260206_1558,1770393875.8783014,0.5045664310455322,1,{},{analysis incomplete},{Solidity compilation failed},{}
contracts_output/contracts_output/gemini_with_rag_contracts/6110.sol,6110.sol,oyente+-060ca34,solidity,2025/06/04,20260206_1558,1770393558.8052294,24.363231658935547,0,{Integer_Underflow},"{coverage PriceOracle 78.7%,coverage SafeMath 98.4%}",{},{}
contracts_output/contracts_output/gemini_with_rag_contracts/6123.sol,6123.sol,oyente+-060ca34,solidity,2025/06/04,20260206_1558,1770393652.3203814,0.5008771419525146,1,{},{analysis incomplete},{Solidity compilation failed},{}
contracts_output/contracts_output/gemini_with_rag_contracts/6152.sol,6152.sol,oyente+-060ca34,solidity,2025/06/04,20260206_1558,1770393949.3844116,0.5323004722595215,1,{},{analysis incomplete},{Solidity compilation failed},{}
contracts_output/contracts_output/gemini_with_rag_contracts/6178.sol,6178.sol,oyente+-060ca34,solidity,2025/06/04,20260206_1558,1770393827.0038567,0.5569250583648682,1,{},{analysis incomplete},{Solidity compilation failed},{}
contracts_output/contracts_output/gemini_with_rag_contracts/6206.sol,6206.sol,oyente+-060ca34,solidity,2025/06/04,20260206_1558,1770394073.0172617,16.85951328277588,0,"{Integer_Overflow,Integer_Underflow}","{coverage MyContract 81.9%,coverage SafeMath 98.4%}",{},{}
contracts_output/contracts_output/gemini_with_rag_contracts/6236.sol,6236.sol,oyente+-060ca34,solidity,2025/06/04,20260206_1558,1770394195.5194938,0.49933362007141113,1,{},{analysis incomplete},{Solidity compilation failed},{}
contracts_output/contracts_output/gemini_with_rag_contracts/6249.sol,6249.sol,oyente+-060ca34,solidity,2025/06/04,20260206_1558,1770393673.8070564,24.181017875671387,0,{Integer_Underflow},"{coverage Contract 84.4%,coverage SafeMath 98.4%}",{},{}
contracts_output/contracts_output/gemini_with_rag_contracts/6260.sol,6260.sol,oyente+-060ca34,solidity,2025/06/04,20260206_1558,1770394285.4750388,0.5200967788696289,1,{},{analysis incomplete},{Solidity compilation failed},{}
contracts_output/contracts_output/gemini_with_rag_contracts/6276.sol,6276.sol,oyente+-060ca34,solidity,2025/06/04,20260206_1558,1770394022.5778012,0.49334716796875,1,{},{analysis incomplete},{Solidity compilation failed},{}
contracts_output/contracts_output/gemini_with_rag_contracts/629.sol,629.sol,oyente+-060ca34,solidity,2025/06/04,20260206_1558,1770393978.6476731,0.5541055202484131,1,{},{analysis incomplete},{Solidity compilation failed},{}
contracts_output/contracts_output/gemini_with_rag_contracts/6310.sol,6310.sol,oyente+-060ca34,solidity,2025/06/04,20260206_1558,1770393872.5363553,0.5174989700317383,1,{},{analysis incomplete},{Solidity compilation failed},{}
contracts_output/contracts_output/gemini_with_rag_contracts/6311.sol,6311.sol,oyente+-060ca34,solidity,2025/06/04,20260206_1558,1770393722.7272,0.5613698959350586,1,{},{analysis incomplete},{Solidity compilation failed},{}
contracts_output/contracts_output/gemini_with_rag_contracts/6317.sol,6317.sol,oyente+-060ca34,solidity,2025/06/04,20260206_1558,1770393904.1673167,0.4936048984527588,1,{},{analysis incomplete},{Solidity compilation failed},{}
contracts_output/contracts_output/gemini_with_rag_contracts/6318.sol,6318.sol,oyente+-060ca34,solidity,2025/06/04,20260206_1558,1770394157.575495,0.5746560096740723,1,{},{analysis incomplete},{Solidity compilation failed},{}
contracts_output/contracts_output/gemini_with_rag_contracts/6330.sol,6330.sol,oyente+-060ca34,solidity,2025/06/04,20260206_1558,1770393908.451033,18.893951892852783,0,{Integer_Underflow},"{coverage ArtValuationConverter 79.7%,coverage SafeMath 98.4%}",{},{}
contracts_output/contracts_output/gemini_with_rag_contracts/6348.sol,6348.sol,oyente+-060ca34,solidity,2025/06/04,20260206_1558,1770394015.8073425,0.5185794830322266,1,{},{analysis incomplete},{Solidity compilation failed},{}
contracts_output/contracts_output/gemini_with_rag_contracts/6370.sol,6370.sol,oyente+-060ca34,solidity,2025/06/04,20260206_1558,1770394104.2623594,42.283114433288574,0,{Integer_Underflow},"{coverage MyContract 69.2%,coverage SafeMath 98.4%}",{},{}
contracts_output/contracts_output/gemini_with_rag_contracts/6381.sol,6381.sol,oyente+-060ca34,solidity,2025/06/04,20260206_1558,1770394228.6854556,0.6459543704986572,1,{},{analysis incomplete},{Solidity compilation failed},{}
contracts_output/contracts_output/gemini_with_rag_contracts/6383.sol,6383.sol,oyente+-060ca34,solidity,2025/06/04,20260206_1558,1770394001.3591416,19.2306489944458,0,"{Integer_Overflow,Integer_Underflow}","{coverage AssetPackContract 75.4%,coverage SafeMath 98.4%}",{},{}
contracts_output/contracts_output/gemini_with_rag_contracts/6386.sol,6386.sol,oyente+-060ca34,solidity,2025/06/04,20260206_1558,1770393624.8508089,16.498743534088135,0,"{Integer_Overflow,Integer_Underflow}","{coverage SafeMath 98.4%,coverage TickerOwnership 67.2%}",{},{}
contracts_output/contracts_output/gemini_with_rag_contracts/6399.sol,6399.sol,oyente+-060ca34,solidity,2025/06/04,20260206_1558,1770393743.8749022,24.160036325454712,0,{Integer_Underflow},"{coverage ManagerContract 69.2%,coverage SafeMath 98.4%}",{},{}
contracts_output/contracts_output/gemini_with_rag_contracts/6404.sol,6404.sol,oyente+-060ca34,solidity,2025/06/04,20260206_1558,1770393887.2125924,0.5043354034423828,1,{},{analysis incomplete},{Solidity compilation failed},{}
contracts_output/contracts_output/gemini_with_rag_contracts/6408.sol,6408.sol,oyente+-060ca34,solidity,2025/06/04,20260206_1558,1770393891.8979259,16.641109228134155,0,{Integer_Underflow},"{coverage MyContract 76.0%,coverage SafeMath 98.4%}",{},{}
contracts_output/contracts_output/gemini_with_rag_contracts/6427.sol,6427.sol,oyente+-060ca34,solidity,2025/06/04,20260206_1558,1770394300.7101426,0.48151111602783203,1,{},{analysis incomplete},{Solidity compilation failed},{}
contracts_output/contracts_output/gemini_with_rag_contracts/6429.sol,6429.sol,oyente+-060ca34,solidity,2025/06/04,20260206_1558,1770393903.0179408,0.5220947265625,1,{},{analysis incomplete},{Solidity compilation failed},{}
contracts_output/contracts_output/gemini_with_rag_contracts/6434.sol,6434.sol,oyente+-060ca34,solidity,2025/06/04,20260206_1558,1770393830.3876598,0.590782880783081,1,{},{analysis incomplete},{Solidity compilation failed},{}
contracts_output/contracts_output/gemini_with_rag_contracts/6458.sol,6458.sol,oyente+-060ca34,solidity,2025/06/04,20260206_1558,1770394158.7229242,11.48123550415039,0,"{Integer_Overflow,Integer_Underflow}","{coverage MyContract 85.5%,coverage SafeMath 98.4%}",{},{}
contracts_output/contracts_output/gemini_with_rag_contracts/6503.sol,6503.sol,oyente+-060ca34,solidity,2025/06/04,20260206_1558,1770394165.8593986,17.02143883705139,0,"{Integer_Overflow,Integer_Underflow}","{coverage MiningRewardCalculator 72.0%,coverage SafeMath 98.4%}",{},{}
contracts_output/contracts_output/gemini_with_rag_contracts/6513.sol,6513.sol,oyente+-060ca34,solidity,2025/06/04,20260206_1558,1770393543.261475,0.47625207901000977,1,{},{analysis incomplete},{Solidity compilation failed},{}
contracts_output/contracts_output/gemini_with_rag_contracts/6515.sol,6515.sol,oyente+-060ca34,solidity,2025/06/04,20260206_1558,1770394265.446168,16.12350583076477,0,{Integer_Underflow},"{coverage GroveLib 98.4%,coverage MyContract 83.7%,coverage SafeMath 98.4%}",{},{}
contracts_output/contracts_output/gemini_with_rag_contracts/6517.sol,6517.sol,oyente+-060ca34,solidity,2025/06/04,20260206_1558,1770393513.8080566,0.5262460708618164,1,{},{analysis incomplete},{Solidity compilation failed},{}
contracts_output/contracts_output/gemini_with_rag_contracts/6519.sol,6519.sol,oyente+-060ca34,solidity,2025/06/04,20260206_1558,1770393524.2261345,0.5199131965637207,1,{},{analysis incomplete},{Solidity compilation failed},{}
contracts_output/contracts_output/gemini_with_rag_contracts/6528.sol,6528.sol,oyente+-060ca34,solidity,2025/06/04,20260206_1558,1770394019.4495819,23.79164743423462,0,"{Integer_Overflow,Integer_Underflow}","{coverage MyContract 79.6%,coverage SafeMath 98.4%}",{},{}
contracts_output/contracts_output/gemini_with_rag_contracts/6552.sol,6552.sol,oyente+-060ca34,solidity,2025/06/04,20260206_1558,1770394189.640178,15.782788038253784,0,{Integer_Underflow},"{coverage SafeMath 98.4%,coverage SnapshotContract 79.3%}",{},{}
contracts_output/contracts_output/gemini_with_rag_contracts/6562.sol,6562.sol,oyente+-060ca34,solidity,2025/06/04,20260206_1558,1770394052.0252833,16.482261180877686,0,"{Integer_Overflow,Integer_Underflow}","{coverage ProxyPayment 85.2%,coverage SafeMath 98.4%}",{},{}
contracts_output/contracts_output/gemini_with_rag_contracts/6593.sol,6593.sol,oyente+-060ca34,solidity,2025/06/04,20260206_1558,1770393553.5494688,0.5377473831176758,1,{},{analysis incomplete},{Solidity compilation failed},{}
contracts_output/contracts_output/gemini_with_rag_contracts/6613.sol,6613.sol,oyente+-060ca34,solidity,2025/06/04,20260206_1558,1770394316.0777602,0.5277853012084961,1,{},{analysis incomplete},{Solidity compilation failed},{}
contracts_output/contracts_output/gemini_with_rag_contracts/6641.sol,6641.sol,oyente+-060ca34,solidity,2025/06/04,20260206_1558,1770394254.5957608,16.67428493499756,1,"{Callstack_Depth_Attack_Vulnerability,Integer_Overflow,Integer_Underflow}","{coverage MultiTransfer 45.4%,coverage SafeMath 98.4%}",{},{}
contracts_output/contracts_output/gemini_with_rag_contracts/6644.sol,6644.sol,oyente+-060ca34,solidity,2025/06/04,20260206_1558,1770393554.7441516,0.513157844543457,1,{},{analysis incomplete},{Solidity compilation failed},{}
contracts_output/contracts_output/gemini_with_rag_contracts/6660.sol,6660.sol,oyente+-060ca34,solidity,2025/06/04,20260206_1558,1770393564.60611,0.5082361698150635,1,{},{analysis incomplete},{Solidity compilation failed},{}
contracts_output/contracts_output/gemini_with_rag_contracts/6667.sol,6667.sol,oyente+-060ca34,solidity,2025/06/04,20260206_1558,1770394053.841589,15.8663010597229,0,{Integer_Underflow},"{coverage IssuanceCalculator 79.2%,coverage SafeMath 98.4%}",{},{}
contracts_output/contracts_output/gemini_with_rag_contracts/6671.sol,6671.sol,oyente+-060ca34,solidity,2025/06/04,20260206_1558,1770393552.2652647,0.553652286529541,1,{},{analysis incomplete},{Solidity compilation failed},{}
contracts_output/contracts_output/gemini_with_rag_contracts/6724.sol,6724.sol,oyente+-060ca34,solidity,2025/06/04,20260206_1558,1770393573.709631,15.945154428482056,0,"{Integer_Overflow,Integer_Underflow}","{coverage ManualBlocking 90.2%,coverage SafeMath 98.4%}",{},{}
contracts_output/contracts_output/gemini_with_rag_contracts/6726.sol,6726.sol,oyente+-060ca34,solidity,2025/06/04,20260206_1558,1770394070.1386933,0.5743944644927979,1,{},{analysis incomplete},{Solidity compilation failed},{}
contracts_output/contracts_output/gemini_with_rag_contracts/6728.sol,6728.sol,oyente+-060ca34,solidity,2025/06/04,20260206_1558,1770394077.0696182,16.96862506866455,0,"{Integer_Overflow,Integer_Underflow}","{coverage MyToken 46.5%,coverage SafeMath 98.4%}",{},{}
contracts_output/contracts_output/gemini_with_rag_contracts/6735.sol,6735.sol,oyente+-060ca34,solidity,2025/06/04,20260206_1558,1770393557.1468322,0.5421152114868164,1,{},{analysis incomplete},{Solidity compilation failed},{}
contracts_output/contracts_output/gemini_with_rag_contracts/6751.sol,6751.sol,oyente+-060ca34,solidity,2025/06/04,20260206_1558,1770394090.4096563,16.11658263206482,0,"{Integer_Overflow,Integer_Underflow}","{coverage SafeMath 98.4%,coverage Token 81.1%}",{},{}
contracts_output/contracts_output/gemini_with_rag_contracts/6764.sol,6764.sol,oyente+-060ca34,solidity,2025/06/04,20260206_1558,1770394267.1770644,0.4799797534942627,1,{},{analysis incomplete},{Solidity compilation failed},{}
contracts_output/contracts_output/gemini_with_rag_contracts/6774.sol,6774.sol,oyente+-060ca34,solidity,2025/06/04,20260206_1558,1770394021.7861257,0.5304090976715088,1,{},{analysis incomplete},{Solidity compilation failed},{}
contracts_output/contracts_output/gemini_with_rag_contracts/6776.sol,6776.sol,oyente+-060ca34,solidity,2025/06/04,20260206_1558,1770393509.757465,0.5989744663238525,1,{},{analysis incomplete},{Solidity compilation failed},{}
contracts_output/contracts_output/gemini_with_rag_contracts/6786.sol,6786.sol,oyente+-060ca34,solidity,2025/06/04,20260206_1558,1770393639.6947947,0.5216243267059326,1,{},{analysis incomplete},{Solidity compilation failed},{}
contracts_output/contracts_output/gemini_with_rag_contracts/6808.sol,6808.sol,oyente+-060ca34,solidity,2025/06/04,20260206_1558,1770394176.2230766,24.47754216194153,0,{Integer_Underflow},"{coverage PriceSetter 85.7%,coverage SafeMath 98.4%}",{},{}
contracts_output/contracts_output/gemini_with_rag_contracts/6826.sol,6826.sol,oyente+-060ca34,solidity,2025/06/04,20260206_1558,1770393530.4778495,15.712233066558838,0,{Integer_Underflow},"{coverage MyContract 80.3%,coverage SafeMath 98.4%}",{},{}
contracts_output/contracts_output/gemini_with_rag_contracts/6848.sol,6848.sol,oyente+-060ca34,solidity,2025/06/04,20260206_1558,1770394046.4659014,16.493812561035156,0,"{Integer_Overflow,Integer_Underflow}","{coverage SafeMath 98.4%,coverage Token 70.5%}",{},{}
contracts_output/contracts_output/gemini_with_rag_contracts/6875.sol,6875.sol,oyente+-060ca34,solidity,2025/06/04,20260206_1558,1770393591.06235,0.5585150718688965,1,{},{analysis incomplete},{Solidity compilation failed},{}
contracts_output/contracts_output/gemini_with_rag_contracts/689.sol,689.sol,oyente+-060ca34,solidity,2025/06/04,20260206_1558,1770393844.2574725,0.49779844284057617,1,{},{analysis incomplete},{Solidity compilation failed},{}
contracts_output/contracts_output/gemini_with_rag_contracts/691.sol,691.sol,oyente+-060ca34,solidity,2025/06/04,20260206_1558,1770393724.4431376,16.78106451034546,0,"{Integer_Overflow,Integer_Underflow}","{coverage AttributeIssuer 84.7%,coverage SafeMath 98.4%}",{},{}
contracts_output/contracts_output/gemini_with_rag_contracts/694.sol,694.sol,oyente+-060ca34,solidity,2025/06/04,20260206_1558,1770393814.9572244,0.49105215072631836,1,{},{analysis incomplete},{Solidity compilation failed},{}
contracts_output/contracts_output/gemini_with_rag_contracts/714.sol,714.sol,oyente+-060ca34,solidity,2025/06/04,20260206_1558,1770393983.5509803,17.807298183441162,0,"{Integer_Overflow,Integer_Underflow}","{coverage MyToken 69.1%,coverage SafeMath 98.4%}",{},{}
contracts_output/contracts_output/gemini_with_rag_contracts/725.sol,725.sol,oyente+-060ca34,solidity,2025/06/04,20260206_1558,1770394097.5285454,0.5141830444335938,1,{},{analysis incomplete},{Solidity compilation failed},{}
contracts_output/contracts_output/gemini_with_rag_contracts/732.sol,732.sol,oyente+-060ca34,solidity,2025/06/04,20260206_1558,1770394042.4057662,0.5114576816558838,1,{},{analysis incomplete},{Solidity compilation failed},{}
contracts_output/contracts_output/gemini_with_rag_contracts/752.sol,752.sol,oyente+-060ca34,solidity,2025/06/04,20260206_1558,1770394039.5188265,0.5732219219207764,1,{},{analysis incomplete},{Solidity compilation failed},{}
contracts_output/contracts_output/gemini_with_rag_contracts/761.sol,761.sol,oyente+-060ca34,solidity,2025/06/04,20260206_1558,1770394017.0747414,23.04217791557312,0,{Integer_Underflow},"{coverage MyContract 85.4%,coverage SafeMath 98.4%}",{},{}
contracts_output/contracts_output/gemini_with_rag_contracts/772.sol,772.sol,oyente+-060ca34,solidity,2025/06/04,20260206_1558,1770393508.2812283,0.562103271484375,1,{},{analysis incomplete},{Solidity compilation failed},{}
contracts_output/contracts_output/gemini_with_rag_contracts/780.sol,780.sol,oyente+-060ca34,solidity,2025/06/04,20260206_1558,1770394105.4977918,16.090858221054077,0,"{Integer_Overflow,Integer_Underflow}","{coverage SafeMath 98.4%,coverage StringComparator 60.9%}",{},{}
contracts_output/contracts_output/gemini_with_rag_contracts/79.sol,79.sol,oyente+-060ca34,solidity,2025/06/04,20260206_1558,1770394087.2757888,6.431735992431641,0,"{Integer_Overflow,Integer_Underflow}","{coverage MyContract 74.2%,coverage SafeMath 98.4%}",{},{}
contracts_output/contracts_output/gemini_with_rag_contracts/790.sol,790.sol,oyente+-060ca34,solidity,2025/06/04,20260206_1558,1770393842.1956844,7.495776891708374,0,{Integer_Underflow},"{coverage MyContract 79.6%,coverage SafeMath 98.4%}",{},{}
contracts_output/contracts_output/gemini_with_rag_contracts/799.sol,799.sol,oyente+-060ca34,solidity,2025/06/04,20260206_1558,1770393992.4705071,23.960069179534912,0,"{Integer_Overflow,Integer_Underflow}","{coverage MyContract 82.3%,coverage SafeMath 98.4%}",{},{}
contracts_output/contracts_output/gemini_with_rag_contracts/812.sol,812.sol,oyente+-060ca34,solidity,2025/06/04,20260206_1558,1770393539.5112092,0.5230436325073242,1,{},{analysis incomplete},{Solidity compilation failed},{}
contracts_output/contracts_output/gemini_with_rag_contracts/827.sol,827.sol,oyente+-060ca34,solidity,2025/06/04,20260206_1558,1770393844.8808265,0.5720837116241455,1,{},{analysis incomplete},{Solidity compilation failed},{}
contracts_output/contracts_output/gemini_with_rag_contracts/86.sol,86.sol,oyente+-060ca34,solidity,2025/06/04,20260206_1558,1770394061.560027,0.5372939109802246,1,{},{analysis incomplete},{Solidity compilation failed},{}
contracts_output/contracts_output/gemini_with_rag_contracts/868.sol,868.sol,oyente+-060ca34,solidity,2025/06/04,20260206_1558,1770394159.085438,0.49117398262023926,1,{},{analysis incomplete},{Solidity compilation failed},{}
contracts_output/contracts_output/gemini_with_rag_contracts/876.sol,876.sol,oyente+-060ca34,solidity,2025/06/04,20260206_1558,1770393585.1781483,0.4665794372558594,1,{},{analysis incomplete},{Solidity compilation failed},{}
contracts_output/contracts_output/gemini_with_rag_contracts/883.sol,883.sol,oyente+-060ca34,solidity,2025/06/04,20260206_1558,1770393657.3868177,16.419513463974,0,"{Integer_Overflow,Integer_Underflow}","{coverage SafeMath 98.4%,coverage TradeExecutor 69.5%}",{},{}
contracts_output/contracts_output/gemini_with_rag_contracts/892.sol,892.sol,oyente+-060ca34,solidity,2025/06/04,20260206_1558,1770393982.9968472,0.5532636642456055,1,{},{analysis incomplete},{Solidity compilation failed},{}
contracts_output/contracts_output/gemini_with_rag_contracts/906.sol,906.sol,oyente+-060ca34,solidity,2025/06/04,20260206_1558,1770393922.6977923,16.9731547832489,0,"{Integer_Overflow,Integer_Underflow}","{coverage GroupManager 90.1%,coverage SafeMath 98.4%}",{},{}
contracts_output/contracts_output/gemini_with_rag_contracts/915.sol,915.sol,oyente+-060ca34,solidity,2025/06/04,20260206_1558,1770393909.9258347,16.208582162857056,0,"{Integer_Overflow,Integer_Underflow}","{coverage CampaignContract 81.6%,coverage SafeMath 98.4%}",{},{}
contracts_output/contracts_output/gemini_with_rag_contracts/949.sol,949.sol,oyente+-060ca34,solidity,2025/06/04,20260206_1558,1770393621.1095314,15.640373945236206,0,{Integer_Underflow},"{coverage ChronoBankToken 82.0%,coverage SafeMath 98.4%}",{},{}
contracts_output/contracts_output/gemini_with_rag_contracts/963.sol,963.sol,oyente+-060ca34,solidity,2025/06/04,20260206_1558,1770393952.130757,0.5183677673339844,1,{},{analysis incomplete},{Solidity compilation failed},{}
contracts_output/contracts_output/gemini_with_rag_contracts/967.sol,967.sol,oyente+-060ca34,solidity,2025/06/04,20260206_1558,1770394097.0946867,17.51479935646057,0,"{Integer_Overflow,Integer_Underflow}","{coverage Game 53.3%,coverage SafeMath 98.4%}",{},{}
contracts_output/contracts_output/gemini_with_rag_contracts/97.sol,97.sol,oyente+-060ca34,solidity,2025/06/04,20260206_1558,1770394237.2609565,0.5025241374969482,1,{},{analysis incomplete},{Solidity compilation failed},{}
contracts_output/contracts_output/gemini_with_rag_contracts/971.sol,971.sol,oyente+-060ca34,solidity,2025/06/04,20260206_1558,1770394018.7801147,0.5110070705413818,1,{},{analysis incomplete},{Solidity compilation failed},{}
contracts_output/contracts_output/gemini_with_rag_contracts/1004.sol,1004.sol,slither-0.11.3,solidity,2025/09/14,20260206_1558,1770393928.6439362,0.624964714050293,1,{},{},{EXIT_CODE_1},"{""analysis unsuccessful, check output.json"",""error parsing results: file could not be opened successfully:
- method gz: ReadError('empty file')
- method bz2: ReadError('not a bzip2 file')
- method xz: ReadError('not an lzma file')
- method tar: ReadError('empty file')"",""exception (crytic_compile.platform.exceptions.InvalidCompilation: Invalid solc compilation Warning: SPDX license identifier not provided in source file. Before publishing, consider adding a comment containing \""SPDX-License-Identifier: <SPDX-License>\"" to each source file. Use \""SPDX-License-Identifier: UNLICENSED\"" for non-open-source code. Please see https://spdx.org for more information.)"",exception (json.decoder.JSONDecodeError: Expecting value: line 1 column 1 (char 0))}"
contracts_output/contracts_output/gemini_with_rag_contracts/1009.sol,1009.sol,slither-0.11.3,solidity,2025/09/14,20260206_1558,1770393915.3393614,0.5730550289154053,1,{},{},{EXIT_CODE_1},"{""analysis unsuccessful, check output.json"",""error parsing results: file could not be opened successfully:
- method gz: ReadError('empty file')
- method bz2: ReadError('not a bzip2 file')
- method xz: ReadError('not an lzma file')
- method tar: ReadError('empty file')"",""exception (crytic_compile.platform.exceptions.InvalidCompilation: Invalid solc compilation Warning: SPDX license identifier not provided in source file. Before publishing, consider adding a comment containing \""SPDX-License-Identifier: <SPDX-License>\"" to each source file. Use \""SPDX-License-Identifier: UNLICENSED\"" for non-open-source code. Please see https://spdx.org for more information.)"",exception (json.decoder.JSONDecodeError: Expecting value: line 1 column 1 (char 0))}"
contracts_output/contracts_output/gemini_with_rag_contracts/1010.sol,1010.sol,slither-0.11.3,solidity,2025/09/14,20260206_1558,1770393598.3580842,0.6844568252563477,255,"{dead_code,naming_convention,solc_version}",{},{},{}
contracts_output/contracts_output/gemini_with_rag_contracts/1032.sol,1032.sol,slither-0.11.3,solidity,2025/09/14,20260206_1558,1770394039.1146967,0.6745643615722656,255,"{dead_code,solc_version}",{},{},{}
contracts_output/contracts_output/gemini_with_rag_contracts/1053.sol,1053.sol,slither-0.11.3,solidity,2025/09/14,20260206_1558,1770394021.1266246,0.6575944423675537,255,"{dead_code,immutable_states,shadowing_local,solc_version}",{},{},{}
contracts_output/contracts_output/gemini_with_rag_contracts/107.sol,107.sol,slither-0.11.3,solidity,2025/09/14,20260206_1558,1770393899.3003943,0.6219749450683594,1,{},{},{EXIT_CODE_1},"{""analysis unsuccessful, check output.json"",""error parsing results: file could not be opened successfully:
- method gz: ReadError('empty file')
- method bz2: ReadError('not a bzip2 file')
- method xz: ReadError('not an lzma file')
- method tar: ReadError('empty file')"",exception (crytic_compile.platform.exceptions.InvalidCompilation: Invalid solc compilation Error: Expected identifier but got 'address'),exception (json.decoder.JSONDecodeError: Expecting value: line 1 column 1 (char 0))}"
contracts_output/contracts_output/gemini_with_rag_contracts/1091.sol,1091.sol,slither-0.11.3,solidity,2025/09/14,20260206_1558,1770393978.11056,0.6754045486450195,255,"{arbitrary_send_eth,dead_code,reentrancy_unlimited_gas,solc_version}",{},{},{}
contracts_output/contracts_output/gemini_with_rag_contracts/1094.sol,1094.sol,slither-0.11.3,solidity,2025/09/14,20260206_1558,1770393511.6005375,0.6948535442352295,1,{},{},{EXIT_CODE_1},"{""analysis unsuccessful, check output.json"",""error parsing results: file could not be opened successfully:
- method gz: ReadError('empty file')
- method bz2: ReadError('not a bzip2 file')
- method xz: ReadError('not an lzma file')
- method tar: ReadError('empty file')"",""exception (crytic_compile.platform.exceptions.InvalidCompilation: Invalid solc compilation Warning: SPDX license identifier not provided in source file. Before publishing, consider adding a comment containing \""SPDX-License-Identifier: <SPDX-License>\"" to each source file. Use \""SPDX-License-Identifier: UNLICENSED\"" for non-open-source code. Please see https://spdx.org for more information.)"",exception (json.decoder.JSONDecodeError: Expecting value: line 1 column 1 (char 0))}"
contracts_output/contracts_output/gemini_with_rag_contracts/110.sol,110.sol,slither-0.11.3,solidity,2025/09/14,20260206_1558,1770394007.3864906,0.6117391586303711,1,{},{},{EXIT_CODE_1},"{""analysis unsuccessful, check output.json"",""error parsing results: file could not be opened successfully:
- method gz: ReadError('empty file')
- method bz2: ReadError('not a bzip2 file')
- method xz: ReadError('not an lzma file')
- method tar: ReadError('empty file')"",exception (crytic_compile.platform.exceptions.InvalidCompilation: Invalid solc compilation Error: Expected identifier but got '.'),exception (json.decoder.JSONDecodeError: Expecting value: line 1 column 1 (char 0))}"
contracts_output/contracts_output/gemini_with_rag_contracts/1111.sol,1111.sol,slither-0.11.3,solidity,2025/09/14,20260206_1558,1770394268.5968292,0.6111340522766113,1,{},{},{EXIT_CODE_1},"{""analysis unsuccessful, check output.json"",""error parsing results: file could not be opened successfully:
- method gz: ReadError('empty file')
- method bz2: ReadError('not a bzip2 file')
- method xz: ReadError('not an lzma file')
- method tar: ReadError('empty file')"",""exception (crytic_compile.platform.exceptions.InvalidCompilation: Invalid solc compilation Warning: SPDX license identifier not provided in source file. Before publishing, consider adding a comment containing \""SPDX-License-Identifier: <SPDX-License>\"" to each source file. Use \""SPDX-License-Identifier: UNLICENSED\"" for non-open-source code. Please see https://spdx.org for more information.)"",exception (json.decoder.JSONDecodeError: Expecting value: line 1 column 1 (char 0))}"
contracts_output/contracts_output/gemini_with_rag_contracts/1142.sol,1142.sol,slither-0.11.3,solidity,2025/09/14,20260206_1558,1770393926.7161026,0.666832447052002,255,"{dead_code,naming_convention,solc_version}",{},{},{}
contracts_output/contracts_output/gemini_with_rag_contracts/1147.sol,1147.sol,slither-0.11.3,solidity,2025/09/14,20260206_1558,1770393782.2238684,0.6271593570709229,255,"{dead_code,naming_convention,solc_version,uninitialized_state}",{},{},{}
contracts_output/contracts_output/gemini_with_rag_contracts/1148.sol,1148.sol,slither-0.11.3,solidity,2025/09/14,20260206_1558,1770394063.443782,0.6663107872009277,1,{},{},{EXIT_CODE_1},"{""analysis unsuccessful, check output.json"",""error parsing results: file could not be opened successfully:
- method gz: ReadError('empty file')
- method bz2: ReadError('not a bzip2 file')
- method xz: ReadError('not an lzma file')
- method tar: ReadError('empty file')"",""exception (crytic_compile.platform.exceptions.InvalidCompilation: Invalid solc compilation Error: Expected '{' but got 'constant')"",exception (json.decoder.JSONDecodeError: Expecting value: line 1 column 1 (char 0))}"
contracts_output/contracts_output/gemini_with_rag_contracts/1160.sol,1160.sol,slither-0.11.3,solidity,2025/09/14,20260206_1558,1770393682.0104508,0.6305680274963379,1,{},{},{EXIT_CODE_1},"{""analysis unsuccessful, check output.json"",""error parsing results: file could not be opened successfully:
- method gz: ReadError('empty file')
- method bz2: ReadError('not a bzip2 file')
- method xz: ReadError('not an lzma file')
- method tar: ReadError('empty file')"",""exception (crytic_compile.platform.exceptions.InvalidCompilation: Invalid solc compilation Warning: SPDX license identifier not provided in source file. Before publishing, consider adding a comment containing \""SPDX-License-Identifier: <SPDX-License>\"" to each source file. Use \""SPDX-License-Identifier: UNLICENSED\"" for non-open-source code. Please see https://spdx.org for more information.)"",exception (json.decoder.JSONDecodeError: Expecting value: line 1 column 1 (char 0))}"
contracts_output/contracts_output/gemini_with_rag_contracts/1164.sol,1164.sol,slither-0.11.3,solidity,2025/09/14,20260206_1558,1770393954.041682,0.6580371856689453,1,{},{},{EXIT_CODE_1},"{""analysis unsuccessful, check output.json"",""error parsing results: file could not be opened successfully:
- method gz: ReadError('empty file')
- method bz2: ReadError('not a bzip2 file')
- method xz: ReadError('not an lzma file')
- method tar: ReadError('empty file')"",exception (crytic_compile.platform.exceptions.InvalidCompilation: Invalid solc compilation Error: Expected primary expression.),exception (json.decoder.JSONDecodeError: Expecting value: line 1 column 1 (char 0))}"
contracts_output/contracts_output/gemini_with_rag_contracts/1195.sol,1195.sol,slither-0.11.3,solidity,2025/09/14,20260206_1558,1770393534.7036529,0.5948326587677002,1,{},{},{EXIT_CODE_1},"{""analysis unsuccessful, check output.json"",""error parsing results: file could not be opened successfully:
- method gz: ReadError('empty file')
- method bz2: ReadError('not a bzip2 file')
- method xz: ReadError('not an lzma file')
- method tar: ReadError('empty file')"",""exception (crytic_compile.platform.exceptions.InvalidCompilation: Invalid solc compilation Error: Function, variable, struct or modifier declaration expected.)"",exception (json.decoder.JSONDecodeError: Expecting value: line 1 column 1 (char 0))}"
contracts_output/contracts_output/gemini_with_rag_contracts/1213.sol,1213.sol,slither-0.11.3,solidity,2025/09/14,20260206_1558,1770393575.640353,0.6052978038787842,1,{},{},{EXIT_CODE_1},"{""analysis unsuccessful, check output.json"",""error parsing results: file could not be opened successfully:
- method gz: ReadError('empty file')
- method bz2: ReadError('not a bzip2 file')
- method xz: ReadError('not an lzma file')
- method tar: ReadError('empty file')"",""exception (crytic_compile.platform.exceptions.InvalidCompilation: Invalid solc compilation Warning: SPDX license identifier not provided in source file. Before publishing, consider adding a comment containing \""SPDX-License-Identifier: <SPDX-License>\"" to each source file. Use \""SPDX-License-Identifier: UNLICENSED\"" for non-open-source code. Please see https://spdx.org for more information.)"",exception (json.decoder.JSONDecodeError: Expecting value: line 1 column 1 (char 0))}"
contracts_output/contracts_output/gemini_with_rag_contracts/1228.sol,1228.sol,slither-0.11.3,solidity,2025/09/14,20260206_1558,1770394014.2520363,0.5912084579467773,1,{},{},{EXIT_CODE_1},"{""analysis unsuccessful, check output.json"",""error parsing results: file could not be opened successfully:
- method gz: ReadError('empty file')
- method bz2: ReadError('not a bzip2 file')
- method xz: ReadError('not an lzma file')
- method tar: ReadError('empty file')"",""exception (crytic_compile.platform.exceptions.InvalidCompilation: Invalid solc compilation Warning: SPDX license identifier not provided in source file. Before publishing, consider adding a comment containing \""SPDX-License-Identifier: <SPDX-License>\"" to each source file. Use \""SPDX-License-Identifier: UNLICENSED\"" for non-open-source code. Please see https://spdx.org for more information.)"",exception (json.decoder.JSONDecodeError: Expecting value: line 1 column 1 (char 0))}"
contracts_output/contracts_output/gemini_with_rag_contracts/124.sol,124.sol,slither-0.11.3,solidity,2025/09/14,20260206_1558,1770393579.1633508,0.6587045192718506,255,"{dead_code,erc20_interface,naming_convention,shadowing_local,solc_version}",{},{},{}
contracts_output/contracts_output/gemini_with_rag_contracts/1244.sol,1244.sol,slither-0.11.3,solidity,2025/09/14,20260206_1558,1770393756.0743349,0.7005608081817627,255,"{dead_code,naming_convention,shadowing_local,solc_version,uninitialized_state}",{},{},{}
contracts_output/contracts_output/gemini_with_rag_contracts/1247.sol,1247.sol,slither-0.11.3,solidity,2025/09/14,20260206_1558,1770394206.8517632,0.6185023784637451,1,{},{},{EXIT_CODE_1},"{""analysis unsuccessful, check output.json"",""error parsing results: file could not be opened successfully:
- method gz: ReadError('empty file')
- method bz2: ReadError('not a bzip2 file')
- method xz: ReadError('not an lzma file')
- method tar: ReadError('empty file')"",""exception (crytic_compile.platform.exceptions.InvalidCompilation: Invalid solc compilation Warning: SPDX license identifier not provided in source file. Before publishing, consider adding a comment containing \""SPDX-License-Identifier: <SPDX-License>\"" to each source file. Use \""SPDX-License-Identifier: UNLICENSED\"" for non-open-source code. Please see https://spdx.org for more information.)"",exception (json.decoder.JSONDecodeError: Expecting value: line 1 column 1 (char 0))}"
contracts_output/contracts_output/gemini_with_rag_contracts/1259.sol,1259.sol,slither-0.11.3,solidity,2025/09/14,20260206_1558,1770393700.7890432,0.6512625217437744,1,{},{},{EXIT_CODE_1},"{""analysis unsuccessful, check output.json"",""error parsing results: file could not be opened successfully:
- method gz: ReadError('empty file')
- method bz2: ReadError('not a bzip2 file')
- method xz: ReadError('not an lzma file')
- method tar: ReadError('empty file')"",""exception (crytic_compile.platform.exceptions.InvalidCompilation: Invalid solc compilation Warning: SPDX license identifier not provided in source file. Before publishing, consider adding a comment containing \""SPDX-License-Identifier: <SPDX-License>\"" to each source file. Use \""SPDX-License-Identifier: UNLICENSED\"" for non-open-source code. Please see https://spdx.org for more information.)"",exception (json.decoder.JSONDecodeError: Expecting value: line 1 column 1 (char 0))}"
contracts_output/contracts_output/gemini_with_rag_contracts/1262.sol,1262.sol,slither-0.11.3,solidity,2025/09/14,20260206_1558,1770393934.243869,0.6236939430236816,1,{},{},{EXIT_CODE_1},"{""analysis unsuccessful, check output.json"",""error parsing results: file could not be opened successfully:
- method gz: ReadError('empty file')
- method bz2: ReadError('not a bzip2 file')
- method xz: ReadError('not an lzma file')
- method tar: ReadError('empty file')"",""exception (crytic_compile.platform.exceptions.InvalidCompilation: Invalid solc compilation Warning: SPDX license identifier not provided in source file. Before publishing, consider adding a comment containing \""SPDX-License-Identifier: <SPDX-License>\"" to each source file. Use \""SPDX-License-Identifier: UNLICENSED\"" for non-open-source code. Please see https://spdx.org for more information.)"",exception (json.decoder.JSONDecodeError: Expecting value: line 1 column 1 (char 0))}"
contracts_output/contracts_output/gemini_with_rag_contracts/1265.sol,1265.sol,slither-0.11.3,solidity,2025/09/14,20260206_1558,1770394171.256824,0.7056057453155518,255,"{dead_code,immutable_states,solc_version}",{},{},{}
contracts_output/contracts_output/gemini_with_rag_contracts/1268.sol,1268.sol,slither-0.11.3,solidity,2025/09/14,20260206_1558,1770394061.8557262,0.6914451122283936,255,"{dead_code,shadowing_local,solc_version}",{},{},{}
contracts_output/contracts_output/gemini_with_rag_contracts/1281.sol,1281.sol,slither-0.11.3,solidity,2025/09/14,20260206_1558,1770394101.5303383,0.6233088970184326,1,{},{},{EXIT_CODE_1},"{""analysis unsuccessful, check output.json"",""error parsing results: file could not be opened successfully:
- method gz: ReadError('empty file')
- method bz2: ReadError('not a bzip2 file')
- method xz: ReadError('not an lzma file')
- method tar: ReadError('empty file')"",""exception (crytic_compile.platform.exceptions.InvalidCompilation: Invalid solc compilation Warning: SPDX license identifier not provided in source file. Before publishing, consider adding a comment containing \""SPDX-License-Identifier: <SPDX-License>\"" to each source file. Use \""SPDX-License-Identifier: UNLICENSED\"" for non-open-source code. Please see https://spdx.org for more information.)"",exception (json.decoder.JSONDecodeError: Expecting value: line 1 column 1 (char 0))}"
contracts_output/contracts_output/gemini_with_rag_contracts/1283.sol,1283.sol,slither-0.11.3,solidity,2025/09/14,20260206_1558,1770393589.108844,0.5316221714019775,1,{},{},{EXIT_CODE_1},"{""analysis unsuccessful, check output.json"",""error parsing results: file could not be opened successfully:
- method gz: ReadError('empty file')
- method bz2: ReadError('not a bzip2 file')
- method xz: ReadError('not an lzma file')
- method tar: ReadError('empty file')"",""exception (crytic_compile.platform.exceptions.InvalidCompilation: Invalid solc compilation Warning: SPDX license identifier not provided in source file. Before publishing, consider adding a comment containing \""SPDX-License-Identifier: <SPDX-License>\"" to each source file. Use \""SPDX-License-Identifier: UNLICENSED\"" for non-open-source code. Please see https://spdx.org for more information.)"",exception (json.decoder.JSONDecodeError: Expecting value: line 1 column 1 (char 0))}"
contracts_output/contracts_output/gemini_with_rag_contracts/1286.sol,1286.sol,slither-0.11.3,solidity,2025/09/14,20260206_1558,1770393508.947796,0.7128369808197021,1,{},{},{EXIT_CODE_1},"{""analysis unsuccessful, check output.json"",""error parsing results: file could not be opened successfully:
- method gz: ReadError('empty file')
- method bz2: ReadError('not a bzip2 file')
- method xz: ReadError('not an lzma file')
- method tar: ReadError('empty file')"",""exception (crytic_compile.platform.exceptions.InvalidCompilation: Invalid solc compilation Error: Function, variable, struct or modifier declaration expected.)"",exception (json.decoder.JSONDecodeError: Expecting value: line 1 column 1 (char 0))}"
contracts_output/contracts_output/gemini_with_rag_contracts/1315.sol,1315.sol,slither-0.11.3,solidity,2025/09/14,20260206_1558,1770394320.607509,0.6859750747680664,255,"{dead_code,naming_convention,shadowing_local,solc_version,too_many_digits}",{},{},{}
contracts_output/contracts_output/gemini_with_rag_contracts/1319.sol,1319.sol,slither-0.11.3,solidity,2025/09/14,20260206_1558,1770393927.383937,0.6281318664550781,1,{},{},{EXIT_CODE_1},"{""analysis unsuccessful, check output.json"",""error parsing results: file could not be opened successfully:
- method gz: ReadError('empty file')
- method bz2: ReadError('not a bzip2 file')
- method xz: ReadError('not an lzma file')
- method tar: ReadError('empty file')"",""exception (crytic_compile.platform.exceptions.InvalidCompilation: Invalid solc compilation Warning: SPDX license identifier not provided in source file. Before publishing, consider adding a comment containing \""SPDX-License-Identifier: <SPDX-License>\"" to each source file. Use \""SPDX-License-Identifier: UNLICENSED\"" for non-open-source code. Please see https://spdx.org for more information.)"",exception (json.decoder.JSONDecodeError: Expecting value: line 1 column 1 (char 0))}"
contracts_output/contracts_output/gemini_with_rag_contracts/1334.sol,1334.sol,slither-0.11.3,solidity,2025/09/14,20260206_1558,1770393560.959752,0.7272257804870605,255,"{dead_code,immutable_states,naming_convention,solc_version}",{},{},{}
contracts_output/contracts_output/gemini_with_rag_contracts/1335.sol,1335.sol,slither-0.11.3,solidity,2025/09/14,20260206_1558,1770394152.7253637,0.6199381351470947,1,{},{},{EXIT_CODE_1},"{""analysis unsuccessful, check output.json"",""error parsing results: file could not be opened successfully:
- method gz: ReadError('empty file')
- method bz2: ReadError('not a bzip2 file')
- method xz: ReadError('not an lzma file')
- method tar: ReadError('empty file')"",""exception (crytic_compile.platform.exceptions.InvalidCompilation: Invalid solc compilation Warning: SPDX license identifier not provided in source file. Before publishing, consider adding a comment containing \""SPDX-License-Identifier: <SPDX-License>\"" to each source file. Use \""SPDX-License-Identifier: UNLICENSED\"" for non-open-source code. Please see https://spdx.org for more information.)"",exception (json.decoder.JSONDecodeError: Expecting value: line 1 column 1 (char 0))}"
contracts_output/contracts_output/gemini_with_rag_contracts/1356.sol,1356.sol,slither-0.11.3,solidity,2025/09/14,20260206_1558,1770394315.3099668,0.6364395618438721,1,{},{},{EXIT_CODE_1},"{""analysis unsuccessful, check output.json"",""error parsing results: file could not be opened successfully:
- method gz: ReadError('empty file')
- method bz2: ReadError('not a bzip2 file')
- method xz: ReadError('not an lzma file')
- method tar: ReadError('empty file')"",""exception (crytic_compile.platform.exceptions.InvalidCompilation: Invalid solc compilation Warning: SPDX license identifier not provided in source file. Before publishing, consider adding a comment containing \""SPDX-License-Identifier: <SPDX-License>\"" to each source file. Use \""SPDX-License-Identifier: UNLICENSED\"" for non-open-source code. Please see https://spdx.org for more information.)"",exception (json.decoder.JSONDecodeError: Expecting value: line 1 column 1 (char 0))}"
contracts_output/contracts_output/gemini_with_rag_contracts/1358.sol,1358.sol,slither-0.11.3,solidity,2025/09/14,20260206_1558,1770394096.439268,0.6545982360839844,1,{},{},{EXIT_CODE_1},"{""analysis unsuccessful, check output.json"",""error parsing results: file could not be opened successfully:
- method gz: ReadError('empty file')
- method bz2: ReadError('not a bzip2 file')
- method xz: ReadError('not an lzma file')
- method tar: ReadError('empty file')"",""exception (crytic_compile.platform.exceptions.InvalidCompilation: Invalid solc compilation Warning: SPDX license identifier not provided in source file. Before publishing, consider adding a comment containing \""SPDX-License-Identifier: <SPDX-License>\"" to each source file. Use \""SPDX-License-Identifier: UNLICENSED\"" for non-open-source code. Please see https://spdx.org for more information.)"",exception (json.decoder.JSONDecodeError: Expecting value: line 1 column 1 (char 0))}"
contracts_output/contracts_output/gemini_with_rag_contracts/1383.sol,1383.sol,slither-0.11.3,solidity,2025/09/14,20260206_1558,1770393682.9675195,0.618391752243042,1,{},{},{EXIT_CODE_1},"{""analysis unsuccessful, check output.json"",""error parsing results: file could not be opened successfully:
- method gz: ReadError('empty file')
- method bz2: ReadError('not a bzip2 file')
- method xz: ReadError('not an lzma file')
- method tar: ReadError('empty file')"",""exception (crytic_compile.platform.exceptions.InvalidCompilation: Invalid solc compilation Warning: SPDX license identifier not provided in source file. Before publishing, consider adding a comment containing \""SPDX-License-Identifier: <SPDX-License>\"" to each source file. Use \""SPDX-License-Identifier: UNLICENSED\"" for non-open-source code. Please see https://spdx.org for more information.)"",exception (json.decoder.JSONDecodeError: Expecting value: line 1 column 1 (char 0))}"
contracts_output/contracts_output/gemini_with_rag_contracts/1386.sol,1386.sol,slither-0.11.3,solidity,2025/09/14,20260206_1558,1770393717.478658,0.7023088932037354,255,"{dead_code,naming_convention,solc_version}",{},{},{}
contracts_output/contracts_output/gemini_with_rag_contracts/1398.sol,1398.sol,slither-0.11.3,solidity,2025/09/14,20260206_1558,1770393590.9752507,0.6396088600158691,1,{},{},{EXIT_CODE_1},"{""analysis unsuccessful, check output.json"",""error parsing results: file could not be opened successfully:
- method gz: ReadError('empty file')
- method bz2: ReadError('not a bzip2 file')
- method xz: ReadError('not an lzma file')
- method tar: ReadError('empty file')"",exception (crytic_compile.platform.exceptions.InvalidCompilation: Invalid solc compilation Error: Expected primary expression.),exception (json.decoder.JSONDecodeError: Expecting value: line 1 column 1 (char 0))}"
contracts_output/contracts_output/gemini_with_rag_contracts/1413.sol,1413.sol,slither-0.11.3,solidity,2025/09/14,20260206_1558,1770394006.7398705,0.6458697319030762,255,"{dead_code,solc_version}",{},{},{}
contracts_output/contracts_output/gemini_with_rag_contracts/1424.sol,1424.sol,slither-0.11.3,solidity,2025/09/14,20260206_1558,1770393781.6067765,0.6161971092224121,1,{},{},{EXIT_CODE_1},"{""analysis unsuccessful, check output.json"",""error parsing results: file could not be opened successfully:
- method gz: ReadError('empty file')
- method bz2: ReadError('not a bzip2 file')
- method xz: ReadError('not an lzma file')
- method tar: ReadError('empty file')"",""exception (crytic_compile.platform.exceptions.InvalidCompilation: Invalid solc compilation Warning: SPDX license identifier not provided in source file. Before publishing, consider adding a comment containing \""SPDX-License-Identifier: <SPDX-License>\"" to each source file. Use \""SPDX-License-Identifier: UNLICENSED\"" for non-open-source code. Please see https://spdx.org for more information.)"",exception (json.decoder.JSONDecodeError: Expecting value: line 1 column 1 (char 0))}"
contracts_output/contracts_output/gemini_with_rag_contracts/1438.sol,1438.sol,slither-0.11.3,solidity,2025/09/14,20260206_1558,1770393766.8953245,0.718419075012207,1,{},{},{EXIT_CODE_1},"{""analysis unsuccessful, check output.json"",""error parsing results: file could not be opened successfully:
- method gz: ReadError('empty file')
- method bz2: ReadError('not a bzip2 file')
- method xz: ReadError('not an lzma file')
- method tar: ReadError('empty file')"",""exception (crytic_compile.platform.exceptions.InvalidCompilation: Invalid solc compilation Warning: SPDX license identifier not provided in source file. Before publishing, consider adding a comment containing \""SPDX-License-Identifier: <SPDX-License>\"" to each source file. Use \""SPDX-License-Identifier: UNLICENSED\"" for non-open-source code. Please see https://spdx.org for more information.)"",exception (json.decoder.JSONDecodeError: Expecting value: line 1 column 1 (char 0))}"
contracts_output/contracts_output/gemini_with_rag_contracts/1443.sol,1443.sol,slither-0.11.3,solidity,2025/09/14,20260206_1558,1770394048.9571466,0.6114716529846191,1,{},{},{EXIT_CODE_1},"{""analysis unsuccessful, check output.json"",""error parsing results: file could not be opened successfully:
- method gz: ReadError('empty file')
- method bz2: ReadError('not a bzip2 file')
- method xz: ReadError('not an lzma file')
- method tar: ReadError('empty file')"",""exception (crytic_compile.platform.exceptions.InvalidCompilation: Invalid solc compilation Warning: SPDX license identifier not provided in source file. Before publishing, consider adding a comment containing \""SPDX-License-Identifier: <SPDX-License>\"" to each source file. Use \""SPDX-License-Identifier: UNLICENSED\"" for non-open-source code. Please see https://spdx.org for more information.)"",exception (json.decoder.JSONDecodeError: Expecting value: line 1 column 1 (char 0))}"
contracts_output/contracts_output/gemini_with_rag_contracts/146.sol,146.sol,slither-0.11.3,solidity,2025/09/14,20260206_1558,1770393632.0887098,0.6245627403259277,1,{},{},{EXIT_CODE_1},"{""analysis unsuccessful, check output.json"",""error parsing results: file could not be opened successfully:
- method gz: ReadError('empty file')
- method bz2: ReadError('not a bzip2 file')
- method xz: ReadError('not an lzma file')
- method tar: ReadError('empty file')"",""exception (crytic_compile.platform.exceptions.InvalidCompilation: Invalid solc compilation Warning: SPDX license identifier not provided in source file. Before publishing, consider adding a comment containing \""SPDX-License-Identifier: <SPDX-License>\"" to each source file. Use \""SPDX-License-Identifier: UNLICENSED\"" for non-open-source code. Please see https://spdx.org for more information.)"",exception (json.decoder.JSONDecodeError: Expecting value: line 1 column 1 (char 0))}"
contracts_output/contracts_output/gemini_with_rag_contracts/1493.sol,1493.sol,slither-0.11.3,solidity,2025/09/14,20260206_1558,1770393936.2364311,0.6126205921173096,1,{},{},{EXIT_CODE_1},"{""analysis unsuccessful, check output.json"",""error parsing results: file could not be opened successfully:
- method gz: ReadError('empty file')
- method bz2: ReadError('not a bzip2 file')
- method xz: ReadError('not an lzma file')
- method tar: ReadError('empty file')"",""exception (crytic_compile.platform.exceptions.InvalidCompilation: Invalid solc compilation Warning: SPDX license identifier not provided in source file. Before publishing, consider adding a comment containing \""SPDX-License-Identifier: <SPDX-License>\"" to each source file. Use \""SPDX-License-Identifier: UNLICENSED\"" for non-open-source code. Please see https://spdx.org for more information.)"",exception (json.decoder.JSONDecodeError: Expecting value: line 1 column 1 (char 0))}"
contracts_output/contracts_output/gemini_with_rag_contracts/1522.sol,1522.sol,slither-0.11.3,solidity,2025/09/14,20260206_1558,1770393818.9094298,0.6590352058410645,1,{},{},{EXIT_CODE_1},"{""analysis unsuccessful, check output.json"",""error parsing results: file could not be opened successfully:
- method gz: ReadError('empty file')
- method bz2: ReadError('not a bzip2 file')
- method xz: ReadError('not an lzma file')
- method tar: ReadError('empty file')"",""exception (crytic_compile.platform.exceptions.InvalidCompilation: Invalid solc compilation Warning: SPDX license identifier not provided in source file. Before publishing, consider adding a comment containing \""SPDX-License-Identifier: <SPDX-License>\"" to each source file. Use \""SPDX-License-Identifier: UNLICENSED\"" for non-open-source code. Please see https://spdx.org for more information.)"",exception (json.decoder.JSONDecodeError: Expecting value: line 1 column 1 (char 0))}"
contracts_output/contracts_output/gemini_with_rag_contracts/153.sol,153.sol,slither-0.11.3,solidity,2025/09/14,20260206_1558,1770394248.1257424,0.616553544998169,1,{},{},{EXIT_CODE_1},"{""analysis unsuccessful, check output.json"",""error parsing results: file could not be opened successfully:
- method gz: ReadError('empty file')
- method bz2: ReadError('not a bzip2 file')
- method xz: ReadError('not an lzma file')
- method tar: ReadError('empty file')"",""exception (crytic_compile.platform.exceptions.InvalidCompilation: Invalid solc compilation Warning: SPDX license identifier not provided in source file. Before publishing, consider adding a comment containing \""SPDX-License-Identifier: <SPDX-License>\"" to each source file. Use \""SPDX-License-Identifier: UNLICENSED\"" for non-open-source code. Please see https://spdx.org for more information.)"",exception (json.decoder.JSONDecodeError: Expecting value: line 1 column 1 (char 0))}"
contracts_output/contracts_output/gemini_with_rag_contracts/1531.sol,1531.sol,slither-0.11.3,solidity,2025/09/14,20260206_1558,1770394018.1312072,0.6479830741882324,1,{},{},{EXIT_CODE_1},"{""analysis unsuccessful, check output.json"",""error parsing results: file could not be opened successfully:
- method gz: ReadError('empty file')
- method bz2: ReadError('not a bzip2 file')
- method xz: ReadError('not an lzma file')
- method tar: ReadError('empty file')"",""exception (crytic_compile.platform.exceptions.InvalidCompilation: Invalid solc compilation Warning: SPDX license identifier not provided in source file. Before publishing, consider adding a comment containing \""SPDX-License-Identifier: <SPDX-License>\"" to each source file. Use \""SPDX-License-Identifier: UNLICENSED\"" for non-open-source code. Please see https://spdx.org for more information.)"",exception (json.decoder.JSONDecodeError: Expecting value: line 1 column 1 (char 0))}"
contracts_output/contracts_output/gemini_with_rag_contracts/1558.sol,1558.sol,slither-0.11.3,solidity,2025/09/14,20260206_1558,1770393826.7203686,0.7350776195526123,255,"{dead_code,immutable_states,solc_version,too_many_digits}",{},{},{}
contracts_output/contracts_output/gemini_with_rag_contracts/1565.sol,1565.sol,slither-0.11.3,solidity,2025/09/14,20260206_1558,1770394272.5992906,0.6312277317047119,1,{},{},{EXIT_CODE_1},"{""analysis unsuccessful, check output.json"",""error parsing results: file could not be opened successfully:
- method gz: ReadError('empty file')
- method bz2: ReadError('not a bzip2 file')
- method xz: ReadError('not an lzma file')
- method tar: ReadError('empty file')"",""exception (crytic_compile.platform.exceptions.InvalidCompilation: Invalid solc compilation Warning: SPDX license identifier not provided in source file. Before publishing, consider adding a comment containing \""SPDX-License-Identifier: <SPDX-License>\"" to each source file. Use \""SPDX-License-Identifier: UNLICENSED\"" for non-open-source code. Please see https://spdx.org for more information.)"",exception (json.decoder.JSONDecodeError: Expecting value: line 1 column 1 (char 0))}"
contracts_output/contracts_output/gemini_with_rag_contracts/1587.sol,1587.sol,slither-0.11.3,solidity,2025/09/14,20260206_1558,1770393985.0187998,0.6162593364715576,1,{},{},{EXIT_CODE_1},"{""analysis unsuccessful, check output.json"",""error parsing results: file could not be opened successfully:
- method gz: ReadError('empty file')
- method bz2: ReadError('not a bzip2 file')
- method xz: ReadError('not an lzma file')
- method tar: ReadError('empty file')"",""exception (crytic_compile.platform.exceptions.InvalidCompilation: Invalid solc compilation Warning: SPDX license identifier not provided in source file. Before publishing, consider adding a comment containing \""SPDX-License-Identifier: <SPDX-License>\"" to each source file. Use \""SPDX-License-Identifier: UNLICENSED\"" for non-open-source code. Please see https://spdx.org for more information.)"",exception (json.decoder.JSONDecodeError: Expecting value: line 1 column 1 (char 0))}"
contracts_output/contracts_output/gemini_with_rag_contracts/1589.sol,1589.sol,slither-0.11.3,solidity,2025/09/14,20260206_1558,1770394104.8368745,0.6600878238677979,255,"{dead_code,naming_convention,solc_version}",{},{},{}
contracts_output/contracts_output/gemini_with_rag_contracts/1597.sol,1597.sol,slither-0.11.3,solidity,2025/09/14,20260206_1558,1770393958.8764193,0.6099698543548584,1,{},{},{EXIT_CODE_1},"{""analysis unsuccessful, check output.json"",""error parsing results: file could not be opened successfully:
- method gz: ReadError('empty file')
- method bz2: ReadError('not a bzip2 file')
- method xz: ReadError('not an lzma file')
- method tar: ReadError('empty file')"",exception (crytic_compile.platform.exceptions.InvalidCompilation: Invalid solc compilation Error: Expected ';' but got 'private'),exception (json.decoder.JSONDecodeError: Expecting value: line 1 column 1 (char 0))}"
contracts_output/contracts_output/gemini_with_rag_contracts/1600.sol,1600.sol,slither-0.11.3,solidity,2025/09/14,20260206_1558,1770394332.055691,0.6084144115447998,1,{},{},{EXIT_CODE_1},"{""analysis unsuccessful, check output.json"",""error parsing results: file could not be opened successfully:
- method gz: ReadError('empty file')
- method bz2: ReadError('not a bzip2 file')
- method xz: ReadError('not an lzma file')
- method tar: ReadError('empty file')"",""exception (crytic_compile.platform.exceptions.InvalidCompilation: Invalid solc compilation Warning: SPDX license identifier not provided in source file. Before publishing, consider adding a comment containing \""SPDX-License-Identifier: <SPDX-License>\"" to each source file. Use \""SPDX-License-Identifier: UNLICENSED\"" for non-open-source code. Please see https://spdx.org for more information.)"",exception (json.decoder.JSONDecodeError: Expecting value: line 1 column 1 (char 0))}"
contracts_output/contracts_output/gemini_with_rag_contracts/1609.sol,1609.sol,slither-0.11.3,solidity,2025/09/14,20260206_1558,1770394209.601379,0.7049791812896729,1,{},{},{EXIT_CODE_1},"{""analysis unsuccessful, check output.json"",""error parsing results: file could not be opened successfully:
- method gz: ReadError('empty file')
- method bz2: ReadError('not a bzip2 file')
- method xz: ReadError('not an lzma file')
- method tar: ReadError('empty file')"",exception (crytic_compile.platform.exceptions.InvalidCompilation: Invalid solc compilation Error: Hexadecimal digit missing or invalid.),exception (json.decoder.JSONDecodeError: Expecting value: line 1 column 1 (char 0))}"
contracts_output/contracts_output/gemini_with_rag_contracts/1613.sol,1613.sol,slither-0.11.3,solidity,2025/09/14,20260206_1558,1770393677.5699034,0.6478602886199951,1,{},{},{EXIT_CODE_1},"{""analysis unsuccessful, check output.json"",""error parsing results: file could not be opened successfully:
- method gz: ReadError('empty file')
- method bz2: ReadError('not a bzip2 file')
- method xz: ReadError('not an lzma file')
- method tar: ReadError('empty file')"",""exception (crytic_compile.platform.exceptions.InvalidCompilation: Invalid solc compilation Warning: SPDX license identifier not provided in source file. Before publishing, consider adding a comment containing \""SPDX-License-Identifier: <SPDX-License>\"" to each source file. Use \""SPDX-License-Identifier: UNLICENSED\"" for non-open-source code. Please see https://spdx.org for more information.)"",exception (json.decoder.JSONDecodeError: Expecting value: line 1 column 1 (char 0))}"
contracts_output/contracts_output/gemini_with_rag_contracts/1617.sol,1617.sol,slither-0.11.3,solidity,2025/09/14,20260206_1558,1770393929.2696238,0.6934781074523926,255,"{dead_code,immutable_states,naming_convention,solc_version}",{},{},{}
contracts_output/contracts_output/gemini_with_rag_contracts/1642.sol,1642.sol,slither-0.11.3,solidity,2025/09/14,20260206_1558,1770393551.562152,0.585705041885376,1,{},{},{EXIT_CODE_1},"{""analysis unsuccessful, check output.json"",""error parsing results: file could not be opened successfully:
- method gz: ReadError('empty file')
- method bz2: ReadError('not a bzip2 file')
- method xz: ReadError('not an lzma file')
- method tar: ReadError('empty file')"",""exception (crytic_compile.platform.exceptions.InvalidCompilation: Invalid solc compilation Error: Function, variable, struct or modifier declaration expected.)"",exception (json.decoder.JSONDecodeError: Expecting value: line 1 column 1 (char 0))}"
contracts_output/contracts_output/gemini_with_rag_contracts/1644.sol,1644.sol,slither-0.11.3,solidity,2025/09/14,20260206_1558,1770393546.1908536,0.6582510471343994,1,{},{},{EXIT_CODE_1},"{""analysis unsuccessful, check output.json"",""error parsing results: file could not be opened successfully:
- method gz: ReadError('empty file')
- method bz2: ReadError('not a bzip2 file')
- method xz: ReadError('not an lzma file')
- method tar: ReadError('empty file')"",exception (crytic_compile.platform.exceptions.InvalidCompilation: Invalid solc compilation Error: Expected ';' but got reserved keyword 'match'),exception (json.decoder.JSONDecodeError: Expecting value: line 1 column 1 (char 0))}"
contracts_output/contracts_output/gemini_with_rag_contracts/1662.sol,1662.sol,slither-0.11.3,solidity,2025/09/14,20260206_1558,1770393792.498821,0.620898962020874,1,{},{},{EXIT_CODE_1},"{""analysis unsuccessful, check output.json"",""error parsing results: file could not be opened successfully:
- method gz: ReadError('empty file')
- method bz2: ReadError('not a bzip2 file')
- method xz: ReadError('not an lzma file')
- method tar: ReadError('empty file')"",""exception (crytic_compile.platform.exceptions.InvalidCompilation: Invalid solc compilation Warning: SPDX license identifier not provided in source file. Before publishing, consider adding a comment containing \""SPDX-License-Identifier: <SPDX-License>\"" to each source file. Use \""SPDX-License-Identifier: UNLICENSED\"" for non-open-source code. Please see https://spdx.org for more information.)"",exception (json.decoder.JSONDecodeError: Expecting value: line 1 column 1 (char 0))}"
contracts_output/contracts_output/gemini_with_rag_contracts/1663.sol,1663.sol,slither-0.11.3,solidity,2025/09/14,20260206_1558,1770393879.0951643,0.7070581912994385,255,"{dead_code,solc_version,timestamp}",{},{},{}
contracts_output/contracts_output/gemini_with_rag_contracts/170.sol,170.sol,slither-0.11.3,solidity,2025/09/14,20260206_1558,1770393524.746715,0.6620728969573975,255,"{dead_code,solc_version,timestamp}",{},{},{}
contracts_output/contracts_output/gemini_with_rag_contracts/1700.sol,1700.sol,slither-0.11.3,solidity,2025/09/14,20260206_1558,1770393551.64483,0.6194756031036377,1,{},{},{EXIT_CODE_1},"{""analysis unsuccessful, check output.json"",""error parsing results: file could not be opened successfully:
- method gz: ReadError('empty file')
- method bz2: ReadError('not a bzip2 file')
- method xz: ReadError('not an lzma file')
- method tar: ReadError('empty file')"",exception (crytic_compile.platform.exceptions.InvalidCompilation: Invalid solc compilation Error: Expected '(' but got identifier),exception (json.decoder.JSONDecodeError: Expecting value: line 1 column 1 (char 0))}"
contracts_output/contracts_output/gemini_with_rag_contracts/1722.sol,1722.sol,slither-0.11.3,solidity,2025/09/14,20260206_1558,1770393723.1031947,0.7140474319458008,255,"{dead_code,solc_version}",{},{},{}
contracts_output/contracts_output/gemini_with_rag_contracts/1735.sol,1735.sol,slither-0.11.3,solidity,2025/09/14,20260206_1558,1770393672.315381,0.5861499309539795,1,{},{},{EXIT_CODE_1},"{""analysis unsuccessful, check output.json"",""error parsing results: file could not be opened successfully:
- method gz: ReadError('empty file')
- method bz2: ReadError('not a bzip2 file')
- method xz: ReadError('not an lzma file')
- method tar: ReadError('empty file')"",""exception (crytic_compile.platform.exceptions.InvalidCompilation: Invalid solc compilation Warning: SPDX license identifier not provided in source file. Before publishing, consider adding a comment containing \""SPDX-License-Identifier: <SPDX-License>\"" to each source file. Use \""SPDX-License-Identifier: UNLICENSED\"" for non-open-source code. Please see https://spdx.org for more information.)"",exception (json.decoder.JSONDecodeError: Expecting value: line 1 column 1 (char 0))}"
contracts_output/contracts_output/gemini_with_rag_contracts/1777.sol,1777.sol,slither-0.11.3,solidity,2025/09/14,20260206_1558,1770394031.0352647,0.6384420394897461,255,"{dead_code,naming_convention,solc_version}",{},{},{}
contracts_output/contracts_output/gemini_with_rag_contracts/1782.sol,1782.sol,slither-0.11.3,solidity,2025/09/14,20260206_1558,1770393905.6008234,0.5758562088012695,1,{},{},{EXIT_CODE_1},"{""analysis unsuccessful, check output.json"",""error parsing results: file could not be opened successfully:
- method gz: ReadError('empty file')
- method bz2: ReadError('not a bzip2 file')
- method xz: ReadError('not an lzma file')
- method tar: ReadError('empty file')"",exception (crytic_compile.platform.exceptions.InvalidCompilation: Invalid solc compilation Error: Expected primary expression.),exception (json.decoder.JSONDecodeError: Expecting value: line 1 column 1 (char 0))}"
contracts_output/contracts_output/gemini_with_rag_contracts/1790.sol,1790.sol,slither-0.11.3,solidity,2025/09/14,20260206_1558,1770394166.0553792,0.5898535251617432,1,{},{},{EXIT_CODE_1},"{""analysis unsuccessful, check output.json"",""error parsing results: file could not be opened successfully:
- method gz: ReadError('empty file')
- method bz2: ReadError('not a bzip2 file')
- method xz: ReadError('not an lzma file')
- method tar: ReadError('empty file')"",""exception (crytic_compile.platform.exceptions.InvalidCompilation: Invalid solc compilation Warning: SPDX license identifier not provided in source file. Before publishing, consider adding a comment containing \""SPDX-License-Identifier: <SPDX-License>\"" to each source file. Use \""SPDX-License-Identifier: UNLICENSED\"" for non-open-source code. Please see https://spdx.org for more information.)"",exception (json.decoder.JSONDecodeError: Expecting value: line 1 column 1 (char 0))}"
contracts_output/contracts_output/gemini_with_rag_contracts/1809.sol,1809.sol,slither-0.11.3,solidity,2025/09/14,20260206_1558,1770394231.8134615,0.6307773590087891,1,{},{},{EXIT_CODE_1},"{""analysis unsuccessful, check output.json"",""error parsing results: file could not be opened successfully:
- method gz: ReadError('empty file')
- method bz2: ReadError('not a bzip2 file')
- method xz: ReadError('not an lzma file')
- method tar: ReadError('empty file')"",""exception (crytic_compile.platform.exceptions.InvalidCompilation: Invalid solc compilation Warning: SPDX license identifier not provided in source file. Before publishing, consider adding a comment containing \""SPDX-License-Identifier: <SPDX-License>\"" to each source file. Use \""SPDX-License-Identifier: UNLICENSED\"" for non-open-source code. Please see https://spdx.org for more information.)"",exception (json.decoder.JSONDecodeError: Expecting value: line 1 column 1 (char 0))}"
contracts_output/contracts_output/gemini_with_rag_contracts/1814.sol,1814.sol,slither-0.11.3,solidity,2025/09/14,20260206_1558,1770393623.3918867,0.715745210647583,255,"{dead_code,naming_convention,solc_version,timestamp}",{},{},{}
contracts_output/contracts_output/gemini_with_rag_contracts/1824.sol,1824.sol,slither-0.11.3,solidity,2025/09/14,20260206_1558,1770394323.3976028,0.716170072555542,255,"{dead_code,naming_convention,solc_version}",{},{},{}
contracts_output/contracts_output/gemini_with_rag_contracts/1832.sol,1832.sol,slither-0.11.3,solidity,2025/09/14,20260206_1558,1770393816.7926176,0.6091330051422119,1,{},{},{EXIT_CODE_1},"{""analysis unsuccessful, check output.json"",""error parsing results: file could not be opened successfully:
- method gz: ReadError('empty file')
- method bz2: ReadError('not a bzip2 file')
- method xz: ReadError('not an lzma file')
- method tar: ReadError('empty file')"",""exception (crytic_compile.platform.exceptions.InvalidCompilation: Invalid solc compilation Warning: SPDX license identifier not provided in source file. Before publishing, consider adding a comment containing \""SPDX-License-Identifier: <SPDX-License>\"" to each source file. Use \""SPDX-License-Identifier: UNLICENSED\"" for non-open-source code. Please see https://spdx.org for more information.)"",exception (json.decoder.JSONDecodeError: Expecting value: line 1 column 1 (char 0))}"
contracts_output/contracts_output/gemini_with_rag_contracts/1838.sol,1838.sol,slither-0.11.3,solidity,2025/09/14,20260206_1558,1770394312.674958,0.6519873142242432,255,"{dead_code,solc_version,timestamp}",{},{},{}
contracts_output/contracts_output/gemini_with_rag_contracts/1872.sol,1872.sol,slither-0.11.3,solidity,2025/09/14,20260206_1558,1770394157.6428785,0.7116923332214355,255,"{dead_code,immutable_states,solc_version,suicidal}",{},{},{}
contracts_output/contracts_output/gemini_with_rag_contracts/1877.sol,1877.sol,slither-0.11.3,solidity,2025/09/14,20260206_1558,1770394258.8388553,0.6222901344299316,1,{},{},{EXIT_CODE_1},"{""analysis unsuccessful, check output.json"",""error parsing results: file could not be opened successfully:
- method gz: ReadError('empty file')
- method bz2: ReadError('not a bzip2 file')
- method xz: ReadError('not an lzma file')
- method tar: ReadError('empty file')"",""exception (crytic_compile.platform.exceptions.InvalidCompilation: Invalid solc compilation Warning: SPDX license identifier not provided in source file. Before publishing, consider adding a comment containing \""SPDX-License-Identifier: <SPDX-License>\"" to each source file. Use \""SPDX-License-Identifier: UNLICENSED\"" for non-open-source code. Please see https://spdx.org for more information.)"",exception (json.decoder.JSONDecodeError: Expecting value: line 1 column 1 (char 0))}"
contracts_output/contracts_output/gemini_with_rag_contracts/189.sol,189.sol,slither-0.11.3,solidity,2025/09/14,20260206_1558,1770393894.8318741,0.6137971878051758,1,{},{},{EXIT_CODE_1},"{""analysis unsuccessful, check output.json"",""error parsing results: file could not be opened successfully:
- method gz: ReadError('empty file')
- method bz2: ReadError('not a bzip2 file')
- method xz: ReadError('not an lzma file')
- method tar: ReadError('empty file')"",""exception (crytic_compile.platform.exceptions.InvalidCompilation: Invalid solc compilation Warning: SPDX license identifier not provided in source file. Before publishing, consider adding a comment containing \""SPDX-License-Identifier: <SPDX-License>\"" to each source file. Use \""SPDX-License-Identifier: UNLICENSED\"" for non-open-source code. Please see https://spdx.org for more information.)"",exception (json.decoder.JSONDecodeError: Expecting value: line 1 column 1 (char 0))}"
contracts_output/contracts_output/gemini_with_rag_contracts/1905.sol,1905.sol,slither-0.11.3,solidity,2025/09/14,20260206_1558,1770394163.988256,0.6688246726989746,255,"{dead_code,immutable_states,naming_convention,solc_version,timestamp}",{},{},{}
contracts_output/contracts_output/gemini_with_rag_contracts/191.sol,191.sol,slither-0.11.3,solidity,2025/09/14,20260206_1558,1770393674.7167535,0.5648939609527588,1,{},{},{EXIT_CODE_1},"{""analysis unsuccessful, check output.json"",""error parsing results: file could not be opened successfully:
- method gz: ReadError('empty file')
- method bz2: ReadError('not a bzip2 file')
- method xz: ReadError('not an lzma file')
- method tar: ReadError('empty file')"",exception (crytic_compile.platform.exceptions.InvalidCompilation: Invalid solc compilation Error: Unexpected trailing comma.),exception (json.decoder.JSONDecodeError: Expecting value: line 1 column 1 (char 0))}"
contracts_output/contracts_output/gemini_with_rag_contracts/1924.sol,1924.sol,slither-0.11.3,solidity,2025/09/14,20260206_1558,1770393575.0176067,0.6218712329864502,1,{},{},{EXIT_CODE_1},"{""analysis unsuccessful, check output.json"",""error parsing results: file could not be opened successfully:
- method gz: ReadError('empty file')
- method bz2: ReadError('not a bzip2 file')
- method xz: ReadError('not an lzma file')
- method tar: ReadError('empty file')"",""exception (crytic_compile.platform.exceptions.InvalidCompilation: Invalid solc compilation Warning: SPDX license identifier not provided in source file. Before publishing, consider adding a comment containing \""SPDX-License-Identifier: <SPDX-License>\"" to each source file. Use \""SPDX-License-Identifier: UNLICENSED\"" for non-open-source code. Please see https://spdx.org for more information.)"",exception (json.decoder.JSONDecodeError: Expecting value: line 1 column 1 (char 0))}"
contracts_output/contracts_output/gemini_with_rag_contracts/1926.sol,1926.sol,slither-0.11.3,solidity,2025/09/14,20260206_1558,1770393701.6605704,0.6301760673522949,255,"{dead_code,missing_zero_check,naming_convention,shadowing_local,solc_version}",{},{},{}
contracts_output/contracts_output/gemini_with_rag_contracts/1932.sol,1932.sol,slither-0.11.3,solidity,2025/09/14,20260206_1558,1770394019.6760187,0.6013193130493164,1,{},{},{EXIT_CODE_1},"{""analysis unsuccessful, check output.json"",""error parsing results: file could not be opened successfully:
- method gz: ReadError('empty file')
- method bz2: ReadError('not a bzip2 file')
- method xz: ReadError('not an lzma file')
- method tar: ReadError('empty file')"",""exception (crytic_compile.platform.exceptions.InvalidCompilation: Invalid solc compilation Warning: SPDX license identifier not provided in source file. Before publishing, consider adding a comment containing \""SPDX-License-Identifier: <SPDX-License>\"" to each source file. Use \""SPDX-License-Identifier: UNLICENSED\"" for non-open-source code. Please see https://spdx.org for more information.)"",exception (json.decoder.JSONDecodeError: Expecting value: line 1 column 1 (char 0))}"
contracts_output/contracts_output/gemini_with_rag_contracts/1962.sol,1962.sol,slither-0.11.3,solidity,2025/09/14,20260206_1558,1770393542.0516698,0.624640703201294,255,"{dead_code,naming_convention,solc_version}",{},{},{}
contracts_output/contracts_output/gemini_with_rag_contracts/1979.sol,1979.sol,slither-0.11.3,solidity,2025/09/14,20260206_1558,1770394044.41206,0.7047915458679199,255,"{dead_code,solc_version}",{},{},{}
contracts_output/contracts_output/gemini_with_rag_contracts/1993.sol,1993.sol,slither-0.11.3,solidity,2025/09/14,20260206_1558,1770393676.8781424,0.6277773380279541,1,{},{},{EXIT_CODE_1},"{""analysis unsuccessful, check output.json"",""error parsing results: file could not be opened successfully:
- method gz: ReadError('empty file')
- method bz2: ReadError('not a bzip2 file')
- method xz: ReadError('not an lzma file')
- method tar: ReadError('empty file')"",""exception (crytic_compile.platform.exceptions.InvalidCompilation: Invalid solc compilation Warning: SPDX license identifier not provided in source file. Before publishing, consider adding a comment containing \""SPDX-License-Identifier: <SPDX-License>\"" to each source file. Use \""SPDX-License-Identifier: UNLICENSED\"" for non-open-source code. Please see https://spdx.org for more information.)"",exception (json.decoder.JSONDecodeError: Expecting value: line 1 column 1 (char 0))}"
contracts_output/contracts_output/gemini_with_rag_contracts/2003.sol,2003.sol,slither-0.11.3,solidity,2025/09/14,20260206_1558,1770394208.20844,0.621502161026001,1,{},{},{EXIT_CODE_1},"{""analysis unsuccessful, check output.json"",""error parsing results: file could not be opened successfully:
- method gz: ReadError('empty file')
- method bz2: ReadError('not a bzip2 file')
- method xz: ReadError('not an lzma file')
- method tar: ReadError('empty file')"",exception (crytic_compile.platform.exceptions.InvalidCompilation: Invalid solc compilation Error: Expected ';' but got 'public'),exception (json.decoder.JSONDecodeError: Expecting value: line 1 column 1 (char 0))}"
contracts_output/contracts_output/gemini_with_rag_contracts/2019.sol,2019.sol,slither-0.11.3,solidity,2025/09/14,20260206_1558,1770393694.3727994,0.6587984561920166,255,"{dead_code,immutable_states,naming_convention,solc_version}",{},{},{}
contracts_output/contracts_output/gemini_with_rag_contracts/2044.sol,2044.sol,slither-0.11.3,solidity,2025/09/14,20260206_1558,1770394016.3265235,0.7466945648193359,255,"{dead_code,naming_convention,shadowing_local,solc_version,too_many_digits}",{},{},{}
contracts_output/contracts_output/gemini_with_rag_contracts/2053.sol,2053.sol,slither-0.11.3,solidity,2025/09/14,20260206_1558,1770393646.0265834,0.6229431629180908,1,{},{},{EXIT_CODE_1},"{""analysis unsuccessful, check output.json"",""error parsing results: file could not be opened successfully:
- method gz: ReadError('empty file')
- method bz2: ReadError('not a bzip2 file')
- method xz: ReadError('not an lzma file')
- method tar: ReadError('empty file')"",""exception (crytic_compile.platform.exceptions.InvalidCompilation: Invalid solc compilation Error: Function, variable, struct or modifier declaration expected.)"",exception (json.decoder.JSONDecodeError: Expecting value: line 1 column 1 (char 0))}"
contracts_output/contracts_output/gemini_with_rag_contracts/2061.sol,2061.sol,slither-0.11.3,solidity,2025/09/14,20260206_1558,1770393953.4725583,0.7465317249298096,255,"{assembly,dead_code,immutable_states,solc_version,too_many_digits}",{},{},{}
contracts_output/contracts_output/gemini_with_rag_contracts/2081.sol,2081.sol,slither-0.11.3,solidity,2025/09/14,20260206_1558,1770393795.3424125,0.6490559577941895,1,{},{},{EXIT_CODE_1},"{""analysis unsuccessful, check output.json"",""error parsing results: file could not be opened successfully:
- method gz: ReadError('empty file')
- method bz2: ReadError('not a bzip2 file')
- method xz: ReadError('not an lzma file')
- method tar: ReadError('empty file')"",""exception (crytic_compile.platform.exceptions.InvalidCompilation: Invalid solc compilation Warning: SPDX license identifier not provided in source file. Before publishing, consider adding a comment containing \""SPDX-License-Identifier: <SPDX-License>\"" to each source file. Use \""SPDX-License-Identifier: UNLICENSED\"" for non-open-source code. Please see https://spdx.org for more information.)"",exception (json.decoder.JSONDecodeError: Expecting value: line 1 column 1 (char 0))}"
contracts_output/contracts_output/gemini_with_rag_contracts/2092.sol,2092.sol,slither-0.11.3,solidity,2025/09/14,20260206_1558,1770394193.614524,0.6527299880981445,255,"{dead_code,naming_convention,solc_version}",{},{},{}
contracts_output/contracts_output/gemini_with_rag_contracts/2093.sol,2093.sol,slither-0.11.3,solidity,2025/09/14,20260206_1558,1770394100.660743,0.6422674655914307,1,{},{},{EXIT_CODE_1},"{""analysis unsuccessful, check output.json"",""error parsing results: file could not be opened successfully:
- method gz: ReadError('empty file')
- method bz2: ReadError('not a bzip2 file')
- method xz: ReadError('not an lzma file')
- method tar: ReadError('empty file')"",exception (crytic_compile.platform.exceptions.InvalidCompilation: Invalid solc compilation Error: Expected primary expression.),exception (json.decoder.JSONDecodeError: Expecting value: line 1 column 1 (char 0))}"
contracts_output/contracts_output/gemini_with_rag_contracts/211.sol,211.sol,slither-0.11.3,solidity,2025/09/14,20260206_1558,1770393652.8219328,0.6161127090454102,1,{},{},{EXIT_CODE_1},"{""analysis unsuccessful, check output.json"",""error parsing results: file could not be opened successfully:
- method gz: ReadError('empty file')
- method bz2: ReadError('not a bzip2 file')
- method xz: ReadError('not an lzma file')
- method tar: ReadError('empty file')"",""exception (crytic_compile.platform.exceptions.InvalidCompilation: Invalid solc compilation Warning: SPDX license identifier not provided in source file. Before publishing, consider adding a comment containing \""SPDX-License-Identifier: <SPDX-License>\"" to each source file. Use \""SPDX-License-Identifier: UNLICENSED\"" for non-open-source code. Please see https://spdx.org for more information.)"",exception (json.decoder.JSONDecodeError: Expecting value: line 1 column 1 (char 0))}"
contracts_output/contracts_output/gemini_with_rag_contracts/2110.sol,2110.sol,slither-0.11.3,solidity,2025/09/14,20260206_1558,1770394206.2053087,0.6450455188751221,1,{},{},{EXIT_CODE_1},"{""analysis unsuccessful, check output.json"",""error parsing results: file could not be opened successfully:
- method gz: ReadError('empty file')
- method bz2: ReadError('not a bzip2 file')
- method xz: ReadError('not an lzma file')
- method tar: ReadError('empty file')"",""exception (crytic_compile.platform.exceptions.InvalidCompilation: Invalid solc compilation Warning: SPDX license identifier not provided in source file. Before publishing, consider adding a comment containing \""SPDX-License-Identifier: <SPDX-License>\"" to each source file. Use \""SPDX-License-Identifier: UNLICENSED\"" for non-open-source code. Please see https://spdx.org for more information.)"",exception (json.decoder.JSONDecodeError: Expecting value: line 1 column 1 (char 0))}"
contracts_output/contracts_output/gemini_with_rag_contracts/2112.sol,2112.sol,slither-0.11.3,solidity,2025/09/14,20260206_1558,1770393690.1696057,0.599128246307373,1,{},{},{EXIT_CODE_1},"{""analysis unsuccessful, check output.json"",""error parsing results: file could not be opened successfully:
- method gz: ReadError('empty file')
- method bz2: ReadError('not a bzip2 file')
- method xz: ReadError('not an lzma file')
- method tar: ReadError('empty file')"",""exception (crytic_compile.platform.exceptions.InvalidCompilation: Invalid solc compilation Warning: SPDX license identifier not provided in source file. Before publishing, consider adding a comment containing \""SPDX-License-Identifier: <SPDX-License>\"" to each source file. Use \""SPDX-License-Identifier: UNLICENSED\"" for non-open-source code. Please see https://spdx.org for more information.)"",exception (json.decoder.JSONDecodeError: Expecting value: line 1 column 1 (char 0))}"
contracts_output/contracts_output/gemini_with_rag_contracts/2119.sol,2119.sol,slither-0.11.3,solidity,2025/09/14,20260206_1558,1770393815.7713618,0.6080992221832275,1,{},{},{EXIT_CODE_1},"{""analysis unsuccessful, check output.json"",""error parsing results: file could not be opened successfully:
- method gz: ReadError('empty file')
- method bz2: ReadError('not a bzip2 file')
- method xz: ReadError('not an lzma file')
- method tar: ReadError('empty file')"",""exception (crytic_compile.platform.exceptions.InvalidCompilation: Invalid solc compilation Warning: SPDX license identifier not provided in source file. Before publishing, consider adding a comment containing \""SPDX-License-Identifier: <SPDX-License>\"" to each source file. Use \""SPDX-License-Identifier: UNLICENSED\"" for non-open-source code. Please see https://spdx.org for more information.)"",exception (json.decoder.JSONDecodeError: Expecting value: line 1 column 1 (char 0))}"
contracts_output/contracts_output/gemini_with_rag_contracts/213.sol,213.sol,slither-0.11.3,solidity,2025/09/14,20260206_1558,1770393594.231338,0.5574328899383545,1,{},{},{EXIT_CODE_1},"{""analysis unsuccessful, check output.json"",""error parsing results: file could not be opened successfully:
- method gz: ReadError('empty file')
- method bz2: ReadError('not a bzip2 file')
- method xz: ReadError('not an lzma file')
- method tar: ReadError('empty file')"",""exception (crytic_compile.platform.exceptions.InvalidCompilation: Invalid solc compilation Warning: SPDX license identifier not provided in source file. Before publishing, consider adding a comment containing \""SPDX-License-Identifier: <SPDX-License>\"" to each source file. Use \""SPDX-License-Identifier: UNLICENSED\"" for non-open-source code. Please see https://spdx.org for more information.)"",exception (json.decoder.JSONDecodeError: Expecting value: line 1 column 1 (char 0))}"
contracts_output/contracts_output/gemini_with_rag_contracts/2141.sol,2141.sol,slither-0.11.3,solidity,2025/09/14,20260206_1558,1770394320.8959744,0.6292152404785156,1,{},{},{EXIT_CODE_1},"{""analysis unsuccessful, check output.json"",""error parsing results: file could not be opened successfully:
- method gz: ReadError('empty file')
- method bz2: ReadError('not a bzip2 file')
- method xz: ReadError('not an lzma file')
- method tar: ReadError('empty file')"",exception (crytic_compile.platform.exceptions.InvalidCompilation: Invalid solc compilation Error: Expected primary expression.),exception (json.decoder.JSONDecodeError: Expecting value: line 1 column 1 (char 0))}"
contracts_output/contracts_output/gemini_with_rag_contracts/2199.sol,2199.sol,slither-0.11.3,solidity,2025/09/14,20260206_1558,1770393804.254171,0.5994629859924316,1,{},{},{EXIT_CODE_1},"{""analysis unsuccessful, check output.json"",""error parsing results: file could not be opened successfully:
- method gz: ReadError('empty file')
- method bz2: ReadError('not a bzip2 file')
- method xz: ReadError('not an lzma file')
- method tar: ReadError('empty file')"",""exception (crytic_compile.platform.exceptions.InvalidCompilation: Invalid solc compilation Warning: SPDX license identifier not provided in source file. Before publishing, consider adding a comment containing \""SPDX-License-Identifier: <SPDX-License>\"" to each source file. Use \""SPDX-License-Identifier: UNLICENSED\"" for non-open-source code. Please see https://spdx.org for more information.)"",exception (json.decoder.JSONDecodeError: Expecting value: line 1 column 1 (char 0))}"
contracts_output/contracts_output/gemini_with_rag_contracts/2205.sol,2205.sol,slither-0.11.3,solidity,2025/09/14,20260206_1558,1770393839.554573,0.6238648891448975,1,{},{},{EXIT_CODE_1},"{""analysis unsuccessful, check output.json"",""error parsing results: file could not be opened successfully:
- method gz: ReadError('empty file')
- method bz2: ReadError('not a bzip2 file')
- method xz: ReadError('not an lzma file')
- method tar: ReadError('empty file')"",""exception (crytic_compile.platform.exceptions.InvalidCompilation: Invalid solc compilation Warning: SPDX license identifier not provided in source file. Before publishing, consider adding a comment containing \""SPDX-License-Identifier: <SPDX-License>\"" to each source file. Use \""SPDX-License-Identifier: UNLICENSED\"" for non-open-source code. Please see https://spdx.org for more information.)"",exception (json.decoder.JSONDecodeError: Expecting value: line 1 column 1 (char 0))}"
contracts_output/contracts_output/gemini_with_rag_contracts/2209.sol,2209.sol,slither-0.11.3,solidity,2025/09/14,20260206_1558,1770394153.4424543,0.6231472492218018,1,{},{},{EXIT_CODE_1},"{""analysis unsuccessful, check output.json"",""error parsing results: file could not be opened successfully:
- method gz: ReadError('empty file')
- method bz2: ReadError('not a bzip2 file')
- method xz: ReadError('not an lzma file')
- method tar: ReadError('empty file')"",""exception (crytic_compile.platform.exceptions.InvalidCompilation: Invalid solc compilation Warning: SPDX license identifier not provided in source file. Before publishing, consider adding a comment containing \""SPDX-License-Identifier: <SPDX-License>\"" to each source file. Use \""SPDX-License-Identifier: UNLICENSED\"" for non-open-source code. Please see https://spdx.org for more information.)"",exception (json.decoder.JSONDecodeError: Expecting value: line 1 column 1 (char 0))}"
contracts_output/contracts_output/gemini_with_rag_contracts/2215.sol,2215.sol,slither-0.11.3,solidity,2025/09/14,20260206_1558,1770393825.348391,0.7756640911102295,1,{},{},{EXIT_CODE_1},"{""analysis unsuccessful, check output.json"",""error parsing results: file could not be opened successfully:
- method gz: ReadError('empty file')
- method bz2: ReadError('not a bzip2 file')
- method xz: ReadError('not an lzma file')
- method tar: ReadError('empty file')"",""exception (crytic_compile.platform.exceptions.InvalidCompilation: Invalid solc compilation Warning: SPDX license identifier not provided in source file. Before publishing, consider adding a comment containing \""SPDX-License-Identifier: <SPDX-License>\"" to each source file. Use \""SPDX-License-Identifier: UNLICENSED\"" for non-open-source code. Please see https://spdx.org for more information.)"",exception (json.decoder.JSONDecodeError: Expecting value: line 1 column 1 (char 0))}"
contracts_output/contracts_output/gemini_with_rag_contracts/2223.sol,2223.sol,slither-0.11.3,solidity,2025/09/14,20260206_1558,1770394252.3826988,0.7052271366119385,255,"{dead_code,naming_convention,solc_version}",{},{},{}
contracts_output/contracts_output/gemini_with_rag_contracts/223.sol,223.sol,slither-0.11.3,solidity,2025/09/14,20260206_1558,1770394048.2299335,0.7259712219238281,255,"{dead_code,naming_convention,shadowing_local,solc_version}",{},{},{}
contracts_output/contracts_output/gemini_with_rag_contracts/2236.sol,2236.sol,slither-0.11.3,solidity,2025/09/14,20260206_1558,1770393957.9761608,0.6256511211395264,1,{},{},{EXIT_CODE_1},"{""analysis unsuccessful, check output.json"",""error parsing results: file could not be opened successfully:
- method gz: ReadError('empty file')
- method bz2: ReadError('not a bzip2 file')
- method xz: ReadError('not an lzma file')
- method tar: ReadError('empty file')"",""exception (crytic_compile.platform.exceptions.InvalidCompilation: Invalid solc compilation Warning: SPDX license identifier not provided in source file. Before publishing, consider adding a comment containing \""SPDX-License-Identifier: <SPDX-License>\"" to each source file. Use \""SPDX-License-Identifier: UNLICENSED\"" for non-open-source code. Please see https://spdx.org for more information.)"",exception (json.decoder.JSONDecodeError: Expecting value: line 1 column 1 (char 0))}"
contracts_output/contracts_output/gemini_with_rag_contracts/2241.sol,2241.sol,slither-0.11.3,solidity,2025/09/14,20260206_1558,1770393541.3997998,0.650928258895874,255,"{dead_code,immutable_states,solc_version}",{},{},{}
contracts_output/contracts_output/gemini_with_rag_contracts/2268.sol,2268.sol,slither-0.11.3,solidity,2025/09/14,20260206_1558,1770393700.1969135,0.5913598537445068,1,{},{},{EXIT_CODE_1},"{""analysis unsuccessful, check output.json"",""error parsing results: file could not be opened successfully:
- method gz: ReadError('empty file')
- method bz2: ReadError('not a bzip2 file')
- method xz: ReadError('not an lzma file')
- method tar: ReadError('empty file')"",exception (crytic_compile.platform.exceptions.InvalidCompilation: Invalid solc compilation Error: Expected identifier but got 'type'),exception (json.decoder.JSONDecodeError: Expecting value: line 1 column 1 (char 0))}"
contracts_output/contracts_output/gemini_with_rag_contracts/2271.sol,2271.sol,slither-0.11.3,solidity,2025/09/14,20260206_1558,1770393801.599185,0.6712679862976074,1,{},{},{EXIT_CODE_1},"{""analysis unsuccessful, check output.json"",""error parsing results: file could not be opened successfully:
- method gz: ReadError('empty file')
- method bz2: ReadError('not a bzip2 file')
- method xz: ReadError('not an lzma file')
- method tar: ReadError('empty file')"",""exception (crytic_compile.platform.exceptions.InvalidCompilation: Invalid solc compilation Warning: SPDX license identifier not provided in source file. Before publishing, consider adding a comment containing \""SPDX-License-Identifier: <SPDX-License>\"" to each source file. Use \""SPDX-License-Identifier: UNLICENSED\"" for non-open-source code. Please see https://spdx.org for more information.)"",exception (json.decoder.JSONDecodeError: Expecting value: line 1 column 1 (char 0))}"
contracts_output/contracts_output/gemini_with_rag_contracts/2278.sol,2278.sol,slither-0.11.3,solidity,2025/09/14,20260206_1558,1770393557.689932,0.5974864959716797,1,{},{},{EXIT_CODE_1},"{""analysis unsuccessful, check output.json"",""error parsing results: file could not be opened successfully:
- method gz: ReadError('empty file')
- method bz2: ReadError('not a bzip2 file')
- method xz: ReadError('not an lzma file')
- method tar: ReadError('empty file')"",""exception (crytic_compile.platform.exceptions.InvalidCompilation: Invalid solc compilation Warning: SPDX license identifier not provided in source file. Before publishing, consider adding a comment containing \""SPDX-License-Identifier: <SPDX-License>\"" to each source file. Use \""SPDX-License-Identifier: UNLICENSED\"" for non-open-source code. Please see https://spdx.org for more information.)"",exception (json.decoder.JSONDecodeError: Expecting value: line 1 column 1 (char 0))}"
contracts_output/contracts_output/gemini_with_rag_contracts/2295.sol,2295.sol,slither-0.11.3,solidity,2025/09/14,20260206_1558,1770394321.889454,0.5934886932373047,1,{},{},{EXIT_CODE_1},"{""analysis unsuccessful, check output.json"",""error parsing results: file could not be opened successfully:
- method gz: ReadError('empty file')
- method bz2: ReadError('not a bzip2 file')
- method xz: ReadError('not an lzma file')
- method tar: ReadError('empty file')"",""exception (crytic_compile.platform.exceptions.InvalidCompilation: Invalid solc compilation Warning: SPDX license identifier not provided in source file. Before publishing, consider adding a comment containing \""SPDX-License-Identifier: <SPDX-License>\"" to each source file. Use \""SPDX-License-Identifier: UNLICENSED\"" for non-open-source code. Please see https://spdx.org for more information.)"",exception (json.decoder.JSONDecodeError: Expecting value: line 1 column 1 (char 0))}"
contracts_output/contracts_output/gemini_with_rag_contracts/2308.sol,2308.sol,slither-0.11.3,solidity,2025/09/14,20260206_1558,1770394048.931324,0.614403486251831,1,{},{},{EXIT_CODE_1},"{""analysis unsuccessful, check output.json"",""error parsing results: file could not be opened successfully:
- method gz: ReadError('empty file')
- method bz2: ReadError('not a bzip2 file')
- method xz: ReadError('not an lzma file')
- method tar: ReadError('empty file')"",""exception (crytic_compile.platform.exceptions.InvalidCompilation: Invalid solc compilation Warning: SPDX license identifier not provided in source file. Before publishing, consider adding a comment containing \""SPDX-License-Identifier: <SPDX-License>\"" to each source file. Use \""SPDX-License-Identifier: UNLICENSED\"" for non-open-source code. Please see https://spdx.org for more information.)"",exception (json.decoder.JSONDecodeError: Expecting value: line 1 column 1 (char 0))}"
contracts_output/contracts_output/gemini_with_rag_contracts/2313.sol,2313.sol,slither-0.11.3,solidity,2025/09/14,20260206_1558,1770393548.1240466,0.6912031173706055,1,{},{},{EXIT_CODE_1},"{""analysis unsuccessful, check output.json"",""error parsing results: file could not be opened successfully:
- method gz: ReadError('empty file')
- method bz2: ReadError('not a bzip2 file')
- method xz: ReadError('not an lzma file')
- method tar: ReadError('empty file')"",""exception (crytic_compile.platform.exceptions.InvalidCompilation: Invalid solc compilation Warning: SPDX license identifier not provided in source file. Before publishing, consider adding a comment containing \""SPDX-License-Identifier: <SPDX-License>\"" to each source file. Use \""SPDX-License-Identifier: UNLICENSED\"" for non-open-source code. Please see https://spdx.org for more information.)"",exception (json.decoder.JSONDecodeError: Expecting value: line 1 column 1 (char 0))}"
contracts_output/contracts_output/gemini_with_rag_contracts/232.sol,232.sol,slither-0.11.3,solidity,2025/09/14,20260206_1558,1770393849.3060422,0.732025146484375,255,"{dead_code,naming_convention,solc_version,timestamp}",{},{},{}
contracts_output/contracts_output/gemini_with_rag_contracts/2321.sol,2321.sol,slither-0.11.3,solidity,2025/09/14,20260206_1558,1770393805.341269,0.6132984161376953,1,{},{},{EXIT_CODE_1},"{""analysis unsuccessful, check output.json"",""error parsing results: file could not be opened successfully:
- method gz: ReadError('empty file')
- method bz2: ReadError('not a bzip2 file')
- method xz: ReadError('not an lzma file')
- method tar: ReadError('empty file')"",""exception (crytic_compile.platform.exceptions.InvalidCompilation: Invalid solc compilation Warning: SPDX license identifier not provided in source file. Before publishing, consider adding a comment containing \""SPDX-License-Identifier: <SPDX-License>\"" to each source file. Use \""SPDX-License-Identifier: UNLICENSED\"" for non-open-source code. Please see https://spdx.org for more information.)"",exception (json.decoder.JSONDecodeError: Expecting value: line 1 column 1 (char 0))}"
contracts_output/contracts_output/gemini_with_rag_contracts/2323.sol,2323.sol,slither-0.11.3,solidity,2025/09/14,20260206_1558,1770394038.2862365,0.7311062812805176,255,"{cache_array_length,dead_code,immutable_states,missing_zero_check,solc_version,timestamp,uninitialized_state}",{},{},{}
contracts_output/contracts_output/gemini_with_rag_contracts/2354.sol,2354.sol,slither-0.11.3,solidity,2025/09/14,20260206_1558,1770394223.9973524,0.7274696826934814,255,"{dead_code,low_level_calls,naming_convention,reentrancy_events,solc_version}",{},{},{}
contracts_output/contracts_output/gemini_with_rag_contracts/2359.sol,2359.sol,slither-0.11.3,solidity,2025/09/14,20260206_1558,1770393595.7967703,0.6795072555541992,255,"{dead_code,naming_convention,solc_version}",{},{},{}
contracts_output/contracts_output/gemini_with_rag_contracts/2373.sol,2373.sol,slither-0.11.3,solidity,2025/09/14,20260206_1558,1770393741.8434677,0.6362097263336182,1,{},{},{EXIT_CODE_1},"{""analysis unsuccessful, check output.json"",""error parsing results: file could not be opened successfully:
- method gz: ReadError('empty file')
- method bz2: ReadError('not a bzip2 file')
- method xz: ReadError('not an lzma file')
- method tar: ReadError('empty file')"",exception (crytic_compile.platform.exceptions.InvalidCompilation: Invalid solc compilation Error: Expected identifier but got 'uint256'),exception (json.decoder.JSONDecodeError: Expecting value: line 1 column 1 (char 0))}"
contracts_output/contracts_output/gemini_with_rag_contracts/2380.sol,2380.sol,slither-0.11.3,solidity,2025/09/14,20260206_1558,1770393686.5080912,0.6695981025695801,255,"{dead_code,immutable_states,solc_version,too_many_digits}",{},{},{}
contracts_output/contracts_output/gemini_with_rag_contracts/239.sol,239.sol,slither-0.11.3,solidity,2025/09/14,20260206_1558,1770393726.0656211,0.7378430366516113,255,"{dead_code,naming_convention,solc_version}",{},{},{}
contracts_output/contracts_output/gemini_with_rag_contracts/2394.sol,2394.sol,slither-0.11.3,solidity,2025/09/14,20260206_1558,1770393714.412146,0.6006057262420654,1,{},{},{EXIT_CODE_1},"{""analysis unsuccessful, check output.json"",""error parsing results: file could not be opened successfully:
- method gz: ReadError('empty file')
- method bz2: ReadError('not a bzip2 file')
- method xz: ReadError('not an lzma file')
- method tar: ReadError('empty file')"",""exception (crytic_compile.platform.exceptions.InvalidCompilation: Invalid solc compilation Warning: SPDX license identifier not provided in source file. Before publishing, consider adding a comment containing \""SPDX-License-Identifier: <SPDX-License>\"" to each source file. Use \""SPDX-License-Identifier: UNLICENSED\"" for non-open-source code. Please see https://spdx.org for more information.)"",exception (json.decoder.JSONDecodeError: Expecting value: line 1 column 1 (char 0))}"
contracts_output/contracts_output/gemini_with_rag_contracts/2396.sol,2396.sol,slither-0.11.3,solidity,2025/09/14,20260206_1558,1770394094.9346588,0.6322863101959229,1,{},{},{EXIT_CODE_1},"{""analysis unsuccessful, check output.json"",""error parsing results: file could not be opened successfully:
- method gz: ReadError('empty file')
- method bz2: ReadError('not a bzip2 file')
- method xz: ReadError('not an lzma file')
- method tar: ReadError('empty file')"",""exception (crytic_compile.platform.exceptions.InvalidCompilation: Invalid solc compilation Warning: SPDX license identifier not provided in source file. Before publishing, consider adding a comment containing \""SPDX-License-Identifier: <SPDX-License>\"" to each source file. Use \""SPDX-License-Identifier: UNLICENSED\"" for non-open-source code. Please see https://spdx.org for more information.)"",exception (json.decoder.JSONDecodeError: Expecting value: line 1 column 1 (char 0))}"
contracts_output/contracts_output/gemini_with_rag_contracts/240.sol,240.sol,slither-0.11.3,solidity,2025/09/14,20260206_1558,1770393676.2599063,0.617588996887207,1,{},{},{EXIT_CODE_1},"{""analysis unsuccessful, check output.json"",""error parsing results: file could not be opened successfully:
- method gz: ReadError('empty file')
- method bz2: ReadError('not a bzip2 file')
- method xz: ReadError('not an lzma file')
- method tar: ReadError('empty file')"",exception (crytic_compile.platform.exceptions.InvalidCompilation: Invalid solc compilation Error: Expected ';' but got 'public'),exception (json.decoder.JSONDecodeError: Expecting value: line 1 column 1 (char 0))}"
contracts_output/contracts_output/gemini_with_rag_contracts/2419.sol,2419.sol,slither-0.11.3,solidity,2025/09/14,20260206_1558,1770393805.9557664,0.6341032981872559,255,"{dead_code,solc_version}",{},{},{}
contracts_output/contracts_output/gemini_with_rag_contracts/242.sol,242.sol,slither-0.11.3,solidity,2025/09/14,20260206_1558,1770394325.1190953,0.6037731170654297,1,{},{},{EXIT_CODE_1},"{""analysis unsuccessful, check output.json"",""error parsing results: file could not be opened successfully:
- method gz: ReadError('empty file')
- method bz2: ReadError('not a bzip2 file')
- method xz: ReadError('not an lzma file')
- method tar: ReadError('empty file')"",""exception (crytic_compile.platform.exceptions.InvalidCompilation: Invalid solc compilation Warning: SPDX license identifier not provided in source file. Before publishing, consider adding a comment containing \""SPDX-License-Identifier: <SPDX-License>\"" to each source file. Use \""SPDX-License-Identifier: UNLICENSED\"" for non-open-source code. Please see https://spdx.org for more information.)"",exception (json.decoder.JSONDecodeError: Expecting value: line 1 column 1 (char 0))}"
contracts_output/contracts_output/gemini_with_rag_contracts/2424.sol,2424.sol,slither-0.11.3,solidity,2025/09/14,20260206_1558,1770393909.5632553,0.6209719181060791,1,{},{},{EXIT_CODE_1},"{""analysis unsuccessful, check output.json"",""error parsing results: file could not be opened successfully:
- method gz: ReadError('empty file')
- method bz2: ReadError('not a bzip2 file')
- method xz: ReadError('not an lzma file')
- method tar: ReadError('empty file')"",""exception (crytic_compile.platform.exceptions.InvalidCompilation: Invalid solc compilation Warning: SPDX license identifier not provided in source file. Before publishing, consider adding a comment containing \""SPDX-License-Identifier: <SPDX-License>\"" to each source file. Use \""SPDX-License-Identifier: UNLICENSED\"" for non-open-source code. Please see https://spdx.org for more information.)"",exception (json.decoder.JSONDecodeError: Expecting value: line 1 column 1 (char 0))}"
contracts_output/contracts_output/gemini_with_rag_contracts/243.sol,243.sol,slither-0.11.3,solidity,2025/09/14,20260206_1558,1770394157.7977843,0.6271309852600098,1,{},{},{EXIT_CODE_1},"{""analysis unsuccessful, check output.json"",""error parsing results: file could not be opened successfully:
- method gz: ReadError('empty file')
- method bz2: ReadError('not a bzip2 file')
- method xz: ReadError('not an lzma file')
- method tar: ReadError('empty file')"",""exception (crytic_compile.platform.exceptions.InvalidCompilation: Invalid solc compilation Warning: SPDX license identifier not provided in source file. Before publishing, consider adding a comment containing \""SPDX-License-Identifier: <SPDX-License>\"" to each source file. Use \""SPDX-License-Identifier: UNLICENSED\"" for non-open-source code. Please see https://spdx.org for more information.)"",exception (json.decoder.JSONDecodeError: Expecting value: line 1 column 1 (char 0))}"
contracts_output/contracts_output/gemini_with_rag_contracts/2431.sol,2431.sol,slither-0.11.3,solidity,2025/09/14,20260206_1558,1770393854.861726,0.6772968769073486,255,"{assembly,dead_code,immutable_states,low_level_calls,solc_version}",{},{},{}
contracts_output/contracts_output/gemini_with_rag_contracts/2433.sol,2433.sol,slither-0.11.3,solidity,2025/09/14,20260206_1558,1770393884.9604409,0.6218829154968262,1,{},{},{EXIT_CODE_1},"{""analysis unsuccessful, check output.json"",""error parsing results: file could not be opened successfully:
- method gz: ReadError('empty file')
- method bz2: ReadError('not a bzip2 file')
- method xz: ReadError('not an lzma file')
- method tar: ReadError('empty file')"",""exception (crytic_compile.platform.exceptions.InvalidCompilation: Invalid solc compilation Error: Expected ',' but got ':')"",exception (json.decoder.JSONDecodeError: Expecting value: line 1 column 1 (char 0))}"
contracts_output/contracts_output/gemini_with_rag_contracts/2436.sol,2436.sol,slither-0.11.3,solidity,2025/09/14,20260206_1558,1770393562.120079,0.617903470993042,1,{},{},{EXIT_CODE_1},"{""analysis unsuccessful, check output.json"",""error parsing results: file could not be opened successfully:
- method gz: ReadError('empty file')
- method bz2: ReadError('not a bzip2 file')
- method xz: ReadError('not an lzma file')
- method tar: ReadError('empty file')"",exception (crytic_compile.platform.exceptions.InvalidCompilation: Invalid solc compilation Error: Expected primary expression.),exception (json.decoder.JSONDecodeError: Expecting value: line 1 column 1 (char 0))}"
contracts_output/contracts_output/gemini_with_rag_contracts/2439.sol,2439.sol,slither-0.11.3,solidity,2025/09/14,20260206_1558,1770394133.3609712,0.6072330474853516,1,{},{},{EXIT_CODE_1},"{""analysis unsuccessful, check output.json"",""error parsing results: file could not be opened successfully:
- method gz: ReadError('empty file')
- method bz2: ReadError('not a bzip2 file')
- method xz: ReadError('not an lzma file')
- method tar: ReadError('empty file')"",""exception (crytic_compile.platform.exceptions.InvalidCompilation: Invalid solc compilation Warning: SPDX license identifier not provided in source file. Before publishing, consider adding a comment containing \""SPDX-License-Identifier: <SPDX-License>\"" to each source file. Use \""SPDX-License-Identifier: UNLICENSED\"" for non-open-source code. Please see https://spdx.org for more information.)"",exception (json.decoder.JSONDecodeError: Expecting value: line 1 column 1 (char 0))}"
contracts_output/contracts_output/gemini_with_rag_contracts/2463.sol,2463.sol,slither-0.11.3,solidity,2025/09/14,20260206_1558,1770394156.5138893,0.6266319751739502,1,{},{},{EXIT_CODE_1},"{""analysis unsuccessful, check output.json"",""error parsing results: file could not be opened successfully:
- method gz: ReadError('empty file')
- method bz2: ReadError('not a bzip2 file')
- method xz: ReadError('not an lzma file')
- method tar: ReadError('empty file')"",""exception (crytic_compile.platform.exceptions.InvalidCompilation: Invalid solc compilation Warning: SPDX license identifier not provided in source file. Before publishing, consider adding a comment containing \""SPDX-License-Identifier: <SPDX-License>\"" to each source file. Use \""SPDX-License-Identifier: UNLICENSED\"" for non-open-source code. Please see https://spdx.org for more information.)"",exception (json.decoder.JSONDecodeError: Expecting value: line 1 column 1 (char 0))}"
contracts_output/contracts_output/gemini_with_rag_contracts/2468.sol,2468.sol,slither-0.11.3,solidity,2025/09/14,20260206_1558,1770394303.4536605,0.6155359745025635,1,{},{},{EXIT_CODE_1},"{""analysis unsuccessful, check output.json"",""error parsing results: file could not be opened successfully:
- method gz: ReadError('empty file')
- method bz2: ReadError('not a bzip2 file')
- method xz: ReadError('not an lzma file')
- method tar: ReadError('empty file')"",""exception (crytic_compile.platform.exceptions.InvalidCompilation: Invalid solc compilation Warning: SPDX license identifier not provided in source file. Before publishing, consider adding a comment containing \""SPDX-License-Identifier: <SPDX-License>\"" to each source file. Use \""SPDX-License-Identifier: UNLICENSED\"" for non-open-source code. Please see https://spdx.org for more information.)"",exception (json.decoder.JSONDecodeError: Expecting value: line 1 column 1 (char 0))}"
contracts_output/contracts_output/gemini_with_rag_contracts/2473.sol,2473.sol,slither-0.11.3,solidity,2025/09/14,20260206_1558,1770394331.8496315,0.6464412212371826,1,{},{},{EXIT_CODE_1},"{""analysis unsuccessful, check output.json"",""error parsing results: file could not be opened successfully:
- method gz: ReadError('empty file')
- method bz2: ReadError('not a bzip2 file')
- method xz: ReadError('not an lzma file')
- method tar: ReadError('empty file')"",""exception (crytic_compile.platform.exceptions.InvalidCompilation: Invalid solc compilation Warning: SPDX license identifier not provided in source file. Before publishing, consider adding a comment containing \""SPDX-License-Identifier: <SPDX-License>\"" to each source file. Use \""SPDX-License-Identifier: UNLICENSED\"" for non-open-source code. Please see https://spdx.org for more information.)"",exception (json.decoder.JSONDecodeError: Expecting value: line 1 column 1 (char 0))}"
contracts_output/contracts_output/gemini_with_rag_contracts/2476.sol,2476.sol,slither-0.11.3,solidity,2025/09/14,20260206_1558,1770393871.1516738,0.6007659435272217,1,{},{},{EXIT_CODE_1},"{""analysis unsuccessful, check output.json"",""error parsing results: file could not be opened successfully:
- method gz: ReadError('empty file')
- method bz2: ReadError('not a bzip2 file')
- method xz: ReadError('not an lzma file')
- method tar: ReadError('empty file')"",""exception (crytic_compile.platform.exceptions.InvalidCompilation: Invalid solc compilation Warning: SPDX license identifier not provided in source file. Before publishing, consider adding a comment containing \""SPDX-License-Identifier: <SPDX-License>\"" to each source file. Use \""SPDX-License-Identifier: UNLICENSED\"" for non-open-source code. Please see https://spdx.org for more information.)"",exception (json.decoder.JSONDecodeError: Expecting value: line 1 column 1 (char 0))}"
contracts_output/contracts_output/gemini_with_rag_contracts/2481.sol,2481.sol,slither-0.11.3,solidity,2025/09/14,20260206_1558,1770394056.612536,0.5929884910583496,1,{},{},{EXIT_CODE_1},"{""analysis unsuccessful, check output.json"",""error parsing results: file could not be opened successfully:
- method gz: ReadError('empty file')
- method bz2: ReadError('not a bzip2 file')
- method xz: ReadError('not an lzma file')
- method tar: ReadError('empty file')"",""exception (crytic_compile.platform.exceptions.InvalidCompilation: Invalid solc compilation Warning: SPDX license identifier not provided in source file. Before publishing, consider adding a comment containing \""SPDX-License-Identifier: <SPDX-License>\"" to each source file. Use \""SPDX-License-Identifier: UNLICENSED\"" for non-open-source code. Please see https://spdx.org for more information.)"",exception (json.decoder.JSONDecodeError: Expecting value: line 1 column 1 (char 0))}"
contracts_output/contracts_output/gemini_with_rag_contracts/2485.sol,2485.sol,slither-0.11.3,solidity,2025/09/14,20260206_1558,1770394151.4528697,0.6723666191101074,255,"{dead_code,immutable_states,naming_convention,solc_version,uninitialized_state}",{},{},{}
contracts_output/contracts_output/gemini_with_rag_contracts/2491.sol,2491.sol,slither-0.11.3,solidity,2025/09/14,20260206_1558,1770393818.8504038,0.6401634216308594,1,{},{},{EXIT_CODE_1},"{""analysis unsuccessful, check output.json"",""error parsing results: file could not be opened successfully:
- method gz: ReadError('empty file')
- method bz2: ReadError('not a bzip2 file')
- method xz: ReadError('not an lzma file')
- method tar: ReadError('empty file')"",""exception (crytic_compile.platform.exceptions.InvalidCompilation: Invalid solc compilation Warning: SPDX license identifier not provided in source file. Before publishing, consider adding a comment containing \""SPDX-License-Identifier: <SPDX-License>\"" to each source file. Use \""SPDX-License-Identifier: UNLICENSED\"" for non-open-source code. Please see https://spdx.org for more information.)"",exception (json.decoder.JSONDecodeError: Expecting value: line 1 column 1 (char 0))}"
contracts_output/contracts_output/gemini_with_rag_contracts/250.sol,250.sol,slither-0.11.3,solidity,2025/09/14,20260206_1558,1770393826.1250496,0.7111175060272217,1,{},{},{EXIT_CODE_1},"{""analysis unsuccessful, check output.json"",""error parsing results: file could not be opened successfully:
- method gz: ReadError('empty file')
- method bz2: ReadError('not a bzip2 file')
- method xz: ReadError('not an lzma file')
- method tar: ReadError('empty file')"",""exception (crytic_compile.platform.exceptions.InvalidCompilation: Invalid solc compilation Warning: SPDX license identifier not provided in source file. Before publishing, consider adding a comment containing \""SPDX-License-Identifier: <SPDX-License>\"" to each source file. Use \""SPDX-License-Identifier: UNLICENSED\"" for non-open-source code. Please see https://spdx.org for more information.)"",exception (json.decoder.JSONDecodeError: Expecting value: line 1 column 1 (char 0))}"
contracts_output/contracts_output/gemini_with_rag_contracts/2515.sol,2515.sol,slither-0.11.3,solidity,2025/09/14,20260206_1558,1770393660.2629974,0.6160926818847656,1,{},{},{EXIT_CODE_1},"{""analysis unsuccessful, check output.json"",""error parsing results: file could not be opened successfully:
- method gz: ReadError('empty file')
- method bz2: ReadError('not a bzip2 file')
- method xz: ReadError('not an lzma file')
- method tar: ReadError('empty file')"",""exception (crytic_compile.platform.exceptions.InvalidCompilation: Invalid solc compilation Warning: SPDX license identifier not provided in source file. Before publishing, consider adding a comment containing \""SPDX-License-Identifier: <SPDX-License>\"" to each source file. Use \""SPDX-License-Identifier: UNLICENSED\"" for non-open-source code. Please see https://spdx.org for more information.)"",exception (json.decoder.JSONDecodeError: Expecting value: line 1 column 1 (char 0))}"
contracts_output/contracts_output/gemini_with_rag_contracts/2521.sol,2521.sol,slither-0.11.3,solidity,2025/09/14,20260206_1558,1770393794.7154596,0.6260576248168945,255,"{dead_code,naming_convention,shadowing_local,solc_version}",{},{},{}
contracts_output/contracts_output/gemini_with_rag_contracts/2524.sol,2524.sol,slither-0.11.3,solidity,2025/09/14,20260206_1558,1770394126.0026166,0.6285970211029053,1,{},{},{EXIT_CODE_1},"{""analysis unsuccessful, check output.json"",""error parsing results: file could not be opened successfully:
- method gz: ReadError('empty file')
- method bz2: ReadError('not a bzip2 file')
- method xz: ReadError('not an lzma file')
- method tar: ReadError('empty file')"",""exception (crytic_compile.platform.exceptions.InvalidCompilation: Invalid solc compilation Warning: SPDX license identifier not provided in source file. Before publishing, consider adding a comment containing \""SPDX-License-Identifier: <SPDX-License>\"" to each source file. Use \""SPDX-License-Identifier: UNLICENSED\"" for non-open-source code. Please see https://spdx.org for more information.)"",exception (json.decoder.JSONDecodeError: Expecting value: line 1 column 1 (char 0))}"
contracts_output/contracts_output/gemini_with_rag_contracts/2532.sol,2532.sol,slither-0.11.3,solidity,2025/09/14,20260206_1558,1770394324.448686,0.669175386428833,1,{},{},{EXIT_CODE_1},"{""analysis unsuccessful, check output.json"",""error parsing results: file could not be opened successfully:
- method gz: ReadError('empty file')
- method bz2: ReadError('not a bzip2 file')
- method xz: ReadError('not an lzma file')
- method tar: ReadError('empty file')"",""exception (crytic_compile.platform.exceptions.InvalidCompilation: Invalid solc compilation Warning: SPDX license identifier not provided in source file. Before publishing, consider adding a comment containing \""SPDX-License-Identifier: <SPDX-License>\"" to each source file. Use \""SPDX-License-Identifier: UNLICENSED\"" for non-open-source code. Please see https://spdx.org for more information.)"",exception (json.decoder.JSONDecodeError: Expecting value: line 1 column 1 (char 0))}"
contracts_output/contracts_output/gemini_with_rag_contracts/2533.sol,2533.sol,slither-0.11.3,solidity,2025/09/14,20260206_1558,1770393577.578012,0.60032057762146,1,{},{},{EXIT_CODE_1},"{""analysis unsuccessful, check output.json"",""error parsing results: file could not be opened successfully:
- method gz: ReadError('empty file')
- method bz2: ReadError('not a bzip2 file')
- method xz: ReadError('not an lzma file')
- method tar: ReadError('empty file')"",""exception (crytic_compile.platform.exceptions.InvalidCompilation: Invalid solc compilation Warning: SPDX license identifier not provided in source file. Before publishing, consider adding a comment containing \""SPDX-License-Identifier: <SPDX-License>\"" to each source file. Use \""SPDX-License-Identifier: UNLICENSED\"" for non-open-source code. Please see https://spdx.org for more information.)"",exception (json.decoder.JSONDecodeError: Expecting value: line 1 column 1 (char 0))}"
contracts_output/contracts_output/gemini_with_rag_contracts/2566.sol,2566.sol,slither-0.11.3,solidity,2025/09/14,20260206_1558,1770394023.9093766,0.6298861503601074,1,{},{},{EXIT_CODE_1},"{""analysis unsuccessful, check output.json"",""error parsing results: file could not be opened successfully:
- method gz: ReadError('empty file')
- method bz2: ReadError('not a bzip2 file')
- method xz: ReadError('not an lzma file')
- method tar: ReadError('empty file')"",""exception (crytic_compile.platform.exceptions.InvalidCompilation: Invalid solc compilation Warning: SPDX license identifier not provided in source file. Before publishing, consider adding a comment containing \""SPDX-License-Identifier: <SPDX-License>\"" to each source file. Use \""SPDX-License-Identifier: UNLICENSED\"" for non-open-source code. Please see https://spdx.org for more information.)"",exception (json.decoder.JSONDecodeError: Expecting value: line 1 column 1 (char 0))}"
contracts_output/contracts_output/gemini_with_rag_contracts/2581.sol,2581.sol,slither-0.11.3,solidity,2025/09/14,20260206_1558,1770394196.6912823,0.6589691638946533,255,"{dead_code,naming_convention,solc_version}",{},{},{}
contracts_output/contracts_output/gemini_with_rag_contracts/2600.sol,2600.sol,slither-0.11.3,solidity,2025/09/14,20260206_1558,1770394334.365266,0.7006969451904297,255,"{dead_code,naming_convention,solc_version}",{},{},{}
contracts_output/contracts_output/gemini_with_rag_contracts/2602.sol,2602.sol,slither-0.11.3,solidity,2025/09/14,20260206_1558,1770394327.0367336,0.6072561740875244,1,{},{},{EXIT_CODE_1},"{""analysis unsuccessful, check output.json"",""error parsing results: file could not be opened successfully:
- method gz: ReadError('empty file')
- method bz2: ReadError('not a bzip2 file')
- method xz: ReadError('not an lzma file')
- method tar: ReadError('empty file')"",""exception (crytic_compile.platform.exceptions.InvalidCompilation: Invalid solc compilation Warning: SPDX license identifier not provided in source file. Before publishing, consider adding a comment containing \""SPDX-License-Identifier: <SPDX-License>\"" to each source file. Use \""SPDX-License-Identifier: UNLICENSED\"" for non-open-source code. Please see https://spdx.org for more information.)"",exception (json.decoder.JSONDecodeError: Expecting value: line 1 column 1 (char 0))}"
contracts_output/contracts_output/gemini_with_rag_contracts/2614.sol,2614.sol,slither-0.11.3,solidity,2025/09/14,20260206_1558,1770393903.5408428,0.6257433891296387,1,{},{},{EXIT_CODE_1},"{""analysis unsuccessful, check output.json"",""error parsing results: file could not be opened successfully:
- method gz: ReadError('empty file')
- method bz2: ReadError('not a bzip2 file')
- method xz: ReadError('not an lzma file')
- method tar: ReadError('empty file')"",""exception (crytic_compile.platform.exceptions.InvalidCompilation: Invalid solc compilation Warning: SPDX license identifier not provided in source file. Before publishing, consider adding a comment containing \""SPDX-License-Identifier: <SPDX-License>\"" to each source file. Use \""SPDX-License-Identifier: UNLICENSED\"" for non-open-source code. Please see https://spdx.org for more information.)"",exception (json.decoder.JSONDecodeError: Expecting value: line 1 column 1 (char 0))}"
contracts_output/contracts_output/gemini_with_rag_contracts/2617.sol,2617.sol,slither-0.11.3,solidity,2025/09/14,20260206_1558,1770393629.7902057,0.6390020847320557,255,"{dead_code,solc_version}",{},{},{}
contracts_output/contracts_output/gemini_with_rag_contracts/2621.sol,2621.sol,slither-0.11.3,solidity,2025/09/14,20260206_1558,1770394024.813486,0.6838846206665039,255,"{dead_code,immutable_states,naming_convention,solc_version,too_many_digits}",{},{},{}
contracts_output/contracts_output/gemini_with_rag_contracts/2632.sol,2632.sol,slither-0.11.3,solidity,2025/09/14,20260206_1558,1770393598.8513258,0.7003133296966553,255,"{dead_code,immutable_states,solc_version}",{},{},{}
contracts_output/contracts_output/gemini_with_rag_contracts/2639.sol,2639.sol,slither-0.11.3,solidity,2025/09/14,20260206_1558,1770393838.8149621,0.6524243354797363,1,{},{},{EXIT_CODE_1},"{""analysis unsuccessful, check output.json"",""error parsing results: file could not be opened successfully:
- method gz: ReadError('empty file')
- method bz2: ReadError('not a bzip2 file')
- method xz: ReadError('not an lzma file')
- method tar: ReadError('empty file')"",""exception (crytic_compile.platform.exceptions.InvalidCompilation: Invalid solc compilation Warning: SPDX license identifier not provided in source file. Before publishing, consider adding a comment containing \""SPDX-License-Identifier: <SPDX-License>\"" to each source file. Use \""SPDX-License-Identifier: UNLICENSED\"" for non-open-source code. Please see https://spdx.org for more information.)"",exception (json.decoder.JSONDecodeError: Expecting value: line 1 column 1 (char 0))}"
contracts_output/contracts_output/gemini_with_rag_contracts/267.sol,267.sol,slither-0.11.3,solidity,2025/09/14,20260206_1558,1770393928.0128772,0.6303591728210449,1,{},{},{EXIT_CODE_1},"{""analysis unsuccessful, check output.json"",""error parsing results: file could not be opened successfully:
- method gz: ReadError('empty file')
- method bz2: ReadError('not a bzip2 file')
- method xz: ReadError('not an lzma file')
- method tar: ReadError('empty file')"",exception (crytic_compile.platform.exceptions.InvalidCompilation: Invalid solc compilation Error: Expected ';' but got '('),exception (json.decoder.JSONDecodeError: Expecting value: line 1 column 1 (char 0))}"
contracts_output/contracts_output/gemini_with_rag_contracts/2680.sol,2680.sol,slither-0.11.3,solidity,2025/09/14,20260206_1558,1770393507.1580863,0.8716490268707275,255,"{dead_code,immutable_states,naming_convention,solc_version,too_many_digits}",{},{},{}
contracts_output/contracts_output/gemini_with_rag_contracts/2712.sol,2712.sol,slither-0.11.3,solidity,2025/09/14,20260206_1558,1770393566.2419724,0.658095121383667,1,{},{},{EXIT_CODE_1},"{""analysis unsuccessful, check output.json"",""error parsing results: file could not be opened successfully:
- method gz: ReadError('empty file')
- method bz2: ReadError('not a bzip2 file')
- method xz: ReadError('not an lzma file')
- method tar: ReadError('empty file')"",""exception (crytic_compile.platform.exceptions.InvalidCompilation: Invalid solc compilation Warning: SPDX license identifier not provided in source file. Before publishing, consider adding a comment containing \""SPDX-License-Identifier: <SPDX-License>\"" to each source file. Use \""SPDX-License-Identifier: UNLICENSED\"" for non-open-source code. Please see https://spdx.org for more information.)"",exception (json.decoder.JSONDecodeError: Expecting value: line 1 column 1 (char 0))}"
contracts_output/contracts_output/gemini_with_rag_contracts/2733.sol,2733.sol,slither-0.11.3,solidity,2025/09/14,20260206_1558,1770393609.0129735,0.6029548645019531,1,{},{},{EXIT_CODE_1},"{""analysis unsuccessful, check output.json"",""error parsing results: file could not be opened successfully:
- method gz: ReadError('empty file')
- method bz2: ReadError('not a bzip2 file')
- method xz: ReadError('not an lzma file')
- method tar: ReadError('empty file')"",""exception (crytic_compile.platform.exceptions.InvalidCompilation: Invalid solc compilation Warning: SPDX license identifier not provided in source file. Before publishing, consider adding a comment containing \""SPDX-License-Identifier: <SPDX-License>\"" to each source file. Use \""SPDX-License-Identifier: UNLICENSED\"" for non-open-source code. Please see https://spdx.org for more information.)"",exception (json.decoder.JSONDecodeError: Expecting value: line 1 column 1 (char 0))}"
contracts_output/contracts_output/gemini_with_rag_contracts/2749.sol,2749.sol,slither-0.11.3,solidity,2025/09/14,20260206_1558,1770394046.4782472,0.673724889755249,1,{},{},{EXIT_CODE_1},"{""analysis unsuccessful, check output.json"",""error parsing results: file could not be opened successfully:
- method gz: ReadError('empty file')
- method bz2: ReadError('not a bzip2 file')
- method xz: ReadError('not an lzma file')
- method tar: ReadError('empty file')"",""exception (crytic_compile.platform.exceptions.InvalidCompilation: Invalid solc compilation Warning: SPDX license identifier not provided in source file. Before publishing, consider adding a comment containing \""SPDX-License-Identifier: <SPDX-License>\"" to each source file. Use \""SPDX-License-Identifier: UNLICENSED\"" for non-open-source code. Please see https://spdx.org for more information.)"",exception (json.decoder.JSONDecodeError: Expecting value: line 1 column 1 (char 0))}"
contracts_output/contracts_output/gemini_with_rag_contracts/2752.sol,2752.sol,slither-0.11.3,solidity,2025/09/14,20260206_1558,1770393510.565287,0.6344261169433594,1,{},{},{EXIT_CODE_1},"{""analysis unsuccessful, check output.json"",""error parsing results: file could not be opened successfully:
- method gz: ReadError('empty file')
- method bz2: ReadError('not a bzip2 file')
- method xz: ReadError('not an lzma file')
- method tar: ReadError('empty file')"",""exception (crytic_compile.platform.exceptions.InvalidCompilation: Invalid solc compilation Warning: SPDX license identifier not provided in source file. Before publishing, consider adding a comment containing \""SPDX-License-Identifier: <SPDX-License>\"" to each source file. Use \""SPDX-License-Identifier: UNLICENSED\"" for non-open-source code. Please see https://spdx.org for more information.)"",exception (json.decoder.JSONDecodeError: Expecting value: line 1 column 1 (char 0))}"
contracts_output/contracts_output/gemini_with_rag_contracts/277.sol,277.sol,slither-0.11.3,solidity,2025/09/14,20260206_1558,1770393896.049094,0.5843379497528076,1,{},{},{EXIT_CODE_1},"{""analysis unsuccessful, check output.json"",""error parsing results: file could not be opened successfully:
- method gz: ReadError('empty file')
- method bz2: ReadError('not a bzip2 file')
- method xz: ReadError('not an lzma file')
- method tar: ReadError('empty file')"",""exception (crytic_compile.platform.exceptions.InvalidCompilation: Invalid solc compilation Warning: SPDX license identifier not provided in source file. Before publishing, consider adding a comment containing \""SPDX-License-Identifier: <SPDX-License>\"" to each source file. Use \""SPDX-License-Identifier: UNLICENSED\"" for non-open-source code. Please see https://spdx.org for more information.)"",exception (json.decoder.JSONDecodeError: Expecting value: line 1 column 1 (char 0))}"
contracts_output/contracts_output/gemini_with_rag_contracts/2777.sol,2777.sol,slither-0.11.3,solidity,2025/09/14,20260206_1558,1770394335.168843,0.6450920104980469,255,"{immutable_states,solc_version}",{},{},{}
contracts_output/contracts_output/gemini_with_rag_contracts/281.sol,281.sol,slither-0.11.3,solidity,2025/09/14,20260206_1558,1770393621.9011986,0.6108989715576172,1,{},{},{EXIT_CODE_1},"{""analysis unsuccessful, check output.json"",""error parsing results: file could not be opened successfully:
- method gz: ReadError('empty file')
- method bz2: ReadError('not a bzip2 file')
- method xz: ReadError('not an lzma file')
- method tar: ReadError('empty file')"",""exception (crytic_compile.platform.exceptions.InvalidCompilation: Invalid solc compilation Warning: SPDX license identifier not provided in source file. Before publishing, consider adding a comment containing \""SPDX-License-Identifier: <SPDX-License>\"" to each source file. Use \""SPDX-License-Identifier: UNLICENSED\"" for non-open-source code. Please see https://spdx.org for more information.)"",exception (json.decoder.JSONDecodeError: Expecting value: line 1 column 1 (char 0))}"
contracts_output/contracts_output/gemini_with_rag_contracts/2847.sol,2847.sol,slither-0.11.3,solidity,2025/09/14,20260206_1558,1770394281.6953716,0.6427366733551025,255,"{dead_code,immutable_states,naming_convention,solc_version}",{},{},{}
contracts_output/contracts_output/gemini_with_rag_contracts/2851.sol,2851.sol,slither-0.11.3,solidity,2025/09/14,20260206_1558,1770393733.838109,0.5964829921722412,1,{},{},{EXIT_CODE_1},"{""analysis unsuccessful, check output.json"",""error parsing results: file could not be opened successfully:
- method gz: ReadError('empty file')
- method bz2: ReadError('not a bzip2 file')
- method xz: ReadError('not an lzma file')
- method tar: ReadError('empty file')"",""exception (crytic_compile.platform.exceptions.InvalidCompilation: Invalid solc compilation Warning: SPDX license identifier not provided in source file. Before publishing, consider adding a comment containing \""SPDX-License-Identifier: <SPDX-License>\"" to each source file. Use \""SPDX-License-Identifier: UNLICENSED\"" for non-open-source code. Please see https://spdx.org for more information.)"",exception (json.decoder.JSONDecodeError: Expecting value: line 1 column 1 (char 0))}"
contracts_output/contracts_output/gemini_with_rag_contracts/2869.sol,2869.sol,slither-0.11.3,solidity,2025/09/14,20260206_1558,1770393725.3094985,0.6741783618927002,1,{},{},{EXIT_CODE_1},"{""analysis unsuccessful, check output.json"",""error parsing results: file could not be opened successfully:
- method gz: ReadError('empty file')
- method bz2: ReadError('not a bzip2 file')
- method xz: ReadError('not an lzma file')
- method tar: ReadError('empty file')"",""exception (crytic_compile.platform.exceptions.InvalidCompilation: Invalid solc compilation Warning: SPDX license identifier not provided in source file. Before publishing, consider adding a comment containing \""SPDX-License-Identifier: <SPDX-License>\"" to each source file. Use \""SPDX-License-Identifier: UNLICENSED\"" for non-open-source code. Please see https://spdx.org for more information.)"",exception (json.decoder.JSONDecodeError: Expecting value: line 1 column 1 (char 0))}"
contracts_output/contracts_output/gemini_with_rag_contracts/2892.sol,2892.sol,slither-0.11.3,solidity,2025/09/14,20260206_1558,1770393825.386767,0.7469749450683594,1,{},{},{EXIT_CODE_1},"{""analysis unsuccessful, check output.json"",""error parsing results: file could not be opened successfully:
- method gz: ReadError('empty file')
- method bz2: ReadError('not a bzip2 file')
- method xz: ReadError('not an lzma file')
- method tar: ReadError('empty file')"",""exception (crytic_compile.platform.exceptions.InvalidCompilation: Invalid solc compilation Warning: SPDX license identifier not provided in source file. Before publishing, consider adding a comment containing \""SPDX-License-Identifier: <SPDX-License>\"" to each source file. Use \""SPDX-License-Identifier: UNLICENSED\"" for non-open-source code. Please see https://spdx.org for more information.)"",exception (json.decoder.JSONDecodeError: Expecting value: line 1 column 1 (char 0))}"
contracts_output/contracts_output/gemini_with_rag_contracts/2907.sol,2907.sol,slither-0.11.3,solidity,2025/09/14,20260206_1558,1770393546.093156,0.7912023067474365,255,"{dead_code,solc_version}",{},{},{}
contracts_output/contracts_output/gemini_with_rag_contracts/2948.sol,2948.sol,slither-0.11.3,solidity,2025/09/14,20260206_1558,1770393755.0504072,0.6527628898620605,255,"{immutable_states,missing_zero_check,naming_convention,solc_version}",{},{},{}
contracts_output/contracts_output/gemini_with_rag_contracts/2971.sol,2971.sol,slither-0.11.3,solidity,2025/09/14,20260206_1558,1770393760.1083648,0.6735198497772217,1,{},{},{EXIT_CODE_1},"{""analysis unsuccessful, check output.json"",""error parsing results: file could not be opened successfully:
- method gz: ReadError('empty file')
- method bz2: ReadError('not a bzip2 file')
- method xz: ReadError('not an lzma file')
- method tar: ReadError('empty file')"",""exception (crytic_compile.platform.exceptions.InvalidCompilation: Invalid solc compilation Warning: SPDX license identifier not provided in source file. Before publishing, consider adding a comment containing \""SPDX-License-Identifier: <SPDX-License>\"" to each source file. Use \""SPDX-License-Identifier: UNLICENSED\"" for non-open-source code. Please see https://spdx.org for more information.)"",exception (json.decoder.JSONDecodeError: Expecting value: line 1 column 1 (char 0))}"
contracts_output/contracts_output/gemini_with_rag_contracts/2976.sol,2976.sol,slither-0.11.3,solidity,2025/09/14,20260206_1558,1770394304.0702615,0.6649551391601562,1,{},{},{EXIT_CODE_1},"{""analysis unsuccessful, check output.json"",""error parsing results: file could not be opened successfully:
- method gz: ReadError('empty file')
- method bz2: ReadError('not a bzip2 file')
- method xz: ReadError('not an lzma file')
- method tar: ReadError('empty file')"",""exception (crytic_compile.platform.exceptions.InvalidCompilation: Invalid solc compilation Warning: SPDX license identifier not provided in source file. Before publishing, consider adding a comment containing \""SPDX-License-Identifier: <SPDX-License>\"" to each source file. Use \""SPDX-License-Identifier: UNLICENSED\"" for non-open-source code. Please see https://spdx.org for more information.)"",exception (json.decoder.JSONDecodeError: Expecting value: line 1 column 1 (char 0))}"
contracts_output/contracts_output/gemini_with_rag_contracts/2989.sol,2989.sol,slither-0.11.3,solidity,2025/09/14,20260206_1558,1770393871.2118535,0.6824996471405029,255,"{dead_code,solc_version}",{},{},{}
contracts_output/contracts_output/gemini_with_rag_contracts/30.sol,30.sol,slither-0.11.3,solidity,2025/09/14,20260206_1558,1770393945.1219633,0.7274801731109619,255,"{dead_code,solc_version}",{},{},{}
contracts_output/contracts_output/gemini_with_rag_contracts/3024.sol,3024.sol,slither-0.11.3,solidity,2025/09/14,20260206_1558,1770393814.24352,0.7124881744384766,255,"{dead_code,naming_convention,solc_version}",{},{},{}
contracts_output/contracts_output/gemini_with_rag_contracts/3040.sol,3040.sol,slither-0.11.3,solidity,2025/09/14,20260206_1558,1770394271.2711213,0.6500701904296875,1,{},{},{EXIT_CODE_1},"{""analysis unsuccessful, check output.json"",""error parsing results: file could not be opened successfully:
- method gz: ReadError('empty file')
- method bz2: ReadError('not a bzip2 file')
- method xz: ReadError('not an lzma file')
- method tar: ReadError('empty file')"",""exception (crytic_compile.platform.exceptions.InvalidCompilation: Invalid solc compilation Warning: SPDX license identifier not provided in source file. Before publishing, consider adding a comment containing \""SPDX-License-Identifier: <SPDX-License>\"" to each source file. Use \""SPDX-License-Identifier: UNLICENSED\"" for non-open-source code. Please see https://spdx.org for more information.)"",exception (json.decoder.JSONDecodeError: Expecting value: line 1 column 1 (char 0))}"
contracts_output/contracts_output/gemini_with_rag_contracts/306.sol,306.sol,slither-0.11.3,solidity,2025/09/14,20260206_1558,1770393554.1226172,0.6201062202453613,1,{},{},{EXIT_CODE_1},"{""analysis unsuccessful, check output.json"",""error parsing results: file could not be opened successfully:
- method gz: ReadError('empty file')
- method bz2: ReadError('not a bzip2 file')
- method xz: ReadError('not an lzma file')
- method tar: ReadError('empty file')"",""exception (crytic_compile.platform.exceptions.InvalidCompilation: Invalid solc compilation Warning: SPDX license identifier not provided in source file. Before publishing, consider adding a comment containing \""SPDX-License-Identifier: <SPDX-License>\"" to each source file. Use \""SPDX-License-Identifier: UNLICENSED\"" for non-open-source code. Please see https://spdx.org for more information.)"",exception (json.decoder.JSONDecodeError: Expecting value: line 1 column 1 (char 0))}"
contracts_output/contracts_output/gemini_with_rag_contracts/3060.sol,3060.sol,slither-0.11.3,solidity,2025/09/14,20260206_1558,1770394041.0785105,0.6659257411956787,1,{},{},{EXIT_CODE_1},"{""analysis unsuccessful, check output.json"",""error parsing results: file could not be opened successfully:
- method gz: ReadError('empty file')
- method bz2: ReadError('not a bzip2 file')
- method xz: ReadError('not an lzma file')
- method tar: ReadError('empty file')"",""exception (crytic_compile.platform.exceptions.InvalidCompilation: Invalid solc compilation Warning: SPDX license identifier not provided in source file. Before publishing, consider adding a comment containing \""SPDX-License-Identifier: <SPDX-License>\"" to each source file. Use \""SPDX-License-Identifier: UNLICENSED\"" for non-open-source code. Please see https://spdx.org for more information.)"",exception (json.decoder.JSONDecodeError: Expecting value: line 1 column 1 (char 0))}"
contracts_output/contracts_output/gemini_with_rag_contracts/3064.sol,3064.sol,slither-0.11.3,solidity,2025/09/14,20260206_1558,1770394007.999104,0.6984403133392334,255,"{arbitrary_send_eth,calls_loop,dead_code,immutable_states,low_level_calls,naming_convention,solc_version,too_many_digits}",{},{},{}
contracts_output/contracts_output/gemini_with_rag_contracts/3096.sol,3096.sol,slither-0.11.3,solidity,2025/09/14,20260206_1558,1770394096.7469177,0.6497311592102051,1,{},{},{EXIT_CODE_1},"{""analysis unsuccessful, check output.json"",""error parsing results: file could not be opened successfully:
- method gz: ReadError('empty file')
- method bz2: ReadError('not a bzip2 file')
- method xz: ReadError('not an lzma file')
- method tar: ReadError('empty file')"",""exception (crytic_compile.platform.exceptions.InvalidCompilation: Invalid solc compilation Warning: SPDX license identifier not provided in source file. Before publishing, consider adding a comment containing \""SPDX-License-Identifier: <SPDX-License>\"" to each source file. Use \""SPDX-License-Identifier: UNLICENSED\"" for non-open-source code. Please see https://spdx.org for more information.)"",exception (json.decoder.JSONDecodeError: Expecting value: line 1 column 1 (char 0))}"
contracts_output/contracts_output/gemini_with_rag_contracts/3103.sol,3103.sol,slither-0.11.3,solidity,2025/09/14,20260206_1558,1770394205.1071594,0.646813154220581,1,{},{},{EXIT_CODE_1},"{""analysis unsuccessful, check output.json"",""error parsing results: file could not be opened successfully:
- method gz: ReadError('empty file')
- method bz2: ReadError('not a bzip2 file')
- method xz: ReadError('not an lzma file')
- method tar: ReadError('empty file')"",""exception (crytic_compile.platform.exceptions.InvalidCompilation: Invalid solc compilation Warning: SPDX license identifier not provided in source file. Before publishing, consider adding a comment containing \""SPDX-License-Identifier: <SPDX-License>\"" to each source file. Use \""SPDX-License-Identifier: UNLICENSED\"" for non-open-source code. Please see https://spdx.org for more information.)"",exception (json.decoder.JSONDecodeError: Expecting value: line 1 column 1 (char 0))}"
contracts_output/contracts_output/gemini_with_rag_contracts/312.sol,312.sol,slither-0.11.3,solidity,2025/09/14,20260206_1558,1770393550.701979,0.6483283042907715,1,{},{},{EXIT_CODE_1},"{""analysis unsuccessful, check output.json"",""error parsing results: file could not be opened successfully:
- method gz: ReadError('empty file')
- method bz2: ReadError('not a bzip2 file')
- method xz: ReadError('not an lzma file')
- method tar: ReadError('empty file')"",""exception (crytic_compile.platform.exceptions.InvalidCompilation: Invalid solc compilation Warning: SPDX license identifier not provided in source file. Before publishing, consider adding a comment containing \""SPDX-License-Identifier: <SPDX-License>\"" to each source file. Use \""SPDX-License-Identifier: UNLICENSED\"" for non-open-source code. Please see https://spdx.org for more information.)"",exception (json.decoder.JSONDecodeError: Expecting value: line 1 column 1 (char 0))}"
contracts_output/contracts_output/gemini_with_rag_contracts/3142.sol,3142.sol,slither-0.11.3,solidity,2025/09/14,20260206_1558,1770393734.435434,0.5954372882843018,1,{},{},{EXIT_CODE_1},"{""analysis unsuccessful, check output.json"",""error parsing results: file could not be opened successfully:
- method gz: ReadError('empty file')
- method bz2: ReadError('not a bzip2 file')
- method xz: ReadError('not an lzma file')
- method tar: ReadError('empty file')"",""exception (crytic_compile.platform.exceptions.InvalidCompilation: Invalid solc compilation Error: Expected pragma, import directive or contract/interface/library/struct/enum/constant/function/error definition.)"",exception (json.decoder.JSONDecodeError: Expecting value: line 1 column 1 (char 0))}"
contracts_output/contracts_output/gemini_with_rag_contracts/3148.sol,3148.sol,slither-0.11.3,solidity,2025/09/14,20260206_1558,1770394197.963235,0.6554677486419678,1,{},{},{EXIT_CODE_1},"{""analysis unsuccessful, check output.json"",""error parsing results: file could not be opened successfully:
- method gz: ReadError('empty file')
- method bz2: ReadError('not a bzip2 file')
- method xz: ReadError('not an lzma file')
- method tar: ReadError('empty file')"",""exception (crytic_compile.platform.exceptions.InvalidCompilation: Invalid solc compilation Error: Function, variable, struct or modifier declaration expected.)"",exception (json.decoder.JSONDecodeError: Expecting value: line 1 column 1 (char 0))}"
contracts_output/contracts_output/gemini_with_rag_contracts/316.sol,316.sol,slither-0.11.3,solidity,2025/09/14,20260206_1558,1770394271.9220223,0.6762657165527344,255,"{dead_code,naming_convention,solc_version}",{},{},{}
contracts_output/contracts_output/gemini_with_rag_contracts/3161.sol,3161.sol,slither-0.11.3,solidity,2025/09/14,20260206_1558,1770393825.3287473,0.8547630310058594,255,"{dead_code,naming_convention,solc_version}",{},{},{}
contracts_output/contracts_output/gemini_with_rag_contracts/3163.sol,3163.sol,slither-0.11.3,solidity,2025/09/14,20260206_1558,1770394189.0144238,0.6246447563171387,255,"{dead_code,naming_convention,shadowing_local,solc_version}",{},{},{}
contracts_output/contracts_output/gemini_with_rag_contracts/3170.sol,3170.sol,slither-0.11.3,solidity,2025/09/14,20260206_1558,1770394237.7642865,0.6684353351593018,1,{},{},{EXIT_CODE_1},"{""analysis unsuccessful, check output.json"",""error parsing results: file could not be opened successfully:
- method gz: ReadError('empty file')
- method bz2: ReadError('not a bzip2 file')
- method xz: ReadError('not an lzma file')
- method tar: ReadError('empty file')"",""exception (crytic_compile.platform.exceptions.InvalidCompilation: Invalid solc compilation Warning: SPDX license identifier not provided in source file. Before publishing, consider adding a comment containing \""SPDX-License-Identifier: <SPDX-License>\"" to each source file. Use \""SPDX-License-Identifier: UNLICENSED\"" for non-open-source code. Please see https://spdx.org for more information.)"",exception (json.decoder.JSONDecodeError: Expecting value: line 1 column 1 (char 0))}"
contracts_output/contracts_output/gemini_with_rag_contracts/3181.sol,3181.sol,slither-0.11.3,solidity,2025/09/14,20260206_1558,1770394050.1794274,0.6552932262420654,255,"{dead_code,immutable_states,solc_version}",{},{},{}
contracts_output/contracts_output/gemini_with_rag_contracts/3185.sol,3185.sol,slither-0.11.3,solidity,2025/09/14,20260206_1558,1770393806.8443336,0.674283504486084,255,"{assembly,dead_code,immutable_states,solc_version,too_many_digits}",{},{},{}
contracts_output/contracts_output/gemini_with_rag_contracts/3195.sol,3195.sol,slither-0.11.3,solidity,2025/09/14,20260206_1558,1770394124.1150193,0.7072634696960449,255,"{dead_code,immutable_states,low_level_calls,missing_zero_check,naming_convention,solc_version}",{},{},{}
contracts_output/contracts_output/gemini_with_rag_contracts/32.sol,32.sol,slither-0.11.3,solidity,2025/09/14,20260206_1558,1770393682.1846774,0.59493088722229,1,{},{},{EXIT_CODE_1},"{""analysis unsuccessful, check output.json"",""error parsing results: file could not be opened successfully:
- method gz: ReadError('empty file')
- method bz2: ReadError('not a bzip2 file')
- method xz: ReadError('not an lzma file')
- method tar: ReadError('empty file')"",""exception (crytic_compile.platform.exceptions.InvalidCompilation: Invalid solc compilation Warning: SPDX license identifier not provided in source file. Before publishing, consider adding a comment containing \""SPDX-License-Identifier: <SPDX-License>\"" to each source file. Use \""SPDX-License-Identifier: UNLICENSED\"" for non-open-source code. Please see https://spdx.org for more information.)"",exception (json.decoder.JSONDecodeError: Expecting value: line 1 column 1 (char 0))}"
contracts_output/contracts_output/gemini_with_rag_contracts/3202.sol,3202.sol,slither-0.11.3,solidity,2025/09/14,20260206_1558,1770394047.2210352,0.6151983737945557,1,{},{},{EXIT_CODE_1},"{""analysis unsuccessful, check output.json"",""error parsing results: file could not be opened successfully:
- method gz: ReadError('empty file')
- method bz2: ReadError('not a bzip2 file')
- method xz: ReadError('not an lzma file')
- method tar: ReadError('empty file')"",""exception (crytic_compile.platform.exceptions.InvalidCompilation: Invalid solc compilation Warning: SPDX license identifier not provided in source file. Before publishing, consider adding a comment containing \""SPDX-License-Identifier: <SPDX-License>\"" to each source file. Use \""SPDX-License-Identifier: UNLICENSED\"" for non-open-source code. Please see https://spdx.org for more information.)"",exception (json.decoder.JSONDecodeError: Expecting value: line 1 column 1 (char 0))}"
contracts_output/contracts_output/gemini_with_rag_contracts/3204.sol,3204.sol,slither-0.11.3,solidity,2025/09/14,20260206_1558,1770393593.6028945,0.6274912357330322,1,{},{},{EXIT_CODE_1},"{""analysis unsuccessful, check output.json"",""error parsing results: file could not be opened successfully:
- method gz: ReadError('empty file')
- method bz2: ReadError('not a bzip2 file')
- method xz: ReadError('not an lzma file')
- method tar: ReadError('empty file')"",""exception (crytic_compile.platform.exceptions.InvalidCompilation: Invalid solc compilation Warning: SPDX license identifier not provided in source file. Before publishing, consider adding a comment containing \""SPDX-License-Identifier: <SPDX-License>\"" to each source file. Use \""SPDX-License-Identifier: UNLICENSED\"" for non-open-source code. Please see https://spdx.org for more information.)"",exception (json.decoder.JSONDecodeError: Expecting value: line 1 column 1 (char 0))}"
contracts_output/contracts_output/gemini_with_rag_contracts/321.sol,321.sol,slither-0.11.3,solidity,2025/09/14,20260206_1558,1770393771.6043422,0.6655623912811279,255,"{dead_code,naming_convention,solc_version}",{},{},{}
contracts_output/contracts_output/gemini_with_rag_contracts/3235.sol,3235.sol,slither-0.11.3,solidity,2025/09/14,20260206_1558,1770393828.1059918,0.7244834899902344,1,{},{},{EXIT_CODE_1},"{""analysis unsuccessful, check output.json"",""error parsing results: file could not be opened successfully:
- method gz: ReadError('empty file')
- method bz2: ReadError('not a bzip2 file')
- method xz: ReadError('not an lzma file')
- method tar: ReadError('empty file')"",""exception (crytic_compile.platform.exceptions.InvalidCompilation: Invalid solc compilation Warning: SPDX license identifier not provided in source file. Before publishing, consider adding a comment containing \""SPDX-License-Identifier: <SPDX-License>\"" to each source file. Use \""SPDX-License-Identifier: UNLICENSED\"" for non-open-source code. Please see https://spdx.org for more information.)"",exception (json.decoder.JSONDecodeError: Expecting value: line 1 column 1 (char 0))}"
contracts_output/contracts_output/gemini_with_rag_contracts/3265.sol,3265.sol,slither-0.11.3,solidity,2025/09/14,20260206_1558,1770394291.581547,0.6106317043304443,1,{},{},{EXIT_CODE_1},"{""analysis unsuccessful, check output.json"",""error parsing results: file could not be opened successfully:
- method gz: ReadError('empty file')
- method bz2: ReadError('not a bzip2 file')
- method xz: ReadError('not an lzma file')
- method tar: ReadError('empty file')"",""exception (crytic_compile.platform.exceptions.InvalidCompilation: Invalid solc compilation Warning: SPDX license identifier not provided in source file. Before publishing, consider adding a comment containing \""SPDX-License-Identifier: <SPDX-License>\"" to each source file. Use \""SPDX-License-Identifier: UNLICENSED\"" for non-open-source code. Please see https://spdx.org for more information.)"",exception (json.decoder.JSONDecodeError: Expecting value: line 1 column 1 (char 0))}"
contracts_output/contracts_output/gemini_with_rag_contracts/3277.sol,3277.sol,slither-0.11.3,solidity,2025/09/14,20260206_1558,1770394098.86638,0.6558690071105957,1,{},{},{EXIT_CODE_1},"{""analysis unsuccessful, check output.json"",""error parsing results: file could not be opened successfully:
- method gz: ReadError('empty file')
- method bz2: ReadError('not a bzip2 file')
- method xz: ReadError('not an lzma file')
- method tar: ReadError('empty file')"",""exception (crytic_compile.platform.exceptions.InvalidCompilation: Invalid solc compilation Warning: SPDX license identifier not provided in source file. Before publishing, consider adding a comment containing \""SPDX-License-Identifier: <SPDX-License>\"" to each source file. Use \""SPDX-License-Identifier: UNLICENSED\"" for non-open-source code. Please see https://spdx.org for more information.)"",exception (json.decoder.JSONDecodeError: Expecting value: line 1 column 1 (char 0))}"
contracts_output/contracts_output/gemini_with_rag_contracts/3285.sol,3285.sol,slither-0.11.3,solidity,2025/09/14,20260206_1558,1770393885.8158681,0.7045872211456299,255,"{dead_code,naming_convention,solc_version}",{},{},{}
contracts_output/contracts_output/gemini_with_rag_contracts/3288.sol,3288.sol,slither-0.11.3,solidity,2025/09/14,20260206_1558,1770393933.633808,0.6093893051147461,1,{},{},{EXIT_CODE_1},"{""analysis unsuccessful, check output.json"",""error parsing results: file could not be opened successfully:
- method gz: ReadError('empty file')
- method bz2: ReadError('not a bzip2 file')
- method xz: ReadError('not an lzma file')
- method tar: ReadError('empty file')"",""exception (crytic_compile.platform.exceptions.InvalidCompilation: Invalid solc compilation Warning: SPDX license identifier not provided in source file. Before publishing, consider adding a comment containing \""SPDX-License-Identifier: <SPDX-License>\"" to each source file. Use \""SPDX-License-Identifier: UNLICENSED\"" for non-open-source code. Please see https://spdx.org for more information.)"",exception (json.decoder.JSONDecodeError: Expecting value: line 1 column 1 (char 0))}"
contracts_output/contracts_output/gemini_with_rag_contracts/3297.sol,3297.sol,slither-0.11.3,solidity,2025/09/14,20260206_1558,1770394116.6842654,0.5852797031402588,1,{},{},{EXIT_CODE_1},"{""analysis unsuccessful, check output.json"",""error parsing results: file could not be opened successfully:
- method gz: ReadError('empty file')
- method bz2: ReadError('not a bzip2 file')
- method xz: ReadError('not an lzma file')
- method tar: ReadError('empty file')"",""exception (crytic_compile.platform.exceptions.InvalidCompilation: Invalid solc compilation Error: Function, variable, struct or modifier declaration expected.)"",exception (json.decoder.JSONDecodeError: Expecting value: line 1 column 1 (char 0))}"
contracts_output/contracts_output/gemini_with_rag_contracts/3314.sol,3314.sol,slither-0.11.3,solidity,2025/09/14,20260206_1558,1770394018.8540647,0.5946435928344727,1,{},{},{EXIT_CODE_1},"{""analysis unsuccessful, check output.json"",""error parsing results: file could not be opened successfully:
- method gz: ReadError('empty file')
- method bz2: ReadError('not a bzip2 file')
- method xz: ReadError('not an lzma file')
- method tar: ReadError('empty file')"",exception (crytic_compile.platform.exceptions.InvalidCompilation: Invalid solc compilation Error: Hexadecimal digit missing or invalid.),exception (json.decoder.JSONDecodeError: Expecting value: line 1 column 1 (char 0))}"
contracts_output/contracts_output/gemini_with_rag_contracts/3318.sol,3318.sol,slither-0.11.3,solidity,2025/09/14,20260206_1558,1770393975.483809,0.5871963500976562,1,{},{},{EXIT_CODE_1},"{""analysis unsuccessful, check output.json"",""error parsing results: file could not be opened successfully:
- method gz: ReadError('empty file')
- method bz2: ReadError('not a bzip2 file')
- method xz: ReadError('not an lzma file')
- method tar: ReadError('empty file')"",""exception (crytic_compile.platform.exceptions.InvalidCompilation: Invalid solc compilation Error: State mutability already specified as \""pure\"".)"",exception (json.decoder.JSONDecodeError: Expecting value: line 1 column 1 (char 0))}"
contracts_output/contracts_output/gemini_with_rag_contracts/3322.sol,3322.sol,slither-0.11.3,solidity,2025/09/14,20260206_1558,1770393806.2443736,0.5990710258483887,1,{},{},{EXIT_CODE_1},"{""analysis unsuccessful, check output.json"",""error parsing results: file could not be opened successfully:
- method gz: ReadError('empty file')
- method bz2: ReadError('not a bzip2 file')
- method xz: ReadError('not an lzma file')
- method tar: ReadError('empty file')"",""exception (crytic_compile.platform.exceptions.InvalidCompilation: Invalid solc compilation Warning: SPDX license identifier not provided in source file. Before publishing, consider adding a comment containing \""SPDX-License-Identifier: <SPDX-License>\"" to each source file. Use \""SPDX-License-Identifier: UNLICENSED\"" for non-open-source code. Please see https://spdx.org for more information.)"",exception (json.decoder.JSONDecodeError: Expecting value: line 1 column 1 (char 0))}"
contracts_output/contracts_output/gemini_with_rag_contracts/3332.sol,3332.sol,slither-0.11.3,solidity,2025/09/14,20260206_1558,1770394103.599875,0.6615548133850098,1,{},{},{EXIT_CODE_1},"{""analysis unsuccessful, check output.json"",""error parsing results: file could not be opened successfully:
- method gz: ReadError('empty file')
- method bz2: ReadError('not a bzip2 file')
- method xz: ReadError('not an lzma file')
- method tar: ReadError('empty file')"",""exception (crytic_compile.platform.exceptions.InvalidCompilation: Invalid solc compilation Warning: SPDX license identifier not provided in source file. Before publishing, consider adding a comment containing \""SPDX-License-Identifier: <SPDX-License>\"" to each source file. Use \""SPDX-License-Identifier: UNLICENSED\"" for non-open-source code. Please see https://spdx.org for more information.)"",exception (json.decoder.JSONDecodeError: Expecting value: line 1 column 1 (char 0))}"
contracts_output/contracts_output/gemini_with_rag_contracts/3338.sol,3338.sol,slither-0.11.3,solidity,2025/09/14,20260206_1558,1770394284.8810182,0.6120500564575195,1,{},{},{EXIT_CODE_1},"{""analysis unsuccessful, check output.json"",""error parsing results: file could not be opened successfully:
- method gz: ReadError('empty file')
- method bz2: ReadError('not a bzip2 file')
- method xz: ReadError('not an lzma file')
- method tar: ReadError('empty file')"",""exception (crytic_compile.platform.exceptions.InvalidCompilation: Invalid solc compilation Warning: SPDX license identifier not provided in source file. Before publishing, consider adding a comment containing \""SPDX-License-Identifier: <SPDX-License>\"" to each source file. Use \""SPDX-License-Identifier: UNLICENSED\"" for non-open-source code. Please see https://spdx.org for more information.)"",exception (json.decoder.JSONDecodeError: Expecting value: line 1 column 1 (char 0))}"
contracts_output/contracts_output/gemini_with_rag_contracts/3343.sol,3343.sol,slither-0.11.3,solidity,2025/09/14,20260206_1558,1770393763.8653011,0.6432807445526123,1,{},{},{EXIT_CODE_1},"{""analysis unsuccessful, check output.json"",""error parsing results: file could not be opened successfully:
- method gz: ReadError('empty file')
- method bz2: ReadError('not a bzip2 file')
- method xz: ReadError('not an lzma file')
- method tar: ReadError('empty file')"",""exception (crytic_compile.platform.exceptions.InvalidCompilation: Invalid solc compilation Warning: SPDX license identifier not provided in source file. Before publishing, consider adding a comment containing \""SPDX-License-Identifier: <SPDX-License>\"" to each source file. Use \""SPDX-License-Identifier: UNLICENSED\"" for non-open-source code. Please see https://spdx.org for more information.)"",exception (json.decoder.JSONDecodeError: Expecting value: line 1 column 1 (char 0))}"
contracts_output/contracts_output/gemini_with_rag_contracts/3368.sol,3368.sol,slither-0.11.3,solidity,2025/09/14,20260206_1558,1770393719.6267774,0.7921345233917236,255,"{assembly,dead_code,immutable_states,naming_convention,solc_version,too_many_digits}",{},{},{}
contracts_output/contracts_output/gemini_with_rag_contracts/3377.sol,3377.sol,slither-0.11.3,solidity,2025/09/14,20260206_1558,1770394180.1356575,0.581146240234375,1,{},{},{EXIT_CODE_1},"{""analysis unsuccessful, check output.json"",""error parsing results: file could not be opened successfully:
- method gz: ReadError('empty file')
- method bz2: ReadError('not a bzip2 file')
- method xz: ReadError('not an lzma file')
- method tar: ReadError('empty file')"",""exception (crytic_compile.platform.exceptions.InvalidCompilation: Invalid solc compilation Warning: SPDX license identifier not provided in source file. Before publishing, consider adding a comment containing \""SPDX-License-Identifier: <SPDX-License>\"" to each source file. Use \""SPDX-License-Identifier: UNLICENSED\"" for non-open-source code. Please see https://spdx.org for more information.)"",exception (json.decoder.JSONDecodeError: Expecting value: line 1 column 1 (char 0))}"
contracts_output/contracts_output/gemini_with_rag_contracts/3380.sol,3380.sol,slither-0.11.3,solidity,2025/09/14,20260206_1558,1770394114.6103694,0.647226095199585,255,"{dead_code,solc_version}",{},{},{}
contracts_output/contracts_output/gemini_with_rag_contracts/339.sol,339.sol,slither-0.11.3,solidity,2025/09/14,20260206_1558,1770394173.8238256,0.7082514762878418,255,"{dead_code,naming_convention,shadowing_local,solc_version}",{},{},{}
contracts_output/contracts_output/gemini_with_rag_contracts/3416.sol,3416.sol,slither-0.11.3,solidity,2025/09/14,20260206_1558,1770393624.6026988,0.6839718818664551,255,"{dead_code,naming_convention,solc_version}",{},{},{}
contracts_output/contracts_output/gemini_with_rag_contracts/3424.sol,3424.sol,slither-0.11.3,solidity,2025/09/14,20260206_1558,1770393823.4477444,0.6881253719329834,255,"{dead_code,naming_convention,solc_version}",{},{},{}
contracts_output/contracts_output/gemini_with_rag_contracts/3433.sol,3433.sol,slither-0.11.3,solidity,2025/09/14,20260206_1558,1770394197.9001918,0.685767412185669,255,"{dead_code,solc_version}",{},{},{}
contracts_output/contracts_output/gemini_with_rag_contracts/3447.sol,3447.sol,slither-0.11.3,solidity,2025/09/14,20260206_1558,1770393702.7484596,0.6158061027526855,1,{},{},{EXIT_CODE_1},"{""analysis unsuccessful, check output.json"",""error parsing results: file could not be opened successfully:
- method gz: ReadError('empty file')
- method bz2: ReadError('not a bzip2 file')
- method xz: ReadError('not an lzma file')
- method tar: ReadError('empty file')"",""exception (crytic_compile.platform.exceptions.InvalidCompilation: Invalid solc compilation Warning: SPDX license identifier not provided in source file. Before publishing, consider adding a comment containing \""SPDX-License-Identifier: <SPDX-License>\"" to each source file. Use \""SPDX-License-Identifier: UNLICENSED\"" for non-open-source code. Please see https://spdx.org for more information.)"",exception (json.decoder.JSONDecodeError: Expecting value: line 1 column 1 (char 0))}"
contracts_output/contracts_output/gemini_with_rag_contracts/3452.sol,3452.sol,slither-0.11.3,solidity,2025/09/14,20260206_1558,1770393713.7907536,0.620596170425415,1,{},{},{EXIT_CODE_1},"{""analysis unsuccessful, check output.json"",""error parsing results: file could not be opened successfully:
- method gz: ReadError('empty file')
- method bz2: ReadError('not a bzip2 file')
- method xz: ReadError('not an lzma file')
- method tar: ReadError('empty file')"",""exception (crytic_compile.platform.exceptions.InvalidCompilation: Invalid solc compilation Warning: SPDX license identifier not provided in source file. Before publishing, consider adding a comment containing \""SPDX-License-Identifier: <SPDX-License>\"" to each source file. Use \""SPDX-License-Identifier: UNLICENSED\"" for non-open-source code. Please see https://spdx.org for more information.)"",exception (json.decoder.JSONDecodeError: Expecting value: line 1 column 1 (char 0))}"
contracts_output/contracts_output/gemini_with_rag_contracts/3458.sol,3458.sol,slither-0.11.3,solidity,2025/09/14,20260206_1558,1770394331.6095476,0.7596673965454102,255,"{dead_code,locked_ether,solc_version}",{},{},{}
contracts_output/contracts_output/gemini_with_rag_contracts/3464.sol,3464.sol,slither-0.11.3,solidity,2025/09/14,20260206_1558,1770393826.8370986,0.6396603584289551,1,{},{},{EXIT_CODE_1},"{""analysis unsuccessful, check output.json"",""error parsing results: file could not be opened successfully:
- method gz: ReadError('empty file')
- method bz2: ReadError('not a bzip2 file')
- method xz: ReadError('not an lzma file')
- method tar: ReadError('empty file')"",""exception (crytic_compile.platform.exceptions.InvalidCompilation: Invalid solc compilation Error: Function, variable, struct or modifier declaration expected.)"",exception (json.decoder.JSONDecodeError: Expecting value: line 1 column 1 (char 0))}"
contracts_output/contracts_output/gemini_with_rag_contracts/3476.sol,3476.sol,slither-0.11.3,solidity,2025/09/14,20260206_1558,1770393952.4187174,0.6403083801269531,1,{},{},{EXIT_CODE_1},"{""analysis unsuccessful, check output.json"",""error parsing results: file could not be opened successfully:
- method gz: ReadError('empty file')
- method bz2: ReadError('not a bzip2 file')
- method xz: ReadError('not an lzma file')
- method tar: ReadError('empty file')"",exception (crytic_compile.platform.exceptions.InvalidCompilation: Invalid solc compilation Error: Expected ';' but got 'public'),exception (json.decoder.JSONDecodeError: Expecting value: line 1 column 1 (char 0))}"
contracts_output/contracts_output/gemini_with_rag_contracts/3477.sol,3477.sol,slither-0.11.3,solidity,2025/09/14,20260206_1558,1770393808.6377246,0.6894209384918213,1,{},{},{EXIT_CODE_1},"{""analysis unsuccessful, check output.json"",""error parsing results: file could not be opened successfully:
- method gz: ReadError('empty file')
- method bz2: ReadError('not a bzip2 file')
- method xz: ReadError('not an lzma file')
- method tar: ReadError('empty file')"",""exception (crytic_compile.platform.exceptions.InvalidCompilation: Invalid solc compilation Warning: SPDX license identifier not provided in source file. Before publishing, consider adding a comment containing \""SPDX-License-Identifier: <SPDX-License>\"" to each source file. Use \""SPDX-License-Identifier: UNLICENSED\"" for non-open-source code. Please see https://spdx.org for more information.)"",exception (json.decoder.JSONDecodeError: Expecting value: line 1 column 1 (char 0))}"
contracts_output/contracts_output/gemini_with_rag_contracts/3500.sol,3500.sol,slither-0.11.3,solidity,2025/09/14,20260206_1558,1770393980.400696,0.6150369644165039,1,{},{},{EXIT_CODE_1},"{""analysis unsuccessful, check output.json"",""error parsing results: file could not be opened successfully:
- method gz: ReadError('empty file')
- method bz2: ReadError('not a bzip2 file')
- method xz: ReadError('not an lzma file')
- method tar: ReadError('empty file')"",""exception (crytic_compile.platform.exceptions.InvalidCompilation: Invalid solc compilation Warning: SPDX license identifier not provided in source file. Before publishing, consider adding a comment containing \""SPDX-License-Identifier: <SPDX-License>\"" to each source file. Use \""SPDX-License-Identifier: UNLICENSED\"" for non-open-source code. Please see https://spdx.org for more information.)"",exception (json.decoder.JSONDecodeError: Expecting value: line 1 column 1 (char 0))}"
contracts_output/contracts_output/gemini_with_rag_contracts/3520.sol,3520.sol,slither-0.11.3,solidity,2025/09/14,20260206_1558,1770393809.328252,0.63006591796875,1,{},{},{EXIT_CODE_1},"{""analysis unsuccessful, check output.json"",""error parsing results: file could not be opened successfully:
- method gz: ReadError('empty file')
- method bz2: ReadError('not a bzip2 file')
- method xz: ReadError('not an lzma file')
- method tar: ReadError('empty file')"",""exception (crytic_compile.platform.exceptions.InvalidCompilation: Invalid solc compilation Error: Function, variable, struct or modifier declaration expected.)"",exception (json.decoder.JSONDecodeError: Expecting value: line 1 column 1 (char 0))}"
contracts_output/contracts_output/gemini_with_rag_contracts/3570.sol,3570.sol,slither-0.11.3,solidity,2025/09/14,20260206_1558,1770394100.8447826,0.684429407119751,255,"{dead_code,immutable_states,solc_version}",{},{},{}
contracts_output/contracts_output/gemini_with_rag_contracts/3576.sol,3576.sol,slither-0.11.3,solidity,2025/09/14,20260206_1558,1770393836.1866367,0.6389937400817871,1,{},{},{EXIT_CODE_1},"{""analysis unsuccessful, check output.json"",""error parsing results: file could not be opened successfully:
- method gz: ReadError('empty file')
- method bz2: ReadError('not a bzip2 file')
- method xz: ReadError('not an lzma file')
- method tar: ReadError('empty file')"",""exception (crytic_compile.platform.exceptions.InvalidCompilation: Invalid solc compilation Warning: SPDX license identifier not provided in source file. Before publishing, consider adding a comment containing \""SPDX-License-Identifier: <SPDX-License>\"" to each source file. Use \""SPDX-License-Identifier: UNLICENSED\"" for non-open-source code. Please see https://spdx.org for more information.)"",exception (json.decoder.JSONDecodeError: Expecting value: line 1 column 1 (char 0))}"
contracts_output/contracts_output/gemini_with_rag_contracts/3580.sol,3580.sol,slither-0.11.3,solidity,2025/09/14,20260206_1558,1770394072.3432178,0.6728219985961914,255,"{dead_code,immutable_states,locked_ether,shadowing_local,solc_version}",{},{},{}
contracts_output/contracts_output/gemini_with_rag_contracts/36.sol,36.sol,slither-0.11.3,solidity,2025/09/14,20260206_1558,1770394046.9049191,0.6355884075164795,1,{},{},{EXIT_CODE_1},"{""analysis unsuccessful, check output.json"",""error parsing results: file could not be opened successfully:
- method gz: ReadError('empty file')
- method bz2: ReadError('not a bzip2 file')
- method xz: ReadError('not an lzma file')
- method tar: ReadError('empty file')"",""exception (crytic_compile.platform.exceptions.InvalidCompilation: Invalid solc compilation Warning: SPDX license identifier not provided in source file. Before publishing, consider adding a comment containing \""SPDX-License-Identifier: <SPDX-License>\"" to each source file. Use \""SPDX-License-Identifier: UNLICENSED\"" for non-open-source code. Please see https://spdx.org for more information.)"",exception (json.decoder.JSONDecodeError: Expecting value: line 1 column 1 (char 0))}"
contracts_output/contracts_output/gemini_with_rag_contracts/3604.sol,3604.sol,slither-0.11.3,solidity,2025/09/14,20260206_1558,1770393615.67949,0.6111485958099365,1,{},{},{EXIT_CODE_1},"{""analysis unsuccessful, check output.json"",""error parsing results: file could not be opened successfully:
- method gz: ReadError('empty file')
- method bz2: ReadError('not a bzip2 file')
- method xz: ReadError('not an lzma file')
- method tar: ReadError('empty file')"",""exception (crytic_compile.platform.exceptions.InvalidCompilation: Invalid solc compilation Warning: SPDX license identifier not provided in source file. Before publishing, consider adding a comment containing \""SPDX-License-Identifier: <SPDX-License>\"" to each source file. Use \""SPDX-License-Identifier: UNLICENSED\"" for non-open-source code. Please see https://spdx.org for more information.)"",exception (json.decoder.JSONDecodeError: Expecting value: line 1 column 1 (char 0))}"
contracts_output/contracts_output/gemini_with_rag_contracts/3619.sol,3619.sol,slither-0.11.3,solidity,2025/09/14,20260206_1558,1770393678.9420211,0.6612341403961182,1,{},{},{EXIT_CODE_1},"{""analysis unsuccessful, check output.json"",""error parsing results: file could not be opened successfully:
- method gz: ReadError('empty file')
- method bz2: ReadError('not a bzip2 file')
- method xz: ReadError('not an lzma file')
- method tar: ReadError('empty file')"",""exception (crytic_compile.platform.exceptions.InvalidCompilation: Invalid solc compilation Warning: SPDX license identifier not provided in source file. Before publishing, consider adding a comment containing \""SPDX-License-Identifier: <SPDX-License>\"" to each source file. Use \""SPDX-License-Identifier: UNLICENSED\"" for non-open-source code. Please see https://spdx.org for more information.)"",exception (json.decoder.JSONDecodeError: Expecting value: line 1 column 1 (char 0))}"
contracts_output/contracts_output/gemini_with_rag_contracts/3633.sol,3633.sol,slither-0.11.3,solidity,2025/09/14,20260206_1558,1770394311.378028,0.695385217666626,255,"{dead_code,naming_convention,solc_version}",{},{},{}
contracts_output/contracts_output/gemini_with_rag_contracts/3644.sol,3644.sol,slither-0.11.3,solidity,2025/09/14,20260206_1558,1770393841.5693843,0.6250720024108887,1,{},{},{EXIT_CODE_1},"{""analysis unsuccessful, check output.json"",""error parsing results: file could not be opened successfully:
- method gz: ReadError('empty file')
- method bz2: ReadError('not a bzip2 file')
- method xz: ReadError('not an lzma file')
- method tar: ReadError('empty file')"",""exception (crytic_compile.platform.exceptions.InvalidCompilation: Invalid solc compilation Warning: SPDX license identifier not provided in source file. Before publishing, consider adding a comment containing \""SPDX-License-Identifier: <SPDX-License>\"" to each source file. Use \""SPDX-License-Identifier: UNLICENSED\"" for non-open-source code. Please see https://spdx.org for more information.)"",exception (json.decoder.JSONDecodeError: Expecting value: line 1 column 1 (char 0))}"
contracts_output/contracts_output/gemini_with_rag_contracts/3650.sol,3650.sol,slither-0.11.3,solidity,2025/09/14,20260206_1558,1770393521.5986674,0.6549711227416992,1,{},{},{EXIT_CODE_1},"{""analysis unsuccessful, check output.json"",""error parsing results: file could not be opened successfully:
- method gz: ReadError('empty file')
- method bz2: ReadError('not a bzip2 file')
- method xz: ReadError('not an lzma file')
- method tar: ReadError('empty file')"",""exception (crytic_compile.platform.exceptions.InvalidCompilation: Invalid solc compilation Warning: SPDX license identifier not provided in source file. Before publishing, consider adding a comment containing \""SPDX-License-Identifier: <SPDX-License>\"" to each source file. Use \""SPDX-License-Identifier: UNLICENSED\"" for non-open-source code. Please see https://spdx.org for more information.)"",exception (json.decoder.JSONDecodeError: Expecting value: line 1 column 1 (char 0))}"
contracts_output/contracts_output/gemini_with_rag_contracts/3662.sol,3662.sol,slither-0.11.3,solidity,2025/09/14,20260206_1558,1770393726.9722297,0.6679739952087402,255,"{dead_code,naming_convention,solc_version}",{},{},{}
contracts_output/contracts_output/gemini_with_rag_contracts/3698.sol,3698.sol,slither-0.11.3,solidity,2025/09/14,20260206_1558,1770393762.5450008,0.6592304706573486,1,{},{},{EXIT_CODE_1},"{""analysis unsuccessful, check output.json"",""error parsing results: file could not be opened successfully:
- method gz: ReadError('empty file')
- method bz2: ReadError('not a bzip2 file')
- method xz: ReadError('not an lzma file')
- method tar: ReadError('empty file')"",""exception (crytic_compile.platform.exceptions.InvalidCompilation: Invalid solc compilation Warning: SPDX license identifier not provided in source file. Before publishing, consider adding a comment containing \""SPDX-License-Identifier: <SPDX-License>\"" to each source file. Use \""SPDX-License-Identifier: UNLICENSED\"" for non-open-source code. Please see https://spdx.org for more information.)"",exception (json.decoder.JSONDecodeError: Expecting value: line 1 column 1 (char 0))}"
contracts_output/contracts_output/gemini_with_rag_contracts/3704.sol,3704.sol,slither-0.11.3,solidity,2025/09/14,20260206_1558,1770393981.0168824,1.2517192363739014,255,"{constable_states,dead_code,immutable_states,solc_version,tautology}",{},{},{}
contracts_output/contracts_output/gemini_with_rag_contracts/3719.sol,3719.sol,slither-0.11.3,solidity,2025/09/14,20260206_1558,1770394234.9299664,0.6836035251617432,255,"{missing_zero_check,solc_version}",{},{},{}
contracts_output/contracts_output/gemini_with_rag_contracts/3727.sol,3727.sol,slither-0.11.3,solidity,2025/09/14,20260206_1558,1770393768.550301,0.6377325057983398,1,{},{},{EXIT_CODE_1},"{""analysis unsuccessful, check output.json"",""error parsing results: file could not be opened successfully:
- method gz: ReadError('empty file')
- method bz2: ReadError('not a bzip2 file')
- method xz: ReadError('not an lzma file')
- method tar: ReadError('empty file')"",""exception (crytic_compile.platform.exceptions.InvalidCompilation: Invalid solc compilation Warning: SPDX license identifier not provided in source file. Before publishing, consider adding a comment containing \""SPDX-License-Identifier: <SPDX-License>\"" to each source file. Use \""SPDX-License-Identifier: UNLICENSED\"" for non-open-source code. Please see https://spdx.org for more information.)"",exception (json.decoder.JSONDecodeError: Expecting value: line 1 column 1 (char 0))}"
contracts_output/contracts_output/gemini_with_rag_contracts/3728.sol,3728.sol,slither-0.11.3,solidity,2025/09/14,20260206_1558,1770394246.7038114,0.6169891357421875,1,{},{},{EXIT_CODE_1},"{""analysis unsuccessful, check output.json"",""error parsing results: file could not be opened successfully:
- method gz: ReadError('empty file')
- method bz2: ReadError('not a bzip2 file')
- method xz: ReadError('not an lzma file')
- method tar: ReadError('empty file')"",""exception (crytic_compile.platform.exceptions.InvalidCompilation: Invalid solc compilation Warning: SPDX license identifier not provided in source file. Before publishing, consider adding a comment containing \""SPDX-License-Identifier: <SPDX-License>\"" to each source file. Use \""SPDX-License-Identifier: UNLICENSED\"" for non-open-source code. Please see https://spdx.org for more information.)"",exception (json.decoder.JSONDecodeError: Expecting value: line 1 column 1 (char 0))}"
contracts_output/contracts_output/gemini_with_rag_contracts/3748.sol,3748.sol,slither-0.11.3,solidity,2025/09/14,20260206_1558,1770393881.778877,0.6072523593902588,1,{},{},{EXIT_CODE_1},"{""analysis unsuccessful, check output.json"",""error parsing results: file could not be opened successfully:
- method gz: ReadError('empty file')
- method bz2: ReadError('not a bzip2 file')
- method xz: ReadError('not an lzma file')
- method tar: ReadError('empty file')"",""exception (crytic_compile.platform.exceptions.InvalidCompilation: Invalid solc compilation Warning: SPDX license identifier not provided in source file. Before publishing, consider adding a comment containing \""SPDX-License-Identifier: <SPDX-License>\"" to each source file. Use \""SPDX-License-Identifier: UNLICENSED\"" for non-open-source code. Please see https://spdx.org for more information.)"",exception (json.decoder.JSONDecodeError: Expecting value: line 1 column 1 (char 0))}"
contracts_output/contracts_output/gemini_with_rag_contracts/3756.sol,3756.sol,slither-0.11.3,solidity,2025/09/14,20260206_1558,1770393842.4634917,0.6804187297821045,255,"{dead_code,solc_version}",{},{},{}
contracts_output/contracts_output/gemini_with_rag_contracts/3776.sol,3776.sol,slither-0.11.3,solidity,2025/09/14,20260206_1558,1770394337.6904235,0.6594440937042236,255,"{dead_code,naming_convention,solc_version}",{},{},{}
contracts_output/contracts_output/gemini_with_rag_contracts/3785.sol,3785.sol,slither-0.11.3,solidity,2025/09/14,20260206_1558,1770394280.6111832,0.7027127742767334,255,"{dead_code,naming_convention,solc_version}",{},{},{}
contracts_output/contracts_output/gemini_with_rag_contracts/3793.sol,3793.sol,slither-0.11.3,solidity,2025/09/14,20260206_1558,1770393943.9301436,0.6279866695404053,1,{},{},{EXIT_CODE_1},"{""analysis unsuccessful, check output.json"",""error parsing results: file could not be opened successfully:
- method gz: ReadError('empty file')
- method bz2: ReadError('not a bzip2 file')
- method xz: ReadError('not an lzma file')
- method tar: ReadError('empty file')"",""exception (crytic_compile.platform.exceptions.InvalidCompilation: Invalid solc compilation Warning: SPDX license identifier not provided in source file. Before publishing, consider adding a comment containing \""SPDX-License-Identifier: <SPDX-License>\"" to each source file. Use \""SPDX-License-Identifier: UNLICENSED\"" for non-open-source code. Please see https://spdx.org for more information.)"",exception (json.decoder.JSONDecodeError: Expecting value: line 1 column 1 (char 0))}"
contracts_output/contracts_output/gemini_with_rag_contracts/381.sol,381.sol,slither-0.11.3,solidity,2025/09/14,20260206_1558,1770393706.2088857,0.6399049758911133,1,{},{},{EXIT_CODE_1},"{""analysis unsuccessful, check output.json"",""error parsing results: file could not be opened successfully:
- method gz: ReadError('empty file')
- method bz2: ReadError('not a bzip2 file')
- method xz: ReadError('not an lzma file')
- method tar: ReadError('empty file')"",""exception (crytic_compile.platform.exceptions.InvalidCompilation: Invalid solc compilation Warning: SPDX license identifier not provided in source file. Before publishing, consider adding a comment containing \""SPDX-License-Identifier: <SPDX-License>\"" to each source file. Use \""SPDX-License-Identifier: UNLICENSED\"" for non-open-source code. Please see https://spdx.org for more information.)"",exception (json.decoder.JSONDecodeError: Expecting value: line 1 column 1 (char 0))}"
contracts_output/contracts_output/gemini_with_rag_contracts/382.sol,382.sol,slither-0.11.3,solidity,2025/09/14,20260206_1558,1770394125.3913982,0.6104245185852051,1,{},{},{EXIT_CODE_1},"{""analysis unsuccessful, check output.json"",""error parsing results: file could not be opened successfully:
- method gz: ReadError('empty file')
- method bz2: ReadError('not a bzip2 file')
- method xz: ReadError('not an lzma file')
- method tar: ReadError('empty file')"",""exception (crytic_compile.platform.exceptions.InvalidCompilation: Invalid solc compilation Warning: SPDX license identifier not provided in source file. Before publishing, consider adding a comment containing \""SPDX-License-Identifier: <SPDX-License>\"" to each source file. Use \""SPDX-License-Identifier: UNLICENSED\"" for non-open-source code. Please see https://spdx.org for more information.)"",exception (json.decoder.JSONDecodeError: Expecting value: line 1 column 1 (char 0))}"
contracts_output/contracts_output/gemini_with_rag_contracts/3857.sol,3857.sol,slither-0.11.3,solidity,2025/09/14,20260206_1558,1770393833.6693525,0.5877082347869873,1,{},{},{EXIT_CODE_1},"{""analysis unsuccessful, check output.json"",""error parsing results: file could not be opened successfully:
- method gz: ReadError('empty file')
- method bz2: ReadError('not a bzip2 file')
- method xz: ReadError('not an lzma file')
- method tar: ReadError('empty file')"",""exception (crytic_compile.platform.exceptions.InvalidCompilation: Invalid solc compilation Warning: SPDX license identifier not provided in source file. Before publishing, consider adding a comment containing \""SPDX-License-Identifier: <SPDX-License>\"" to each source file. Use \""SPDX-License-Identifier: UNLICENSED\"" for non-open-source code. Please see https://spdx.org for more information.)"",exception (json.decoder.JSONDecodeError: Expecting value: line 1 column 1 (char 0))}"
contracts_output/contracts_output/gemini_with_rag_contracts/3863.sol,3863.sol,slither-0.11.3,solidity,2025/09/14,20260206_1558,1770393684.8242493,0.6130011081695557,1,{},{},{EXIT_CODE_1},"{""analysis unsuccessful, check output.json"",""error parsing results: file could not be opened successfully:
- method gz: ReadError('empty file')
- method bz2: ReadError('not a bzip2 file')
- method xz: ReadError('not an lzma file')
- method tar: ReadError('empty file')"",exception (crytic_compile.platform.exceptions.InvalidCompilation: Invalid solc compilation Error: Expected primary expression.),exception (json.decoder.JSONDecodeError: Expecting value: line 1 column 1 (char 0))}"
contracts_output/contracts_output/gemini_with_rag_contracts/3881.sol,3881.sol,slither-0.11.3,solidity,2025/09/14,20260206_1558,1770393843.145074,0.7113893032073975,255,"{dead_code,naming_convention,solc_version,uninitialized_state}",{},{},{}
contracts_output/contracts_output/gemini_with_rag_contracts/3890.sol,3890.sol,slither-0.11.3,solidity,2025/09/14,20260206_1558,1770394259.749413,0.6227951049804688,1,{},{},{EXIT_CODE_1},"{""analysis unsuccessful, check output.json"",""error parsing results: file could not be opened successfully:
- method gz: ReadError('empty file')
- method bz2: ReadError('not a bzip2 file')
- method xz: ReadError('not an lzma file')
- method tar: ReadError('empty file')"",exception (crytic_compile.platform.exceptions.InvalidCompilation: Invalid solc compilation Error: Expected identifier but got reserved keyword 'reference'),exception (json.decoder.JSONDecodeError: Expecting value: line 1 column 1 (char 0))}"
contracts_output/contracts_output/gemini_with_rag_contracts/3893.sol,3893.sol,slither-0.11.3,solidity,2025/09/14,20260206_1558,1770394075.2690856,0.5894851684570312,1,{},{},{EXIT_CODE_1},"{""analysis unsuccessful, check output.json"",""error parsing results: file could not be opened successfully:
- method gz: ReadError('empty file')
- method bz2: ReadError('not a bzip2 file')
- method xz: ReadError('not an lzma file')
- method tar: ReadError('empty file')"",""exception (crytic_compile.platform.exceptions.InvalidCompilation: Invalid solc compilation Warning: SPDX license identifier not provided in source file. Before publishing, consider adding a comment containing \""SPDX-License-Identifier: <SPDX-License>\"" to each source file. Use \""SPDX-License-Identifier: UNLICENSED\"" for non-open-source code. Please see https://spdx.org for more information.)"",exception (json.decoder.JSONDecodeError: Expecting value: line 1 column 1 (char 0))}"
contracts_output/contracts_output/gemini_with_rag_contracts/3896.sol,3896.sol,slither-0.11.3,solidity,2025/09/14,20260206_1558,1770393511.4818606,0.6718544960021973,1,{},{},{EXIT_CODE_1},"{""analysis unsuccessful, check output.json"",""error parsing results: file could not be opened successfully:
- method gz: ReadError('empty file')
- method bz2: ReadError('not a bzip2 file')
- method xz: ReadError('not an lzma file')
- method tar: ReadError('empty file')"",""exception (crytic_compile.platform.exceptions.InvalidCompilation: Invalid solc compilation Warning: SPDX license identifier not provided in source file. Before publishing, consider adding a comment containing \""SPDX-License-Identifier: <SPDX-License>\"" to each source file. Use \""SPDX-License-Identifier: UNLICENSED\"" for non-open-source code. Please see https://spdx.org for more information.)"",exception (json.decoder.JSONDecodeError: Expecting value: line 1 column 1 (char 0))}"
contracts_output/contracts_output/gemini_with_rag_contracts/39.sol,39.sol,slither-0.11.3,solidity,2025/09/14,20260206_1558,1770394134.5657015,0.5914266109466553,1,{},{},{EXIT_CODE_1},"{""analysis unsuccessful, check output.json"",""error parsing results: file could not be opened successfully:
- method gz: ReadError('empty file')
- method bz2: ReadError('not a bzip2 file')
- method xz: ReadError('not an lzma file')
- method tar: ReadError('empty file')"",""exception (crytic_compile.platform.exceptions.InvalidCompilation: Invalid solc compilation Warning: SPDX license identifier not provided in source file. Before publishing, consider adding a comment containing \""SPDX-License-Identifier: <SPDX-License>\"" to each source file. Use \""SPDX-License-Identifier: UNLICENSED\"" for non-open-source code. Please see https://spdx.org for more information.)"",exception (json.decoder.JSONDecodeError: Expecting value: line 1 column 1 (char 0))}"
contracts_output/contracts_output/gemini_with_rag_contracts/3939.sol,3939.sol,slither-0.11.3,solidity,2025/09/14,20260206_1558,1770393755.3976457,0.6757240295410156,255,"{immutable_states,missing_zero_check,naming_convention,solc_version}",{},{},{}
contracts_output/contracts_output/gemini_with_rag_contracts/3988.sol,3988.sol,slither-0.11.3,solidity,2025/09/14,20260206_1558,1770394225.7728002,0.7671859264373779,255,"{constable_states,dead_code,immutable_states,solc_version,unused_state}",{},{},{}
contracts_output/contracts_output/gemini_with_rag_contracts/3990.sol,3990.sol,slither-0.11.3,solidity,2025/09/14,20260206_1558,1770393522.2545004,0.6089117527008057,1,{},{},{EXIT_CODE_1},"{""analysis unsuccessful, check output.json"",""error parsing results: file could not be opened successfully:
- method gz: ReadError('empty file')
- method bz2: ReadError('not a bzip2 file')
- method xz: ReadError('not an lzma file')
- method tar: ReadError('empty file')"",exception (crytic_compile.platform.exceptions.InvalidCompilation: Invalid solc compilation Error: Expected ';' but got 'address'),exception (json.decoder.JSONDecodeError: Expecting value: line 1 column 1 (char 0))}"
contracts_output/contracts_output/gemini_with_rag_contracts/4001.sol,4001.sol,slither-0.11.3,solidity,2025/09/14,20260206_1558,1770393803.349328,0.6205942630767822,1,{},{},{EXIT_CODE_1},"{""analysis unsuccessful, check output.json"",""error parsing results: file could not be opened successfully:
- method gz: ReadError('empty file')
- method bz2: ReadError('not a bzip2 file')
- method xz: ReadError('not an lzma file')
- method tar: ReadError('empty file')"",""exception (crytic_compile.platform.exceptions.InvalidCompilation: Invalid solc compilation Warning: SPDX license identifier not provided in source file. Before publishing, consider adding a comment containing \""SPDX-License-Identifier: <SPDX-License>\"" to each source file. Use \""SPDX-License-Identifier: UNLICENSED\"" for non-open-source code. Please see https://spdx.org for more information.)"",exception (json.decoder.JSONDecodeError: Expecting value: line 1 column 1 (char 0))}"
contracts_output/contracts_output/gemini_with_rag_contracts/4005.sol,4005.sol,slither-0.11.3,solidity,2025/09/14,20260206_1558,1770393881.4308276,0.6493625640869141,1,{},{},{EXIT_CODE_1},"{""analysis unsuccessful, check output.json"",""error parsing results: file could not be opened successfully:
- method gz: ReadError('empty file')
- method bz2: ReadError('not a bzip2 file')
- method xz: ReadError('not an lzma file')
- method tar: ReadError('empty file')"",""exception (crytic_compile.platform.exceptions.InvalidCompilation: Invalid solc compilation Warning: SPDX license identifier not provided in source file. Before publishing, consider adding a comment containing \""SPDX-License-Identifier: <SPDX-License>\"" to each source file. Use \""SPDX-License-Identifier: UNLICENSED\"" for non-open-source code. Please see https://spdx.org for more information.)"",exception (json.decoder.JSONDecodeError: Expecting value: line 1 column 1 (char 0))}"
contracts_output/contracts_output/gemini_with_rag_contracts/402.sol,402.sol,slither-0.11.3,solidity,2025/09/14,20260206_1558,1770393627.7778206,0.648334264755249,255,"{dead_code,immutable_states,missing_zero_check,solc_version}",{},{},{}
contracts_output/contracts_output/gemini_with_rag_contracts/4025.sol,4025.sol,slither-0.11.3,solidity,2025/09/14,20260206_1558,1770394293.2292204,0.6322941780090332,255,"{dead_code,naming_convention,solc_version}",{},{},{}
contracts_output/contracts_output/gemini_with_rag_contracts/4047.sol,4047.sol,slither-0.11.3,solidity,2025/09/14,20260206_1558,1770393511.20084,0.7810568809509277,255,"{constable_states,dead_code,solc_version}",{},{},{}
contracts_output/contracts_output/gemini_with_rag_contracts/4051.sol,4051.sol,slither-0.11.3,solidity,2025/09/14,20260206_1558,1770394146.6566317,0.6848745346069336,255,"{dead_code,immutable_states,naming_convention,shadowing_local,solc_version,too_many_digits,uninitialized_state}",{},{},{}
contracts_output/contracts_output/gemini_with_rag_contracts/4079.sol,4079.sol,slither-0.11.3,solidity,2025/09/14,20260206_1558,1770393926.1351697,0.5800576210021973,1,{},{},{EXIT_CODE_1},"{""analysis unsuccessful, check output.json"",""error parsing results: file could not be opened successfully:
- method gz: ReadError('empty file')
- method bz2: ReadError('not a bzip2 file')
- method xz: ReadError('not an lzma file')
- method tar: ReadError('empty file')"",""exception (crytic_compile.platform.exceptions.InvalidCompilation: Invalid solc compilation Warning: SPDX license identifier not provided in source file. Before publishing, consider adding a comment containing \""SPDX-License-Identifier: <SPDX-License>\"" to each source file. Use \""SPDX-License-Identifier: UNLICENSED\"" for non-open-source code. Please see https://spdx.org for more information.)"",exception (json.decoder.JSONDecodeError: Expecting value: line 1 column 1 (char 0))}"
contracts_output/contracts_output/gemini_with_rag_contracts/4083.sol,4083.sol,slither-0.11.3,solidity,2025/09/14,20260206_1558,1770393894.2123737,0.6188685894012451,1,{},{},{EXIT_CODE_1},"{""analysis unsuccessful, check output.json"",""error parsing results: file could not be opened successfully:
- method gz: ReadError('empty file')
- method bz2: ReadError('not a bzip2 file')
- method xz: ReadError('not an lzma file')
- method tar: ReadError('empty file')"",""exception (crytic_compile.platform.exceptions.InvalidCompilation: Invalid solc compilation Warning: SPDX license identifier not provided in source file. Before publishing, consider adding a comment containing \""SPDX-License-Identifier: <SPDX-License>\"" to each source file. Use \""SPDX-License-Identifier: UNLICENSED\"" for non-open-source code. Please see https://spdx.org for more information.)"",exception (json.decoder.JSONDecodeError: Expecting value: line 1 column 1 (char 0))}"
contracts_output/contracts_output/gemini_with_rag_contracts/4086.sol,4086.sol,slither-0.11.3,solidity,2025/09/14,20260206_1558,1770393938.918342,0.7054228782653809,255,"{dead_code,immutable_states,naming_convention,shadowing_local,solc_version,too_many_digits,uninitialized_state}",{},{},{}
contracts_output/contracts_output/gemini_with_rag_contracts/4148.sol,4148.sol,slither-0.11.3,solidity,2025/09/14,20260206_1558,1770394324.6379101,0.6124105453491211,1,{},{},{EXIT_CODE_1},"{""analysis unsuccessful, check output.json"",""error parsing results: file could not be opened successfully:
- method gz: ReadError('empty file')
- method bz2: ReadError('not a bzip2 file')
- method xz: ReadError('not an lzma file')
- method tar: ReadError('empty file')"",""exception (crytic_compile.platform.exceptions.InvalidCompilation: Invalid solc compilation Warning: SPDX license identifier not provided in source file. Before publishing, consider adding a comment containing \""SPDX-License-Identifier: <SPDX-License>\"" to each source file. Use \""SPDX-License-Identifier: UNLICENSED\"" for non-open-source code. Please see https://spdx.org for more information.)"",exception (json.decoder.JSONDecodeError: Expecting value: line 1 column 1 (char 0))}"
contracts_output/contracts_output/gemini_with_rag_contracts/4173.sol,4173.sol,slither-0.11.3,solidity,2025/09/14,20260206_1558,1770393900.938421,0.6616842746734619,255,"{dead_code,immutable_states,solc_version}",{},{},{}
contracts_output/contracts_output/gemini_with_rag_contracts/4185.sol,4185.sol,slither-0.11.3,solidity,2025/09/14,20260206_1558,1770393768.0361545,0.7240684032440186,255,"{dead_code,erc20_interface,naming_convention,shadowing_local,solc_version}",{},{},{}
contracts_output/contracts_output/gemini_with_rag_contracts/4219.sol,4219.sol,slither-0.11.3,solidity,2025/09/14,20260206_1558,1770393679.7151706,0.8203604221343994,255,"{constable_states,dead_code,divide_before_multiply,immutable_states,incorrect_equality,missing_zero_check,shadowing_local,solc_version,timestamp,too_many_digits}",{},{},{}
contracts_output/contracts_output/gemini_with_rag_contracts/4258.sol,4258.sol,slither-0.11.3,solidity,2025/09/14,20260206_1558,1770393656.5283535,0.6627917289733887,255,{solc_version},{},{},{}
contracts_output/contracts_output/gemini_with_rag_contracts/4267.sol,4267.sol,slither-0.11.3,solidity,2025/09/14,20260206_1558,1770394247.3219142,0.6839478015899658,1,{},{},{EXIT_CODE_1},"{""analysis unsuccessful, check output.json"",""error parsing results: file could not be opened successfully:
- method gz: ReadError('empty file')
- method bz2: ReadError('not a bzip2 file')
- method xz: ReadError('not an lzma file')
- method tar: ReadError('empty file')"",""exception (crytic_compile.platform.exceptions.InvalidCompilation: Invalid solc compilation Warning: SPDX license identifier not provided in source file. Before publishing, consider adding a comment containing \""SPDX-License-Identifier: <SPDX-License>\"" to each source file. Use \""SPDX-License-Identifier: UNLICENSED\"" for non-open-source code. Please see https://spdx.org for more information.)"",exception (json.decoder.JSONDecodeError: Expecting value: line 1 column 1 (char 0))}"
contracts_output/contracts_output/gemini_with_rag_contracts/4301.sol,4301.sol,slither-0.11.3,solidity,2025/09/14,20260206_1558,1770394256.0830066,0.6805293560028076,1,{},{},{EXIT_CODE_1},"{""analysis unsuccessful, check output.json"",""error parsing results: file could not be opened successfully:
- method gz: ReadError('empty file')
- method bz2: ReadError('not a bzip2 file')
- method xz: ReadError('not an lzma file')
- method tar: ReadError('empty file')"",""exception (crytic_compile.platform.exceptions.InvalidCompilation: Invalid solc compilation Warning: SPDX license identifier not provided in source file. Before publishing, consider adding a comment containing \""SPDX-License-Identifier: <SPDX-License>\"" to each source file. Use \""SPDX-License-Identifier: UNLICENSED\"" for non-open-source code. Please see https://spdx.org for more information.)"",exception (json.decoder.JSONDecodeError: Expecting value: line 1 column 1 (char 0))}"
contracts_output/contracts_output/gemini_with_rag_contracts/4311.sol,4311.sol,slither-0.11.3,solidity,2025/09/14,20260206_1558,1770394200.8148725,0.6761429309844971,255,"{dead_code,naming_convention,solc_version}",{},{},{}
contracts_output/contracts_output/gemini_with_rag_contracts/4342.sol,4342.sol,slither-0.11.3,solidity,2025/09/14,20260206_1558,1770393652.9459,0.5850269794464111,1,{},{},{EXIT_CODE_1},"{""analysis unsuccessful, check output.json"",""error parsing results: file could not be opened successfully:
- method gz: ReadError('empty file')
- method bz2: ReadError('not a bzip2 file')
- method xz: ReadError('not an lzma file')
- method tar: ReadError('empty file')"",""exception (crytic_compile.platform.exceptions.InvalidCompilation: Invalid solc compilation Warning: SPDX license identifier not provided in source file. Before publishing, consider adding a comment containing \""SPDX-License-Identifier: <SPDX-License>\"" to each source file. Use \""SPDX-License-Identifier: UNLICENSED\"" for non-open-source code. Please see https://spdx.org for more information.)"",exception (json.decoder.JSONDecodeError: Expecting value: line 1 column 1 (char 0))}"
contracts_output/contracts_output/gemini_with_rag_contracts/4344.sol,4344.sol,slither-0.11.3,solidity,2025/09/14,20260206_1558,1770393646.6504176,0.6230998039245605,1,{},{},{EXIT_CODE_1},"{""analysis unsuccessful, check output.json"",""error parsing results: file could not be opened successfully:
- method gz: ReadError('empty file')
- method bz2: ReadError('not a bzip2 file')
- method xz: ReadError('not an lzma file')
- method tar: ReadError('empty file')"",""exception (crytic_compile.platform.exceptions.InvalidCompilation: Invalid solc compilation Warning: SPDX license identifier not provided in source file. Before publishing, consider adding a comment containing \""SPDX-License-Identifier: <SPDX-License>\"" to each source file. Use \""SPDX-License-Identifier: UNLICENSED\"" for non-open-source code. Please see https://spdx.org for more information.)"",exception (json.decoder.JSONDecodeError: Expecting value: line 1 column 1 (char 0))}"
contracts_output/contracts_output/gemini_with_rag_contracts/4397.sol,4397.sol,slither-0.11.3,solidity,2025/09/14,20260206_1558,1770394072.1429799,0.6401851177215576,1,{},{},{EXIT_CODE_1},"{""analysis unsuccessful, check output.json"",""error parsing results: file could not be opened successfully:
- method gz: ReadError('empty file')
- method bz2: ReadError('not a bzip2 file')
- method xz: ReadError('not an lzma file')
- method tar: ReadError('empty file')"",""exception (crytic_compile.platform.exceptions.InvalidCompilation: Invalid solc compilation Warning: SPDX license identifier not provided in source file. Before publishing, consider adding a comment containing \""SPDX-License-Identifier: <SPDX-License>\"" to each source file. Use \""SPDX-License-Identifier: UNLICENSED\"" for non-open-source code. Please see https://spdx.org for more information.)"",exception (json.decoder.JSONDecodeError: Expecting value: line 1 column 1 (char 0))}"
contracts_output/contracts_output/gemini_with_rag_contracts/4411.sol,4411.sol,slither-0.11.3,solidity,2025/09/14,20260206_1558,1770394193.1254115,0.5862329006195068,255,"{dead_code,naming_convention,solc_version}",{},{},{}
contracts_output/contracts_output/gemini_with_rag_contracts/4418.sol,4418.sol,slither-0.11.3,solidity,2025/09/14,20260206_1558,1770394312.0747252,0.5995028018951416,1,{},{},{EXIT_CODE_1},"{""analysis unsuccessful, check output.json"",""error parsing results: file could not be opened successfully:
- method gz: ReadError('empty file')
- method bz2: ReadError('not a bzip2 file')
- method xz: ReadError('not an lzma file')
- method tar: ReadError('empty file')"",""exception (crytic_compile.platform.exceptions.InvalidCompilation: Invalid solc compilation Warning: SPDX license identifier not provided in source file. Before publishing, consider adding a comment containing \""SPDX-License-Identifier: <SPDX-License>\"" to each source file. Use \""SPDX-License-Identifier: UNLICENSED\"" for non-open-source code. Please see https://spdx.org for more information.)"",exception (json.decoder.JSONDecodeError: Expecting value: line 1 column 1 (char 0))}"
contracts_output/contracts_output/gemini_with_rag_contracts/442.sol,442.sol,slither-0.11.3,solidity,2025/09/14,20260206_1558,1770394276.0135064,0.6160252094268799,1,{},{},{EXIT_CODE_1},"{""analysis unsuccessful, check output.json"",""error parsing results: file could not be opened successfully:
- method gz: ReadError('empty file')
- method bz2: ReadError('not a bzip2 file')
- method xz: ReadError('not an lzma file')
- method tar: ReadError('empty file')"",""exception (crytic_compile.platform.exceptions.InvalidCompilation: Invalid solc compilation Warning: SPDX license identifier not provided in source file. Before publishing, consider adding a comment containing \""SPDX-License-Identifier: <SPDX-License>\"" to each source file. Use \""SPDX-License-Identifier: UNLICENSED\"" for non-open-source code. Please see https://spdx.org for more information.)"",exception (json.decoder.JSONDecodeError: Expecting value: line 1 column 1 (char 0))}"
contracts_output/contracts_output/gemini_with_rag_contracts/4437.sol,4437.sol,slither-0.11.3,solidity,2025/09/14,20260206_1558,1770394188.2670841,0.5674164295196533,1,{},{},{EXIT_CODE_1},"{""analysis unsuccessful, check output.json"",""error parsing results: file could not be opened successfully:
- method gz: ReadError('empty file')
- method bz2: ReadError('not a bzip2 file')
- method xz: ReadError('not an lzma file')
- method tar: ReadError('empty file')"",""exception (crytic_compile.platform.exceptions.InvalidCompilation: Invalid solc compilation Warning: SPDX license identifier not provided in source file. Before publishing, consider adding a comment containing \""SPDX-License-Identifier: <SPDX-License>\"" to each source file. Use \""SPDX-License-Identifier: UNLICENSED\"" for non-open-source code. Please see https://spdx.org for more information.)"",exception (json.decoder.JSONDecodeError: Expecting value: line 1 column 1 (char 0))}"
contracts_output/contracts_output/gemini_with_rag_contracts/4464.sol,4464.sol,slither-0.11.3,solidity,2025/09/14,20260206_1558,1770394102.9302566,0.6688992977142334,1,{},{},{EXIT_CODE_1},"{""analysis unsuccessful, check output.json"",""error parsing results: file could not be opened successfully:
- method gz: ReadError('empty file')
- method bz2: ReadError('not a bzip2 file')
- method xz: ReadError('not an lzma file')
- method tar: ReadError('empty file')"",""exception (crytic_compile.platform.exceptions.InvalidCompilation: Invalid solc compilation Warning: SPDX license identifier not provided in source file. Before publishing, consider adding a comment containing \""SPDX-License-Identifier: <SPDX-License>\"" to each source file. Use \""SPDX-License-Identifier: UNLICENSED\"" for non-open-source code. Please see https://spdx.org for more information.)"",exception (json.decoder.JSONDecodeError: Expecting value: line 1 column 1 (char 0))}"
contracts_output/contracts_output/gemini_with_rag_contracts/4481.sol,4481.sol,slither-0.11.3,solidity,2025/09/14,20260206_1558,1770394216.845854,0.7503662109375,1,{},{},{EXIT_CODE_1},"{""analysis unsuccessful, check output.json"",""error parsing results: file could not be opened successfully:
- method gz: ReadError('empty file')
- method bz2: ReadError('not a bzip2 file')
- method xz: ReadError('not an lzma file')
- method tar: ReadError('empty file')"",exception (crytic_compile.platform.exceptions.InvalidCompilation: Invalid solc compilation Error: Expected identifier but got 'uint256'),exception (json.decoder.JSONDecodeError: Expecting value: line 1 column 1 (char 0))}"
contracts_output/contracts_output/gemini_with_rag_contracts/4491.sol,4491.sol,slither-0.11.3,solidity,2025/09/14,20260206_1558,1770394017.6437166,0.6163673400878906,1,{},{},{EXIT_CODE_1},"{""analysis unsuccessful, check output.json"",""error parsing results: file could not be opened successfully:
- method gz: ReadError('empty file')
- method bz2: ReadError('not a bzip2 file')
- method xz: ReadError('not an lzma file')
- method tar: ReadError('empty file')"",""exception (crytic_compile.platform.exceptions.InvalidCompilation: Invalid solc compilation Warning: SPDX license identifier not provided in source file. Before publishing, consider adding a comment containing \""SPDX-License-Identifier: <SPDX-License>\"" to each source file. Use \""SPDX-License-Identifier: UNLICENSED\"" for non-open-source code. Please see https://spdx.org for more information.)"",exception (json.decoder.JSONDecodeError: Expecting value: line 1 column 1 (char 0))}"
contracts_output/contracts_output/gemini_with_rag_contracts/4496.sol,4496.sol,slither-0.11.3,solidity,2025/09/14,20260206_1558,1770394231.5451715,0.6775596141815186,1,{},{},{EXIT_CODE_1},"{""analysis unsuccessful, check output.json"",""error parsing results: file could not be opened successfully:
- method gz: ReadError('empty file')
- method bz2: ReadError('not a bzip2 file')
- method xz: ReadError('not an lzma file')
- method tar: ReadError('empty file')"",""exception (crytic_compile.platform.exceptions.InvalidCompilation: Invalid solc compilation Warning: SPDX license identifier not provided in source file. Before publishing, consider adding a comment containing \""SPDX-License-Identifier: <SPDX-License>\"" to each source file. Use \""SPDX-License-Identifier: UNLICENSED\"" for non-open-source code. Please see https://spdx.org for more information.)"",exception (json.decoder.JSONDecodeError: Expecting value: line 1 column 1 (char 0))}"
contracts_output/contracts_output/gemini_with_rag_contracts/4517.sol,4517.sol,slither-0.11.3,solidity,2025/09/14,20260206_1558,1770394340.504014,0.7102310657501221,255,"{dead_code,naming_convention,solc_version,uninitialized_state}",{},{},{}
contracts_output/contracts_output/gemini_with_rag_contracts/4527.sol,4527.sol,slither-0.11.3,solidity,2025/09/14,20260206_1558,1770393728.6883526,0.643568754196167,1,{},{},{EXIT_CODE_1},"{""analysis unsuccessful, check output.json"",""error parsing results: file could not be opened successfully:
- method gz: ReadError('empty file')
- method bz2: ReadError('not a bzip2 file')
- method xz: ReadError('not an lzma file')
- method tar: ReadError('empty file')"",""exception (crytic_compile.platform.exceptions.InvalidCompilation: Invalid solc compilation Warning: SPDX license identifier not provided in source file. Before publishing, consider adding a comment containing \""SPDX-License-Identifier: <SPDX-License>\"" to each source file. Use \""SPDX-License-Identifier: UNLICENSED\"" for non-open-source code. Please see https://spdx.org for more information.)"",exception (json.decoder.JSONDecodeError: Expecting value: line 1 column 1 (char 0))}"
contracts_output/contracts_output/gemini_with_rag_contracts/4553.sol,4553.sol,slither-0.11.3,solidity,2025/09/14,20260206_1558,1770394040.4464645,0.6983582973480225,1,{},{},{EXIT_CODE_1},"{""analysis unsuccessful, check output.json"",""error parsing results: file could not be opened successfully:
- method gz: ReadError('empty file')
- method bz2: ReadError('not a bzip2 file')
- method xz: ReadError('not an lzma file')
- method tar: ReadError('empty file')"",""exception (crytic_compile.platform.exceptions.InvalidCompilation: Invalid solc compilation Warning: SPDX license identifier not provided in source file. Before publishing, consider adding a comment containing \""SPDX-License-Identifier: <SPDX-License>\"" to each source file. Use \""SPDX-License-Identifier: UNLICENSED\"" for non-open-source code. Please see https://spdx.org for more information.)"",exception (json.decoder.JSONDecodeError: Expecting value: line 1 column 1 (char 0))}"
contracts_output/contracts_output/gemini_with_rag_contracts/4560.sol,4560.sol,slither-0.11.3,solidity,2025/09/14,20260206_1558,1770393715.0137017,0.6869287490844727,255,"{dead_code,solc_version}",{},{},{}
contracts_output/contracts_output/gemini_with_rag_contracts/4562.sol,4562.sol,slither-0.11.3,solidity,2025/09/14,20260206_1558,1770394212.6167374,0.646904468536377,1,{},{},{EXIT_CODE_1},"{""analysis unsuccessful, check output.json"",""error parsing results: file could not be opened successfully:
- method gz: ReadError('empty file')
- method bz2: ReadError('not a bzip2 file')
- method xz: ReadError('not an lzma file')
- method tar: ReadError('empty file')"",""exception (crytic_compile.platform.exceptions.InvalidCompilation: Invalid solc compilation Warning: SPDX license identifier not provided in source file. Before publishing, consider adding a comment containing \""SPDX-License-Identifier: <SPDX-License>\"" to each source file. Use \""SPDX-License-Identifier: UNLICENSED\"" for non-open-source code. Please see https://spdx.org for more information.)"",exception (json.decoder.JSONDecodeError: Expecting value: line 1 column 1 (char 0))}"
contracts_output/contracts_output/gemini_with_rag_contracts/4567.sol,4567.sol,slither-0.11.3,solidity,2025/09/14,20260206_1558,1770393791.6946592,0.6716077327728271,255,"{immutable_states,naming_convention,solc_version}",{},{},{}
contracts_output/contracts_output/gemini_with_rag_contracts/4568.sol,4568.sol,slither-0.11.3,solidity,2025/09/14,20260206_1558,1770393847.8131702,0.6714398860931396,255,"{dead_code,naming_convention,solc_version}",{},{},{}
contracts_output/contracts_output/gemini_with_rag_contracts/4569.sol,4569.sol,slither-0.11.3,solidity,2025/09/14,20260206_1558,1770393600.72743,0.697859525680542,255,"{dead_code,naming_convention,shadowing_local,solc_version}",{},{},{}
contracts_output/contracts_output/gemini_with_rag_contracts/4577.sol,4577.sol,slither-0.11.3,solidity,2025/09/14,20260206_1558,1770393561.509491,0.6098883152008057,1,{},{},{EXIT_CODE_1},"{""analysis unsuccessful, check output.json"",""error parsing results: file could not be opened successfully:
- method gz: ReadError('empty file')
- method bz2: ReadError('not a bzip2 file')
- method xz: ReadError('not an lzma file')
- method tar: ReadError('empty file')"",exception (crytic_compile.platform.exceptions.InvalidCompilation: Invalid solc compilation Error: Expected ';' but got 'public'),exception (json.decoder.JSONDecodeError: Expecting value: line 1 column 1 (char 0))}"
contracts_output/contracts_output/gemini_with_rag_contracts/4581.sol,4581.sol,slither-0.11.3,solidity,2025/09/14,20260206_1558,1770393852.6621714,0.6018900871276855,1,{},{},{EXIT_CODE_1},"{""analysis unsuccessful, check output.json"",""error parsing results: file could not be opened successfully:
- method gz: ReadError('empty file')
- method bz2: ReadError('not a bzip2 file')
- method xz: ReadError('not an lzma file')
- method tar: ReadError('empty file')"",""exception (crytic_compile.platform.exceptions.InvalidCompilation: Invalid solc compilation Warning: SPDX license identifier not provided in source file. Before publishing, consider adding a comment containing \""SPDX-License-Identifier: <SPDX-License>\"" to each source file. Use \""SPDX-License-Identifier: UNLICENSED\"" for non-open-source code. Please see https://spdx.org for more information.)"",exception (json.decoder.JSONDecodeError: Expecting value: line 1 column 1 (char 0))}"
contracts_output/contracts_output/gemini_with_rag_contracts/4592.sol,4592.sol,slither-0.11.3,solidity,2025/09/14,20260206_1558,1770393578.244977,0.6077649593353271,1,{},{},{EXIT_CODE_1},"{""analysis unsuccessful, check output.json"",""error parsing results: file could not be opened successfully:
- method gz: ReadError('empty file')
- method bz2: ReadError('not a bzip2 file')
- method xz: ReadError('not an lzma file')
- method tar: ReadError('empty file')"",""exception (crytic_compile.platform.exceptions.InvalidCompilation: Invalid solc compilation Warning: SPDX license identifier not provided in source file. Before publishing, consider adding a comment containing \""SPDX-License-Identifier: <SPDX-License>\"" to each source file. Use \""SPDX-License-Identifier: UNLICENSED\"" for non-open-source code. Please see https://spdx.org for more information.)"",exception (json.decoder.JSONDecodeError: Expecting value: line 1 column 1 (char 0))}"
contracts_output/contracts_output/gemini_with_rag_contracts/4597.sol,4597.sol,slither-0.11.3,solidity,2025/09/14,20260206_1558,1770393738.0077875,0.6389927864074707,255,"{dead_code,naming_convention,solc_version}",{},{},{}
contracts_output/contracts_output/gemini_with_rag_contracts/4609.sol,4609.sol,slither-0.11.3,solidity,2025/09/14,20260206_1558,1770393661.366448,0.6191196441650391,1,{},{},{EXIT_CODE_1},"{""analysis unsuccessful, check output.json"",""error parsing results: file could not be opened successfully:
- method gz: ReadError('empty file')
- method bz2: ReadError('not a bzip2 file')
- method xz: ReadError('not an lzma file')
- method tar: ReadError('empty file')"",""exception (crytic_compile.platform.exceptions.InvalidCompilation: Invalid solc compilation Warning: SPDX license identifier not provided in source file. Before publishing, consider adding a comment containing \""SPDX-License-Identifier: <SPDX-License>\"" to each source file. Use \""SPDX-License-Identifier: UNLICENSED\"" for non-open-source code. Please see https://spdx.org for more information.)"",exception (json.decoder.JSONDecodeError: Expecting value: line 1 column 1 (char 0))}"
contracts_output/contracts_output/gemini_with_rag_contracts/461.sol,461.sol,slither-0.11.3,solidity,2025/09/14,20260206_1558,1770394327.8972936,0.6305241584777832,1,{},{},{EXIT_CODE_1},"{""analysis unsuccessful, check output.json"",""error parsing results: file could not be opened successfully:
- method gz: ReadError('empty file')
- method bz2: ReadError('not a bzip2 file')
- method xz: ReadError('not an lzma file')
- method tar: ReadError('empty file')"",exception (crytic_compile.platform.exceptions.InvalidCompilation: Invalid solc compilation Error: Expected '(' but got 'string'),exception (json.decoder.JSONDecodeError: Expecting value: line 1 column 1 (char 0))}"
contracts_output/contracts_output/gemini_with_rag_contracts/4614.sol,4614.sol,slither-0.11.3,solidity,2025/09/14,20260206_1558,1770393846.6306658,0.652108907699585,1,{},{},{EXIT_CODE_1},"{""analysis unsuccessful, check output.json"",""error parsing results: file could not be opened successfully:
- method gz: ReadError('empty file')
- method bz2: ReadError('not a bzip2 file')
- method xz: ReadError('not an lzma file')
- method tar: ReadError('empty file')"",""exception (crytic_compile.platform.exceptions.InvalidCompilation: Invalid solc compilation Warning: SPDX license identifier not provided in source file. Before publishing, consider adding a comment containing \""SPDX-License-Identifier: <SPDX-License>\"" to each source file. Use \""SPDX-License-Identifier: UNLICENSED\"" for non-open-source code. Please see https://spdx.org for more information.)"",exception (json.decoder.JSONDecodeError: Expecting value: line 1 column 1 (char 0))}"
contracts_output/contracts_output/gemini_with_rag_contracts/4646.sol,4646.sol,slither-0.11.3,solidity,2025/09/14,20260206_1558,1770394037.9059868,0.6557362079620361,1,{},{},{EXIT_CODE_1},"{""analysis unsuccessful, check output.json"",""error parsing results: file could not be opened successfully:
- method gz: ReadError('empty file')
- method bz2: ReadError('not a bzip2 file')
- method xz: ReadError('not an lzma file')
- method tar: ReadError('empty file')"",""exception (crytic_compile.platform.exceptions.InvalidCompilation: Invalid solc compilation Warning: SPDX license identifier not provided in source file. Before publishing, consider adding a comment containing \""SPDX-License-Identifier: <SPDX-License>\"" to each source file. Use \""SPDX-License-Identifier: UNLICENSED\"" for non-open-source code. Please see https://spdx.org for more information.)"",exception (json.decoder.JSONDecodeError: Expecting value: line 1 column 1 (char 0))}"
contracts_output/contracts_output/gemini_with_rag_contracts/465.sol,465.sol,slither-0.11.3,solidity,2025/09/14,20260206_1558,1770393702.2921278,0.6466519832611084,1,{},{},{EXIT_CODE_1},"{""analysis unsuccessful, check output.json"",""error parsing results: file could not be opened successfully:
- method gz: ReadError('empty file')
- method bz2: ReadError('not a bzip2 file')
- method xz: ReadError('not an lzma file')
- method tar: ReadError('empty file')"",""exception (crytic_compile.platform.exceptions.InvalidCompilation: Invalid solc compilation Warning: SPDX license identifier not provided in source file. Before publishing, consider adding a comment containing \""SPDX-License-Identifier: <SPDX-License>\"" to each source file. Use \""SPDX-License-Identifier: UNLICENSED\"" for non-open-source code. Please see https://spdx.org for more information.)"",exception (json.decoder.JSONDecodeError: Expecting value: line 1 column 1 (char 0))}"
contracts_output/contracts_output/gemini_with_rag_contracts/4661.sol,4661.sol,slither-0.11.3,solidity,2025/09/14,20260206_1558,1770393641.3507202,0.6313788890838623,1,{},{},{EXIT_CODE_1},"{""analysis unsuccessful, check output.json"",""error parsing results: file could not be opened successfully:
- method gz: ReadError('empty file')
- method bz2: ReadError('not a bzip2 file')
- method xz: ReadError('not an lzma file')
- method tar: ReadError('empty file')"",""exception (crytic_compile.platform.exceptions.InvalidCompilation: Invalid solc compilation Warning: SPDX license identifier not provided in source file. Before publishing, consider adding a comment containing \""SPDX-License-Identifier: <SPDX-License>\"" to each source file. Use \""SPDX-License-Identifier: UNLICENSED\"" for non-open-source code. Please see https://spdx.org for more information.)"",exception (json.decoder.JSONDecodeError: Expecting value: line 1 column 1 (char 0))}"
contracts_output/contracts_output/gemini_with_rag_contracts/4669.sol,4669.sol,slither-0.11.3,solidity,2025/09/14,20260206_1558,1770394086.6825106,0.5919106006622314,1,{},{},{EXIT_CODE_1},"{""analysis unsuccessful, check output.json"",""error parsing results: file could not be opened successfully:
- method gz: ReadError('empty file')
- method bz2: ReadError('not a bzip2 file')
- method xz: ReadError('not an lzma file')
- method tar: ReadError('empty file')"",""exception (crytic_compile.platform.exceptions.InvalidCompilation: Invalid solc compilation Warning: SPDX license identifier not provided in source file. Before publishing, consider adding a comment containing \""SPDX-License-Identifier: <SPDX-License>\"" to each source file. Use \""SPDX-License-Identifier: UNLICENSED\"" for non-open-source code. Please see https://spdx.org for more information.)"",exception (json.decoder.JSONDecodeError: Expecting value: line 1 column 1 (char 0))}"
contracts_output/contracts_output/gemini_with_rag_contracts/467.sol,467.sol,slither-0.11.3,solidity,2025/09/14,20260206_1558,1770394201.1972208,0.6584479808807373,1,{},{},{EXIT_CODE_1},"{""analysis unsuccessful, check output.json"",""error parsing results: file could not be opened successfully:
- method gz: ReadError('empty file')
- method bz2: ReadError('not a bzip2 file')
- method xz: ReadError('not an lzma file')
- method tar: ReadError('empty file')"",""exception (crytic_compile.platform.exceptions.InvalidCompilation: Invalid solc compilation Warning: SPDX license identifier not provided in source file. Before publishing, consider adding a comment containing \""SPDX-License-Identifier: <SPDX-License>\"" to each source file. Use \""SPDX-License-Identifier: UNLICENSED\"" for non-open-source code. Please see https://spdx.org for more information.)"",exception (json.decoder.JSONDecodeError: Expecting value: line 1 column 1 (char 0))}"
contracts_output/contracts_output/gemini_with_rag_contracts/4675.sol,4675.sol,slither-0.11.3,solidity,2025/09/14,20260206_1558,1770393750.867136,0.5772171020507812,1,{},{},{EXIT_CODE_1},"{""analysis unsuccessful, check output.json"",""error parsing results: file could not be opened successfully:
- method gz: ReadError('empty file')
- method bz2: ReadError('not a bzip2 file')
- method xz: ReadError('not an lzma file')
- method tar: ReadError('empty file')"",""exception (crytic_compile.platform.exceptions.InvalidCompilation: Invalid solc compilation Warning: SPDX license identifier not provided in source file. Before publishing, consider adding a comment containing \""SPDX-License-Identifier: <SPDX-License>\"" to each source file. Use \""SPDX-License-Identifier: UNLICENSED\"" for non-open-source code. Please see https://spdx.org for more information.)"",exception (json.decoder.JSONDecodeError: Expecting value: line 1 column 1 (char 0))}"
contracts_output/contracts_output/gemini_with_rag_contracts/4681.sol,4681.sol,slither-0.11.3,solidity,2025/09/14,20260206_1558,1770393542.6773026,0.5834155082702637,1,{},{},{EXIT_CODE_1},"{""analysis unsuccessful, check output.json"",""error parsing results: file could not be opened successfully:
- method gz: ReadError('empty file')
- method bz2: ReadError('not a bzip2 file')
- method xz: ReadError('not an lzma file')
- method tar: ReadError('empty file')"",""exception (crytic_compile.platform.exceptions.InvalidCompilation: Invalid solc compilation Warning: SPDX license identifier not provided in source file. Before publishing, consider adding a comment containing \""SPDX-License-Identifier: <SPDX-License>\"" to each source file. Use \""SPDX-License-Identifier: UNLICENSED\"" for non-open-source code. Please see https://spdx.org for more information.)"",exception (json.decoder.JSONDecodeError: Expecting value: line 1 column 1 (char 0))}"
contracts_output/contracts_output/gemini_with_rag_contracts/4695.sol,4695.sol,slither-0.11.3,solidity,2025/09/14,20260206_1558,1770394314.0230787,0.777886152267456,255,"{dead_code,locked_ether,naming_convention,solc_version,timestamp}",{},{},{}
contracts_output/contracts_output/gemini_with_rag_contracts/4726.sol,4726.sol,slither-0.11.3,solidity,2025/09/14,20260206_1558,1770393529.7804418,0.6965818405151367,1,{},{},{EXIT_CODE_1},"{""analysis unsuccessful, check output.json"",""error parsing results: file could not be opened successfully:
- method gz: ReadError('empty file')
- method bz2: ReadError('not a bzip2 file')
- method xz: ReadError('not an lzma file')
- method tar: ReadError('empty file')"",""exception (crytic_compile.platform.exceptions.InvalidCompilation: Invalid solc compilation Warning: SPDX license identifier not provided in source file. Before publishing, consider adding a comment containing \""SPDX-License-Identifier: <SPDX-License>\"" to each source file. Use \""SPDX-License-Identifier: UNLICENSED\"" for non-open-source code. Please see https://spdx.org for more information.)"",exception (json.decoder.JSONDecodeError: Expecting value: line 1 column 1 (char 0))}"
contracts_output/contracts_output/gemini_with_rag_contracts/4727.sol,4727.sol,slither-0.11.3,solidity,2025/09/14,20260206_1558,1770393818.051514,0.7385165691375732,1,{},{},{EXIT_CODE_1},"{""analysis unsuccessful, check output.json"",""error parsing results: file could not be opened successfully:
- method gz: ReadError('empty file')
- method bz2: ReadError('not a bzip2 file')
- method xz: ReadError('not an lzma file')
- method tar: ReadError('empty file')"",""exception (crytic_compile.platform.exceptions.InvalidCompilation: Invalid solc compilation Warning: SPDX license identifier not provided in source file. Before publishing, consider adding a comment containing \""SPDX-License-Identifier: <SPDX-License>\"" to each source file. Use \""SPDX-License-Identifier: UNLICENSED\"" for non-open-source code. Please see https://spdx.org for more information.)"",exception (json.decoder.JSONDecodeError: Expecting value: line 1 column 1 (char 0))}"
contracts_output/contracts_output/gemini_with_rag_contracts/474.sol,474.sol,slither-0.11.3,solidity,2025/09/14,20260206_1558,1770394240.3484707,0.5867416858673096,1,{},{},{EXIT_CODE_1},"{""analysis unsuccessful, check output.json"",""error parsing results: file could not be opened successfully:
- method gz: ReadError('empty file')
- method bz2: ReadError('not a bzip2 file')
- method xz: ReadError('not an lzma file')
- method tar: ReadError('empty file')"",""exception (crytic_compile.platform.exceptions.InvalidCompilation: Invalid solc compilation Warning: SPDX license identifier not provided in source file. Before publishing, consider adding a comment containing \""SPDX-License-Identifier: <SPDX-License>\"" to each source file. Use \""SPDX-License-Identifier: UNLICENSED\"" for non-open-source code. Please see https://spdx.org for more information.)"",exception (json.decoder.JSONDecodeError: Expecting value: line 1 column 1 (char 0))}"
contracts_output/contracts_output/gemini_with_rag_contracts/4746.sol,4746.sol,slither-0.11.3,solidity,2025/09/14,20260206_1558,1770393903.204572,0.6366317272186279,1,{},{},{EXIT_CODE_1},"{""analysis unsuccessful, check output.json"",""error parsing results: file could not be opened successfully:
- method gz: ReadError('empty file')
- method bz2: ReadError('not a bzip2 file')
- method xz: ReadError('not an lzma file')
- method tar: ReadError('empty file')"",""exception (crytic_compile.platform.exceptions.InvalidCompilation: Invalid solc compilation Warning: SPDX license identifier not provided in source file. Before publishing, consider adding a comment containing \""SPDX-License-Identifier: <SPDX-License>\"" to each source file. Use \""SPDX-License-Identifier: UNLICENSED\"" for non-open-source code. Please see https://spdx.org for more information.)"",exception (json.decoder.JSONDecodeError: Expecting value: line 1 column 1 (char 0))}"
contracts_output/contracts_output/gemini_with_rag_contracts/475.sol,475.sol,slither-0.11.3,solidity,2025/09/14,20260206_1558,1770393584.1255498,0.5805485248565674,1,{},{},{EXIT_CODE_1},"{""analysis unsuccessful, check output.json"",""error parsing results: file could not be opened successfully:
- method gz: ReadError('empty file')
- method bz2: ReadError('not a bzip2 file')
- method xz: ReadError('not an lzma file')
- method tar: ReadError('empty file')"",""exception (crytic_compile.platform.exceptions.InvalidCompilation: Invalid solc compilation Error: Function, variable, struct or modifier declaration expected.)"",exception (json.decoder.JSONDecodeError: Expecting value: line 1 column 1 (char 0))}"
contracts_output/contracts_output/gemini_with_rag_contracts/476.sol,476.sol,slither-0.11.3,solidity,2025/09/14,20260206_1558,1770394230.1035202,0.8078634738922119,255,"{dead_code,erc20_interface,immutable_states,naming_convention,solc_version}",{},{},{}
contracts_output/contracts_output/gemini_with_rag_contracts/4761.sol,4761.sol,slither-0.11.3,solidity,2025/09/14,20260206_1558,1770394129.9086401,0.7031989097595215,255,"{dead_code,naming_convention,solc_version,too_many_digits}",{},{},{}
contracts_output/contracts_output/gemini_with_rag_contracts/4775.sol,4775.sol,slither-0.11.3,solidity,2025/09/14,20260206_1558,1770394204.4142916,0.6919307708740234,255,"{dead_code,immutable_states,solc_version}",{},{},{}
contracts_output/contracts_output/gemini_with_rag_contracts/4790.sol,4790.sol,slither-0.11.3,solidity,2025/09/14,20260206_1558,1770394072.7840972,0.6453874111175537,1,{},{},{EXIT_CODE_1},"{""analysis unsuccessful, check output.json"",""error parsing results: file could not be opened successfully:
- method gz: ReadError('empty file')
- method bz2: ReadError('not a bzip2 file')
- method xz: ReadError('not an lzma file')
- method tar: ReadError('empty file')"",""exception (crytic_compile.platform.exceptions.InvalidCompilation: Invalid solc compilation Warning: SPDX license identifier not provided in source file. Before publishing, consider adding a comment containing \""SPDX-License-Identifier: <SPDX-License>\"" to each source file. Use \""SPDX-License-Identifier: UNLICENSED\"" for non-open-source code. Please see https://spdx.org for more information.)"",exception (json.decoder.JSONDecodeError: Expecting value: line 1 column 1 (char 0))}"
contracts_output/contracts_output/gemini_with_rag_contracts/4803.sol,4803.sol,slither-0.11.3,solidity,2025/09/14,20260206_1558,1770393687.1788185,0.7015559673309326,255,"{dead_code,naming_convention,solc_version}",{},{},{}
contracts_output/contracts_output/gemini_with_rag_contracts/4806.sol,4806.sol,slither-0.11.3,solidity,2025/09/14,20260206_1558,1770394251.0241818,0.6565887928009033,1,{},{},{EXIT_CODE_1},"{""analysis unsuccessful, check output.json"",""error parsing results: file could not be opened successfully:
- method gz: ReadError('empty file')
- method bz2: ReadError('not a bzip2 file')
- method xz: ReadError('not an lzma file')
- method tar: ReadError('empty file')"",""exception (crytic_compile.platform.exceptions.InvalidCompilation: Invalid solc compilation Warning: SPDX license identifier not provided in source file. Before publishing, consider adding a comment containing \""SPDX-License-Identifier: <SPDX-License>\"" to each source file. Use \""SPDX-License-Identifier: UNLICENSED\"" for non-open-source code. Please see https://spdx.org for more information.)"",exception (json.decoder.JSONDecodeError: Expecting value: line 1 column 1 (char 0))}"
contracts_output/contracts_output/gemini_with_rag_contracts/4823.sol,4823.sol,slither-0.11.3,solidity,2025/09/14,20260206_1558,1770394023.3100107,0.5983805656433105,1,{},{},{EXIT_CODE_1},"{""analysis unsuccessful, check output.json"",""error parsing results: file could not be opened successfully:
- method gz: ReadError('empty file')
- method bz2: ReadError('not a bzip2 file')
- method xz: ReadError('not an lzma file')
- method tar: ReadError('empty file')"",""exception (crytic_compile.platform.exceptions.InvalidCompilation: Invalid solc compilation Warning: SPDX license identifier not provided in source file. Before publishing, consider adding a comment containing \""SPDX-License-Identifier: <SPDX-License>\"" to each source file. Use \""SPDX-License-Identifier: UNLICENSED\"" for non-open-source code. Please see https://spdx.org for more information.)"",exception (json.decoder.JSONDecodeError: Expecting value: line 1 column 1 (char 0))}"
contracts_output/contracts_output/gemini_with_rag_contracts/4839.sol,4839.sol,slither-0.11.3,solidity,2025/09/14,20260206_1558,1770393788.269156,0.5718846321105957,1,{},{},{EXIT_CODE_1},"{""analysis unsuccessful, check output.json"",""error parsing results: file could not be opened successfully:
- method gz: ReadError('empty file')
- method bz2: ReadError('not a bzip2 file')
- method xz: ReadError('not an lzma file')
- method tar: ReadError('empty file')"",""exception (crytic_compile.platform.exceptions.InvalidCompilation: Invalid solc compilation Warning: SPDX license identifier not provided in source file. Before publishing, consider adding a comment containing \""SPDX-License-Identifier: <SPDX-License>\"" to each source file. Use \""SPDX-License-Identifier: UNLICENSED\"" for non-open-source code. Please see https://spdx.org for more information.)"",exception (json.decoder.JSONDecodeError: Expecting value: line 1 column 1 (char 0))}"
contracts_output/contracts_output/gemini_with_rag_contracts/4847.sol,4847.sol,slither-0.11.3,solidity,2025/09/14,20260206_1558,1770394209.1885655,0.640977144241333,1,{},{},{EXIT_CODE_1},"{""analysis unsuccessful, check output.json"",""error parsing results: file could not be opened successfully:
- method gz: ReadError('empty file')
- method bz2: ReadError('not a bzip2 file')
- method xz: ReadError('not an lzma file')
- method tar: ReadError('empty file')"",""exception (crytic_compile.platform.exceptions.InvalidCompilation: Invalid solc compilation Warning: SPDX license identifier not provided in source file. Before publishing, consider adding a comment containing \""SPDX-License-Identifier: <SPDX-License>\"" to each source file. Use \""SPDX-License-Identifier: UNLICENSED\"" for non-open-source code. Please see https://spdx.org for more information.)"",exception (json.decoder.JSONDecodeError: Expecting value: line 1 column 1 (char 0))}"
contracts_output/contracts_output/gemini_with_rag_contracts/4852.sol,4852.sol,slither-0.11.3,solidity,2025/09/14,20260206_1558,1770393939.6248128,0.6740124225616455,1,{},{},{EXIT_CODE_1},"{""analysis unsuccessful, check output.json"",""error parsing results: file could not be opened successfully:
- method gz: ReadError('empty file')
- method bz2: ReadError('not a bzip2 file')
- method xz: ReadError('not an lzma file')
- method tar: ReadError('empty file')"",""exception (crytic_compile.platform.exceptions.InvalidCompilation: Invalid solc compilation Warning: SPDX license identifier not provided in source file. Before publishing, consider adding a comment containing \""SPDX-License-Identifier: <SPDX-License>\"" to each source file. Use \""SPDX-License-Identifier: UNLICENSED\"" for non-open-source code. Please see https://spdx.org for more information.)"",exception (json.decoder.JSONDecodeError: Expecting value: line 1 column 1 (char 0))}"
contracts_output/contracts_output/gemini_with_rag_contracts/4854.sol,4854.sol,slither-0.11.3,solidity,2025/09/14,20260206_1558,1770394333.6454365,0.7185826301574707,255,"{dead_code,solc_version}",{},{},{}
contracts_output/contracts_output/gemini_with_rag_contracts/4864.sol,4864.sol,slither-0.11.3,solidity,2025/09/14,20260206_1558,1770394271.9923184,0.647057056427002,1,{},{},{EXIT_CODE_1},"{""analysis unsuccessful, check output.json"",""error parsing results: file could not be opened successfully:
- method gz: ReadError('empty file')
- method bz2: ReadError('not a bzip2 file')
- method xz: ReadError('not an lzma file')
- method tar: ReadError('empty file')"",""exception (crytic_compile.platform.exceptions.InvalidCompilation: Invalid solc compilation Warning: SPDX license identifier not provided in source file. Before publishing, consider adding a comment containing \""SPDX-License-Identifier: <SPDX-License>\"" to each source file. Use \""SPDX-License-Identifier: UNLICENSED\"" for non-open-source code. Please see https://spdx.org for more information.)"",exception (json.decoder.JSONDecodeError: Expecting value: line 1 column 1 (char 0))}"
contracts_output/contracts_output/gemini_with_rag_contracts/4877.sol,4877.sol,slither-0.11.3,solidity,2025/09/14,20260206_1558,1770394157.1416636,0.6548621654510498,1,{},{},{EXIT_CODE_1},"{""analysis unsuccessful, check output.json"",""error parsing results: file could not be opened successfully:
- method gz: ReadError('empty file')
- method bz2: ReadError('not a bzip2 file')
- method xz: ReadError('not an lzma file')
- method tar: ReadError('empty file')"",""exception (crytic_compile.platform.exceptions.InvalidCompilation: Invalid solc compilation Warning: SPDX license identifier not provided in source file. Before publishing, consider adding a comment containing \""SPDX-License-Identifier: <SPDX-License>\"" to each source file. Use \""SPDX-License-Identifier: UNLICENSED\"" for non-open-source code. Please see https://spdx.org for more information.)"",exception (json.decoder.JSONDecodeError: Expecting value: line 1 column 1 (char 0))}"
contracts_output/contracts_output/gemini_with_rag_contracts/4896.sol,4896.sol,slither-0.11.3,solidity,2025/09/14,20260206_1558,1770394039.790373,0.6552815437316895,255,"{dead_code,immutable_states,missing_zero_check,naming_convention,solc_version}",{},{},{}
contracts_output/contracts_output/gemini_with_rag_contracts/4898.sol,4898.sol,slither-0.11.3,solidity,2025/09/14,20260206_1558,1770394318.9385586,0.6282079219818115,255,"{dead_code,immutable_states,naming_convention,solc_version}",{},{},{}
contracts_output/contracts_output/gemini_with_rag_contracts/4912.sol,4912.sol,slither-0.11.3,solidity,2025/09/14,20260206_1558,1770393547.5341475,0.7306520938873291,1,{},{},{EXIT_CODE_1},"{""analysis unsuccessful, check output.json"",""error parsing results: file could not be opened successfully:
- method gz: ReadError('empty file')
- method bz2: ReadError('not a bzip2 file')
- method xz: ReadError('not an lzma file')
- method tar: ReadError('empty file')"",""exception (crytic_compile.platform.exceptions.InvalidCompilation: Invalid solc compilation Warning: SPDX license identifier not provided in source file. Before publishing, consider adding a comment containing \""SPDX-License-Identifier: <SPDX-License>\"" to each source file. Use \""SPDX-License-Identifier: UNLICENSED\"" for non-open-source code. Please see https://spdx.org for more information.)"",exception (json.decoder.JSONDecodeError: Expecting value: line 1 column 1 (char 0))}"
contracts_output/contracts_output/gemini_with_rag_contracts/4928.sol,4928.sol,slither-0.11.3,solidity,2025/09/14,20260206_1558,1770394339.418752,0.6511566638946533,1,{},{},{EXIT_CODE_1},"{""analysis unsuccessful, check output.json"",""error parsing results: file could not be opened successfully:
- method gz: ReadError('empty file')
- method bz2: ReadError('not a bzip2 file')
- method xz: ReadError('not an lzma file')
- method tar: ReadError('empty file')"",""exception (crytic_compile.platform.exceptions.InvalidCompilation: Invalid solc compilation Warning: SPDX license identifier not provided in source file. Before publishing, consider adding a comment containing \""SPDX-License-Identifier: <SPDX-License>\"" to each source file. Use \""SPDX-License-Identifier: UNLICENSED\"" for non-open-source code. Please see https://spdx.org for more information.)"",exception (json.decoder.JSONDecodeError: Expecting value: line 1 column 1 (char 0))}"
contracts_output/contracts_output/gemini_with_rag_contracts/4942.sol,4942.sol,slither-0.11.3,solidity,2025/09/14,20260206_1558,1770394008.6985657,0.5891411304473877,1,{},{},{EXIT_CODE_1},"{""analysis unsuccessful, check output.json"",""error parsing results: file could not be opened successfully:
- method gz: ReadError('empty file')
- method bz2: ReadError('not a bzip2 file')
- method xz: ReadError('not an lzma file')
- method tar: ReadError('empty file')"",""exception (crytic_compile.platform.exceptions.InvalidCompilation: Invalid solc compilation Warning: SPDX license identifier not provided in source file. Before publishing, consider adding a comment containing \""SPDX-License-Identifier: <SPDX-License>\"" to each source file. Use \""SPDX-License-Identifier: UNLICENSED\"" for non-open-source code. Please see https://spdx.org for more information.)"",exception (json.decoder.JSONDecodeError: Expecting value: line 1 column 1 (char 0))}"
contracts_output/contracts_output/gemini_with_rag_contracts/497.sol,497.sol,slither-0.11.3,solidity,2025/09/14,20260206_1558,1770394263.5198498,0.5834929943084717,1,{},{},{EXIT_CODE_1},"{""analysis unsuccessful, check output.json"",""error parsing results: file could not be opened successfully:
- method gz: ReadError('empty file')
- method bz2: ReadError('not a bzip2 file')
- method xz: ReadError('not an lzma file')
- method tar: ReadError('empty file')"",""exception (crytic_compile.platform.exceptions.InvalidCompilation: Invalid solc compilation Error: Function, variable, struct or modifier declaration expected.)"",exception (json.decoder.JSONDecodeError: Expecting value: line 1 column 1 (char 0))}"
contracts_output/contracts_output/gemini_with_rag_contracts/4986.sol,4986.sol,slither-0.11.3,solidity,2025/09/14,20260206_1558,1770393982.379518,0.6164116859436035,1,{},{},{EXIT_CODE_1},"{""analysis unsuccessful, check output.json"",""error parsing results: file could not be opened successfully:
- method gz: ReadError('empty file')
- method bz2: ReadError('not a bzip2 file')
- method xz: ReadError('not an lzma file')
- method tar: ReadError('empty file')"",""exception (crytic_compile.platform.exceptions.InvalidCompilation: Invalid solc compilation Warning: SPDX license identifier not provided in source file. Before publishing, consider adding a comment containing \""SPDX-License-Identifier: <SPDX-License>\"" to each source file. Use \""SPDX-License-Identifier: UNLICENSED\"" for non-open-source code. Please see https://spdx.org for more information.)"",exception (json.decoder.JSONDecodeError: Expecting value: line 1 column 1 (char 0))}"
contracts_output/contracts_output/gemini_with_rag_contracts/4993.sol,4993.sol,slither-0.11.3,solidity,2025/09/14,20260206_1558,1770394220.5036626,0.6411168575286865,1,{},{},{EXIT_CODE_1},"{""analysis unsuccessful, check output.json"",""error parsing results: file could not be opened successfully:
- method gz: ReadError('empty file')
- method bz2: ReadError('not a bzip2 file')
- method xz: ReadError('not an lzma file')
- method tar: ReadError('empty file')"",""exception (crytic_compile.platform.exceptions.InvalidCompilation: Invalid solc compilation Warning: SPDX license identifier not provided in source file. Before publishing, consider adding a comment containing \""SPDX-License-Identifier: <SPDX-License>\"" to each source file. Use \""SPDX-License-Identifier: UNLICENSED\"" for non-open-source code. Please see https://spdx.org for more information.)"",exception (json.decoder.JSONDecodeError: Expecting value: line 1 column 1 (char 0))}"
contracts_output/contracts_output/gemini_with_rag_contracts/5005.sol,5005.sol,slither-0.11.3,solidity,2025/09/14,20260206_1558,1770394201.4918735,0.7265570163726807,255,"{dead_code,naming_convention,solc_version,tautology}",{},{},{}
contracts_output/contracts_output/gemini_with_rag_contracts/5007.sol,5007.sol,slither-0.11.3,solidity,2025/09/14,20260206_1558,1770394098.5578113,0.6875474452972412,255,"{dead_code,naming_convention,solc_version}",{},{},{}
contracts_output/contracts_output/gemini_with_rag_contracts/5030.sol,5030.sol,slither-0.11.3,solidity,2025/09/14,20260206_1558,1770394135.8260279,0.6252565383911133,1,{},{},{EXIT_CODE_1},"{""analysis unsuccessful, check output.json"",""error parsing results: file could not be opened successfully:
- method gz: ReadError('empty file')
- method bz2: ReadError('not a bzip2 file')
- method xz: ReadError('not an lzma file')
- method tar: ReadError('empty file')"",""exception (crytic_compile.platform.exceptions.InvalidCompilation: Invalid solc compilation Warning: SPDX license identifier not provided in source file. Before publishing, consider adding a comment containing \""SPDX-License-Identifier: <SPDX-License>\"" to each source file. Use \""SPDX-License-Identifier: UNLICENSED\"" for non-open-source code. Please see https://spdx.org for more information.)"",exception (json.decoder.JSONDecodeError: Expecting value: line 1 column 1 (char 0))}"
contracts_output/contracts_output/gemini_with_rag_contracts/5033.sol,5033.sol,slither-0.11.3,solidity,2025/09/14,20260206_1558,1770393711.652922,0.6092257499694824,1,{},{},{EXIT_CODE_1},"{""analysis unsuccessful, check output.json"",""error parsing results: file could not be opened successfully:
- method gz: ReadError('empty file')
- method bz2: ReadError('not a bzip2 file')
- method xz: ReadError('not an lzma file')
- method tar: ReadError('empty file')"",""exception (crytic_compile.platform.exceptions.InvalidCompilation: Invalid solc compilation Warning: SPDX license identifier not provided in source file. Before publishing, consider adding a comment containing \""SPDX-License-Identifier: <SPDX-License>\"" to each source file. Use \""SPDX-License-Identifier: UNLICENSED\"" for non-open-source code. Please see https://spdx.org for more information.)"",exception (json.decoder.JSONDecodeError: Expecting value: line 1 column 1 (char 0))}"
contracts_output/contracts_output/gemini_with_rag_contracts/5043.sol,5043.sol,slither-0.11.3,solidity,2025/09/14,20260206_1558,1770393659.330449,0.5900859832763672,1,{},{},{EXIT_CODE_1},"{""analysis unsuccessful, check output.json"",""error parsing results: file could not be opened successfully:
- method gz: ReadError('empty file')
- method bz2: ReadError('not a bzip2 file')
- method xz: ReadError('not an lzma file')
- method tar: ReadError('empty file')"",""exception (crytic_compile.platform.exceptions.InvalidCompilation: Invalid solc compilation Warning: SPDX license identifier not provided in source file. Before publishing, consider adding a comment containing \""SPDX-License-Identifier: <SPDX-License>\"" to each source file. Use \""SPDX-License-Identifier: UNLICENSED\"" for non-open-source code. Please see https://spdx.org for more information.)"",exception (json.decoder.JSONDecodeError: Expecting value: line 1 column 1 (char 0))}"
contracts_output/contracts_output/gemini_with_rag_contracts/5070.sol,5070.sol,slither-0.11.3,solidity,2025/09/14,20260206_1558,1770394275.4744747,0.6706020832061768,255,"{dead_code,solc_version,timestamp}",{},{},{}
contracts_output/contracts_output/gemini_with_rag_contracts/5074.sol,5074.sol,slither-0.11.3,solidity,2025/09/14,20260206_1558,1770393697.9887543,0.6207306385040283,1,{},{},{EXIT_CODE_1},"{""analysis unsuccessful, check output.json"",""error parsing results: file could not be opened successfully:
- method gz: ReadError('empty file')
- method bz2: ReadError('not a bzip2 file')
- method xz: ReadError('not an lzma file')
- method tar: ReadError('empty file')"",""exception (crytic_compile.platform.exceptions.InvalidCompilation: Invalid solc compilation Warning: SPDX license identifier not provided in source file. Before publishing, consider adding a comment containing \""SPDX-License-Identifier: <SPDX-License>\"" to each source file. Use \""SPDX-License-Identifier: UNLICENSED\"" for non-open-source code. Please see https://spdx.org for more information.)"",exception (json.decoder.JSONDecodeError: Expecting value: line 1 column 1 (char 0))}"
contracts_output/contracts_output/gemini_with_rag_contracts/5098.sol,5098.sol,slither-0.11.3,solidity,2025/09/14,20260206_1558,1770393717.147576,0.6637411117553711,1,{},{},{EXIT_CODE_1},"{""analysis unsuccessful, check output.json"",""error parsing results: file could not be opened successfully:
- method gz: ReadError('empty file')
- method bz2: ReadError('not a bzip2 file')
- method xz: ReadError('not an lzma file')
- method tar: ReadError('empty file')"",""exception (crytic_compile.platform.exceptions.InvalidCompilation: Invalid solc compilation Warning: SPDX license identifier not provided in source file. Before publishing, consider adding a comment containing \""SPDX-License-Identifier: <SPDX-License>\"" to each source file. Use \""SPDX-License-Identifier: UNLICENSED\"" for non-open-source code. Please see https://spdx.org for more information.)"",exception (json.decoder.JSONDecodeError: Expecting value: line 1 column 1 (char 0))}"
contracts_output/contracts_output/gemini_with_rag_contracts/5099.sol,5099.sol,slither-0.11.3,solidity,2025/09/14,20260206_1558,1770393724.0227497,0.6192541122436523,1,{},{},{EXIT_CODE_1},"{""analysis unsuccessful, check output.json"",""error parsing results: file could not be opened successfully:
- method gz: ReadError('empty file')
- method bz2: ReadError('not a bzip2 file')
- method xz: ReadError('not an lzma file')
- method tar: ReadError('empty file')"",""exception (crytic_compile.platform.exceptions.InvalidCompilation: Invalid solc compilation Error: Expected ',' but got ';')"",exception (json.decoder.JSONDecodeError: Expecting value: line 1 column 1 (char 0))}"
contracts_output/contracts_output/gemini_with_rag_contracts/5101.sol,5101.sol,slither-0.11.3,solidity,2025/09/14,20260206_1558,1770394152.1263456,0.5983481407165527,1,{},{},{EXIT_CODE_1},"{""analysis unsuccessful, check output.json"",""error parsing results: file could not be opened successfully:
- method gz: ReadError('empty file')
- method bz2: ReadError('not a bzip2 file')
- method xz: ReadError('not an lzma file')
- method tar: ReadError('empty file')"",""exception (crytic_compile.platform.exceptions.InvalidCompilation: Invalid solc compilation Warning: SPDX license identifier not provided in source file. Before publishing, consider adding a comment containing \""SPDX-License-Identifier: <SPDX-License>\"" to each source file. Use \""SPDX-License-Identifier: UNLICENSED\"" for non-open-source code. Please see https://spdx.org for more information.)"",exception (json.decoder.JSONDecodeError: Expecting value: line 1 column 1 (char 0))}"
contracts_output/contracts_output/gemini_with_rag_contracts/5131.sol,5131.sol,slither-0.11.3,solidity,2025/09/14,20260206_1558,1770394028.303522,0.5597918033599854,1,{},{},{EXIT_CODE_1},"{""analysis unsuccessful, check output.json"",""error parsing results: file could not be opened successfully:
- method gz: ReadError('empty file')
- method bz2: ReadError('not a bzip2 file')
- method xz: ReadError('not an lzma file')
- method tar: ReadError('empty file')"",""exception (crytic_compile.platform.exceptions.InvalidCompilation: Invalid solc compilation Warning: SPDX license identifier not provided in source file. Before publishing, consider adding a comment containing \""SPDX-License-Identifier: <SPDX-License>\"" to each source file. Use \""SPDX-License-Identifier: UNLICENSED\"" for non-open-source code. Please see https://spdx.org for more information.)"",exception (json.decoder.JSONDecodeError: Expecting value: line 1 column 1 (char 0))}"
contracts_output/contracts_output/gemini_with_rag_contracts/5169.sol,5169.sol,slither-0.11.3,solidity,2025/09/14,20260206_1558,1770394331.001794,0.6068367958068848,1,{},{},{EXIT_CODE_1},"{""analysis unsuccessful, check output.json"",""error parsing results: file could not be opened successfully:
- method gz: ReadError('empty file')
- method bz2: ReadError('not a bzip2 file')
- method xz: ReadError('not an lzma file')
- method tar: ReadError('empty file')"",""exception (crytic_compile.platform.exceptions.InvalidCompilation: Invalid solc compilation Warning: SPDX license identifier not provided in source file. Before publishing, consider adding a comment containing \""SPDX-License-Identifier: <SPDX-License>\"" to each source file. Use \""SPDX-License-Identifier: UNLICENSED\"" for non-open-source code. Please see https://spdx.org for more information.)"",exception (json.decoder.JSONDecodeError: Expecting value: line 1 column 1 (char 0))}"
contracts_output/contracts_output/gemini_with_rag_contracts/517.sol,517.sol,slither-0.11.3,solidity,2025/09/14,20260206_1558,1770393594.7118087,0.6774697303771973,255,"{dead_code,immutable_states,missing_zero_check,naming_convention,solc_version}",{},{},{}
contracts_output/contracts_output/gemini_with_rag_contracts/5173.sol,5173.sol,slither-0.11.3,solidity,2025/09/14,20260206_1558,1770393605.4752855,0.6499147415161133,255,"{dead_code,solc_version}",{},{},{}
contracts_output/contracts_output/gemini_with_rag_contracts/5181.sol,5181.sol,slither-0.11.3,solidity,2025/09/14,20260206_1558,1770394012.336268,0.6287829875946045,1,{},{},{EXIT_CODE_1},"{""analysis unsuccessful, check output.json"",""error parsing results: file could not be opened successfully:
- method gz: ReadError('empty file')
- method bz2: ReadError('not a bzip2 file')
- method xz: ReadError('not an lzma file')
- method tar: ReadError('empty file')"",""exception (crytic_compile.platform.exceptions.InvalidCompilation: Invalid solc compilation Warning: SPDX license identifier not provided in source file. Before publishing, consider adding a comment containing \""SPDX-License-Identifier: <SPDX-License>\"" to each source file. Use \""SPDX-License-Identifier: UNLICENSED\"" for non-open-source code. Please see https://spdx.org for more information.)"",exception (json.decoder.JSONDecodeError: Expecting value: line 1 column 1 (char 0))}"
contracts_output/contracts_output/gemini_with_rag_contracts/5188.sol,5188.sol,slither-0.11.3,solidity,2025/09/14,20260206_1558,1770393564.5616875,0.6887304782867432,255,"{dead_code,immutable_states,solc_version,too_many_digits}",{},{},{}
contracts_output/contracts_output/gemini_with_rag_contracts/52.sol,52.sol,slither-0.11.3,solidity,2025/09/14,20260206_1558,1770394018.214766,0.6384775638580322,1,{},{},{EXIT_CODE_1},"{""analysis unsuccessful, check output.json"",""error parsing results: file could not be opened successfully:
- method gz: ReadError('empty file')
- method bz2: ReadError('not a bzip2 file')
- method xz: ReadError('not an lzma file')
- method tar: ReadError('empty file')"",""exception (crytic_compile.platform.exceptions.InvalidCompilation: Invalid solc compilation Warning: SPDX license identifier not provided in source file. Before publishing, consider adding a comment containing \""SPDX-License-Identifier: <SPDX-License>\"" to each source file. Use \""SPDX-License-Identifier: UNLICENSED\"" for non-open-source code. Please see https://spdx.org for more information.)"",exception (json.decoder.JSONDecodeError: Expecting value: line 1 column 1 (char 0))}"
contracts_output/contracts_output/gemini_with_rag_contracts/5200.sol,5200.sol,slither-0.11.3,solidity,2025/09/14,20260206_1558,1770394329.1296225,0.7044622898101807,255,"{dead_code,immutable_states,naming_convention,solc_version,too_many_digits}",{},{},{}
contracts_output/contracts_output/gemini_with_rag_contracts/521.sol,521.sol,slither-0.11.3,solidity,2025/09/14,20260206_1558,1770393890.4728255,0.5947027206420898,1,{},{},{EXIT_CODE_1},"{""analysis unsuccessful, check output.json"",""error parsing results: file could not be opened successfully:
- method gz: ReadError('empty file')
- method bz2: ReadError('not a bzip2 file')
- method xz: ReadError('not an lzma file')
- method tar: ReadError('empty file')"",""exception (crytic_compile.platform.exceptions.InvalidCompilation: Invalid solc compilation Warning: SPDX license identifier not provided in source file. Before publishing, consider adding a comment containing \""SPDX-License-Identifier: <SPDX-License>\"" to each source file. Use \""SPDX-License-Identifier: UNLICENSED\"" for non-open-source code. Please see https://spdx.org for more information.)"",exception (json.decoder.JSONDecodeError: Expecting value: line 1 column 1 (char 0))}"
contracts_output/contracts_output/gemini_with_rag_contracts/5228.sol,5228.sol,slither-0.11.3,solidity,2025/09/14,20260206_1558,1770393624.1087186,0.6603410243988037,1,{},{},{EXIT_CODE_1},"{""analysis unsuccessful, check output.json"",""error parsing results: file could not be opened successfully:
- method gz: ReadError('empty file')
- method bz2: ReadError('not a bzip2 file')
- method xz: ReadError('not an lzma file')
- method tar: ReadError('empty file')"",""exception (crytic_compile.platform.exceptions.InvalidCompilation: Invalid solc compilation Warning: SPDX license identifier not provided in source file. Before publishing, consider adding a comment containing \""SPDX-License-Identifier: <SPDX-License>\"" to each source file. Use \""SPDX-License-Identifier: UNLICENSED\"" for non-open-source code. Please see https://spdx.org for more information.)"",exception (json.decoder.JSONDecodeError: Expecting value: line 1 column 1 (char 0))}"
contracts_output/contracts_output/gemini_with_rag_contracts/5253.sol,5253.sol,slither-0.11.3,solidity,2025/09/14,20260206_1558,1770394124.5320356,0.6224935054779053,1,{},{},{EXIT_CODE_1},"{""analysis unsuccessful, check output.json"",""error parsing results: file could not be opened successfully:
- method gz: ReadError('empty file')
- method bz2: ReadError('not a bzip2 file')
- method xz: ReadError('not an lzma file')
- method tar: ReadError('empty file')"",""exception (crytic_compile.platform.exceptions.InvalidCompilation: Invalid solc compilation Warning: SPDX license identifier not provided in source file. Before publishing, consider adding a comment containing \""SPDX-License-Identifier: <SPDX-License>\"" to each source file. Use \""SPDX-License-Identifier: UNLICENSED\"" for non-open-source code. Please see https://spdx.org for more information.)"",exception (json.decoder.JSONDecodeError: Expecting value: line 1 column 1 (char 0))}"
contracts_output/contracts_output/gemini_with_rag_contracts/527.sol,527.sol,slither-0.11.3,solidity,2025/09/14,20260206_1558,1770394230.912376,0.7791621685028076,255,"{dead_code,immutable_states,naming_convention,solc_version}",{},{},{}
contracts_output/contracts_output/gemini_with_rag_contracts/5294.sol,5294.sol,slither-0.11.3,solidity,2025/09/14,20260206_1558,1770393741.224878,0.6172254085540771,1,{},{},{EXIT_CODE_1},"{""analysis unsuccessful, check output.json"",""error parsing results: file could not be opened successfully:
- method gz: ReadError('empty file')
- method bz2: ReadError('not a bzip2 file')
- method xz: ReadError('not an lzma file')
- method tar: ReadError('empty file')"",""exception (crytic_compile.platform.exceptions.InvalidCompilation: Invalid solc compilation Warning: SPDX license identifier not provided in source file. Before publishing, consider adding a comment containing \""SPDX-License-Identifier: <SPDX-License>\"" to each source file. Use \""SPDX-License-Identifier: UNLICENSED\"" for non-open-source code. Please see https://spdx.org for more information.)"",exception (json.decoder.JSONDecodeError: Expecting value: line 1 column 1 (char 0))}"
contracts_output/contracts_output/gemini_with_rag_contracts/5296.sol,5296.sol,slither-0.11.3,solidity,2025/09/14,20260206_1558,1770393738.647769,0.616668701171875,255,"{dead_code,immutable_states,solc_version,too_many_digits}",{},{},{}
contracts_output/contracts_output/gemini_with_rag_contracts/5300.sol,5300.sol,slither-0.11.3,solidity,2025/09/14,20260206_1558,1770394269.4438608,0.6767423152923584,255,"{dead_code,immutable_states,missing_zero_check,naming_convention,solc_version}",{},{},{}
contracts_output/contracts_output/gemini_with_rag_contracts/5313.sol,5313.sol,slither-0.11.3,solidity,2025/09/14,20260206_1558,1770394043.6828496,0.7115395069122314,1,{},{},{EXIT_CODE_1},"{""analysis unsuccessful, check output.json"",""error parsing results: file could not be opened successfully:
- method gz: ReadError('empty file')
- method bz2: ReadError('not a bzip2 file')
- method xz: ReadError('not an lzma file')
- method tar: ReadError('empty file')"",""exception (crytic_compile.platform.exceptions.InvalidCompilation: Invalid solc compilation Warning: SPDX license identifier not provided in source file. Before publishing, consider adding a comment containing \""SPDX-License-Identifier: <SPDX-License>\"" to each source file. Use \""SPDX-License-Identifier: UNLICENSED\"" for non-open-source code. Please see https://spdx.org for more information.)"",exception (json.decoder.JSONDecodeError: Expecting value: line 1 column 1 (char 0))}"
contracts_output/contracts_output/gemini_with_rag_contracts/5314.sol,5314.sol,slither-0.11.3,solidity,2025/09/14,20260206_1558,1770393630.7946968,0.6727592945098877,255,"{dead_code,naming_convention,solc_version}",{},{},{}
contracts_output/contracts_output/gemini_with_rag_contracts/5346.sol,5346.sol,slither-0.11.3,solidity,2025/09/14,20260206_1558,1770394245.9528663,0.6118261814117432,1,{},{},{EXIT_CODE_1},"{""analysis unsuccessful, check output.json"",""error parsing results: file could not be opened successfully:
- method gz: ReadError('empty file')
- method bz2: ReadError('not a bzip2 file')
- method xz: ReadError('not an lzma file')
- method tar: ReadError('empty file')"",""exception (crytic_compile.platform.exceptions.InvalidCompilation: Invalid solc compilation Warning: SPDX license identifier not provided in source file. Before publishing, consider adding a comment containing \""SPDX-License-Identifier: <SPDX-License>\"" to each source file. Use \""SPDX-License-Identifier: UNLICENSED\"" for non-open-source code. Please see https://spdx.org for more information.)"",exception (json.decoder.JSONDecodeError: Expecting value: line 1 column 1 (char 0))}"
contracts_output/contracts_output/gemini_with_rag_contracts/5392.sol,5392.sol,slither-0.11.3,solidity,2025/09/14,20260206_1558,1770393681.2892625,0.7201752662658691,1,{},{},{EXIT_CODE_1},"{""analysis unsuccessful, check output.json"",""error parsing results: file could not be opened successfully:
- method gz: ReadError('empty file')
- method bz2: ReadError('not a bzip2 file')
- method xz: ReadError('not an lzma file')
- method tar: ReadError('empty file')"",""exception (crytic_compile.platform.exceptions.InvalidCompilation: Invalid solc compilation Warning: SPDX license identifier not provided in source file. Before publishing, consider adding a comment containing \""SPDX-License-Identifier: <SPDX-License>\"" to each source file. Use \""SPDX-License-Identifier: UNLICENSED\"" for non-open-source code. Please see https://spdx.org for more information.)"",exception (json.decoder.JSONDecodeError: Expecting value: line 1 column 1 (char 0))}"
contracts_output/contracts_output/gemini_with_rag_contracts/5397.sol,5397.sol,slither-0.11.3,solidity,2025/09/14,20260206_1558,1770394158.3560624,0.7283504009246826,255,"{dead_code,immutable_states,missing_zero_check,naming_convention,solc_version,timestamp}",{},{},{}
contracts_output/contracts_output/gemini_with_rag_contracts/5406.sol,5406.sol,slither-0.11.3,solidity,2025/09/14,20260206_1558,1770393640.3375998,0.6534957885742188,1,{},{},{EXIT_CODE_1},"{""analysis unsuccessful, check output.json"",""error parsing results: file could not be opened successfully:
- method gz: ReadError('empty file')
- method bz2: ReadError('not a bzip2 file')
- method xz: ReadError('not an lzma file')
- method tar: ReadError('empty file')"",""exception (crytic_compile.platform.exceptions.InvalidCompilation: Invalid solc compilation Warning: SPDX license identifier not provided in source file. Before publishing, consider adding a comment containing \""SPDX-License-Identifier: <SPDX-License>\"" to each source file. Use \""SPDX-License-Identifier: UNLICENSED\"" for non-open-source code. Please see https://spdx.org for more information.)"",exception (json.decoder.JSONDecodeError: Expecting value: line 1 column 1 (char 0))}"
contracts_output/contracts_output/gemini_with_rag_contracts/5414.sol,5414.sol,slither-0.11.3,solidity,2025/09/14,20260206_1558,1770394094.1393242,0.6339948177337646,1,{},{},{EXIT_CODE_1},"{""analysis unsuccessful, check output.json"",""error parsing results: file could not be opened successfully:
- method gz: ReadError('empty file')
- method bz2: ReadError('not a bzip2 file')
- method xz: ReadError('not an lzma file')
- method tar: ReadError('empty file')"",""exception (crytic_compile.platform.exceptions.InvalidCompilation: Invalid solc compilation Error: Function, variable, struct or modifier declaration expected.)"",exception (json.decoder.JSONDecodeError: Expecting value: line 1 column 1 (char 0))}"
contracts_output/contracts_output/gemini_with_rag_contracts/5432.sol,5432.sol,slither-0.11.3,solidity,2025/09/14,20260206_1558,1770393981.2031853,1.175351858139038,255,"{dead_code,solc_version}",{},{},{}
contracts_output/contracts_output/gemini_with_rag_contracts/5444.sol,5444.sol,slither-0.11.3,solidity,2025/09/14,20260206_1558,1770393846.1076849,0.7270581722259521,255,{solc_version},{},{},{}
contracts_output/contracts_output/gemini_with_rag_contracts/5459.sol,5459.sol,slither-0.11.3,solidity,2025/09/14,20260206_1558,1770393625.2876322,0.589061975479126,1,{},{},{EXIT_CODE_1},"{""analysis unsuccessful, check output.json"",""error parsing results: file could not be opened successfully:
- method gz: ReadError('empty file')
- method bz2: ReadError('not a bzip2 file')
- method xz: ReadError('not an lzma file')
- method tar: ReadError('empty file')"",""exception (crytic_compile.platform.exceptions.InvalidCompilation: Invalid solc compilation Warning: SPDX license identifier not provided in source file. Before publishing, consider adding a comment containing \""SPDX-License-Identifier: <SPDX-License>\"" to each source file. Use \""SPDX-License-Identifier: UNLICENSED\"" for non-open-source code. Please see https://spdx.org for more information.)"",exception (json.decoder.JSONDecodeError: Expecting value: line 1 column 1 (char 0))}"
contracts_output/contracts_output/gemini_with_rag_contracts/5466.sol,5466.sol,slither-0.11.3,solidity,2025/09/14,20260206_1558,1770393623.9832673,0.618133544921875,1,{},{},{EXIT_CODE_1},"{""analysis unsuccessful, check output.json"",""error parsing results: file could not be opened successfully:
- method gz: ReadError('empty file')
- method bz2: ReadError('not a bzip2 file')
- method xz: ReadError('not an lzma file')
- method tar: ReadError('empty file')"",""exception (crytic_compile.platform.exceptions.InvalidCompilation: Invalid solc compilation Warning: SPDX license identifier not provided in source file. Before publishing, consider adding a comment containing \""SPDX-License-Identifier: <SPDX-License>\"" to each source file. Use \""SPDX-License-Identifier: UNLICENSED\"" for non-open-source code. Please see https://spdx.org for more information.)"",exception (json.decoder.JSONDecodeError: Expecting value: line 1 column 1 (char 0))}"
contracts_output/contracts_output/gemini_with_rag_contracts/5478.sol,5478.sol,slither-0.11.3,solidity,2025/09/14,20260206_1558,1770393759.590004,0.711615800857544,255,"{dead_code,immutable_states,naming_convention,solc_version,too_many_digits}",{},{},{}
contracts_output/contracts_output/gemini_with_rag_contracts/5480.sol,5480.sol,slither-0.11.3,solidity,2025/09/14,20260206_1558,1770394212.4710884,0.6306324005126953,1,{},{},{EXIT_CODE_1},"{""analysis unsuccessful, check output.json"",""error parsing results: file could not be opened successfully:
- method gz: ReadError('empty file')
- method bz2: ReadError('not a bzip2 file')
- method xz: ReadError('not an lzma file')
- method tar: ReadError('empty file')"",""exception (crytic_compile.platform.exceptions.InvalidCompilation: Invalid solc compilation Error: Function, variable, struct or modifier declaration expected.)"",exception (json.decoder.JSONDecodeError: Expecting value: line 1 column 1 (char 0))}"
contracts_output/contracts_output/gemini_with_rag_contracts/5481.sol,5481.sol,slither-0.11.3,solidity,2025/09/14,20260206_1558,1770393550.901424,0.6598587036132812,1,{},{},{EXIT_CODE_1},"{""analysis unsuccessful, check output.json"",""error parsing results: file could not be opened successfully:
- method gz: ReadError('empty file')
- method bz2: ReadError('not a bzip2 file')
- method xz: ReadError('not an lzma file')
- method tar: ReadError('empty file')"",""exception (crytic_compile.platform.exceptions.InvalidCompilation: Invalid solc compilation Warning: SPDX license identifier not provided in source file. Before publishing, consider adding a comment containing \""SPDX-License-Identifier: <SPDX-License>\"" to each source file. Use \""SPDX-License-Identifier: UNLICENSED\"" for non-open-source code. Please see https://spdx.org for more information.)"",exception (json.decoder.JSONDecodeError: Expecting value: line 1 column 1 (char 0))}"
contracts_output/contracts_output/gemini_with_rag_contracts/5497.sol,5497.sol,slither-0.11.3,solidity,2025/09/14,20260206_1558,1770393699.3098774,0.6656615734100342,1,{},{},{EXIT_CODE_1},"{""analysis unsuccessful, check output.json"",""error parsing results: file could not be opened successfully:
- method gz: ReadError('empty file')
- method bz2: ReadError('not a bzip2 file')
- method xz: ReadError('not an lzma file')
- method tar: ReadError('empty file')"",""exception (crytic_compile.platform.exceptions.InvalidCompilation: Invalid solc compilation Warning: SPDX license identifier not provided in source file. Before publishing, consider adding a comment containing \""SPDX-License-Identifier: <SPDX-License>\"" to each source file. Use \""SPDX-License-Identifier: UNLICENSED\"" for non-open-source code. Please see https://spdx.org for more information.)"",exception (json.decoder.JSONDecodeError: Expecting value: line 1 column 1 (char 0))}"
contracts_output/contracts_output/gemini_with_rag_contracts/5500.sol,5500.sol,slither-0.11.3,solidity,2025/09/14,20260206_1558,1770393728.2929604,0.6955347061157227,255,"{dead_code,immutable_states,naming_convention,solc_version,too_many_digits}",{},{},{}
contracts_output/contracts_output/gemini_with_rag_contracts/5527.sol,5527.sol,slither-0.11.3,solidity,2025/09/14,20260206_1558,1770393595.9964046,0.7996141910552979,255,"{dead_code,divide_before_multiply,naming_convention,solc_version,timestamp}",{},{},{}
contracts_output/contracts_output/gemini_with_rag_contracts/5531.sol,5531.sol,slither-0.11.3,solidity,2025/09/14,20260206_1558,1770393940.4826033,0.6979007720947266,255,"{dead_code,naming_convention,solc_version}",{},{},{}
contracts_output/contracts_output/gemini_with_rag_contracts/5534.sol,5534.sol,slither-0.11.3,solidity,2025/09/14,20260206_1558,1770393822.4916446,0.6843085289001465,255,"{dead_code,naming_convention,solc_version}",{},{},{}
contracts_output/contracts_output/gemini_with_rag_contracts/5542.sol,5542.sol,slither-0.11.3,solidity,2025/09/14,20260206_1558,1770393753.490283,0.7102458477020264,255,"{immutable_states,reentrancy_events,solc_version}",{},{},{}
contracts_output/contracts_output/gemini_with_rag_contracts/5584.sol,5584.sol,slither-0.11.3,solidity,2025/09/14,20260206_1558,1770393529.925004,0.6583836078643799,1,{},{},{EXIT_CODE_1},"{""analysis unsuccessful, check output.json"",""error parsing results: file could not be opened successfully:
- method gz: ReadError('empty file')
- method bz2: ReadError('not a bzip2 file')
- method xz: ReadError('not an lzma file')
- method tar: ReadError('empty file')"",""exception (crytic_compile.platform.exceptions.InvalidCompilation: Invalid solc compilation Warning: SPDX license identifier not provided in source file. Before publishing, consider adding a comment containing \""SPDX-License-Identifier: <SPDX-License>\"" to each source file. Use \""SPDX-License-Identifier: UNLICENSED\"" for non-open-source code. Please see https://spdx.org for more information.)"",exception (json.decoder.JSONDecodeError: Expecting value: line 1 column 1 (char 0))}"
contracts_output/contracts_output/gemini_with_rag_contracts/5602.sol,5602.sol,slither-0.11.3,solidity,2025/09/14,20260206_1558,1770393928.7191498,0.6317365169525146,1,{},{},{EXIT_CODE_1},"{""analysis unsuccessful, check output.json"",""error parsing results: file could not be opened successfully:
- method gz: ReadError('empty file')
- method bz2: ReadError('not a bzip2 file')
- method xz: ReadError('not an lzma file')
- method tar: ReadError('empty file')"",""exception (crytic_compile.platform.exceptions.InvalidCompilation: Invalid solc compilation Warning: SPDX license identifier not provided in source file. Before publishing, consider adding a comment containing \""SPDX-License-Identifier: <SPDX-License>\"" to each source file. Use \""SPDX-License-Identifier: UNLICENSED\"" for non-open-source code. Please see https://spdx.org for more information.)"",exception (json.decoder.JSONDecodeError: Expecting value: line 1 column 1 (char 0))}"
contracts_output/contracts_output/gemini_with_rag_contracts/5609.sol,5609.sol,slither-0.11.3,solidity,2025/09/14,20260206_1558,1770394256.7643628,0.6344833374023438,1,{},{},{EXIT_CODE_1},"{""analysis unsuccessful, check output.json"",""error parsing results: file could not be opened successfully:
- method gz: ReadError('empty file')
- method bz2: ReadError('not a bzip2 file')
- method xz: ReadError('not an lzma file')
- method tar: ReadError('empty file')"",""exception (crytic_compile.platform.exceptions.InvalidCompilation: Invalid solc compilation Warning: SPDX license identifier not provided in source file. Before publishing, consider adding a comment containing \""SPDX-License-Identifier: <SPDX-License>\"" to each source file. Use \""SPDX-License-Identifier: UNLICENSED\"" for non-open-source code. Please see https://spdx.org for more information.)"",exception (json.decoder.JSONDecodeError: Expecting value: line 1 column 1 (char 0))}"
contracts_output/contracts_output/gemini_with_rag_contracts/5627.sol,5627.sol,slither-0.11.3,solidity,2025/09/14,20260206_1558,1770393729.332816,0.6030564308166504,1,{},{},{EXIT_CODE_1},"{""analysis unsuccessful, check output.json"",""error parsing results: file could not be opened successfully:
- method gz: ReadError('empty file')
- method bz2: ReadError('not a bzip2 file')
- method xz: ReadError('not an lzma file')
- method tar: ReadError('empty file')"",""exception (crytic_compile.platform.exceptions.InvalidCompilation: Invalid solc compilation Warning: SPDX license identifier not provided in source file. Before publishing, consider adding a comment containing \""SPDX-License-Identifier: <SPDX-License>\"" to each source file. Use \""SPDX-License-Identifier: UNLICENSED\"" for non-open-source code. Please see https://spdx.org for more information.)"",exception (json.decoder.JSONDecodeError: Expecting value: line 1 column 1 (char 0))}"
contracts_output/contracts_output/gemini_with_rag_contracts/5639.sol,5639.sol,slither-0.11.3,solidity,2025/09/14,20260206_1558,1770394041.7580757,0.6467387676239014,1,{},{},{EXIT_CODE_1},"{""analysis unsuccessful, check output.json"",""error parsing results: file could not be opened successfully:
- method gz: ReadError('empty file')
- method bz2: ReadError('not a bzip2 file')
- method xz: ReadError('not an lzma file')
- method tar: ReadError('empty file')"",""exception (crytic_compile.platform.exceptions.InvalidCompilation: Invalid solc compilation Warning: SPDX license identifier not provided in source file. Before publishing, consider adding a comment containing \""SPDX-License-Identifier: <SPDX-License>\"" to each source file. Use \""SPDX-License-Identifier: UNLICENSED\"" for non-open-source code. Please see https://spdx.org for more information.)"",exception (json.decoder.JSONDecodeError: Expecting value: line 1 column 1 (char 0))}"
contracts_output/contracts_output/gemini_with_rag_contracts/5641.sol,5641.sol,slither-0.11.3,solidity,2025/09/14,20260206_1558,1770394059.8551736,0.6237480640411377,1,{},{},{EXIT_CODE_1},"{""analysis unsuccessful, check output.json"",""error parsing results: file could not be opened successfully:
- method gz: ReadError('empty file')
- method bz2: ReadError('not a bzip2 file')
- method xz: ReadError('not an lzma file')
- method tar: ReadError('empty file')"",""exception (crytic_compile.platform.exceptions.InvalidCompilation: Invalid solc compilation Warning: SPDX license identifier not provided in source file. Before publishing, consider adding a comment containing \""SPDX-License-Identifier: <SPDX-License>\"" to each source file. Use \""SPDX-License-Identifier: UNLICENSED\"" for non-open-source code. Please see https://spdx.org for more information.)"",exception (json.decoder.JSONDecodeError: Expecting value: line 1 column 1 (char 0))}"
contracts_output/contracts_output/gemini_with_rag_contracts/5648.sol,5648.sol,slither-0.11.3,solidity,2025/09/14,20260206_1558,1770393844.9506571,0.70465087890625,255,"{dead_code,solc_version}",{},{},{}
contracts_output/contracts_output/gemini_with_rag_contracts/565.sol,565.sol,slither-0.11.3,solidity,2025/09/14,20260206_1558,1770393717.7263253,0.7556493282318115,255,"{dead_code,naming_convention,solc_version}",{},{},{}
contracts_output/contracts_output/gemini_with_rag_contracts/5667.sol,5667.sol,slither-0.11.3,solidity,2025/09/14,20260206_1558,1770393515.1766372,0.6743054389953613,255,"{dead_code,naming_convention,solc_version}",{},{},{}
contracts_output/contracts_output/gemini_with_rag_contracts/5679.sol,5679.sol,slither-0.11.3,solidity,2025/09/14,20260206_1558,1770393763.205101,0.6588015556335449,255,"{dead_code,events_access,missing_zero_check,naming_convention,solc_version}",{},{},{}
contracts_output/contracts_output/gemini_with_rag_contracts/5691.sol,5691.sol,slither-0.11.3,solidity,2025/09/14,20260206_1558,1770394243.1590574,0.6116273403167725,1,{},{},{EXIT_CODE_1},"{""analysis unsuccessful, check output.json"",""error parsing results: file could not be opened successfully:
- method gz: ReadError('empty file')
- method bz2: ReadError('not a bzip2 file')
- method xz: ReadError('not an lzma file')
- method tar: ReadError('empty file')"",""exception (crytic_compile.platform.exceptions.InvalidCompilation: Invalid solc compilation Warning: SPDX license identifier not provided in source file. Before publishing, consider adding a comment containing \""SPDX-License-Identifier: <SPDX-License>\"" to each source file. Use \""SPDX-License-Identifier: UNLICENSED\"" for non-open-source code. Please see https://spdx.org for more information.)"",exception (json.decoder.JSONDecodeError: Expecting value: line 1 column 1 (char 0))}"
contracts_output/contracts_output/gemini_with_rag_contracts/5701.sol,5701.sol,slither-0.11.3,solidity,2025/09/14,20260206_1558,1770394227.2185843,0.7612123489379883,255,"{dead_code,immutable_states,solc_version,too_many_digits}",{},{},{}
contracts_output/contracts_output/gemini_with_rag_contracts/5707.sol,5707.sol,slither-0.11.3,solidity,2025/09/14,20260206_1558,1770393535.2991614,0.5908217430114746,1,{},{},{EXIT_CODE_1},"{""analysis unsuccessful, check output.json"",""error parsing results: file could not be opened successfully:
- method gz: ReadError('empty file')
- method bz2: ReadError('not a bzip2 file')
- method xz: ReadError('not an lzma file')
- method tar: ReadError('empty file')"",""exception (crytic_compile.platform.exceptions.InvalidCompilation: Invalid solc compilation Warning: SPDX license identifier not provided in source file. Before publishing, consider adding a comment containing \""SPDX-License-Identifier: <SPDX-License>\"" to each source file. Use \""SPDX-License-Identifier: UNLICENSED\"" for non-open-source code. Please see https://spdx.org for more information.)"",exception (json.decoder.JSONDecodeError: Expecting value: line 1 column 1 (char 0))}"
contracts_output/contracts_output/gemini_with_rag_contracts/5732.sol,5732.sol,slither-0.11.3,solidity,2025/09/14,20260206_1558,1770393794.062348,0.6523761749267578,1,{},{},{EXIT_CODE_1},"{""analysis unsuccessful, check output.json"",""error parsing results: file could not be opened successfully:
- method gz: ReadError('empty file')
- method bz2: ReadError('not a bzip2 file')
- method xz: ReadError('not an lzma file')
- method tar: ReadError('empty file')"",""exception (crytic_compile.platform.exceptions.InvalidCompilation: Invalid solc compilation Warning: SPDX license identifier not provided in source file. Before publishing, consider adding a comment containing \""SPDX-License-Identifier: <SPDX-License>\"" to each source file. Use \""SPDX-License-Identifier: UNLICENSED\"" for non-open-source code. Please see https://spdx.org for more information.)"",exception (json.decoder.JSONDecodeError: Expecting value: line 1 column 1 (char 0))}"
contracts_output/contracts_output/gemini_with_rag_contracts/5733.sol,5733.sol,slither-0.11.3,solidity,2025/09/14,20260206_1558,1770394093.7084672,0.680696964263916,255,"{assembly,dead_code,immutable_states,naming_convention,solc_version,too_many_digits}",{},{},{}
contracts_output/contracts_output/gemini_with_rag_contracts/5740.sol,5740.sol,slither-0.11.3,solidity,2025/09/14,20260206_1558,1770394207.4712622,0.6276566982269287,1,{},{},{EXIT_CODE_1},"{""analysis unsuccessful, check output.json"",""error parsing results: file could not be opened successfully:
- method gz: ReadError('empty file')
- method bz2: ReadError('not a bzip2 file')
- method xz: ReadError('not an lzma file')
- method tar: ReadError('empty file')"",""exception (crytic_compile.platform.exceptions.InvalidCompilation: Invalid solc compilation Warning: SPDX license identifier not provided in source file. Before publishing, consider adding a comment containing \""SPDX-License-Identifier: <SPDX-License>\"" to each source file. Use \""SPDX-License-Identifier: UNLICENSED\"" for non-open-source code. Please see https://spdx.org for more information.)"",exception (json.decoder.JSONDecodeError: Expecting value: line 1 column 1 (char 0))}"
contracts_output/contracts_output/gemini_with_rag_contracts/5759.sol,5759.sol,slither-0.11.3,solidity,2025/09/14,20260206_1558,1770394100.0050192,0.6523098945617676,1,{},{},{EXIT_CODE_1},"{""analysis unsuccessful, check output.json"",""error parsing results: file could not be opened successfully:
- method gz: ReadError('empty file')
- method bz2: ReadError('not a bzip2 file')
- method xz: ReadError('not an lzma file')
- method tar: ReadError('empty file')"",""exception (crytic_compile.platform.exceptions.InvalidCompilation: Invalid solc compilation Warning: SPDX license identifier not provided in source file. Before publishing, consider adding a comment containing \""SPDX-License-Identifier: <SPDX-License>\"" to each source file. Use \""SPDX-License-Identifier: UNLICENSED\"" for non-open-source code. Please see https://spdx.org for more information.)"",exception (json.decoder.JSONDecodeError: Expecting value: line 1 column 1 (char 0))}"
contracts_output/contracts_output/gemini_with_rag_contracts/5765.sol,5765.sol,slither-0.11.3,solidity,2025/09/14,20260206_1558,1770394232.6723645,0.628911018371582,1,{},{},{EXIT_CODE_1},"{""analysis unsuccessful, check output.json"",""error parsing results: file could not be opened successfully:
- method gz: ReadError('empty file')
- method bz2: ReadError('not a bzip2 file')
- method xz: ReadError('not an lzma file')
- method tar: ReadError('empty file')"",""exception (crytic_compile.platform.exceptions.InvalidCompilation: Invalid solc compilation Warning: SPDX license identifier not provided in source file. Before publishing, consider adding a comment containing \""SPDX-License-Identifier: <SPDX-License>\"" to each source file. Use \""SPDX-License-Identifier: UNLICENSED\"" for non-open-source code. Please see https://spdx.org for more information.)"",exception (json.decoder.JSONDecodeError: Expecting value: line 1 column 1 (char 0))}"
contracts_output/contracts_output/gemini_with_rag_contracts/5767.sol,5767.sol,slither-0.11.3,solidity,2025/09/14,20260206_1558,1770394198.6200917,0.5768101215362549,1,{},{},{EXIT_CODE_1},"{""analysis unsuccessful, check output.json"",""error parsing results: file could not be opened successfully:
- method gz: ReadError('empty file')
- method bz2: ReadError('not a bzip2 file')
- method xz: ReadError('not an lzma file')
- method tar: ReadError('empty file')"",""exception (crytic_compile.platform.exceptions.InvalidCompilation: Invalid solc compilation Warning: SPDX license identifier not provided in source file. Before publishing, consider adding a comment containing \""SPDX-License-Identifier: <SPDX-License>\"" to each source file. Use \""SPDX-License-Identifier: UNLICENSED\"" for non-open-source code. Please see https://spdx.org for more information.)"",exception (json.decoder.JSONDecodeError: Expecting value: line 1 column 1 (char 0))}"
contracts_output/contracts_output/gemini_with_rag_contracts/5781.sol,5781.sol,slither-0.11.3,solidity,2025/09/14,20260206_1558,1770393590.3350253,0.6392197608947754,255,"{dead_code,naming_convention,shadowing_local,solc_version}",{},{},{}
contracts_output/contracts_output/gemini_with_rag_contracts/5791.sol,5791.sol,slither-0.11.3,solidity,2025/09/14,20260206_1558,1770394155.2761493,0.7039074897766113,1,{},{},{EXIT_CODE_1},"{""analysis unsuccessful, check output.json"",""error parsing results: file could not be opened successfully:
- method gz: ReadError('empty file')
- method bz2: ReadError('not a bzip2 file')
- method xz: ReadError('not an lzma file')
- method tar: ReadError('empty file')"",""exception (crytic_compile.platform.exceptions.InvalidCompilation: Invalid solc compilation Warning: SPDX license identifier not provided in source file. Before publishing, consider adding a comment containing \""SPDX-License-Identifier: <SPDX-License>\"" to each source file. Use \""SPDX-License-Identifier: UNLICENSED\"" for non-open-source code. Please see https://spdx.org for more information.)"",exception (json.decoder.JSONDecodeError: Expecting value: line 1 column 1 (char 0))}"
contracts_output/contracts_output/gemini_with_rag_contracts/5799.sol,5799.sol,slither-0.11.3,solidity,2025/09/14,20260206_1558,1770393976.072261,0.6025214195251465,1,{},{},{EXIT_CODE_1},"{""analysis unsuccessful, check output.json"",""error parsing results: file could not be opened successfully:
- method gz: ReadError('empty file')
- method bz2: ReadError('not a bzip2 file')
- method xz: ReadError('not an lzma file')
- method tar: ReadError('empty file')"",""exception (crytic_compile.platform.exceptions.InvalidCompilation: Invalid solc compilation Error: Function, variable, struct or modifier declaration expected.)"",exception (json.decoder.JSONDecodeError: Expecting value: line 1 column 1 (char 0))}"
contracts_output/contracts_output/gemini_with_rag_contracts/5800.sol,5800.sol,slither-0.11.3,solidity,2025/09/14,20260206_1558,1770393594.0548658,0.6555142402648926,255,"{dead_code,immutable_states,missing_inheritance,missing_zero_check,solc_version,timestamp}",{},{},{}
contracts_output/contracts_output/gemini_with_rag_contracts/5804.sol,5804.sol,slither-0.11.3,solidity,2025/09/14,20260206_1558,1770393960.878601,0.6727197170257568,255,"{dead_code,naming_convention,solc_version}",{},{},{}
contracts_output/contracts_output/gemini_with_rag_contracts/5822.sol,5822.sol,slither-0.11.3,solidity,2025/09/14,20260206_1558,1770394010.2896216,0.5688216686248779,1,{},{},{EXIT_CODE_1},"{""analysis unsuccessful, check output.json"",""error parsing results: file could not be opened successfully:
- method gz: ReadError('empty file')
- method bz2: ReadError('not a bzip2 file')
- method xz: ReadError('not an lzma file')
- method tar: ReadError('empty file')"",""exception (crytic_compile.platform.exceptions.InvalidCompilation: Invalid solc compilation Warning: SPDX license identifier not provided in source file. Before publishing, consider adding a comment containing \""SPDX-License-Identifier: <SPDX-License>\"" to each source file. Use \""SPDX-License-Identifier: UNLICENSED\"" for non-open-source code. Please see https://spdx.org for more information.)"",exception (json.decoder.JSONDecodeError: Expecting value: line 1 column 1 (char 0))}"
contracts_output/contracts_output/gemini_with_rag_contracts/5836.sol,5836.sol,slither-0.11.3,solidity,2025/09/14,20260206_1558,1770393889.7886014,0.6832523345947266,255,"{constable_states,dead_code,solc_version}",{},{},{}
contracts_output/contracts_output/gemini_with_rag_contracts/5894.sol,5894.sol,slither-0.11.3,solidity,2025/09/14,20260206_1558,1770394050.5423102,0.6688041687011719,255,"{dead_code,naming_convention,solc_version}",{},{},{}
contracts_output/contracts_output/gemini_with_rag_contracts/5915.sol,5915.sol,slither-0.11.3,solidity,2025/09/14,20260206_1558,1770393718.9825263,0.6427245140075684,1,{},{},{EXIT_CODE_1},"{""analysis unsuccessful, check output.json"",""error parsing results: file could not be opened successfully:
- method gz: ReadError('empty file')
- method bz2: ReadError('not a bzip2 file')
- method xz: ReadError('not an lzma file')
- method tar: ReadError('empty file')"",""exception (crytic_compile.platform.exceptions.InvalidCompilation: Invalid solc compilation Warning: SPDX license identifier not provided in source file. Before publishing, consider adding a comment containing \""SPDX-License-Identifier: <SPDX-License>\"" to each source file. Use \""SPDX-License-Identifier: UNLICENSED\"" for non-open-source code. Please see https://spdx.org for more information.)"",exception (json.decoder.JSONDecodeError: Expecting value: line 1 column 1 (char 0))}"
contracts_output/contracts_output/gemini_with_rag_contracts/5919.sol,5919.sol,slither-0.11.3,solidity,2025/09/14,20260206_1558,1770393596.4776752,0.7356421947479248,1,{},{},{EXIT_CODE_1},"{""analysis unsuccessful, check output.json"",""error parsing results: file could not be opened successfully:
- method gz: ReadError('empty file')
- method bz2: ReadError('not a bzip2 file')
- method xz: ReadError('not an lzma file')
- method tar: ReadError('empty file')"",""exception (crytic_compile.platform.exceptions.InvalidCompilation: Invalid solc compilation Warning: SPDX license identifier not provided in source file. Before publishing, consider adding a comment containing \""SPDX-License-Identifier: <SPDX-License>\"" to each source file. Use \""SPDX-License-Identifier: UNLICENSED\"" for non-open-source code. Please see https://spdx.org for more information.)"",exception (json.decoder.JSONDecodeError: Expecting value: line 1 column 1 (char 0))}"
contracts_output/contracts_output/gemini_with_rag_contracts/5921.sol,5921.sol,slither-0.11.3,solidity,2025/09/14,20260206_1558,1770394272.4433424,0.6243224143981934,1,{},{},{EXIT_CODE_1},"{""analysis unsuccessful, check output.json"",""error parsing results: file could not be opened successfully:
- method gz: ReadError('empty file')
- method bz2: ReadError('not a bzip2 file')
- method xz: ReadError('not an lzma file')
- method tar: ReadError('empty file')"",""exception (crytic_compile.platform.exceptions.InvalidCompilation: Invalid solc compilation Warning: SPDX license identifier not provided in source file. Before publishing, consider adding a comment containing \""SPDX-License-Identifier: <SPDX-License>\"" to each source file. Use \""SPDX-License-Identifier: UNLICENSED\"" for non-open-source code. Please see https://spdx.org for more information.)"",exception (json.decoder.JSONDecodeError: Expecting value: line 1 column 1 (char 0))}"
contracts_output/contracts_output/gemini_with_rag_contracts/5927.sol,5927.sol,slither-0.11.3,solidity,2025/09/14,20260206_1558,1770393572.0538847,0.7197628021240234,255,"{dead_code,solc_version}",{},{},{}
contracts_output/contracts_output/gemini_with_rag_contracts/5928.sol,5928.sol,slither-0.11.3,solidity,2025/09/14,20260206_1558,1770394229.726582,0.7883384227752686,255,"{dead_code,immutable_states,naming_convention,solc_version,too_many_digits}",{},{},{}
contracts_output/contracts_output/gemini_with_rag_contracts/5946.sol,5946.sol,slither-0.11.3,solidity,2025/09/14,20260206_1558,1770393717.8121722,0.7065737247467041,1,{},{},{EXIT_CODE_1},"{""analysis unsuccessful, check output.json"",""error parsing results: file could not be opened successfully:
- method gz: ReadError('empty file')
- method bz2: ReadError('not a bzip2 file')
- method xz: ReadError('not an lzma file')
- method tar: ReadError('empty file')"",""exception (crytic_compile.platform.exceptions.InvalidCompilation: Invalid solc compilation Warning: SPDX license identifier not provided in source file. Before publishing, consider adding a comment containing \""SPDX-License-Identifier: <SPDX-License>\"" to each source file. Use \""SPDX-License-Identifier: UNLICENSED\"" for non-open-source code. Please see https://spdx.org for more information.)"",exception (json.decoder.JSONDecodeError: Expecting value: line 1 column 1 (char 0))}"
contracts_output/contracts_output/gemini_with_rag_contracts/5952.sol,5952.sol,slither-0.11.3,solidity,2025/09/14,20260206_1558,1770394156.8267329,0.8150835037231445,255,"{dead_code,immutable_states,solc_version,too_many_digits}",{},{},{}
contracts_output/contracts_output/gemini_with_rag_contracts/5953.sol,5953.sol,slither-0.11.3,solidity,2025/09/14,20260206_1558,1770393680.6281989,0.6598105430603027,1,{},{},{EXIT_CODE_1},"{""analysis unsuccessful, check output.json"",""error parsing results: file could not be opened successfully:
- method gz: ReadError('empty file')
- method bz2: ReadError('not a bzip2 file')
- method xz: ReadError('not an lzma file')
- method tar: ReadError('empty file')"",exception (crytic_compile.platform.exceptions.InvalidCompilation: Invalid solc compilation Error: Expected identifier but got 'fallback'),exception (json.decoder.JSONDecodeError: Expecting value: line 1 column 1 (char 0))}"
contracts_output/contracts_output/gemini_with_rag_contracts/598.sol,598.sol,slither-0.11.3,solidity,2025/09/14,20260206_1558,1770394127.6252596,0.608165979385376,1,{},{},{EXIT_CODE_1},"{""analysis unsuccessful, check output.json"",""error parsing results: file could not be opened successfully:
- method gz: ReadError('empty file')
- method bz2: ReadError('not a bzip2 file')
- method xz: ReadError('not an lzma file')
- method tar: ReadError('empty file')"",""exception (crytic_compile.platform.exceptions.InvalidCompilation: Invalid solc compilation Warning: SPDX license identifier not provided in source file. Before publishing, consider adding a comment containing \""SPDX-License-Identifier: <SPDX-License>\"" to each source file. Use \""SPDX-License-Identifier: UNLICENSED\"" for non-open-source code. Please see https://spdx.org for more information.)"",exception (json.decoder.JSONDecodeError: Expecting value: line 1 column 1 (char 0))}"
contracts_output/contracts_output/gemini_with_rag_contracts/5993.sol,5993.sol,slither-0.11.3,solidity,2025/09/14,20260206_1558,1770393845.4536104,0.6533067226409912,1,{},{},{EXIT_CODE_1},"{""analysis unsuccessful, check output.json"",""error parsing results: file could not be opened successfully:
- method gz: ReadError('empty file')
- method bz2: ReadError('not a bzip2 file')
- method xz: ReadError('not an lzma file')
- method tar: ReadError('empty file')"",""exception (crytic_compile.platform.exceptions.InvalidCompilation: Invalid solc compilation Warning: SPDX license identifier not provided in source file. Before publishing, consider adding a comment containing \""SPDX-License-Identifier: <SPDX-License>\"" to each source file. Use \""SPDX-License-Identifier: UNLICENSED\"" for non-open-source code. Please see https://spdx.org for more information.)"",exception (json.decoder.JSONDecodeError: Expecting value: line 1 column 1 (char 0))}"
contracts_output/contracts_output/gemini_with_rag_contracts/6003.sol,6003.sol,slither-0.11.3,solidity,2025/09/14,20260206_1558,1770394259.4623337,0.7294125556945801,1,{},{},{EXIT_CODE_1},"{""analysis unsuccessful, check output.json"",""error parsing results: file could not be opened successfully:
- method gz: ReadError('empty file')
- method bz2: ReadError('not a bzip2 file')
- method xz: ReadError('not an lzma file')
- method tar: ReadError('empty file')"",""exception (crytic_compile.platform.exceptions.InvalidCompilation: Invalid solc compilation Warning: SPDX license identifier not provided in source file. Before publishing, consider adding a comment containing \""SPDX-License-Identifier: <SPDX-License>\"" to each source file. Use \""SPDX-License-Identifier: UNLICENSED\"" for non-open-source code. Please see https://spdx.org for more information.)"",exception (json.decoder.JSONDecodeError: Expecting value: line 1 column 1 (char 0))}"
contracts_output/contracts_output/gemini_with_rag_contracts/6025.sol,6025.sol,slither-0.11.3,solidity,2025/09/14,20260206_1558,1770394211.9345467,0.7218608856201172,1,{},{},{EXIT_CODE_1},"{""analysis unsuccessful, check output.json"",""error parsing results: file could not be opened successfully:
- method gz: ReadError('empty file')
- method bz2: ReadError('not a bzip2 file')
- method xz: ReadError('not an lzma file')
- method tar: ReadError('empty file')"",""exception (crytic_compile.platform.exceptions.InvalidCompilation: Invalid solc compilation Warning: SPDX license identifier not provided in source file. Before publishing, consider adding a comment containing \""SPDX-License-Identifier: <SPDX-License>\"" to each source file. Use \""SPDX-License-Identifier: UNLICENSED\"" for non-open-source code. Please see https://spdx.org for more information.)"",exception (json.decoder.JSONDecodeError: Expecting value: line 1 column 1 (char 0))}"
contracts_output/contracts_output/gemini_with_rag_contracts/6042.sol,6042.sol,slither-0.11.3,solidity,2025/09/14,20260206_1558,1770393767.614527,0.6448493003845215,1,{},{},{EXIT_CODE_1},"{""analysis unsuccessful, check output.json"",""error parsing results: file could not be opened successfully:
- method gz: ReadError('empty file')
- method bz2: ReadError('not a bzip2 file')
- method xz: ReadError('not an lzma file')
- method tar: ReadError('empty file')"",""exception (crytic_compile.platform.exceptions.InvalidCompilation: Invalid solc compilation Warning: SPDX license identifier not provided in source file. Before publishing, consider adding a comment containing \""SPDX-License-Identifier: <SPDX-License>\"" to each source file. Use \""SPDX-License-Identifier: UNLICENSED\"" for non-open-source code. Please see https://spdx.org for more information.)"",exception (json.decoder.JSONDecodeError: Expecting value: line 1 column 1 (char 0))}"
contracts_output/contracts_output/gemini_with_rag_contracts/6047.sol,6047.sol,slither-0.11.3,solidity,2025/09/14,20260206_1558,1770394325.5664504,0.6729836463928223,255,"{cache_array_length,dead_code,naming_convention,solc_version}",{},{},{}
contracts_output/contracts_output/gemini_with_rag_contracts/6054.sol,6054.sol,slither-0.11.3,solidity,2025/09/14,20260206_1558,1770393522.86405,0.8394722938537598,255,"{dead_code,solc_version,timestamp}",{},{},{}
contracts_output/contracts_output/gemini_with_rag_contracts/6060.sol,6060.sol,slither-0.11.3,solidity,2025/09/14,20260206_1558,1770393823.1772869,0.7451074123382568,255,"{constable_states,dead_code,immutable_states,naming_convention,solc_version,too_many_digits}",{},{},{}
contracts_output/contracts_output/gemini_with_rag_contracts/6063.sol,6063.sol,slither-0.11.3,solidity,2025/09/14,20260206_1558,1770393732.5758646,0.5822038650512695,1,{},{},{EXIT_CODE_1},"{""analysis unsuccessful, check output.json"",""error parsing results: file could not be opened successfully:
- method gz: ReadError('empty file')
- method bz2: ReadError('not a bzip2 file')
- method xz: ReadError('not an lzma file')
- method tar: ReadError('empty file')"",""exception (crytic_compile.platform.exceptions.InvalidCompilation: Invalid solc compilation Warning: SPDX license identifier not provided in source file. Before publishing, consider adding a comment containing \""SPDX-License-Identifier: <SPDX-License>\"" to each source file. Use \""SPDX-License-Identifier: UNLICENSED\"" for non-open-source code. Please see https://spdx.org for more information.)"",exception (json.decoder.JSONDecodeError: Expecting value: line 1 column 1 (char 0))}"
contracts_output/contracts_output/gemini_with_rag_contracts/609.sol,609.sol,slither-0.11.3,solidity,2025/09/14,20260206_1558,1770393793.4445338,0.617088794708252,1,{},{},{EXIT_CODE_1},"{""analysis unsuccessful, check output.json"",""error parsing results: file could not be opened successfully:
- method gz: ReadError('empty file')
- method bz2: ReadError('not a bzip2 file')
- method xz: ReadError('not an lzma file')
- method tar: ReadError('empty file')"",""exception (crytic_compile.platform.exceptions.InvalidCompilation: Invalid solc compilation Warning: SPDX license identifier not provided in source file. Before publishing, consider adding a comment containing \""SPDX-License-Identifier: <SPDX-License>\"" to each source file. Use \""SPDX-License-Identifier: UNLICENSED\"" for non-open-source code. Please see https://spdx.org for more information.)"",exception (json.decoder.JSONDecodeError: Expecting value: line 1 column 1 (char 0))}"
contracts_output/contracts_output/gemini_with_rag_contracts/6100.sol,6100.sol,slither-0.11.3,solidity,2025/09/14,20260206_1558,1770394051.2121575,0.6364092826843262,1,{},{},{EXIT_CODE_1},"{""analysis unsuccessful, check output.json"",""error parsing results: file could not be opened successfully:
- method gz: ReadError('empty file')
- method bz2: ReadError('not a bzip2 file')
- method xz: ReadError('not an lzma file')
- method tar: ReadError('empty file')"",exception (crytic_compile.platform.exceptions.InvalidCompilation: Invalid solc compilation Error: Expected primary expression.),exception (json.decoder.JSONDecodeError: Expecting value: line 1 column 1 (char 0))}"
contracts_output/contracts_output/gemini_with_rag_contracts/6110.sol,6110.sol,slither-0.11.3,solidity,2025/09/14,20260206_1558,1770393620.4266315,0.6819720268249512,255,"{dead_code,immutable_states,missing_zero_check,solc_version,timestamp}",{},{},{}
contracts_output/contracts_output/gemini_with_rag_contracts/6123.sol,6123.sol,slither-0.11.3,solidity,2025/09/14,20260206_1558,1770394051.3830302,0.6412582397460938,1,{},{},{EXIT_CODE_1},"{""analysis unsuccessful, check output.json"",""error parsing results: file could not be opened successfully:
- method gz: ReadError('empty file')
- method bz2: ReadError('not a bzip2 file')
- method xz: ReadError('not an lzma file')
- method tar: ReadError('empty file')"",""exception (crytic_compile.platform.exceptions.InvalidCompilation: Invalid solc compilation Warning: SPDX license identifier not provided in source file. Before publishing, consider adding a comment containing \""SPDX-License-Identifier: <SPDX-License>\"" to each source file. Use \""SPDX-License-Identifier: UNLICENSED\"" for non-open-source code. Please see https://spdx.org for more information.)"",exception (json.decoder.JSONDecodeError: Expecting value: line 1 column 1 (char 0))}"
contracts_output/contracts_output/gemini_with_rag_contracts/6152.sol,6152.sol,slither-0.11.3,solidity,2025/09/14,20260206_1558,1770394172.1672027,0.5982851982116699,1,{},{},{EXIT_CODE_1},"{""analysis unsuccessful, check output.json"",""error parsing results: file could not be opened successfully:
- method gz: ReadError('empty file')
- method bz2: ReadError('not a bzip2 file')
- method xz: ReadError('not an lzma file')
- method tar: ReadError('empty file')"",""exception (crytic_compile.platform.exceptions.InvalidCompilation: Invalid solc compilation Warning: SPDX license identifier not provided in source file. Before publishing, consider adding a comment containing \""SPDX-License-Identifier: <SPDX-License>\"" to each source file. Use \""SPDX-License-Identifier: UNLICENSED\"" for non-open-source code. Please see https://spdx.org for more information.)"",exception (json.decoder.JSONDecodeError: Expecting value: line 1 column 1 (char 0))}"
contracts_output/contracts_output/gemini_with_rag_contracts/6178.sol,6178.sol,slither-0.11.3,solidity,2025/09/14,20260206_1558,1770393958.6026833,0.6383757591247559,1,{},{},{EXIT_CODE_1},"{""analysis unsuccessful, check output.json"",""error parsing results: file could not be opened successfully:
- method gz: ReadError('empty file')
- method bz2: ReadError('not a bzip2 file')
- method xz: ReadError('not an lzma file')
- method tar: ReadError('empty file')"",""exception (crytic_compile.platform.exceptions.InvalidCompilation: Invalid solc compilation Error: Function, variable, struct or modifier declaration expected.)"",exception (json.decoder.JSONDecodeError: Expecting value: line 1 column 1 (char 0))}"
contracts_output/contracts_output/gemini_with_rag_contracts/6206.sol,6206.sol,slither-0.11.3,solidity,2025/09/14,20260206_1558,1770394174.5329964,0.6916804313659668,255,"{dead_code,naming_convention,solc_version}",{},{},{}
contracts_output/contracts_output/gemini_with_rag_contracts/6236.sol,6236.sol,slither-0.11.3,solidity,2025/09/14,20260206_1558,1770393546.8498049,0.6834828853607178,1,{},{},{EXIT_CODE_1},"{""analysis unsuccessful, check output.json"",""error parsing results: file could not be opened successfully:
- method gz: ReadError('empty file')
- method bz2: ReadError('not a bzip2 file')
- method xz: ReadError('not an lzma file')
- method tar: ReadError('empty file')"",""exception (crytic_compile.platform.exceptions.InvalidCompilation: Invalid solc compilation Warning: SPDX license identifier not provided in source file. Before publishing, consider adding a comment containing \""SPDX-License-Identifier: <SPDX-License>\"" to each source file. Use \""SPDX-License-Identifier: UNLICENSED\"" for non-open-source code. Please see https://spdx.org for more information.)"",exception (json.decoder.JSONDecodeError: Expecting value: line 1 column 1 (char 0))}"
contracts_output/contracts_output/gemini_with_rag_contracts/6249.sol,6249.sol,slither-0.11.3,solidity,2025/09/14,20260206_1558,1770394261.0109804,0.6885058879852295,255,"{dead_code,immutable_states,missing_zero_check,solc_version}",{},{},{}
contracts_output/contracts_output/gemini_with_rag_contracts/6260.sol,6260.sol,slither-0.11.3,solidity,2025/09/14,20260206_1558,1770393862.16465,0.6011402606964111,1,{},{},{EXIT_CODE_1},"{""analysis unsuccessful, check output.json"",""error parsing results: file could not be opened successfully:
- method gz: ReadError('empty file')
- method bz2: ReadError('not a bzip2 file')
- method xz: ReadError('not an lzma file')
- method tar: ReadError('empty file')"",""exception (crytic_compile.platform.exceptions.InvalidCompilation: Invalid solc compilation Warning: SPDX license identifier not provided in source file. Before publishing, consider adding a comment containing \""SPDX-License-Identifier: <SPDX-License>\"" to each source file. Use \""SPDX-License-Identifier: UNLICENSED\"" for non-open-source code. Please see https://spdx.org for more information.)"",exception (json.decoder.JSONDecodeError: Expecting value: line 1 column 1 (char 0))}"
contracts_output/contracts_output/gemini_with_rag_contracts/6276.sol,6276.sol,slither-0.11.3,solidity,2025/09/14,20260206_1558,1770394249.336844,0.5972027778625488,1,{},{},{EXIT_CODE_1},"{""analysis unsuccessful, check output.json"",""error parsing results: file could not be opened successfully:
- method gz: ReadError('empty file')
- method bz2: ReadError('not a bzip2 file')
- method xz: ReadError('not an lzma file')
- method tar: ReadError('empty file')"",""exception (crytic_compile.platform.exceptions.InvalidCompilation: Invalid solc compilation Warning: SPDX license identifier not provided in source file. Before publishing, consider adding a comment containing \""SPDX-License-Identifier: <SPDX-License>\"" to each source file. Use \""SPDX-License-Identifier: UNLICENSED\"" for non-open-source code. Please see https://spdx.org for more information.)"",exception (json.decoder.JSONDecodeError: Expecting value: line 1 column 1 (char 0))}"
contracts_output/contracts_output/gemini_with_rag_contracts/629.sol,629.sol,slither-0.11.3,solidity,2025/09/14,20260206_1558,1770393720.0392973,0.6903796195983887,1,{},{},{EXIT_CODE_1},"{""analysis unsuccessful, check output.json"",""error parsing results: file could not be opened successfully:
- method gz: ReadError('empty file')
- method bz2: ReadError('not a bzip2 file')
- method xz: ReadError('not an lzma file')
- method tar: ReadError('empty file')"",""exception (crytic_compile.platform.exceptions.InvalidCompilation: Invalid solc compilation Warning: SPDX license identifier not provided in source file. Before publishing, consider adding a comment containing \""SPDX-License-Identifier: <SPDX-License>\"" to each source file. Use \""SPDX-License-Identifier: UNLICENSED\"" for non-open-source code. Please see https://spdx.org for more information.)"",exception (json.decoder.JSONDecodeError: Expecting value: line 1 column 1 (char 0))}"
contracts_output/contracts_output/gemini_with_rag_contracts/6310.sol,6310.sol,slither-0.11.3,solidity,2025/09/14,20260206_1558,1770394133.9694674,0.5955548286437988,1,{},{},{EXIT_CODE_1},"{""analysis unsuccessful, check output.json"",""error parsing results: file could not be opened successfully:
- method gz: ReadError('empty file')
- method bz2: ReadError('not a bzip2 file')
- method xz: ReadError('not an lzma file')
- method tar: ReadError('empty file')"",""exception (crytic_compile.platform.exceptions.InvalidCompilation: Invalid solc compilation Warning: SPDX license identifier not provided in source file. Before publishing, consider adding a comment containing \""SPDX-License-Identifier: <SPDX-License>\"" to each source file. Use \""SPDX-License-Identifier: UNLICENSED\"" for non-open-source code. Please see https://spdx.org for more information.)"",exception (json.decoder.JSONDecodeError: Expecting value: line 1 column 1 (char 0))}"
contracts_output/contracts_output/gemini_with_rag_contracts/6311.sol,6311.sol,slither-0.11.3,solidity,2025/09/14,20260206_1558,1770393555.098293,0.593839168548584,1,{},{},{EXIT_CODE_1},"{""analysis unsuccessful, check output.json"",""error parsing results: file could not be opened successfully:
- method gz: ReadError('empty file')
- method bz2: ReadError('not a bzip2 file')
- method xz: ReadError('not an lzma file')
- method tar: ReadError('empty file')"",""exception (crytic_compile.platform.exceptions.InvalidCompilation: Invalid solc compilation Error: Function, variable, struct or modifier declaration expected.)"",exception (json.decoder.JSONDecodeError: Expecting value: line 1 column 1 (char 0))}"
contracts_output/contracts_output/gemini_with_rag_contracts/6317.sol,6317.sol,slither-0.11.3,solidity,2025/09/14,20260206_1558,1770393758.7990174,0.6086523532867432,1,{},{},{EXIT_CODE_1},"{""analysis unsuccessful, check output.json"",""error parsing results: file could not be opened successfully:
- method gz: ReadError('empty file')
- method bz2: ReadError('not a bzip2 file')
- method xz: ReadError('not an lzma file')
- method tar: ReadError('empty file')"",""exception (crytic_compile.platform.exceptions.InvalidCompilation: Invalid solc compilation Warning: SPDX license identifier not provided in source file. Before publishing, consider adding a comment containing \""SPDX-License-Identifier: <SPDX-License>\"" to each source file. Use \""SPDX-License-Identifier: UNLICENSED\"" for non-open-source code. Please see https://spdx.org for more information.)"",exception (json.decoder.JSONDecodeError: Expecting value: line 1 column 1 (char 0))}"
contracts_output/contracts_output/gemini_with_rag_contracts/6318.sol,6318.sol,slither-0.11.3,solidity,2025/09/14,20260206_1558,1770393976.6275802,0.6396586894989014,1,{},{},{EXIT_CODE_1},"{""analysis unsuccessful, check output.json"",""error parsing results: file could not be opened successfully:
- method gz: ReadError('empty file')
- method bz2: ReadError('not a bzip2 file')
- method xz: ReadError('not an lzma file')
- method tar: ReadError('empty file')"",""exception (crytic_compile.platform.exceptions.InvalidCompilation: Invalid solc compilation Warning: SPDX license identifier not provided in source file. Before publishing, consider adding a comment containing \""SPDX-License-Identifier: <SPDX-License>\"" to each source file. Use \""SPDX-License-Identifier: UNLICENSED\"" for non-open-source code. Please see https://spdx.org for more information.)"",exception (json.decoder.JSONDecodeError: Expecting value: line 1 column 1 (char 0))}"
contracts_output/contracts_output/gemini_with_rag_contracts/6330.sol,6330.sol,slither-0.11.3,solidity,2025/09/14,20260206_1558,1770394213.2646663,0.7022159099578857,255,"{dead_code,divide_before_multiply,naming_convention,solc_version}",{},{},{}
contracts_output/contracts_output/gemini_with_rag_contracts/6348.sol,6348.sol,slither-0.11.3,solidity,2025/09/14,20260206_1558,1770393981.868454,0.6322784423828125,1,{},{},{EXIT_CODE_1},"{""analysis unsuccessful, check output.json"",""error parsing results: file could not be opened successfully:
- method gz: ReadError('empty file')
- method bz2: ReadError('not a bzip2 file')
- method xz: ReadError('not an lzma file')
- method tar: ReadError('empty file')"",""exception (crytic_compile.platform.exceptions.InvalidCompilation: Invalid solc compilation Error: Expected ',' but got ';')"",exception (json.decoder.JSONDecodeError: Expecting value: line 1 column 1 (char 0))}"
contracts_output/contracts_output/gemini_with_rag_contracts/6370.sol,6370.sol,slither-0.11.3,solidity,2025/09/14,20260206_1558,1770394199.0615938,0.6905450820922852,255,"{dead_code,immutable_states,solc_version}",{},{},{}
contracts_output/contracts_output/gemini_with_rag_contracts/6381.sol,6381.sol,slither-0.11.3,solidity,2025/09/14,20260206_1558,1770393895.4463255,0.6020946502685547,1,{},{},{EXIT_CODE_1},"{""analysis unsuccessful, check output.json"",""error parsing results: file could not be opened successfully:
- method gz: ReadError('empty file')
- method bz2: ReadError('not a bzip2 file')
- method xz: ReadError('not an lzma file')
- method tar: ReadError('empty file')"",""exception (crytic_compile.platform.exceptions.InvalidCompilation: Invalid solc compilation Warning: SPDX license identifier not provided in source file. Before publishing, consider adding a comment containing \""SPDX-License-Identifier: <SPDX-License>\"" to each source file. Use \""SPDX-License-Identifier: UNLICENSED\"" for non-open-source code. Please see https://spdx.org for more information.)"",exception (json.decoder.JSONDecodeError: Expecting value: line 1 column 1 (char 0))}"
contracts_output/contracts_output/gemini_with_rag_contracts/6383.sol,6383.sol,slither-0.11.3,solidity,2025/09/14,20260206_1558,1770394224.512168,0.7208132743835449,255,"{dead_code,naming_convention,solc_version}",{},{},{}
contracts_output/contracts_output/gemini_with_rag_contracts/6386.sol,6386.sol,slither-0.11.3,solidity,2025/09/14,20260206_1558,1770394067.7771316,0.7157993316650391,255,"{dead_code,immutable_states,shadowing_local,solc_version,too_many_digits}",{},{},{}
contracts_output/contracts_output/gemini_with_rag_contracts/6399.sol,6399.sol,slither-0.11.3,solidity,2025/09/14,20260206_1558,1770393507.157963,0.8029413223266602,255,"{dead_code,solc_version}",{},{},{}
contracts_output/contracts_output/gemini_with_rag_contracts/6404.sol,6404.sol,slither-0.11.3,solidity,2025/09/14,20260206_1558,1770393658.563296,0.6041817665100098,1,{},{},{EXIT_CODE_1},"{""analysis unsuccessful, check output.json"",""error parsing results: file could not be opened successfully:
- method gz: ReadError('empty file')
- method bz2: ReadError('not a bzip2 file')
- method xz: ReadError('not an lzma file')
- method tar: ReadError('empty file')"",""exception (crytic_compile.platform.exceptions.InvalidCompilation: Invalid solc compilation Warning: SPDX license identifier not provided in source file. Before publishing, consider adding a comment containing \""SPDX-License-Identifier: <SPDX-License>\"" to each source file. Use \""SPDX-License-Identifier: UNLICENSED\"" for non-open-source code. Please see https://spdx.org for more information.)"",exception (json.decoder.JSONDecodeError: Expecting value: line 1 column 1 (char 0))}"
contracts_output/contracts_output/gemini_with_rag_contracts/6408.sol,6408.sol,slither-0.11.3,solidity,2025/09/14,20260206_1558,1770393849.0048313,0.7121763229370117,255,"{arbitrary_send_eth,dead_code,immutable_states,solc_version}",{},{},{}
contracts_output/contracts_output/gemini_with_rag_contracts/6427.sol,6427.sol,slither-0.11.3,solidity,2025/09/14,20260206_1558,1770393945.1365077,0.6058402061462402,1,{},{},{EXIT_CODE_1},"{""analysis unsuccessful, check output.json"",""error parsing results: file could not be opened successfully:
- method gz: ReadError('empty file')
- method bz2: ReadError('not a bzip2 file')
- method xz: ReadError('not an lzma file')
- method tar: ReadError('empty file')"",exception (crytic_compile.platform.exceptions.InvalidCompilation: Invalid solc compilation Error: Expected ')' but got 'public'),exception (json.decoder.JSONDecodeError: Expecting value: line 1 column 1 (char 0))}"
contracts_output/contracts_output/gemini_with_rag_contracts/6429.sol,6429.sol,slither-0.11.3,solidity,2025/09/14,20260206_1558,1770393599.9597754,0.607567310333252,1,{},{},{EXIT_CODE_1},"{""analysis unsuccessful, check output.json"",""error parsing results: file could not be opened successfully:
- method gz: ReadError('empty file')
- method bz2: ReadError('not a bzip2 file')
- method xz: ReadError('not an lzma file')
- method tar: ReadError('empty file')"",""exception (crytic_compile.platform.exceptions.InvalidCompilation: Invalid solc compilation Warning: SPDX license identifier not provided in source file. Before publishing, consider adding a comment containing \""SPDX-License-Identifier: <SPDX-License>\"" to each source file. Use \""SPDX-License-Identifier: UNLICENSED\"" for non-open-source code. Please see https://spdx.org for more information.)"",exception (json.decoder.JSONDecodeError: Expecting value: line 1 column 1 (char 0))}"
contracts_output/contracts_output/gemini_with_rag_contracts/6434.sol,6434.sol,slither-0.11.3,solidity,2025/09/14,20260206_1558,1770394229.4385664,0.6711907386779785,1,{},{},{EXIT_CODE_1},"{""analysis unsuccessful, check output.json"",""error parsing results: file could not be opened successfully:
- method gz: ReadError('empty file')
- method bz2: ReadError('not a bzip2 file')
- method xz: ReadError('not an lzma file')
- method tar: ReadError('empty file')"",""exception (crytic_compile.platform.exceptions.InvalidCompilation: Invalid solc compilation Warning: SPDX license identifier not provided in source file. Before publishing, consider adding a comment containing \""SPDX-License-Identifier: <SPDX-License>\"" to each source file. Use \""SPDX-License-Identifier: UNLICENSED\"" for non-open-source code. Please see https://spdx.org for more information.)"",exception (json.decoder.JSONDecodeError: Expecting value: line 1 column 1 (char 0))}"
contracts_output/contracts_output/gemini_with_rag_contracts/6458.sol,6458.sol,slither-0.11.3,solidity,2025/09/14,20260206_1558,1770393555.6927726,0.7030115127563477,255,"{dead_code,naming_convention,solc_version}",{},{},{}
contracts_output/contracts_output/gemini_with_rag_contracts/6503.sol,6503.sol,slither-0.11.3,solidity,2025/09/14,20260206_1558,1770393574.3856945,0.6308376789093018,255,"{dead_code,immutable_states,naming_convention,solc_version,uninitialized_state}",{},{},{}
contracts_output/contracts_output/gemini_with_rag_contracts/6513.sol,6513.sol,slither-0.11.3,solidity,2025/09/14,20260206_1558,1770394187.6516213,0.6146101951599121,1,{},{},{EXIT_CODE_1},"{""analysis unsuccessful, check output.json"",""error parsing results: file could not be opened successfully:
- method gz: ReadError('empty file')
- method bz2: ReadError('not a bzip2 file')
- method xz: ReadError('not an lzma file')
- method tar: ReadError('empty file')"",""exception (crytic_compile.platform.exceptions.InvalidCompilation: Invalid solc compilation Warning: SPDX license identifier not provided in source file. Before publishing, consider adding a comment containing \""SPDX-License-Identifier: <SPDX-License>\"" to each source file. Use \""SPDX-License-Identifier: UNLICENSED\"" for non-open-source code. Please see https://spdx.org for more information.)"",exception (json.decoder.JSONDecodeError: Expecting value: line 1 column 1 (char 0))}"
contracts_output/contracts_output/gemini_with_rag_contracts/6515.sol,6515.sol,slither-0.11.3,solidity,2025/09/14,20260206_1558,1770393759.4087193,0.6982161998748779,255,"{dead_code,solc_version}",{},{},{}
contracts_output/contracts_output/gemini_with_rag_contracts/6517.sol,6517.sol,slither-0.11.3,solidity,2025/09/14,20260206_1558,1770393722.0342598,0.6897811889648438,1,{},{},{EXIT_CODE_1},"{""analysis unsuccessful, check output.json"",""error parsing results: file could not be opened successfully:
- method gz: ReadError('empty file')
- method bz2: ReadError('not a bzip2 file')
- method xz: ReadError('not an lzma file')
- method tar: ReadError('empty file')"",exception (crytic_compile.platform.exceptions.InvalidCompilation: Invalid solc compilation Error: Expected primary expression.),exception (json.decoder.JSONDecodeError: Expecting value: line 1 column 1 (char 0))}"
contracts_output/contracts_output/gemini_with_rag_contracts/6519.sol,6519.sol,slither-0.11.3,solidity,2025/09/14,20260206_1558,1770393602.9798121,0.5865013599395752,1,{},{},{EXIT_CODE_1},"{""analysis unsuccessful, check output.json"",""error parsing results: file could not be opened successfully:
- method gz: ReadError('empty file')
- method bz2: ReadError('not a bzip2 file')
- method xz: ReadError('not an lzma file')
- method tar: ReadError('empty file')"",""exception (crytic_compile.platform.exceptions.InvalidCompilation: Invalid solc compilation Warning: SPDX license identifier not provided in source file. Before publishing, consider adding a comment containing \""SPDX-License-Identifier: <SPDX-License>\"" to each source file. Use \""SPDX-License-Identifier: UNLICENSED\"" for non-open-source code. Please see https://spdx.org for more information.)"",exception (json.decoder.JSONDecodeError: Expecting value: line 1 column 1 (char 0))}"
contracts_output/contracts_output/gemini_with_rag_contracts/6528.sol,6528.sol,slither-0.11.3,solidity,2025/09/14,20260206_1558,1770393737.353784,0.6530790328979492,255,"{dead_code,naming_convention,solc_version}",{},{},{}
contracts_output/contracts_output/gemini_with_rag_contracts/6552.sol,6552.sol,slither-0.11.3,solidity,2025/09/14,20260206_1558,1770394103.1680677,0.7092249393463135,255,"{dead_code,immutable_states,solc_version}",{},{},{}
contracts_output/contracts_output/gemini_with_rag_contracts/6562.sol,6562.sol,slither-0.11.3,solidity,2025/09/14,20260206_1558,1770394026.474334,0.7042531967163086,255,"{dead_code,immutable_states,missing_zero_check,naming_convention,shadowing_local,solc_version,too_many_digits}",{},{},{}
contracts_output/contracts_output/gemini_with_rag_contracts/6593.sol,6593.sol,slither-0.11.3,solidity,2025/09/14,20260206_1558,1770394326.2403815,0.6039645671844482,1,{},{},{EXIT_CODE_1},"{""analysis unsuccessful, check output.json"",""error parsing results: file could not be opened successfully:
- method gz: ReadError('empty file')
- method bz2: ReadError('not a bzip2 file')
- method xz: ReadError('not an lzma file')
- method tar: ReadError('empty file')"",""exception (crytic_compile.platform.exceptions.InvalidCompilation: Invalid solc compilation Warning: SPDX license identifier not provided in source file. Before publishing, consider adding a comment containing \""SPDX-License-Identifier: <SPDX-License>\"" to each source file. Use \""SPDX-License-Identifier: UNLICENSED\"" for non-open-source code. Please see https://spdx.org for more information.)"",exception (json.decoder.JSONDecodeError: Expecting value: line 1 column 1 (char 0))}"
contracts_output/contracts_output/gemini_with_rag_contracts/6613.sol,6613.sol,slither-0.11.3,solidity,2025/09/14,20260206_1558,1770393717.070698,0.6547496318817139,1,{},{},{EXIT_CODE_1},"{""analysis unsuccessful, check output.json"",""error parsing results: file could not be opened successfully:
- method gz: ReadError('empty file')
- method bz2: ReadError('not a bzip2 file')
- method xz: ReadError('not an lzma file')
- method tar: ReadError('empty file')"",""exception (crytic_compile.platform.exceptions.InvalidCompilation: Invalid solc compilation Warning: SPDX license identifier not provided in source file. Before publishing, consider adding a comment containing \""SPDX-License-Identifier: <SPDX-License>\"" to each source file. Use \""SPDX-License-Identifier: UNLICENSED\"" for non-open-source code. Please see https://spdx.org for more information.)"",exception (json.decoder.JSONDecodeError: Expecting value: line 1 column 1 (char 0))}"
contracts_output/contracts_output/gemini_with_rag_contracts/6641.sol,6641.sol,slither-0.11.3,solidity,2025/09/14,20260206_1558,1770394099.246365,0.7571718692779541,255,"{arbitrary_send_eth,calls_loop,dead_code,immutable_states,low_level_calls,naming_convention,reentrancy_events,solc_version,too_many_digits}",{},{},{}
contracts_output/contracts_output/gemini_with_rag_contracts/6644.sol,6644.sol,slither-0.11.3,solidity,2025/09/14,20260206_1558,1770393727.6415546,0.65061354637146,1,{},{},{EXIT_CODE_1},"{""analysis unsuccessful, check output.json"",""error parsing results: file could not be opened successfully:
- method gz: ReadError('empty file')
- method bz2: ReadError('not a bzip2 file')
- method xz: ReadError('not an lzma file')
- method tar: ReadError('empty file')"",""exception (crytic_compile.platform.exceptions.InvalidCompilation: Invalid solc compilation Warning: SPDX license identifier not provided in source file. Before publishing, consider adding a comment containing \""SPDX-License-Identifier: <SPDX-License>\"" to each source file. Use \""SPDX-License-Identifier: UNLICENSED\"" for non-open-source code. Please see https://spdx.org for more information.)"",exception (json.decoder.JSONDecodeError: Expecting value: line 1 column 1 (char 0))}"
contracts_output/contracts_output/gemini_with_rag_contracts/6660.sol,6660.sol,slither-0.11.3,solidity,2025/09/14,20260206_1558,1770394259.0463529,0.6601452827453613,1,{},{},{EXIT_CODE_1},"{""analysis unsuccessful, check output.json"",""error parsing results: file could not be opened successfully:
- method gz: ReadError('empty file')
- method bz2: ReadError('not a bzip2 file')
- method xz: ReadError('not an lzma file')
- method tar: ReadError('empty file')"",""exception (crytic_compile.platform.exceptions.InvalidCompilation: Invalid solc compilation Warning: SPDX license identifier not provided in source file. Before publishing, consider adding a comment containing \""SPDX-License-Identifier: <SPDX-License>\"" to each source file. Use \""SPDX-License-Identifier: UNLICENSED\"" for non-open-source code. Please see https://spdx.org for more information.)"",exception (json.decoder.JSONDecodeError: Expecting value: line 1 column 1 (char 0))}"
contracts_output/contracts_output/gemini_with_rag_contracts/6667.sol,6667.sol,slither-0.11.3,solidity,2025/09/14,20260206_1558,1770393509.8025928,0.7609930038452148,255,"{dead_code,immutable_states,incorrect_equality,solc_version,timestamp}",{},{},{}
contracts_output/contracts_output/gemini_with_rag_contracts/6671.sol,6671.sol,slither-0.11.3,solidity,2025/09/14,20260206_1558,1770393548.1453059,0.7109630107879639,1,{},{},{EXIT_CODE_1},"{""analysis unsuccessful, check output.json"",""error parsing results: file could not be opened successfully:
- method gz: ReadError('empty file')
- method bz2: ReadError('not a bzip2 file')
- method xz: ReadError('not an lzma file')
- method tar: ReadError('empty file')"",exception (crytic_compile.platform.exceptions.InvalidCompilation: Invalid solc compilation Error: Expected primary expression.),exception (json.decoder.JSONDecodeError: Expecting value: line 1 column 1 (char 0))}"
contracts_output/contracts_output/gemini_with_rag_contracts/6724.sol,6724.sol,slither-0.11.3,solidity,2025/09/14,20260206_1558,1770394231.0470495,0.7653083801269531,255,"{dead_code,naming_convention,solc_version,timestamp}",{},{},{}
contracts_output/contracts_output/gemini_with_rag_contracts/6726.sol,6726.sol,slither-0.11.3,solidity,2025/09/14,20260206_1558,1770393902.5666401,0.636831521987915,1,{},{},{EXIT_CODE_1},"{""analysis unsuccessful, check output.json"",""error parsing results: file could not be opened successfully:
- method gz: ReadError('empty file')
- method bz2: ReadError('not a bzip2 file')
- method xz: ReadError('not an lzma file')
- method tar: ReadError('empty file')"",""exception (crytic_compile.platform.exceptions.InvalidCompilation: Invalid solc compilation Warning: SPDX license identifier not provided in source file. Before publishing, consider adding a comment containing \""SPDX-License-Identifier: <SPDX-License>\"" to each source file. Use \""SPDX-License-Identifier: UNLICENSED\"" for non-open-source code. Please see https://spdx.org for more information.)"",exception (json.decoder.JSONDecodeError: Expecting value: line 1 column 1 (char 0))}"
contracts_output/contracts_output/gemini_with_rag_contracts/6728.sol,6728.sol,slither-0.11.3,solidity,2025/09/14,20260206_1558,1770393723.0241675,0.699692964553833,255,"{dead_code,naming_convention,solc_version}",{},{},{}
contracts_output/contracts_output/gemini_with_rag_contracts/6735.sol,6735.sol,slither-0.11.3,solidity,2025/09/14,20260206_1558,1770393946.8208072,0.5844111442565918,1,{},{},{EXIT_CODE_1},"{""analysis unsuccessful, check output.json"",""error parsing results: file could not be opened successfully:
- method gz: ReadError('empty file')
- method bz2: ReadError('not a bzip2 file')
- method xz: ReadError('not an lzma file')
- method tar: ReadError('empty file')"",""exception (crytic_compile.platform.exceptions.InvalidCompilation: Invalid solc compilation Warning: SPDX license identifier not provided in source file. Before publishing, consider adding a comment containing \""SPDX-License-Identifier: <SPDX-License>\"" to each source file. Use \""SPDX-License-Identifier: UNLICENSED\"" for non-open-source code. Please see https://spdx.org for more information.)"",exception (json.decoder.JSONDecodeError: Expecting value: line 1 column 1 (char 0))}"
contracts_output/contracts_output/gemini_with_rag_contracts/6751.sol,6751.sol,slither-0.11.3,solidity,2025/09/14,20260206_1558,1770393698.6101813,0.6986868381500244,255,"{dead_code,solc_version}",{},{},{}
contracts_output/contracts_output/gemini_with_rag_contracts/6764.sol,6764.sol,slither-0.11.3,solidity,2025/09/14,20260206_1558,1770393886.5184968,0.6932177543640137,1,{},{},{EXIT_CODE_1},"{""analysis unsuccessful, check output.json"",""error parsing results: file could not be opened successfully:
- method gz: ReadError('empty file')
- method bz2: ReadError('not a bzip2 file')
- method xz: ReadError('not an lzma file')
- method tar: ReadError('empty file')"",""exception (crytic_compile.platform.exceptions.InvalidCompilation: Invalid solc compilation Warning: SPDX license identifier not provided in source file. Before publishing, consider adding a comment containing \""SPDX-License-Identifier: <SPDX-License>\"" to each source file. Use \""SPDX-License-Identifier: UNLICENSED\"" for non-open-source code. Please see https://spdx.org for more information.)"",exception (json.decoder.JSONDecodeError: Expecting value: line 1 column 1 (char 0))}"
contracts_output/contracts_output/gemini_with_rag_contracts/6774.sol,6774.sol,slither-0.11.3,solidity,2025/09/14,20260206_1558,1770394124.8362193,0.6498575210571289,1,{},{},{EXIT_CODE_1},"{""analysis unsuccessful, check output.json"",""error parsing results: file could not be opened successfully:
- method gz: ReadError('empty file')
- method bz2: ReadError('not a bzip2 file')
- method xz: ReadError('not an lzma file')
- method tar: ReadError('empty file')"",""exception (crytic_compile.platform.exceptions.InvalidCompilation: Invalid solc compilation Warning: SPDX license identifier not provided in source file. Before publishing, consider adding a comment containing \""SPDX-License-Identifier: <SPDX-License>\"" to each source file. Use \""SPDX-License-Identifier: UNLICENSED\"" for non-open-source code. Please see https://spdx.org for more information.)"",exception (json.decoder.JSONDecodeError: Expecting value: line 1 column 1 (char 0))}"
contracts_output/contracts_output/gemini_with_rag_contracts/6776.sol,6776.sol,slither-0.11.3,solidity,2025/09/14,20260206_1558,1770394037.308335,0.5964994430541992,1,{},{},{EXIT_CODE_1},"{""analysis unsuccessful, check output.json"",""error parsing results: file could not be opened successfully:
- method gz: ReadError('empty file')
- method bz2: ReadError('not a bzip2 file')
- method xz: ReadError('not an lzma file')
- method tar: ReadError('empty file')"",""exception (crytic_compile.platform.exceptions.InvalidCompilation: Invalid solc compilation Warning: SPDX license identifier not provided in source file. Before publishing, consider adding a comment containing \""SPDX-License-Identifier: <SPDX-License>\"" to each source file. Use \""SPDX-License-Identifier: UNLICENSED\"" for non-open-source code. Please see https://spdx.org for more information.)"",exception (json.decoder.JSONDecodeError: Expecting value: line 1 column 1 (char 0))}"
contracts_output/contracts_output/gemini_with_rag_contracts/6786.sol,6786.sol,slither-0.11.3,solidity,2025/09/14,20260206_1558,1770393879.803508,0.623460054397583,1,{},{},{EXIT_CODE_1},"{""analysis unsuccessful, check output.json"",""error parsing results: file could not be opened successfully:
- method gz: ReadError('empty file')
- method bz2: ReadError('not a bzip2 file')
- method xz: ReadError('not an lzma file')
- method tar: ReadError('empty file')"",""exception (crytic_compile.platform.exceptions.InvalidCompilation: Invalid solc compilation Error: Function, variable, struct or modifier declaration expected.)"",exception (json.decoder.JSONDecodeError: Expecting value: line 1 column 1 (char 0))}"
contracts_output/contracts_output/gemini_with_rag_contracts/6808.sol,6808.sol,slither-0.11.3,solidity,2025/09/14,20260206_1558,1770393764.509512,0.7208278179168701,255,"{dead_code,solc_version}",{},{},{}
contracts_output/contracts_output/gemini_with_rag_contracts/6826.sol,6826.sol,slither-0.11.3,solidity,2025/09/14,20260206_1558,1770394186.3611135,0.6180689334869385,255,"{dead_code,solc_version}",{},{},{}
contracts_output/contracts_output/gemini_with_rag_contracts/6848.sol,6848.sol,slither-0.11.3,solidity,2025/09/14,20260206_1558,1770394082.0504453,0.6303822994232178,255,"{dead_code,naming_convention,solc_version}",{},{},{}
contracts_output/contracts_output/gemini_with_rag_contracts/6875.sol,6875.sol,slither-0.11.3,solidity,2025/09/14,20260206_1558,1770394029.8796473,0.5555694103240967,1,{},{},{EXIT_CODE_1},"{""analysis unsuccessful, check output.json"",""error parsing results: file could not be opened successfully:
- method gz: ReadError('empty file')
- method bz2: ReadError('not a bzip2 file')
- method xz: ReadError('not an lzma file')
- method tar: ReadError('empty file')"",""exception (crytic_compile.platform.exceptions.InvalidCompilation: Invalid solc compilation Warning: SPDX license identifier not provided in source file. Before publishing, consider adding a comment containing \""SPDX-License-Identifier: <SPDX-License>\"" to each source file. Use \""SPDX-License-Identifier: UNLICENSED\"" for non-open-source code. Please see https://spdx.org for more information.)"",exception (json.decoder.JSONDecodeError: Expecting value: line 1 column 1 (char 0))}"
contracts_output/contracts_output/gemini_with_rag_contracts/689.sol,689.sol,slither-0.11.3,solidity,2025/09/14,20260206_1558,1770393645.419184,0.6066148281097412,1,{},{},{EXIT_CODE_1},"{""analysis unsuccessful, check output.json"",""error parsing results: file could not be opened successfully:
- method gz: ReadError('empty file')
- method bz2: ReadError('not a bzip2 file')
- method xz: ReadError('not an lzma file')
- method tar: ReadError('empty file')"",""exception (crytic_compile.platform.exceptions.InvalidCompilation: Invalid solc compilation Warning: SPDX license identifier not provided in source file. Before publishing, consider adding a comment containing \""SPDX-License-Identifier: <SPDX-License>\"" to each source file. Use \""SPDX-License-Identifier: UNLICENSED\"" for non-open-source code. Please see https://spdx.org for more information.)"",exception (json.decoder.JSONDecodeError: Expecting value: line 1 column 1 (char 0))}"
contracts_output/contracts_output/gemini_with_rag_contracts/691.sol,691.sol,slither-0.11.3,solidity,2025/09/14,20260206_1558,1770393983.9213042,0.6698501110076904,255,"{dead_code,immutable_states,solc_version,too_many_digits}",{},{},{}
contracts_output/contracts_output/gemini_with_rag_contracts/694.sol,694.sol,slither-0.11.3,solidity,2025/09/14,20260206_1558,1770393775.1886725,0.5796067714691162,1,{},{},{EXIT_CODE_1},"{""analysis unsuccessful, check output.json"",""error parsing results: file could not be opened successfully:
- method gz: ReadError('empty file')
- method bz2: ReadError('not a bzip2 file')
- method xz: ReadError('not an lzma file')
- method tar: ReadError('empty file')"",""exception (crytic_compile.platform.exceptions.InvalidCompilation: Invalid solc compilation Warning: SPDX license identifier not provided in source file. Before publishing, consider adding a comment containing \""SPDX-License-Identifier: <SPDX-License>\"" to each source file. Use \""SPDX-License-Identifier: UNLICENSED\"" for non-open-source code. Please see https://spdx.org for more information.)"",exception (json.decoder.JSONDecodeError: Expecting value: line 1 column 1 (char 0))}"
contracts_output/contracts_output/gemini_with_rag_contracts/714.sol,714.sol,slither-0.11.3,solidity,2025/09/14,20260206_1558,1770394164.6582067,0.678502082824707,255,"{dead_code,erc20_interface,solc_version}",{},{},{}
contracts_output/contracts_output/gemini_with_rag_contracts/725.sol,725.sol,slither-0.11.3,solidity,2025/09/14,20260206_1558,1770394175.22559,0.6397542953491211,1,{},{},{EXIT_CODE_1},"{""analysis unsuccessful, check output.json"",""error parsing results: file could not be opened successfully:
- method gz: ReadError('empty file')
- method bz2: ReadError('not a bzip2 file')
- method xz: ReadError('not an lzma file')
- method tar: ReadError('empty file')"",""exception (crytic_compile.platform.exceptions.InvalidCompilation: Invalid solc compilation Warning: SPDX license identifier not provided in source file. Before publishing, consider adding a comment containing \""SPDX-License-Identifier: <SPDX-License>\"" to each source file. Use \""SPDX-License-Identifier: UNLICENSED\"" for non-open-source code. Please see https://spdx.org for more information.)"",exception (json.decoder.JSONDecodeError: Expecting value: line 1 column 1 (char 0))}"
contracts_output/contracts_output/gemini_with_rag_contracts/732.sol,732.sol,slither-0.11.3,solidity,2025/09/14,20260206_1558,1770394198.4010944,0.6596410274505615,1,{},{},{EXIT_CODE_1},"{""analysis unsuccessful, check output.json"",""error parsing results: file could not be opened successfully:
- method gz: ReadError('empty file')
- method bz2: ReadError('not a bzip2 file')
- method xz: ReadError('not an lzma file')
- method tar: ReadError('empty file')"",""exception (crytic_compile.platform.exceptions.InvalidCompilation: Invalid solc compilation Warning: SPDX license identifier not provided in source file. Before publishing, consider adding a comment containing \""SPDX-License-Identifier: <SPDX-License>\"" to each source file. Use \""SPDX-License-Identifier: UNLICENSED\"" for non-open-source code. Please see https://spdx.org for more information.)"",exception (json.decoder.JSONDecodeError: Expecting value: line 1 column 1 (char 0))}"
contracts_output/contracts_output/gemini_with_rag_contracts/752.sol,752.sol,slither-0.11.3,solidity,2025/09/14,20260206_1558,1770394030.4358733,0.5985903739929199,1,{},{},{EXIT_CODE_1},"{""analysis unsuccessful, check output.json"",""error parsing results: file could not be opened successfully:
- method gz: ReadError('empty file')
- method bz2: ReadError('not a bzip2 file')
- method xz: ReadError('not an lzma file')
- method tar: ReadError('empty file')"",""exception (crytic_compile.platform.exceptions.InvalidCompilation: Invalid solc compilation Warning: SPDX license identifier not provided in source file. Before publishing, consider adding a comment containing \""SPDX-License-Identifier: <SPDX-License>\"" to each source file. Use \""SPDX-License-Identifier: UNLICENSED\"" for non-open-source code. Please see https://spdx.org for more information.)"",exception (json.decoder.JSONDecodeError: Expecting value: line 1 column 1 (char 0))}"
contracts_output/contracts_output/gemini_with_rag_contracts/761.sol,761.sol,slither-0.11.3,solidity,2025/09/14,20260206_1558,1770393713.4019492,0.6855168342590332,255,"{dead_code,immutable_states,missing_zero_check,naming_convention,solc_version}",{},{},{}
contracts_output/contracts_output/gemini_with_rag_contracts/772.sol,772.sol,slither-0.11.3,solidity,2025/09/14,20260206_1558,1770393699.5628245,0.633291482925415,1,{},{},{EXIT_CODE_1},"{""analysis unsuccessful, check output.json"",""error parsing results: file could not be opened successfully:
- method gz: ReadError('empty file')
- method bz2: ReadError('not a bzip2 file')
- method xz: ReadError('not an lzma file')
- method tar: ReadError('empty file')"",""exception (crytic_compile.platform.exceptions.InvalidCompilation: Invalid solc compilation Warning: SPDX license identifier not provided in source file. Before publishing, consider adding a comment containing \""SPDX-License-Identifier: <SPDX-License>\"" to each source file. Use \""SPDX-License-Identifier: UNLICENSED\"" for non-open-source code. Please see https://spdx.org for more information.)"",exception (json.decoder.JSONDecodeError: Expecting value: line 1 column 1 (char 0))}"
contracts_output/contracts_output/gemini_with_rag_contracts/780.sol,780.sol,slither-0.11.3,solidity,2025/09/14,20260206_1558,1770393760.7826908,0.6935701370239258,255,"{dead_code,immutable_states,solc_version,too_many_digits}",{},{},{}
contracts_output/contracts_output/gemini_with_rag_contracts/79.sol,79.sol,slither-0.11.3,solidity,2025/09/14,20260206_1558,1770393636.7507231,0.6619133949279785,255,"{dead_code,erc20_interface,naming_convention,shadowing_local,solc_version}",{},{},{}
contracts_output/contracts_output/gemini_with_rag_contracts/790.sol,790.sol,slither-0.11.3,solidity,2025/09/14,20260206_1558,1770394229.8855102,0.7297236919403076,255,"{immutable_states,missing_zero_check,naming_convention,solc_version}",{},{},{}
contracts_output/contracts_output/gemini_with_rag_contracts/799.sol,799.sol,slither-0.11.3,solidity,2025/09/14,20260206_1558,1770393835.4677923,0.7742617130279541,255,"{dead_code,naming_convention,shadowing_local,solc_version}",{},{},{}
contracts_output/contracts_output/gemini_with_rag_contracts/812.sol,812.sol,slither-0.11.3,solidity,2025/09/14,20260206_1558,1770394337.4630628,0.6734936237335205,1,{},{},{EXIT_CODE_1},"{""analysis unsuccessful, check output.json"",""error parsing results: file could not be opened successfully:
- method gz: ReadError('empty file')
- method bz2: ReadError('not a bzip2 file')
- method xz: ReadError('not an lzma file')
- method tar: ReadError('empty file')"",""exception (crytic_compile.platform.exceptions.InvalidCompilation: Invalid solc compilation Warning: SPDX license identifier not provided in source file. Before publishing, consider adding a comment containing \""SPDX-License-Identifier: <SPDX-License>\"" to each source file. Use \""SPDX-License-Identifier: UNLICENSED\"" for non-open-source code. Please see https://spdx.org for more information.)"",exception (json.decoder.JSONDecodeError: Expecting value: line 1 column 1 (char 0))}"
contracts_output/contracts_output/gemini_with_rag_contracts/827.sol,827.sol,slither-0.11.3,solidity,2025/09/14,20260206_1558,1770393808.0146441,0.6219854354858398,1,{},{},{EXIT_CODE_1},"{""analysis unsuccessful, check output.json"",""error parsing results: file could not be opened successfully:
- method gz: ReadError('empty file')
- method bz2: ReadError('not a bzip2 file')
- method xz: ReadError('not an lzma file')
- method tar: ReadError('empty file')"",""exception (crytic_compile.platform.exceptions.InvalidCompilation: Invalid solc compilation Warning: SPDX license identifier not provided in source file. Before publishing, consider adding a comment containing \""SPDX-License-Identifier: <SPDX-License>\"" to each source file. Use \""SPDX-License-Identifier: UNLICENSED\"" for non-open-source code. Please see https://spdx.org for more information.)"",exception (json.decoder.JSONDecodeError: Expecting value: line 1 column 1 (char 0))}"
contracts_output/contracts_output/gemini_with_rag_contracts/86.sol,86.sol,slither-0.11.3,solidity,2025/09/14,20260206_1558,1770393702.9395554,0.620927095413208,1,{},{},{EXIT_CODE_1},"{""analysis unsuccessful, check output.json"",""error parsing results: file could not be opened successfully:
- method gz: ReadError('empty file')
- method bz2: ReadError('not a bzip2 file')
- method xz: ReadError('not an lzma file')
- method tar: ReadError('empty file')"",""exception (crytic_compile.platform.exceptions.InvalidCompilation: Invalid solc compilation Warning: SPDX license identifier not provided in source file. Before publishing, consider adding a comment containing \""SPDX-License-Identifier: <SPDX-License>\"" to each source file. Use \""SPDX-License-Identifier: UNLICENSED\"" for non-open-source code. Please see https://spdx.org for more information.)"",exception (json.decoder.JSONDecodeError: Expecting value: line 1 column 1 (char 0))}"
contracts_output/contracts_output/gemini_with_rag_contracts/868.sol,868.sol,slither-0.11.3,solidity,2025/09/14,20260206_1558,1770393849.341235,0.6312377452850342,1,{},{},{EXIT_CODE_1},"{""analysis unsuccessful, check output.json"",""error parsing results: file could not be opened successfully:
- method gz: ReadError('empty file')
- method bz2: ReadError('not a bzip2 file')
- method xz: ReadError('not an lzma file')
- method tar: ReadError('empty file')"",""exception (crytic_compile.platform.exceptions.InvalidCompilation: Invalid solc compilation Warning: SPDX license identifier not provided in source file. Before publishing, consider adding a comment containing \""SPDX-License-Identifier: <SPDX-License>\"" to each source file. Use \""SPDX-License-Identifier: UNLICENSED\"" for non-open-source code. Please see https://spdx.org for more information.)"",exception (json.decoder.JSONDecodeError: Expecting value: line 1 column 1 (char 0))}"
contracts_output/contracts_output/gemini_with_rag_contracts/876.sol,876.sol,slither-0.11.3,solidity,2025/09/14,20260206_1558,1770393929.3518257,0.6284513473510742,1,{},{},{EXIT_CODE_1},"{""analysis unsuccessful, check output.json"",""error parsing results: file could not be opened successfully:
- method gz: ReadError('empty file')
- method bz2: ReadError('not a bzip2 file')
- method xz: ReadError('not an lzma file')
- method tar: ReadError('empty file')"",""exception (crytic_compile.platform.exceptions.InvalidCompilation: Invalid solc compilation Warning: SPDX license identifier not provided in source file. Before publishing, consider adding a comment containing \""SPDX-License-Identifier: <SPDX-License>\"" to each source file. Use \""SPDX-License-Identifier: UNLICENSED\"" for non-open-source code. Please see https://spdx.org for more information.)"",exception (json.decoder.JSONDecodeError: Expecting value: line 1 column 1 (char 0))}"
contracts_output/contracts_output/gemini_with_rag_contracts/883.sol,883.sol,slither-0.11.3,solidity,2025/09/14,20260206_1558,1770394221.9004436,0.7197020053863525,255,"{costly_loop,dead_code,immutable_states,solc_version,too_many_digits,uninitialized_state}",{},{},{}
contracts_output/contracts_output/gemini_with_rag_contracts/892.sol,892.sol,slither-0.11.3,solidity,2025/09/14,20260206_1558,1770394209.8624413,0.645665168762207,1,{},{},{EXIT_CODE_1},"{""analysis unsuccessful, check output.json"",""error parsing results: file could not be opened successfully:
- method gz: ReadError('empty file')
- method bz2: ReadError('not a bzip2 file')
- method xz: ReadError('not an lzma file')
- method tar: ReadError('empty file')"",""exception (crytic_compile.platform.exceptions.InvalidCompilation: Invalid solc compilation Warning: SPDX license identifier not provided in source file. Before publishing, consider adding a comment containing \""SPDX-License-Identifier: <SPDX-License>\"" to each source file. Use \""SPDX-License-Identifier: UNLICENSED\"" for non-open-source code. Please see https://spdx.org for more information.)"",exception (json.decoder.JSONDecodeError: Expecting value: line 1 column 1 (char 0))}"
contracts_output/contracts_output/gemini_with_rag_contracts/906.sol,906.sol,slither-0.11.3,solidity,2025/09/14,20260206_1558,1770393720.1932478,0.742790699005127,255,"{dead_code,immutable_states,naming_convention,solc_version,too_many_digits}",{},{},{}
contracts_output/contracts_output/gemini_with_rag_contracts/915.sol,915.sol,slither-0.11.3,solidity,2025/09/14,20260206_1558,1770394228.2707345,0.7983036041259766,255,"{dead_code,solc_version}",{},{},{}
contracts_output/contracts_output/gemini_with_rag_contracts/949.sol,949.sol,slither-0.11.3,solidity,2025/09/14,20260206_1558,1770393761.8713403,0.7500433921813965,255,"{dead_code,naming_convention,solc_version}",{},{},{}
contracts_output/contracts_output/gemini_with_rag_contracts/963.sol,963.sol,slither-0.11.3,solidity,2025/09/14,20260206_1558,1770394125.4872108,0.6433179378509521,1,{},{},{EXIT_CODE_1},"{""analysis unsuccessful, check output.json"",""error parsing results: file could not be opened successfully:
- method gz: ReadError('empty file')
- method bz2: ReadError('not a bzip2 file')
- method xz: ReadError('not an lzma file')
- method tar: ReadError('empty file')"",""exception (crytic_compile.platform.exceptions.InvalidCompilation: Invalid solc compilation Warning: SPDX license identifier not provided in source file. Before publishing, consider adding a comment containing \""SPDX-License-Identifier: <SPDX-License>\"" to each source file. Use \""SPDX-License-Identifier: UNLICENSED\"" for non-open-source code. Please see https://spdx.org for more information.)"",exception (json.decoder.JSONDecodeError: Expecting value: line 1 column 1 (char 0))}"
contracts_output/contracts_output/gemini_with_rag_contracts/967.sol,967.sol,slither-0.11.3,solidity,2025/09/14,20260206_1558,1770394110.8318431,0.6683168411254883,255,"{cache_array_length,dead_code,solc_version}",{},{},{}
contracts_output/contracts_output/gemini_with_rag_contracts/97.sol,97.sol,slither-0.11.3,solidity,2025/09/14,20260206_1558,1770394027.7113543,0.5914914608001709,1,{},{},{EXIT_CODE_1},"{""analysis unsuccessful, check output.json"",""error parsing results: file could not be opened successfully:
- method gz: ReadError('empty file')
- method bz2: ReadError('not a bzip2 file')
- method xz: ReadError('not an lzma file')
- method tar: ReadError('empty file')"",""exception (crytic_compile.platform.exceptions.InvalidCompilation: Invalid solc compilation Warning: SPDX license identifier not provided in source file. Before publishing, consider adding a comment containing \""SPDX-License-Identifier: <SPDX-License>\"" to each source file. Use \""SPDX-License-Identifier: UNLICENSED\"" for non-open-source code. Please see https://spdx.org for more information.)"",exception (json.decoder.JSONDecodeError: Expecting value: line 1 column 1 (char 0))}"
contracts_output/contracts_output/gemini_with_rag_contracts/971.sol,971.sol,slither-0.11.3,solidity,2025/09/14,20260206_1558,1770393829.7447805,0.6420106887817383,1,{},{},{EXIT_CODE_1},"{""analysis unsuccessful, check output.json"",""error parsing results: file could not be opened successfully:
- method gz: ReadError('empty file')
- method bz2: ReadError('not a bzip2 file')
- method xz: ReadError('not an lzma file')
- method tar: ReadError('empty file')"",""exception (crytic_compile.platform.exceptions.InvalidCompilation: Invalid solc compilation Warning: SPDX license identifier not provided in source file. Before publishing, consider adding a comment containing \""SPDX-License-Identifier: <SPDX-License>\"" to each source file. Use \""SPDX-License-Identifier: UNLICENSED\"" for non-open-source code. Please see https://spdx.org for more information.)"",exception (json.decoder.JSONDecodeError: Expecting value: line 1 column 1 (char 0))}"
contracts_output/contracts_output/gemini_with_rag_contracts/1004.sol,1004.sol,smartcheck,solidity,2022/11/14,20260206_1558,1770394095.3862739,1.4276692867279053,0,"{SOLIDITY_ADDRESS_HARDCODED,SOLIDITY_PRAGMAS_VERSION,SOLIDITY_PRIVATE_MODIFIER_DONT_HIDE_DATA,SOLIDITY_UPGRADE_TO_050,SOLIDITY_VISIBILITY}",{},{},{}
contracts_output/contracts_output/gemini_with_rag_contracts/1009.sol,1009.sol,smartcheck,solidity,2022/11/14,20260206_1558,1770393825.5004823,1.502587080001831,0,"{SOLIDITY_ADDRESS_HARDCODED,SOLIDITY_PRAGMAS_VERSION,SOLIDITY_PRIVATE_MODIFIER_DONT_HIDE_DATA,SOLIDITY_UPGRADE_TO_050,SOLIDITY_VISIBILITY}",{},{},{}
contracts_output/contracts_output/gemini_with_rag_contracts/1010.sol,1010.sol,smartcheck,solidity,2022/11/14,20260206_1558,1770394097.147855,1.4084086418151855,0,"{SOLIDITY_ADDRESS_HARDCODED,SOLIDITY_FUNCTIONS_RETURNS_TYPE_AND_NO_RETURN,SOLIDITY_PRAGMAS_VERSION,SOLIDITY_PRIVATE_MODIFIER_DONT_HIDE_DATA,SOLIDITY_UPGRADE_TO_050,SOLIDITY_VISIBILITY}",{},{},{}
contracts_output/contracts_output/gemini_with_rag_contracts/1032.sol,1032.sol,smartcheck,solidity,2022/11/14,20260206_1558,1770394045.8190775,1.4010636806488037,0,"{SOLIDITY_ADDRESS_HARDCODED,SOLIDITY_PRAGMAS_VERSION,SOLIDITY_PRIVATE_MODIFIER_DONT_HIDE_DATA,SOLIDITY_UPGRADE_TO_050,SOLIDITY_VISIBILITY}",{},{},{}
contracts_output/contracts_output/gemini_with_rag_contracts/1053.sol,1053.sol,smartcheck,solidity,2022/11/14,20260206_1558,1770394132.8950698,1.3576271533966064,0,"{SOLIDITY_ADDRESS_HARDCODED,SOLIDITY_PRAGMAS_VERSION,SOLIDITY_PRIVATE_MODIFIER_DONT_HIDE_DATA,SOLIDITY_SHOULD_RETURN_STRUCT,SOLIDITY_UPGRADE_TO_050,SOLIDITY_VISIBILITY}",{},{},{}
contracts_output/contracts_output/gemini_with_rag_contracts/107.sol,107.sol,smartcheck,solidity,2022/11/14,20260206_1558,1770394210.99174,1.4785194396972656,0,"{SOLIDITY_ADDRESS_HARDCODED,SOLIDITY_PRAGMAS_VERSION,SOLIDITY_PRIVATE_MODIFIER_DONT_HIDE_DATA,SOLIDITY_UPGRADE_TO_050,SOLIDITY_VISIBILITY}",{},{},{}
contracts_output/contracts_output/gemini_with_rag_contracts/1091.sol,1091.sol,smartcheck,solidity,2022/11/14,20260206_1558,1770393555.7735822,1.3725719451904297,0,"{SOLIDITY_ADDRESS_HARDCODED,SOLIDITY_PRAGMAS_VERSION,SOLIDITY_PRIVATE_MODIFIER_DONT_HIDE_DATA,SOLIDITY_UPGRADE_TO_050,SOLIDITY_VISIBILITY}",{},{},{}
contracts_output/contracts_output/gemini_with_rag_contracts/1094.sol,1094.sol,smartcheck,solidity,2022/11/14,20260206_1558,1770394194.090444,1.4280312061309814,0,"{SOLIDITY_ADDRESS_HARDCODED,SOLIDITY_PRAGMAS_VERSION,SOLIDITY_PRIVATE_MODIFIER_DONT_HIDE_DATA,SOLIDITY_SHOULD_NOT_BE_PURE,SOLIDITY_UPGRADE_TO_050,SOLIDITY_USING_INLINE_ASSEMBLY,SOLIDITY_VISIBILITY}",{},{},{}
contracts_output/contracts_output/gemini_with_rag_contracts/110.sol,110.sol,smartcheck,solidity,2022/11/14,20260206_1558,1770393856.0943544,1.4153289794921875,0,"{SOLIDITY_ADDRESS_HARDCODED,SOLIDITY_PRAGMAS_VERSION,SOLIDITY_PRIVATE_MODIFIER_DONT_HIDE_DATA,SOLIDITY_UPGRADE_TO_050,SOLIDITY_VISIBILITY}",{},{},{}
contracts_output/contracts_output/gemini_with_rag_contracts/1111.sol,1111.sol,smartcheck,solidity,2022/11/14,20260206_1558,1770394312.3806548,1.2981650829315186,0,"{SOLIDITY_ADDRESS_HARDCODED,SOLIDITY_PRAGMAS_VERSION,SOLIDITY_VISIBILITY}",{},{},{}
contracts_output/contracts_output/gemini_with_rag_contracts/1142.sol,1142.sol,smartcheck,solidity,2022/11/14,20260206_1558,1770393606.3326743,1.3456988334655762,0,"{SOLIDITY_ADDRESS_HARDCODED,SOLIDITY_ERC20_APPROVE,SOLIDITY_PRAGMAS_VERSION,SOLIDITY_PRIVATE_MODIFIER_DONT_HIDE_DATA,SOLIDITY_UPGRADE_TO_050,SOLIDITY_VISIBILITY}",{},{},{}
contracts_output/contracts_output/gemini_with_rag_contracts/1147.sol,1147.sol,smartcheck,solidity,2022/11/14,20260206_1558,1770393574.1846495,1.351698875427246,0,"{SOLIDITY_ADDRESS_HARDCODED,SOLIDITY_PRAGMAS_VERSION,SOLIDITY_PRIVATE_MODIFIER_DONT_HIDE_DATA,SOLIDITY_UPGRADE_TO_050,SOLIDITY_VISIBILITY}",{},{},{}
contracts_output/contracts_output/gemini_with_rag_contracts/1148.sol,1148.sol,smartcheck,solidity,2022/11/14,20260206_1558,1770394034.9563422,1.3354511260986328,0,"{SOLIDITY_ADDRESS_HARDCODED,SOLIDITY_DEPRECATED_CONSTRUCTIONS,SOLIDITY_PRAGMAS_VERSION,SOLIDITY_PRIVATE_MODIFIER_DONT_HIDE_DATA,SOLIDITY_UPGRADE_TO_050,SOLIDITY_VISIBILITY}",{},{},{}
contracts_output/contracts_output/gemini_with_rag_contracts/1160.sol,1160.sol,smartcheck,solidity,2022/11/14,20260206_1558,1770393595.3902025,1.407447099685669,0,"{SOLIDITY_ADDRESS_HARDCODED,SOLIDITY_OVERPOWERED_ROLE,SOLIDITY_PRAGMAS_VERSION,SOLIDITY_PRIVATE_MODIFIER_DONT_HIDE_DATA,SOLIDITY_UPGRADE_TO_050,SOLIDITY_VISIBILITY}",{},{},{}
contracts_output/contracts_output/gemini_with_rag_contracts/1164.sol,1164.sol,smartcheck,solidity,2022/11/14,20260206_1558,1770393934.8683522,1.3672912120819092,0,"{SOLIDITY_ADDRESS_HARDCODED,SOLIDITY_PRAGMAS_VERSION,SOLIDITY_VISIBILITY}",{},{},{}
contracts_output/contracts_output/gemini_with_rag_contracts/1195.sol,1195.sol,smartcheck,solidity,2022/11/14,20260206_1558,1770394213.9680161,1.4309923648834229,0,"{SOLIDITY_ADDRESS_HARDCODED,SOLIDITY_PRAGMAS_VERSION,SOLIDITY_PRIVATE_MODIFIER_DONT_HIDE_DATA,SOLIDITY_UPGRADE_TO_050,SOLIDITY_VISIBILITY}",{},{},{}
contracts_output/contracts_output/gemini_with_rag_contracts/1213.sol,1213.sol,smartcheck,solidity,2022/11/14,20260206_1558,1770394102.343981,1.3311426639556885,0,"{SOLIDITY_PRAGMAS_VERSION,SOLIDITY_VISIBILITY}",{},{},{}
contracts_output/contracts_output/gemini_with_rag_contracts/1228.sol,1228.sol,smartcheck,solidity,2022/11/14,20260206_1558,1770393649.6063015,1.3140993118286133,0,"{SOLIDITY_ADDRESS_HARDCODED,SOLIDITY_LOCKED_MONEY,SOLIDITY_PRAGMAS_VERSION,SOLIDITY_PRIVATE_MODIFIER_DONT_HIDE_DATA,SOLIDITY_UPGRADE_TO_050,SOLIDITY_VISIBILITY}",{},{},{}
contracts_output/contracts_output/gemini_with_rag_contracts/124.sol,124.sol,smartcheck,solidity,2022/11/14,20260206_1558,1770393782.8520818,1.3522424697875977,0,"{SOLIDITY_ADDRESS_HARDCODED,SOLIDITY_PRAGMAS_VERSION,SOLIDITY_PRIVATE_MODIFIER_DONT_HIDE_DATA,SOLIDITY_UPGRADE_TO_050,SOLIDITY_VISIBILITY}",{},{},{}
contracts_output/contracts_output/gemini_with_rag_contracts/1244.sol,1244.sol,smartcheck,solidity,2022/11/14,20260206_1558,1770394335.4998617,1.5725886821746826,0,"{SOLIDITY_ADDRESS_HARDCODED,SOLIDITY_PRAGMAS_VERSION,SOLIDITY_PRIVATE_MODIFIER_DONT_HIDE_DATA,SOLIDITY_SHOULD_RETURN_STRUCT,SOLIDITY_UPGRADE_TO_050,SOLIDITY_VISIBILITY}",{},{},{}
contracts_output/contracts_output/gemini_with_rag_contracts/1247.sol,1247.sol,smartcheck,solidity,2022/11/14,20260206_1558,1770393600.568479,1.3927350044250488,0,"{SOLIDITY_ADDRESS_HARDCODED,SOLIDITY_PRAGMAS_VERSION,SOLIDITY_SHOULD_NOT_BE_VIEW,SOLIDITY_UNCHECKED_CALL,SOLIDITY_VISIBILITY}",{},{},{}
contracts_output/contracts_output/gemini_with_rag_contracts/1259.sol,1259.sol,smartcheck,solidity,2022/11/14,20260206_1558,1770394232.5059328,1.4010868072509766,0,"{SOLIDITY_ADDRESS_HARDCODED,SOLIDITY_FUNCTIONS_RETURNS_TYPE_AND_NO_RETURN,SOLIDITY_PRAGMAS_VERSION,SOLIDITY_VISIBILITY}",{},{},{}
contracts_output/contracts_output/gemini_with_rag_contracts/1262.sol,1262.sol,smartcheck,solidity,2022/11/14,20260206_1558,1770393975.317077,1.3095567226409912,0,"{SOLIDITY_PRAGMAS_VERSION,SOLIDITY_VISIBILITY}",{},{},{}
contracts_output/contracts_output/gemini_with_rag_contracts/1265.sol,1265.sol,smartcheck,solidity,2022/11/14,20260206_1558,1770393659.9215693,1.443772554397583,0,"{SOLIDITY_ADDRESS_HARDCODED,SOLIDITY_PRAGMAS_VERSION,SOLIDITY_PRIVATE_MODIFIER_DONT_HIDE_DATA,SOLIDITY_UPGRADE_TO_050,SOLIDITY_VISIBILITY}",{},{},{}
contracts_output/contracts_output/gemini_with_rag_contracts/1268.sol,1268.sol,smartcheck,solidity,2022/11/14,20260206_1558,1770394146.5462942,1.3887619972229004,0,"{SOLIDITY_ADDRESS_HARDCODED,SOLIDITY_PRAGMAS_VERSION,SOLIDITY_PRIVATE_MODIFIER_DONT_HIDE_DATA,SOLIDITY_UPGRADE_TO_050,SOLIDITY_VISIBILITY}",{},{},{}
contracts_output/contracts_output/gemini_with_rag_contracts/1281.sol,1281.sol,smartcheck,solidity,2022/11/14,20260206_1558,1770394130.1363223,1.3624200820922852,0,"{SOLIDITY_ADDRESS_HARDCODED,SOLIDITY_PRAGMAS_VERSION,SOLIDITY_VISIBILITY}",{},{},{}
contracts_output/contracts_output/gemini_with_rag_contracts/1283.sol,1283.sol,smartcheck,solidity,2022/11/14,20260206_1558,1770393941.145947,1.4012846946716309,0,"{SOLIDITY_ERC20_APPROVE,SOLIDITY_PRAGMAS_VERSION,SOLIDITY_VISIBILITY}",{},{},{}
contracts_output/contracts_output/gemini_with_rag_contracts/1286.sol,1286.sol,smartcheck,solidity,2022/11/14,20260206_1558,1770393840.1792037,1.498500108718872,0,"{SOLIDITY_PRAGMAS_VERSION,SOLIDITY_SHOULD_NOT_BE_PURE,SOLIDITY_USING_INLINE_ASSEMBLY,SOLIDITY_VISIBILITY}",{},{},{}
contracts_output/contracts_output/gemini_with_rag_contracts/1315.sol,1315.sol,smartcheck,solidity,2022/11/14,20260206_1558,1770393638.3624518,1.331664800643921,0,"{SOLIDITY_ADDRESS_HARDCODED,SOLIDITY_PRAGMAS_VERSION,SOLIDITY_PRIVATE_MODIFIER_DONT_HIDE_DATA,SOLIDITY_SAFEMATH,SOLIDITY_UPGRADE_TO_050,SOLIDITY_VISIBILITY}",{},{},{}
contracts_output/contracts_output/gemini_with_rag_contracts/1319.sol,1319.sol,smartcheck,solidity,2022/11/14,20260206_1558,1770394204.8112488,1.3769545555114746,0,"{SOLIDITY_ERC20_APPROVE,SOLIDITY_PRAGMAS_VERSION}",{},{},{}
contracts_output/contracts_output/gemini_with_rag_contracts/1334.sol,1334.sol,smartcheck,solidity,2022/11/14,20260206_1558,1770394254.6426356,1.4392919540405273,0,"{SOLIDITY_ADDRESS_HARDCODED,SOLIDITY_PRAGMAS_VERSION,SOLIDITY_PRIVATE_MODIFIER_DONT_HIDE_DATA,SOLIDITY_UPGRADE_TO_050,SOLIDITY_VISIBILITY}",{},{},{}
contracts_output/contracts_output/gemini_with_rag_contracts/1335.sol,1335.sol,smartcheck,solidity,2022/11/14,20260206_1558,1770393833.2899652,1.42889404296875,0,"{SOLIDITY_ADDRESS_HARDCODED,SOLIDITY_PRAGMAS_VERSION,SOLIDITY_PRIVATE_MODIFIER_DONT_HIDE_DATA,SOLIDITY_SHOULD_RETURN_STRUCT,SOLIDITY_UPGRADE_TO_050,SOLIDITY_VISIBILITY}",{},{},{}
contracts_output/contracts_output/gemini_with_rag_contracts/1356.sol,1356.sol,smartcheck,solidity,2022/11/14,20260206_1558,1770393714.6635585,1.3655807971954346,0,"{SOLIDITY_ADDRESS_HARDCODED,SOLIDITY_OVERPOWERED_ROLE,SOLIDITY_PRAGMAS_VERSION,SOLIDITY_PRIVATE_MODIFIER_DONT_HIDE_DATA,SOLIDITY_UPGRADE_TO_050,SOLIDITY_VISIBILITY}",{},{},{}
contracts_output/contracts_output/gemini_with_rag_contracts/1358.sol,1358.sol,smartcheck,solidity,2022/11/14,20260206_1558,1770393917.2391543,1.394486665725708,0,"{SOLIDITY_ADDRESS_HARDCODED,SOLIDITY_PRAGMAS_VERSION,SOLIDITY_PRIVATE_MODIFIER_DONT_HIDE_DATA,SOLIDITY_VISIBILITY}",{},{},{}
contracts_output/contracts_output/gemini_with_rag_contracts/1383.sol,1383.sol,smartcheck,solidity,2022/11/14,20260206_1558,1770394230.1106231,1.5111052989959717,0,"{SOLIDITY_PRAGMAS_VERSION,SOLIDITY_VISIBILITY}",{},{},{}
contracts_output/contracts_output/gemini_with_rag_contracts/1386.sol,1386.sol,smartcheck,solidity,2022/11/14,20260206_1558,1770394137.4152336,1.3525440692901611,0,"{SOLIDITY_ADDRESS_HARDCODED,SOLIDITY_OVERPOWERED_ROLE,SOLIDITY_PRAGMAS_VERSION,SOLIDITY_PRIVATE_MODIFIER_DONT_HIDE_DATA,SOLIDITY_UPGRADE_TO_050,SOLIDITY_VISIBILITY}",{},{},{}
contracts_output/contracts_output/gemini_with_rag_contracts/1398.sol,1398.sol,smartcheck,solidity,2022/11/14,20260206_1558,1770393762.6224065,1.3484656810760498,0,"{SOLIDITY_PRAGMAS_VERSION,SOLIDITY_SHOULD_RETURN_STRUCT,SOLIDITY_VISIBILITY}",{},{},{}
contracts_output/contracts_output/gemini_with_rag_contracts/1413.sol,1413.sol,smartcheck,solidity,2022/11/14,20260206_1558,1770394229.8924775,1.4580137729644775,0,"{SOLIDITY_ADDRESS_HARDCODED,SOLIDITY_PRAGMAS_VERSION,SOLIDITY_PRIVATE_MODIFIER_DONT_HIDE_DATA,SOLIDITY_UPGRADE_TO_050,SOLIDITY_VISIBILITY}",{},{},{}
contracts_output/contracts_output/gemini_with_rag_contracts/1424.sol,1424.sol,smartcheck,solidity,2022/11/14,20260206_1558,1770393862.7665787,1.3772854804992676,0,"{SOLIDITY_PRAGMAS_VERSION,SOLIDITY_VISIBILITY}",{},{},{}
contracts_output/contracts_output/gemini_with_rag_contracts/1438.sol,1438.sol,smartcheck,solidity,2022/11/14,20260206_1558,1770394206.4877687,1.4778311252593994,0,"{SOLIDITY_ADDRESS_HARDCODED,SOLIDITY_PRAGMAS_VERSION,SOLIDITY_PRIVATE_MODIFIER_DONT_HIDE_DATA,SOLIDITY_UPGRADE_TO_050,SOLIDITY_VISIBILITY}",{},{},{}
contracts_output/contracts_output/gemini_with_rag_contracts/1443.sol,1443.sol,smartcheck,solidity,2022/11/14,20260206_1558,1770393806.5906959,1.402681589126587,0,"{SOLIDITY_PRAGMAS_VERSION,SOLIDITY_USING_INLINE_ASSEMBLY,SOLIDITY_VISIBILITY}",{},{},{}
contracts_output/contracts_output/gemini_with_rag_contracts/146.sol,146.sol,smartcheck,solidity,2022/11/14,20260206_1558,1770393613.9010036,1.2833788394927979,0,"{SOLIDITY_ADDRESS_HARDCODED,SOLIDITY_PRAGMAS_VERSION,SOLIDITY_VISIBILITY}",{},{},{}
contracts_output/contracts_output/gemini_with_rag_contracts/1493.sol,1493.sol,smartcheck,solidity,2022/11/14,20260206_1558,1770393844.7559788,1.3577289581298828,0,"{SOLIDITY_ADDRESS_HARDCODED,SOLIDITY_PRAGMAS_VERSION,SOLIDITY_VISIBILITY}",{},{},{}
contracts_output/contracts_output/gemini_with_rag_contracts/1522.sol,1522.sol,smartcheck,solidity,2022/11/14,20260206_1558,1770394022.0733232,1.401845932006836,0,"{SOLIDITY_OVERPOWERED_ROLE,SOLIDITY_PRAGMAS_VERSION,SOLIDITY_VISIBILITY}",{},{},{}
contracts_output/contracts_output/gemini_with_rag_contracts/153.sol,153.sol,smartcheck,solidity,2022/11/14,20260206_1558,1770393762.941012,1.3897910118103027,0,"{SOLIDITY_ADDRESS_HARDCODED,SOLIDITY_PRAGMAS_VERSION,SOLIDITY_VISIBILITY}",{},{},{}
contracts_output/contracts_output/gemini_with_rag_contracts/1531.sol,1531.sol,smartcheck,solidity,2022/11/14,20260206_1558,1770394045.478347,1.4255774021148682,0,"{SOLIDITY_ADDRESS_HARDCODED,SOLIDITY_OVERPOWERED_ROLE,SOLIDITY_PRAGMAS_VERSION,SOLIDITY_PRIVATE_MODIFIER_DONT_HIDE_DATA,SOLIDITY_UPGRADE_TO_050,SOLIDITY_VISIBILITY}",{},{},{}
contracts_output/contracts_output/gemini_with_rag_contracts/1558.sol,1558.sol,smartcheck,solidity,2022/11/14,20260206_1558,1770394197.0100298,1.390326976776123,0,"{SOLIDITY_ADDRESS_HARDCODED,SOLIDITY_PRAGMAS_VERSION,SOLIDITY_PRIVATE_MODIFIER_DONT_HIDE_DATA,SOLIDITY_SAFEMATH,SOLIDITY_UPGRADE_TO_050,SOLIDITY_VISIBILITY}",{},{},{}
contracts_output/contracts_output/gemini_with_rag_contracts/1565.sol,1565.sol,smartcheck,solidity,2022/11/14,20260206_1558,1770393940.2995903,1.4176099300384521,0,"{SOLIDITY_ADDRESS_HARDCODED,SOLIDITY_ERC20_APPROVE,SOLIDITY_PRAGMAS_VERSION,SOLIDITY_PRIVATE_MODIFIER_DONT_HIDE_DATA,SOLIDITY_UPGRADE_TO_050,SOLIDITY_VISIBILITY}",{},{},{}
contracts_output/contracts_output/gemini_with_rag_contracts/1587.sol,1587.sol,smartcheck,solidity,2022/11/14,20260206_1558,1770394154.066499,1.3833727836608887,0,"{SOLIDITY_ADDRESS_HARDCODED,SOLIDITY_PRAGMAS_VERSION,SOLIDITY_VISIBILITY}",{},{},{}
contracts_output/contracts_output/gemini_with_rag_contracts/1589.sol,1589.sol,smartcheck,solidity,2022/11/14,20260206_1558,1770394060.4799972,1.3749895095825195,0,"{SOLIDITY_ADDRESS_HARDCODED,SOLIDITY_PRAGMAS_VERSION,SOLIDITY_PRIVATE_MODIFIER_DONT_HIDE_DATA,SOLIDITY_UPGRADE_TO_050,SOLIDITY_VISIBILITY}",{},{},{}
contracts_output/contracts_output/gemini_with_rag_contracts/1597.sol,1597.sol,smartcheck,solidity,2022/11/14,20260206_1558,1770393855.278396,1.3521769046783447,0,"{SOLIDITY_ADDRESS_HARDCODED,SOLIDITY_PRAGMAS_VERSION,SOLIDITY_PRIVATE_MODIFIER_DONT_HIDE_DATA,SOLIDITY_UPGRADE_TO_050,SOLIDITY_VISIBILITY}",{},{},{}
contracts_output/contracts_output/gemini_with_rag_contracts/1600.sol,1600.sol,smartcheck,solidity,2022/11/14,20260206_1558,1770394295.5218186,1.392723560333252,0,"{SOLIDITY_ADDRESS_HARDCODED,SOLIDITY_OVERPOWERED_ROLE,SOLIDITY_PRAGMAS_VERSION,SOLIDITY_PRIVATE_MODIFIER_DONT_HIDE_DATA,SOLIDITY_SHOULD_NOT_BE_VIEW,SOLIDITY_UPGRADE_TO_050,SOLIDITY_VISIBILITY}",{},{},{}
contracts_output/contracts_output/gemini_with_rag_contracts/1609.sol,1609.sol,smartcheck,solidity,2022/11/14,20260206_1558,1770393883.8069475,1.3434655666351318,0,"{SOLIDITY_ADDRESS_HARDCODED,SOLIDITY_PRAGMAS_VERSION,SOLIDITY_PRIVATE_MODIFIER_DONT_HIDE_DATA,SOLIDITY_UPGRADE_TO_050,SOLIDITY_VISIBILITY}",{},{},{}
contracts_output/contracts_output/gemini_with_rag_contracts/1613.sol,1613.sol,smartcheck,solidity,2022/11/14,20260206_1558,1770394036.8503346,1.3168790340423584,0,"{SOLIDITY_ADDRESS_HARDCODED,SOLIDITY_PRAGMAS_VERSION,SOLIDITY_SHOULD_RETURN_STRUCT,SOLIDITY_VISIBILITY}",{},{},{}
contracts_output/contracts_output/gemini_with_rag_contracts/1617.sol,1617.sol,smartcheck,solidity,2022/11/14,20260206_1558,1770394044.3651571,1.4530303478240967,0,"{SOLIDITY_ADDRESS_HARDCODED,SOLIDITY_PRAGMAS_VERSION,SOLIDITY_PRIVATE_MODIFIER_DONT_HIDE_DATA,SOLIDITY_REVERT_REQUIRE,SOLIDITY_UPGRADE_TO_050,SOLIDITY_VISIBILITY}",{},{},{}
contracts_output/contracts_output/gemini_with_rag_contracts/1642.sol,1642.sol,smartcheck,solidity,2022/11/14,20260206_1558,1770393768.2605295,1.4589347839355469,0,"{SOLIDITY_ADDRESS_HARDCODED,SOLIDITY_PRAGMAS_VERSION,SOLIDITY_SHOULD_NOT_BE_VIEW,SOLIDITY_VISIBILITY}",{},{},{}
contracts_output/contracts_output/gemini_with_rag_contracts/1644.sol,1644.sol,smartcheck,solidity,2022/11/14,20260206_1558,1770393803.067927,1.4439187049865723,0,"{SOLIDITY_ADDRESS_HARDCODED,SOLIDITY_PRAGMAS_VERSION,SOLIDITY_PRIVATE_MODIFIER_DONT_HIDE_DATA,SOLIDITY_UPGRADE_TO_050,SOLIDITY_VISIBILITY}",{},{},{}
contracts_output/contracts_output/gemini_with_rag_contracts/1662.sol,1662.sol,smartcheck,solidity,2022/11/14,20260206_1558,1770393864.1445246,1.375582218170166,0,"{SOLIDITY_ADDRESS_HARDCODED,SOLIDITY_PRAGMAS_VERSION,SOLIDITY_SHOULD_RETURN_STRUCT,SOLIDITY_VISIBILITY}",{},{},{}
contracts_output/contracts_output/gemini_with_rag_contracts/1663.sol,1663.sol,smartcheck,solidity,2022/11/14,20260206_1558,1770394284.2475936,1.390418529510498,0,"{SOLIDITY_ADDRESS_HARDCODED,SOLIDITY_PRAGMAS_VERSION,SOLIDITY_PRIVATE_MODIFIER_DONT_HIDE_DATA,SOLIDITY_UPGRADE_TO_050,SOLIDITY_VISIBILITY}",{},{},{}
contracts_output/contracts_output/gemini_with_rag_contracts/170.sol,170.sol,smartcheck,solidity,2022/11/14,20260206_1558,1770394035.471062,1.378232717514038,0,"{SOLIDITY_ADDRESS_HARDCODED,SOLIDITY_PRAGMAS_VERSION,SOLIDITY_PRIVATE_MODIFIER_DONT_HIDE_DATA,SOLIDITY_UPGRADE_TO_050,SOLIDITY_VISIBILITY}",{},{},{}
contracts_output/contracts_output/gemini_with_rag_contracts/1700.sol,1700.sol,smartcheck,solidity,2022/11/14,20260206_1558,1770393756.6836355,1.3538687229156494,0,"{SOLIDITY_ADDRESS_HARDCODED,SOLIDITY_PRAGMAS_VERSION,SOLIDITY_PRIVATE_MODIFIER_DONT_HIDE_DATA,SOLIDITY_UPGRADE_TO_050,SOLIDITY_VISIBILITY}",{},{},{}
contracts_output/contracts_output/gemini_with_rag_contracts/1722.sol,1722.sol,smartcheck,solidity,2022/11/14,20260206_1558,1770393704.906192,1.3018653392791748,0,"{SOLIDITY_ADDRESS_HARDCODED,SOLIDITY_PRAGMAS_VERSION,SOLIDITY_PRIVATE_MODIFIER_DONT_HIDE_DATA,SOLIDITY_UPGRADE_TO_050,SOLIDITY_VISIBILITY}",{},{},{}
contracts_output/contracts_output/gemini_with_rag_contracts/1735.sol,1735.sol,smartcheck,solidity,2022/11/14,20260206_1558,1770394225.21822,1.518714189529419,0,"{SOLIDITY_ADDRESS_HARDCODED,SOLIDITY_PRAGMAS_VERSION,SOLIDITY_PRIVATE_MODIFIER_DONT_HIDE_DATA,SOLIDITY_UPGRADE_TO_050,SOLIDITY_VISIBILITY}",{},{},{}
contracts_output/contracts_output/gemini_with_rag_contracts/1777.sol,1777.sol,smartcheck,solidity,2022/11/14,20260206_1558,1770394259.6088226,1.4012527465820312,0,"{SOLIDITY_ADDRESS_HARDCODED,SOLIDITY_PRAGMAS_VERSION,SOLIDITY_PRIVATE_MODIFIER_DONT_HIDE_DATA,SOLIDITY_UPGRADE_TO_050,SOLIDITY_VISIBILITY}",{},{},{}
contracts_output/contracts_output/gemini_with_rag_contracts/1782.sol,1782.sol,smartcheck,solidity,2022/11/14,20260206_1558,1770393880.3392344,1.438765048980713,0,"{SOLIDITY_ADDRESS_HARDCODED,SOLIDITY_PRAGMAS_VERSION,SOLIDITY_PRIVATE_MODIFIER_DONT_HIDE_DATA,SOLIDITY_SHOULD_RETURN_STRUCT,SOLIDITY_UPGRADE_TO_050,SOLIDITY_VISIBILITY}",{},{},{}
contracts_output/contracts_output/gemini_with_rag_contracts/1790.sol,1790.sol,smartcheck,solidity,2022/11/14,20260206_1558,1770393522.15944,1.4313368797302246,0,"{SOLIDITY_ADDRESS_HARDCODED,SOLIDITY_EXTRA_GAS_IN_LOOPS,SOLIDITY_GAS_LIMIT_IN_LOOPS,SOLIDITY_PRAGMAS_VERSION,SOLIDITY_PRIVATE_MODIFIER_DONT_HIDE_DATA,SOLIDITY_UPGRADE_TO_050,SOLIDITY_VISIBILITY}",{},{},{}
contracts_output/contracts_output/gemini_with_rag_contracts/1809.sol,1809.sol,smartcheck,solidity,2022/11/14,20260206_1558,1770394025.106028,1.3453752994537354,0,"{SOLIDITY_ADDRESS_HARDCODED,SOLIDITY_PRAGMAS_VERSION,SOLIDITY_VISIBILITY}",{},{},{}
contracts_output/contracts_output/gemini_with_rag_contracts/1814.sol,1814.sol,smartcheck,solidity,2022/11/14,20260206_1558,1770393531.0108645,1.385624885559082,0,"{SOLIDITY_ADDRESS_HARDCODED,SOLIDITY_PRAGMAS_VERSION,SOLIDITY_PRIVATE_MODIFIER_DONT_HIDE_DATA,SOLIDITY_UPGRADE_TO_050,SOLIDITY_VISIBILITY}",{},{},{}
contracts_output/contracts_output/gemini_with_rag_contracts/1824.sol,1824.sol,smartcheck,solidity,2022/11/14,20260206_1558,1770394211.101848,1.5136101245880127,0,"{SOLIDITY_ADDRESS_HARDCODED,SOLIDITY_ERC20_APPROVE,SOLIDITY_PRAGMAS_VERSION,SOLIDITY_PRIVATE_MODIFIER_DONT_HIDE_DATA,SOLIDITY_SAFEMATH,SOLIDITY_UPGRADE_TO_050,SOLIDITY_VISIBILITY}",{},{},{}
contracts_output/contracts_output/gemini_with_rag_contracts/1832.sol,1832.sol,smartcheck,solidity,2022/11/14,20260206_1558,1770393853.2651684,1.423171043395996,0,"{SOLIDITY_ADDRESS_HARDCODED,SOLIDITY_PRAGMAS_VERSION,SOLIDITY_PRIVATE_MODIFIER_DONT_HIDE_DATA,SOLIDITY_SAFEMATH,SOLIDITY_UPGRADE_TO_050,SOLIDITY_VISIBILITY}",{},{},{}
contracts_output/contracts_output/gemini_with_rag_contracts/1838.sol,1838.sol,smartcheck,solidity,2022/11/14,20260206_1558,1770394202.219408,1.4013442993164062,0,"{SOLIDITY_ADDRESS_HARDCODED,SOLIDITY_PRAGMAS_VERSION,SOLIDITY_PRIVATE_MODIFIER_DONT_HIDE_DATA,SOLIDITY_UPGRADE_TO_050,SOLIDITY_VISIBILITY}",{},{},{}
contracts_output/contracts_output/gemini_with_rag_contracts/1872.sol,1872.sol,smartcheck,solidity,2022/11/14,20260206_1558,1770393596.7985036,1.414823293685913,0,"{SOLIDITY_ADDRESS_HARDCODED,SOLIDITY_LOCKED_MONEY,SOLIDITY_PRAGMAS_VERSION,SOLIDITY_PRIVATE_MODIFIER_DONT_HIDE_DATA,SOLIDITY_UPGRADE_TO_050,SOLIDITY_VISIBILITY}",{},{},{}
contracts_output/contracts_output/gemini_with_rag_contracts/1877.sol,1877.sol,smartcheck,solidity,2022/11/14,20260206_1558,1770393660.1544616,1.4185593128204346,0,"{SOLIDITY_ADDRESS_HARDCODED,SOLIDITY_PRAGMAS_VERSION,SOLIDITY_PRIVATE_MODIFIER_DONT_HIDE_DATA,SOLIDITY_UPGRADE_TO_050,SOLIDITY_VISIBILITY}",{},{},{}
contracts_output/contracts_output/gemini_with_rag_contracts/189.sol,189.sol,smartcheck,solidity,2022/11/14,20260206_1558,1770393830.395984,1.4412760734558105,0,"{SOLIDITY_ADDRESS_HARDCODED,SOLIDITY_PRAGMAS_VERSION,SOLIDITY_PRIVATE_MODIFIER_DONT_HIDE_DATA,SOLIDITY_UPGRADE_TO_050,SOLIDITY_VISIBILITY}",{},{},{}
contracts_output/contracts_output/gemini_with_rag_contracts/1905.sol,1905.sol,smartcheck,solidity,2022/11/14,20260206_1558,1770393910.185049,1.3897860050201416,0,"{SOLIDITY_ADDRESS_HARDCODED,SOLIDITY_PRAGMAS_VERSION,SOLIDITY_PRIVATE_MODIFIER_DONT_HIDE_DATA,SOLIDITY_UPGRADE_TO_050,SOLIDITY_VISIBILITY}",{},{},{}
contracts_output/contracts_output/gemini_with_rag_contracts/191.sol,191.sol,smartcheck,solidity,2022/11/14,20260206_1558,1770393810.4014435,1.3543565273284912,0,"{SOLIDITY_ADDRESS_HARDCODED,SOLIDITY_PRAGMAS_VERSION,SOLIDITY_PRIVATE_MODIFIER_DONT_HIDE_DATA,SOLIDITY_UPGRADE_TO_050,SOLIDITY_VISIBILITY}",{},{},{}
contracts_output/contracts_output/gemini_with_rag_contracts/1924.sol,1924.sol,smartcheck,solidity,2022/11/14,20260206_1558,1770394322.5818965,1.439171552658081,0,"{SOLIDITY_ADDRESS_HARDCODED,SOLIDITY_PRAGMAS_VERSION,SOLIDITY_PRIVATE_MODIFIER_DONT_HIDE_DATA,SOLIDITY_SAFEMATH,SOLIDITY_UPGRADE_TO_050,SOLIDITY_VISIBILITY}",{},{},{}
contracts_output/contracts_output/gemini_with_rag_contracts/1926.sol,1926.sol,smartcheck,solidity,2022/11/14,20260206_1558,1770393843.7150495,1.468585729598999,0,"{SOLIDITY_ADDRESS_HARDCODED,SOLIDITY_LOCKED_MONEY,SOLIDITY_PRAGMAS_VERSION,SOLIDITY_PRIVATE_MODIFIER_DONT_HIDE_DATA,SOLIDITY_UPGRADE_TO_050,SOLIDITY_VISIBILITY}",{},{},{}
contracts_output/contracts_output/gemini_with_rag_contracts/1932.sol,1932.sol,smartcheck,solidity,2022/11/14,20260206_1558,1770393508.031749,1.7246284484863281,0,"{SOLIDITY_ADDRESS_HARDCODED,SOLIDITY_PRAGMAS_VERSION,SOLIDITY_SAFEMATH,SOLIDITY_VISIBILITY}",{},{},{}
contracts_output/contracts_output/gemini_with_rag_contracts/1962.sol,1962.sol,smartcheck,solidity,2022/11/14,20260206_1558,1770394333.0490804,1.3849694728851318,0,"{SOLIDITY_ADDRESS_HARDCODED,SOLIDITY_PRAGMAS_VERSION,SOLIDITY_PRIVATE_MODIFIER_DONT_HIDE_DATA,SOLIDITY_UPGRADE_TO_050,SOLIDITY_VISIBILITY}",{},{},{}
contracts_output/contracts_output/gemini_with_rag_contracts/1979.sol,1979.sol,smartcheck,solidity,2022/11/14,20260206_1558,1770394280.3043904,1.3901114463806152,0,"{SOLIDITY_ADDRESS_HARDCODED,SOLIDITY_PRAGMAS_VERSION,SOLIDITY_PRIVATE_MODIFIER_DONT_HIDE_DATA,SOLIDITY_SHOULD_RETURN_STRUCT,SOLIDITY_UPGRADE_TO_050,SOLIDITY_VISIBILITY}",{},{},{}
contracts_output/contracts_output/gemini_with_rag_contracts/1993.sol,1993.sol,smartcheck,solidity,2022/11/14,20260206_1558,1770394258.2994754,1.4490790367126465,0,"{SOLIDITY_ADDRESS_HARDCODED,SOLIDITY_PRAGMAS_VERSION,SOLIDITY_PRIVATE_MODIFIER_DONT_HIDE_DATA,SOLIDITY_UPGRADE_TO_050,SOLIDITY_VISIBILITY}",{},{},{}
contracts_output/contracts_output/gemini_with_rag_contracts/2003.sol,2003.sol,smartcheck,solidity,2022/11/14,20260206_1558,1770393642.518346,1.3525214195251465,0,"{SOLIDITY_ADDRESS_HARDCODED,SOLIDITY_FUNCTIONS_RETURNS_TYPE_AND_NO_RETURN,SOLIDITY_PRAGMAS_VERSION,SOLIDITY_VISIBILITY}",{},{},{}
contracts_output/contracts_output/gemini_with_rag_contracts/2019.sol,2019.sol,smartcheck,solidity,2022/11/14,20260206_1558,1770394090.8734288,1.3592846393585205,0,"{SOLIDITY_ADDRESS_HARDCODED,SOLIDITY_PRAGMAS_VERSION,SOLIDITY_PRIVATE_MODIFIER_DONT_HIDE_DATA,SOLIDITY_UPGRADE_TO_050,SOLIDITY_VISIBILITY}",{},{},{}
contracts_output/contracts_output/gemini_with_rag_contracts/2044.sol,2044.sol,smartcheck,solidity,2022/11/14,20260206_1558,1770394330.6019754,1.4524235725402832,0,"{SOLIDITY_ADDRESS_HARDCODED,SOLIDITY_PRAGMAS_VERSION,SOLIDITY_PRIVATE_MODIFIER_DONT_HIDE_DATA,SOLIDITY_SAFEMATH,SOLIDITY_UPGRADE_TO_050,SOLIDITY_VISIBILITY}",{},{},{}
contracts_output/contracts_output/gemini_with_rag_contracts/2053.sol,2053.sol,smartcheck,solidity,2022/11/14,20260206_1558,1770394164.0958502,1.406822919845581,0,"{SOLIDITY_ADDRESS_HARDCODED,SOLIDITY_LOCKED_MONEY,SOLIDITY_PRAGMAS_VERSION,SOLIDITY_PRIVATE_MODIFIER_DONT_HIDE_DATA,SOLIDITY_SAFEMATH,SOLIDITY_UPGRADE_TO_050,SOLIDITY_VISIBILITY}",{},{},{}
contracts_output/contracts_output/gemini_with_rag_contracts/2061.sol,2061.sol,smartcheck,solidity,2022/11/14,20260206_1558,1770393838.2214515,1.4470460414886475,0,"{SOLIDITY_ADDRESS_HARDCODED,SOLIDITY_PRAGMAS_VERSION,SOLIDITY_PRIVATE_MODIFIER_DONT_HIDE_DATA,SOLIDITY_SHOULD_NOT_BE_PURE,SOLIDITY_UPGRADE_TO_050,SOLIDITY_USING_INLINE_ASSEMBLY,SOLIDITY_VISIBILITY}",{},{},{}
contracts_output/contracts_output/gemini_with_rag_contracts/2081.sol,2081.sol,smartcheck,solidity,2022/11/14,20260206_1558,1770393891.7919152,1.3944649696350098,0,"{SOLIDITY_LOCKED_MONEY,SOLIDITY_PRAGMAS_VERSION,SOLIDITY_VISIBILITY}",{},{},{}
contracts_output/contracts_output/gemini_with_rag_contracts/2092.sol,2092.sol,smartcheck,solidity,2022/11/14,20260206_1558,1770394335.814937,1.5319347381591797,0,"{SOLIDITY_ADDRESS_HARDCODED,SOLIDITY_PRAGMAS_VERSION,SOLIDITY_PRIVATE_MODIFIER_DONT_HIDE_DATA,SOLIDITY_UPGRADE_TO_050,SOLIDITY_VISIBILITY}",{},{},{}
contracts_output/contracts_output/gemini_with_rag_contracts/2093.sol,2093.sol,smartcheck,solidity,2022/11/14,20260206_1558,1770394070.9108124,1.4315123558044434,0,"{SOLIDITY_ADDRESS_HARDCODED,SOLIDITY_EXTRA_GAS_IN_LOOPS,SOLIDITY_GAS_LIMIT_IN_LOOPS,SOLIDITY_PRAGMAS_VERSION,SOLIDITY_SHOULD_RETURN_STRUCT,SOLIDITY_VISIBILITY}",{},{},{}
contracts_output/contracts_output/gemini_with_rag_contracts/211.sol,211.sol,smartcheck,solidity,2022/11/14,20260206_1558,1770394108.5022485,1.336378812789917,0,"{SOLIDITY_PRAGMAS_VERSION,SOLIDITY_PRIVATE_MODIFIER_DONT_HIDE_DATA,SOLIDITY_VISIBILITY}",{},{},{}
contracts_output/contracts_output/gemini_with_rag_contracts/2110.sol,2110.sol,smartcheck,solidity,2022/11/14,20260206_1558,1770393657.1920815,1.3703968524932861,0,"{SOLIDITY_ADDRESS_HARDCODED,SOLIDITY_OVERPOWERED_ROLE,SOLIDITY_PRAGMAS_VERSION,SOLIDITY_PRIVATE_MODIFIER_DONT_HIDE_DATA,SOLIDITY_UPGRADE_TO_050,SOLIDITY_VISIBILITY}",{},{},{}
contracts_output/contracts_output/gemini_with_rag_contracts/2112.sol,2112.sol,smartcheck,solidity,2022/11/14,20260206_1558,1770393601.426854,1.328920841217041,0,"{SOLIDITY_PRAGMAS_VERSION,SOLIDITY_VISIBILITY}",{},{},{}
contracts_output/contracts_output/gemini_with_rag_contracts/2119.sol,2119.sol,smartcheck,solidity,2022/11/14,20260206_1558,1770393753.9300992,1.4668805599212646,0,"{SOLIDITY_ADDRESS_HARDCODED,SOLIDITY_PRAGMAS_VERSION,SOLIDITY_VISIBILITY}",{},{},{}
contracts_output/contracts_output/gemini_with_rag_contracts/213.sol,213.sol,smartcheck,solidity,2022/11/14,20260206_1558,1770393593.6283205,1.3739211559295654,0,"{SOLIDITY_PRAGMAS_VERSION,SOLIDITY_VISIBILITY}",{},{},{}
contracts_output/contracts_output/gemini_with_rag_contracts/2141.sol,2141.sol,smartcheck,solidity,2022/11/14,20260206_1558,1770393715.7018635,1.3677573204040527,0,"{SOLIDITY_ADDRESS_HARDCODED,SOLIDITY_PRAGMAS_VERSION,SOLIDITY_PRIVATE_MODIFIER_DONT_HIDE_DATA,SOLIDITY_UPGRADE_TO_050,SOLIDITY_VISIBILITY}",{},{},{}
contracts_output/contracts_output/gemini_with_rag_contracts/2199.sol,2199.sol,smartcheck,solidity,2022/11/14,20260206_1558,1770393576.2464364,1.3309316635131836,0,"{SOLIDITY_ADDRESS_HARDCODED,SOLIDITY_PRAGMAS_VERSION,SOLIDITY_PRIVATE_MODIFIER_DONT_HIDE_DATA,SOLIDITY_UPGRADE_TO_050,SOLIDITY_VISIBILITY}",{},{},{}
contracts_output/contracts_output/gemini_with_rag_contracts/2205.sol,2205.sol,smartcheck,solidity,2022/11/14,20260206_1558,1770394156.080057,1.392770767211914,0,"{SOLIDITY_ADDRESS_HARDCODED,SOLIDITY_PRAGMAS_VERSION,SOLIDITY_PRIVATE_MODIFIER_DONT_HIDE_DATA,SOLIDITY_UPGRADE_TO_050,SOLIDITY_VISIBILITY}",{},{},{}
contracts_output/contracts_output/gemini_with_rag_contracts/2209.sol,2209.sol,smartcheck,solidity,2022/11/14,20260206_1558,1770393767.13952,1.4099807739257812,0,"{SOLIDITY_ADDRESS_HARDCODED,SOLIDITY_EXTRA_GAS_IN_LOOPS,SOLIDITY_PRAGMAS_VERSION,SOLIDITY_PRIVATE_MODIFIER_DONT_HIDE_DATA,SOLIDITY_UPGRADE_TO_050,SOLIDITY_VISIBILITY}",{},{},{}
contracts_output/contracts_output/gemini_with_rag_contracts/2215.sol,2215.sol,smartcheck,solidity,2022/11/14,20260206_1558,1770394121.589303,1.3552064895629883,0,"{SOLIDITY_ERC20_APPROVE,SOLIDITY_PRAGMAS_VERSION,SOLIDITY_PRIVATE_MODIFIER_DONT_HIDE_DATA,SOLIDITY_VISIBILITY}",{},{},{}
contracts_output/contracts_output/gemini_with_rag_contracts/2223.sol,2223.sol,smartcheck,solidity,2022/11/14,20260206_1558,1770393831.5282931,1.3979465961456299,0,"{SOLIDITY_ADDRESS_HARDCODED,SOLIDITY_PRAGMAS_VERSION,SOLIDITY_PRIVATE_MODIFIER_DONT_HIDE_DATA,SOLIDITY_UPGRADE_TO_050,SOLIDITY_VISIBILITY}",{},{},{}
contracts_output/contracts_output/gemini_with_rag_contracts/223.sol,223.sol,smartcheck,solidity,2022/11/14,20260206_1558,1770394063.9760535,1.4382753372192383,0,"{SOLIDITY_ADDRESS_HARDCODED,SOLIDITY_PRAGMAS_VERSION,SOLIDITY_PRIVATE_MODIFIER_DONT_HIDE_DATA,SOLIDITY_SHOULD_RETURN_STRUCT,SOLIDITY_UPGRADE_TO_050,SOLIDITY_VISIBILITY}",{},{},{}
contracts_output/contracts_output/gemini_with_rag_contracts/2236.sol,2236.sol,smartcheck,solidity,2022/11/14,20260206_1558,1770393819.4920287,1.520754337310791,0,"{SOLIDITY_ADDRESS_HARDCODED,SOLIDITY_MSGVALUE_EQUALS_ZERO,SOLIDITY_PRAGMAS_VERSION,SOLIDITY_VISIBILITY}",{},{},{}
contracts_output/contracts_output/gemini_with_rag_contracts/2241.sol,2241.sol,smartcheck,solidity,2022/11/14,20260206_1558,1770393686.502975,1.3465547561645508,0,"{SOLIDITY_ADDRESS_HARDCODED,SOLIDITY_PRAGMAS_VERSION,SOLIDITY_PRIVATE_MODIFIER_DONT_HIDE_DATA,SOLIDITY_UPGRADE_TO_050,SOLIDITY_VISIBILITY}",{},{},{}
contracts_output/contracts_output/gemini_with_rag_contracts/2268.sol,2268.sol,smartcheck,solidity,2022/11/14,20260206_1558,1770393832.144335,1.524305820465088,0,"{SOLIDITY_ADDRESS_HARDCODED,SOLIDITY_PRAGMAS_VERSION,SOLIDITY_VISIBILITY}",{},{},{}
contracts_output/contracts_output/gemini_with_rag_contracts/2271.sol,2271.sol,smartcheck,solidity,2022/11/14,20260206_1558,1770394233.0225117,1.4499566555023193,0,"{SOLIDITY_LOCKED_MONEY,SOLIDITY_PRAGMAS_VERSION,SOLIDITY_VISIBILITY}",{},{},{}
contracts_output/contracts_output/gemini_with_rag_contracts/2278.sol,2278.sol,smartcheck,solidity,2022/11/14,20260206_1558,1770394217.022298,1.4106860160827637,0,"{SOLIDITY_ADDRESS_HARDCODED,SOLIDITY_PRAGMAS_VERSION,SOLIDITY_VISIBILITY}",{},{},{}
contracts_output/contracts_output/gemini_with_rag_contracts/2295.sol,2295.sol,smartcheck,solidity,2022/11/14,20260206_1558,1770393853.6547198,1.484081745147705,0,"{SOLIDITY_ADDRESS_HARDCODED,SOLIDITY_PRAGMAS_VERSION,SOLIDITY_PRIVATE_MODIFIER_DONT_HIDE_DATA,SOLIDITY_UPGRADE_TO_050,SOLIDITY_VISIBILITY}",{},{},{}
contracts_output/contracts_output/gemini_with_rag_contracts/2308.sol,2308.sol,smartcheck,solidity,2022/11/14,20260206_1558,1770393842.3218048,1.392085075378418,0,"{SOLIDITY_ADDRESS_HARDCODED,SOLIDITY_PRAGMAS_VERSION,SOLIDITY_PRIVATE_MODIFIER_DONT_HIDE_DATA,SOLIDITY_UPGRADE_TO_050,SOLIDITY_VISIBILITY}",{},{},{}
contracts_output/contracts_output/gemini_with_rag_contracts/2313.sol,2313.sol,smartcheck,solidity,2022/11/14,20260206_1558,1770393508.263262,1.538362741470337,0,"{SOLIDITY_ADDRESS_HARDCODED,SOLIDITY_PRAGMAS_VERSION,SOLIDITY_PRIVATE_MODIFIER_DONT_HIDE_DATA,SOLIDITY_UPGRADE_TO_050,SOLIDITY_VISIBILITY}",{},{},{}
contracts_output/contracts_output/gemini_with_rag_contracts/232.sol,232.sol,smartcheck,solidity,2022/11/14,20260206_1558,1770393703.5613148,1.3442432880401611,0,"{SOLIDITY_ADDRESS_HARDCODED,SOLIDITY_PRAGMAS_VERSION,SOLIDITY_PRIVATE_MODIFIER_DONT_HIDE_DATA,SOLIDITY_REVERT_REQUIRE,SOLIDITY_UPGRADE_TO_050,SOLIDITY_VISIBILITY}",{},{},{}
contracts_output/contracts_output/gemini_with_rag_contracts/2321.sol,2321.sol,smartcheck,solidity,2022/11/14,20260206_1558,1770394264.104343,1.3407807350158691,0,"{SOLIDITY_ADDRESS_HARDCODED,SOLIDITY_PRAGMAS_VERSION,SOLIDITY_PRIVATE_MODIFIER_DONT_HIDE_DATA,SOLIDITY_TRANSFER_IN_LOOP,SOLIDITY_UPGRADE_TO_050,SOLIDITY_VISIBILITY}",{},{},{}
contracts_output/contracts_output/gemini_with_rag_contracts/2323.sol,2323.sol,smartcheck,solidity,2022/11/14,20260206_1558,1770393509.5156717,1.462981939315796,0,"{SOLIDITY_ADDRESS_HARDCODED,SOLIDITY_LOCKED_MONEY,SOLIDITY_PRAGMAS_VERSION,SOLIDITY_PRIVATE_MODIFIER_DONT_HIDE_DATA,SOLIDITY_UPGRADE_TO_050,SOLIDITY_VISIBILITY}",{},{},{}
contracts_output/contracts_output/gemini_with_rag_contracts/2354.sol,2354.sol,smartcheck,solidity,2022/11/14,20260206_1558,1770394099.5229347,1.4520070552825928,0,"{SOLIDITY_ADDRESS_HARDCODED,SOLIDITY_PRAGMAS_VERSION,SOLIDITY_PRIVATE_MODIFIER_DONT_HIDE_DATA,SOLIDITY_SAFEMATH,SOLIDITY_UNCHECKED_CALL,SOLIDITY_UPGRADE_TO_050,SOLIDITY_VISIBILITY}",{},{},{}
contracts_output/contracts_output/gemini_with_rag_contracts/2359.sol,2359.sol,smartcheck,solidity,2022/11/14,20260206_1558,1770393795.9921017,1.3402345180511475,0,"{SOLIDITY_ADDRESS_HARDCODED,SOLIDITY_PRAGMAS_VERSION,SOLIDITY_PRIVATE_MODIFIER_DONT_HIDE_DATA,SOLIDITY_UPGRADE_TO_050,SOLIDITY_VISIBILITY}",{},{},{}
contracts_output/contracts_output/gemini_with_rag_contracts/2373.sol,2373.sol,smartcheck,solidity,2022/11/14,20260206_1558,1770393757.58605,1.3816182613372803,0,"{SOLIDITY_ADDRESS_HARDCODED,SOLIDITY_PRAGMAS_VERSION,SOLIDITY_PRIVATE_MODIFIER_DONT_HIDE_DATA,SOLIDITY_UPGRADE_TO_050,SOLIDITY_VISIBILITY}",{},{},{}
contracts_output/contracts_output/gemini_with_rag_contracts/2380.sol,2380.sol,smartcheck,solidity,2022/11/14,20260206_1558,1770394223.1414983,1.3699054718017578,0,"{SOLIDITY_ADDRESS_HARDCODED,SOLIDITY_PRAGMAS_VERSION,SOLIDITY_PRIVATE_MODIFIER_DONT_HIDE_DATA,SOLIDITY_UPGRADE_TO_050,SOLIDITY_VISIBILITY}",{},{},{}
contracts_output/contracts_output/gemini_with_rag_contracts/239.sol,239.sol,smartcheck,solidity,2022/11/14,20260206_1558,1770393760.8834016,1.4739840030670166,0,"{SOLIDITY_ADDRESS_HARDCODED,SOLIDITY_PRAGMAS_VERSION,SOLIDITY_PRIVATE_MODIFIER_DONT_HIDE_DATA,SOLIDITY_UPGRADE_TO_050,SOLIDITY_VISIBILITY}",{},{},{}
contracts_output/contracts_output/gemini_with_rag_contracts/2394.sol,2394.sol,smartcheck,solidity,2022/11/14,20260206_1558,1770394054.205237,1.3585519790649414,0,"{SOLIDITY_ADDRESS_HARDCODED,SOLIDITY_ERC20_APPROVE,SOLIDITY_ERC20_TRANSFER_SHOULD_THROW,SOLIDITY_PRAGMAS_VERSION,SOLIDITY_PRIVATE_MODIFIER_DONT_HIDE_DATA,SOLIDITY_UPGRADE_TO_050,SOLIDITY_VISIBILITY}",{},{},{}
contracts_output/contracts_output/gemini_with_rag_contracts/2396.sol,2396.sol,smartcheck,solidity,2022/11/14,20260206_1558,1770393829.245493,1.4438190460205078,0,"{SOLIDITY_PRAGMAS_VERSION,SOLIDITY_VISIBILITY}",{},{},{}
contracts_output/contracts_output/gemini_with_rag_contracts/240.sol,240.sol,smartcheck,solidity,2022/11/14,20260206_1558,1770394185.0086386,1.3518083095550537,0,"{SOLIDITY_ADDRESS_HARDCODED,SOLIDITY_PRAGMAS_VERSION,SOLIDITY_VISIBILITY}",{},{},{}
contracts_output/contracts_output/gemini_with_rag_contracts/2419.sol,2419.sol,smartcheck,solidity,2022/11/14,20260206_1558,1770394075.8598013,1.3852086067199707,0,"{SOLIDITY_ADDRESS_HARDCODED,SOLIDITY_PRAGMAS_VERSION,SOLIDITY_PRIVATE_MODIFIER_DONT_HIDE_DATA,SOLIDITY_UPGRADE_TO_050,SOLIDITY_VISIBILITY}",{},{},{}
contracts_output/contracts_output/gemini_with_rag_contracts/242.sol,242.sol,smartcheck,solidity,2022/11/14,20260206_1558,1770394226.8138697,1.4744088649749756,0,"{SOLIDITY_PRAGMAS_VERSION,SOLIDITY_VISIBILITY}",{},{},{}
contracts_output/contracts_output/gemini_with_rag_contracts/2424.sol,2424.sol,smartcheck,solidity,2022/11/14,20260206_1558,1770394166.6462414,1.2961385250091553,0,"{SOLIDITY_PRAGMAS_VERSION,SOLIDITY_VISIBILITY}",{},{},{}
contracts_output/contracts_output/gemini_with_rag_contracts/243.sol,243.sol,smartcheck,solidity,2022/11/14,20260206_1558,1770393884.396486,1.418665885925293,0,"{SOLIDITY_ADDRESS_HARDCODED,SOLIDITY_PRAGMAS_VERSION,SOLIDITY_PRIVATE_MODIFIER_DONT_HIDE_DATA,SOLIDITY_UPGRADE_TO_050,SOLIDITY_VISIBILITY}",{},{},{}
contracts_output/contracts_output/gemini_with_rag_contracts/2431.sol,2431.sol,smartcheck,solidity,2022/11/14,20260206_1558,1770393931.3063543,1.3466665744781494,0,"{SOLIDITY_ADDRESS_HARDCODED,SOLIDITY_PRAGMAS_VERSION,SOLIDITY_PRIVATE_MODIFIER_DONT_HIDE_DATA,SOLIDITY_SHOULD_NOT_BE_VIEW,SOLIDITY_UPGRADE_TO_050,SOLIDITY_VISIBILITY}",{},{},{}
contracts_output/contracts_output/gemini_with_rag_contracts/2433.sol,2433.sol,smartcheck,solidity,2022/11/14,20260206_1558,1770393543.0528452,1.356635570526123,0,"{SOLIDITY_ADDRESS_HARDCODED,SOLIDITY_PRAGMAS_VERSION,SOLIDITY_VISIBILITY}",{},{},{}
contracts_output/contracts_output/gemini_with_rag_contracts/2436.sol,2436.sol,smartcheck,solidity,2022/11/14,20260206_1558,1770393827.4563808,1.4496252536773682,0,"{SOLIDITY_ADDRESS_HARDCODED,SOLIDITY_EXTRA_GAS_IN_LOOPS,SOLIDITY_GAS_LIMIT_IN_LOOPS,SOLIDITY_PRAGMAS_VERSION,SOLIDITY_PRIVATE_MODIFIER_DONT_HIDE_DATA,SOLIDITY_UPGRADE_TO_050,SOLIDITY_VISIBILITY}",{},{},{}
contracts_output/contracts_output/gemini_with_rag_contracts/2439.sol,2439.sol,smartcheck,solidity,2022/11/14,20260206_1558,1770393721.5617573,1.5406301021575928,0,"{SOLIDITY_ADDRESS_HARDCODED,SOLIDITY_PRAGMAS_VERSION,SOLIDITY_PRIVATE_MODIFIER_DONT_HIDE_DATA,SOLIDITY_UPGRADE_TO_050,SOLIDITY_VISIBILITY}",{},{},{}
contracts_output/contracts_output/gemini_with_rag_contracts/2463.sol,2463.sol,smartcheck,solidity,2022/11/14,20260206_1558,1770393866.89114,1.3586950302124023,0,"{SOLIDITY_ADDRESS_HARDCODED,SOLIDITY_FUNCTIONS_RETURNS_TYPE_AND_NO_RETURN,SOLIDITY_PRAGMAS_VERSION,SOLIDITY_PRIVATE_MODIFIER_DONT_HIDE_DATA,SOLIDITY_SHOULD_NOT_BE_VIEW,SOLIDITY_UPGRADE_TO_050,SOLIDITY_USING_INLINE_ASSEMBLY,SOLIDITY_VISIBILITY}",{},{},{}
contracts_output/contracts_output/gemini_with_rag_contracts/2468.sol,2468.sol,smartcheck,solidity,2022/11/14,20260206_1558,1770393638.965727,1.3708827495574951,0,"{SOLIDITY_ADDRESS_HARDCODED,SOLIDITY_PRAGMAS_VERSION}",{},{},{}
contracts_output/contracts_output/gemini_with_rag_contracts/2473.sol,2473.sol,smartcheck,solidity,2022/11/14,20260206_1558,1770394161.2095532,1.3862953186035156,0,"{SOLIDITY_ADDRESS_HARDCODED,SOLIDITY_PRAGMAS_VERSION,SOLIDITY_VISIBILITY}",{},{},{}
contracts_output/contracts_output/gemini_with_rag_contracts/2476.sol,2476.sol,smartcheck,solidity,2022/11/14,20260206_1558,1770393640.2171085,1.3965024948120117,0,"{SOLIDITY_ADDRESS_HARDCODED,SOLIDITY_PRAGMAS_VERSION,SOLIDITY_PRIVATE_MODIFIER_DONT_HIDE_DATA,SOLIDITY_SAFEMATH,SOLIDITY_UPGRADE_TO_050,SOLIDITY_VISIBILITY}",{},{},{}
contracts_output/contracts_output/gemini_with_rag_contracts/2481.sol,2481.sol,smartcheck,solidity,2022/11/14,20260206_1558,1770393955.93198,1.506791591644287,0,"{SOLIDITY_ADDRESS_HARDCODED,SOLIDITY_PRAGMAS_VERSION,SOLIDITY_PRIVATE_MODIFIER_DONT_HIDE_DATA,SOLIDITY_SAFEMATH,SOLIDITY_UPGRADE_TO_050,SOLIDITY_VISIBILITY}",{},{},{}
contracts_output/contracts_output/gemini_with_rag_contracts/2485.sol,2485.sol,smartcheck,solidity,2022/11/14,20260206_1558,1770394041.0588315,1.4756767749786377,0,"{SOLIDITY_ADDRESS_HARDCODED,SOLIDITY_PRAGMAS_VERSION,SOLIDITY_PRIVATE_MODIFIER_DONT_HIDE_DATA,SOLIDITY_UPGRADE_TO_050,SOLIDITY_VISIBILITY}",{},{},{}
contracts_output/contracts_output/gemini_with_rag_contracts/2491.sol,2491.sol,smartcheck,solidity,2022/11/14,20260206_1558,1770394064.884253,1.4054744243621826,0,"{SOLIDITY_ADDRESS_HARDCODED,SOLIDITY_PRAGMAS_VERSION,SOLIDITY_PRIVATE_MODIFIER_DONT_HIDE_DATA,SOLIDITY_UPGRADE_TO_050,SOLIDITY_VISIBILITY}",{},{},{}
contracts_output/contracts_output/gemini_with_rag_contracts/250.sol,250.sol,smartcheck,solidity,2022/11/14,20260206_1558,1770393967.572919,1.3377535343170166,0,"{SOLIDITY_ADDRESS_HARDCODED,SOLIDITY_OVERPOWERED_ROLE,SOLIDITY_PRAGMAS_VERSION,SOLIDITY_PRIVATE_MODIFIER_DONT_HIDE_DATA,SOLIDITY_UPGRADE_TO_050,SOLIDITY_VISIBILITY}",{},{},{}
contracts_output/contracts_output/gemini_with_rag_contracts/2515.sol,2515.sol,smartcheck,solidity,2022/11/14,20260206_1558,1770393911.575614,1.384106159210205,0,"{SOLIDITY_ADDRESS_HARDCODED,SOLIDITY_PRAGMAS_VERSION,SOLIDITY_PRIVATE_MODIFIER_DONT_HIDE_DATA,SOLIDITY_UPGRADE_TO_050,SOLIDITY_VISIBILITY}",{},{},{}
contracts_output/contracts_output/gemini_with_rag_contracts/2521.sol,2521.sol,smartcheck,solidity,2022/11/14,20260206_1558,1770394253.0887258,1.5799641609191895,0,"{SOLIDITY_ADDRESS_HARDCODED,SOLIDITY_PRAGMAS_VERSION,SOLIDITY_PRIVATE_MODIFIER_DONT_HIDE_DATA,SOLIDITY_UPGRADE_TO_050,SOLIDITY_VISIBILITY}",{},{},{}
contracts_output/contracts_output/gemini_with_rag_contracts/2524.sol,2524.sol,smartcheck,solidity,2022/11/14,20260206_1558,1770394214.5292828,1.4538829326629639,0,"{SOLIDITY_ADDRESS_HARDCODED,SOLIDITY_OVERPOWERED_ROLE,SOLIDITY_PRAGMAS_VERSION,SOLIDITY_VISIBILITY}",{},{},{}
contracts_output/contracts_output/gemini_with_rag_contracts/2532.sol,2532.sol,smartcheck,solidity,2022/11/14,20260206_1558,1770393667.765078,1.4153387546539307,0,"{SOLIDITY_ADDRESS_HARDCODED,SOLIDITY_PRAGMAS_VERSION,SOLIDITY_PRIVATE_MODIFIER_DONT_HIDE_DATA,SOLIDITY_UPGRADE_TO_050,SOLIDITY_VISIBILITY}",{},{},{}
contracts_output/contracts_output/gemini_with_rag_contracts/2533.sol,2533.sol,smartcheck,solidity,2022/11/14,20260206_1558,1770393819.7585807,1.5149612426757812,0,"{SOLIDITY_ADDRESS_HARDCODED,SOLIDITY_PRAGMAS_VERSION,SOLIDITY_PRIVATE_MODIFIER_DONT_HIDE_DATA,SOLIDITY_UPGRADE_TO_050,SOLIDITY_VISIBILITY}",{},{},{}
contracts_output/contracts_output/gemini_with_rag_contracts/2566.sol,2566.sol,smartcheck,solidity,2022/11/14,20260206_1558,1770393663.314693,1.3552453517913818,0,"{SOLIDITY_ADDRESS_HARDCODED,SOLIDITY_PRAGMAS_VERSION,SOLIDITY_PRIVATE_MODIFIER_DONT_HIDE_DATA,SOLIDITY_UPGRADE_TO_050,SOLIDITY_VISIBILITY}",{},{},{}
contracts_output/contracts_output/gemini_with_rag_contracts/2581.sol,2581.sol,smartcheck,solidity,2022/11/14,20260206_1558,1770394057.2062898,1.3190319538116455,0,"{SOLIDITY_ADDRESS_HARDCODED,SOLIDITY_PRAGMAS_VERSION,SOLIDITY_PRIVATE_MODIFIER_DONT_HIDE_DATA,SOLIDITY_UPGRADE_TO_050,SOLIDITY_VISIBILITY}",{},{},{}
contracts_output/contracts_output/gemini_with_rag_contracts/2600.sol,2600.sol,smartcheck,solidity,2022/11/14,20260206_1558,1770394068.7791414,1.3584237098693848,0,"{SOLIDITY_ADDRESS_HARDCODED,SOLIDITY_PRAGMAS_VERSION,SOLIDITY_PRIVATE_MODIFIER_DONT_HIDE_DATA,SOLIDITY_UPGRADE_TO_050,SOLIDITY_VISIBILITY}",{},{},{}
contracts_output/contracts_output/gemini_with_rag_contracts/2602.sol,2602.sol,smartcheck,solidity,2022/11/14,20260206_1558,1770393915.9131215,1.3249685764312744,0,"{SOLIDITY_ADDRESS_HARDCODED,SOLIDITY_EXTRA_GAS_IN_LOOPS,SOLIDITY_GAS_LIMIT_IN_LOOPS,SOLIDITY_PRAGMAS_VERSION,SOLIDITY_PRIVATE_MODIFIER_DONT_HIDE_DATA,SOLIDITY_UPGRADE_TO_050,SOLIDITY_VISIBILITY}",{},{},{}
contracts_output/contracts_output/gemini_with_rag_contracts/2614.sol,2614.sol,smartcheck,solidity,2022/11/14,20260206_1558,1770394202.858336,1.420823097229004,0,"{SOLIDITY_ADDRESS_HARDCODED,SOLIDITY_PRAGMAS_VERSION,SOLIDITY_VISIBILITY}",{},{},{}
contracts_output/contracts_output/gemini_with_rag_contracts/2617.sol,2617.sol,smartcheck,solidity,2022/11/14,20260206_1558,1770394234.473376,1.3793275356292725,0,"{SOLIDITY_ADDRESS_HARDCODED,SOLIDITY_PRAGMAS_VERSION,SOLIDITY_PRIVATE_MODIFIER_DONT_HIDE_DATA,SOLIDITY_UPGRADE_TO_050,SOLIDITY_VISIBILITY}",{},{},{}
contracts_output/contracts_output/gemini_with_rag_contracts/2621.sol,2621.sol,smartcheck,solidity,2022/11/14,20260206_1558,1770393565.1150715,1.365849256515503,0,"{SOLIDITY_ADDRESS_HARDCODED,SOLIDITY_PRAGMAS_VERSION,SOLIDITY_PRIVATE_MODIFIER_DONT_HIDE_DATA,SOLIDITY_UPGRADE_TO_050,SOLIDITY_VISIBILITY}",{},{},{}
contracts_output/contracts_output/gemini_with_rag_contracts/2632.sol,2632.sol,smartcheck,solidity,2022/11/14,20260206_1558,1770393946.2954617,1.3051211833953857,0,"{SOLIDITY_ADDRESS_HARDCODED,SOLIDITY_PRAGMAS_VERSION,SOLIDITY_PRIVATE_MODIFIER_DONT_HIDE_DATA,SOLIDITY_UPGRADE_TO_050,SOLIDITY_VISIBILITY}",{},{},{}
contracts_output/contracts_output/gemini_with_rag_contracts/2639.sol,2639.sol,smartcheck,solidity,2022/11/14,20260206_1558,1770394023.475993,1.336789608001709,0,"{SOLIDITY_PRAGMAS_VERSION,SOLIDITY_VISIBILITY}",{},{},{}
contracts_output/contracts_output/gemini_with_rag_contracts/267.sol,267.sol,smartcheck,solidity,2022/11/14,20260206_1558,1770393631.4685652,1.3095901012420654,0,"{SOLIDITY_ADDRESS_HARDCODED,SOLIDITY_PRAGMAS_VERSION,SOLIDITY_VISIBILITY}",{},{},{}
contracts_output/contracts_output/gemini_with_rag_contracts/2680.sol,2680.sol,smartcheck,solidity,2022/11/14,20260206_1558,1770393512.1549847,1.4879348278045654,0,"{SOLIDITY_ADDRESS_HARDCODED,SOLIDITY_PRAGMAS_VERSION,SOLIDITY_PRIVATE_MODIFIER_DONT_HIDE_DATA,SOLIDITY_UPGRADE_TO_050,SOLIDITY_VISIBILITY}",{},{},{}
contracts_output/contracts_output/gemini_with_rag_contracts/2712.sol,2712.sol,smartcheck,solidity,2022/11/14,20260206_1558,1770393979.0036428,1.3955647945404053,0,"{SOLIDITY_ADDRESS_HARDCODED,SOLIDITY_PRAGMAS_VERSION,SOLIDITY_PRIVATE_MODIFIER_DONT_HIDE_DATA,SOLIDITY_SAFEMATH,SOLIDITY_UPGRADE_TO_050,SOLIDITY_VISIBILITY}",{},{},{}
contracts_output/contracts_output/gemini_with_rag_contracts/2733.sol,2733.sol,smartcheck,solidity,2022/11/14,20260206_1558,1770394282.6101232,1.3282904624938965,0,"{SOLIDITY_ADDRESS_HARDCODED,SOLIDITY_PRAGMAS_VERSION,SOLIDITY_PRIVATE_MODIFIER_DONT_HIDE_DATA,SOLIDITY_UPGRADE_TO_050,SOLIDITY_VISIBILITY}",{},{},{}
contracts_output/contracts_output/gemini_with_rag_contracts/2749.sol,2749.sol,smartcheck,solidity,2022/11/14,20260206_1558,1770394235.6150653,1.4331204891204834,0,"{SOLIDITY_ADDRESS_HARDCODED,SOLIDITY_PRAGMAS_VERSION,SOLIDITY_PRIVATE_MODIFIER_DONT_HIDE_DATA,SOLIDITY_UPGRADE_TO_050,SOLIDITY_VISIBILITY}",{},{},{}
contracts_output/contracts_output/gemini_with_rag_contracts/2752.sol,2752.sol,smartcheck,solidity,2022/11/14,20260206_1558,1770394290.1948478,1.385880470275879,0,"{SOLIDITY_ADDRESS_HARDCODED,SOLIDITY_DEPRECATED_CONSTRUCTIONS,SOLIDITY_PRAGMAS_VERSION,SOLIDITY_PRIVATE_MODIFIER_DONT_HIDE_DATA,SOLIDITY_UPGRADE_TO_050,SOLIDITY_VISIBILITY}",{},{},{}
contracts_output/contracts_output/gemini_with_rag_contracts/277.sol,277.sol,smartcheck,solidity,2022/11/14,20260206_1558,1770393943.167683,1.395486831665039,0,"{SOLIDITY_LOCKED_MONEY,SOLIDITY_PRAGMAS_VERSION,SOLIDITY_VISIBILITY}",{},{},{}
contracts_output/contracts_output/gemini_with_rag_contracts/2777.sol,2777.sol,smartcheck,solidity,2022/11/14,20260206_1558,1770393607.6791012,1.3333125114440918,0,"{SOLIDITY_PRAGMAS_VERSION,SOLIDITY_VISIBILITY}",{},{},{}
contracts_output/contracts_output/gemini_with_rag_contracts/281.sol,281.sol,smartcheck,solidity,2022/11/14,20260206_1558,1770394233.6131802,1.434347152709961,0,"{SOLIDITY_ADDRESS_HARDCODED,SOLIDITY_PRAGMAS_VERSION,SOLIDITY_PRIVATE_MODIFIER_DONT_HIDE_DATA,SOLIDITY_UPGRADE_TO_050,SOLIDITY_VISIBILITY}",{},{},{}
contracts_output/contracts_output/gemini_with_rag_contracts/2847.sol,2847.sol,smartcheck,solidity,2022/11/14,20260206_1558,1770393865.5209324,1.3692831993103027,0,"{SOLIDITY_ADDRESS_HARDCODED,SOLIDITY_PRAGMAS_VERSION,SOLIDITY_PRIVATE_MODIFIER_DONT_HIDE_DATA,SOLIDITY_UPGRADE_TO_050,SOLIDITY_VISIBILITY}",{},{},{}
contracts_output/contracts_output/gemini_with_rag_contracts/2851.sol,2851.sol,smartcheck,solidity,2022/11/14,20260206_1558,1770394012.9660425,1.2851874828338623,0,"{SOLIDITY_OVERPOWERED_ROLE,SOLIDITY_PRAGMAS_VERSION,SOLIDITY_VISIBILITY}",{},{},{}
contracts_output/contracts_output/gemini_with_rag_contracts/2869.sol,2869.sol,smartcheck,solidity,2022/11/14,20260206_1558,1770393507.9631329,1.404205083847046,0,"{SOLIDITY_ADDRESS_HARDCODED,SOLIDITY_PRAGMAS_VERSION,SOLIDITY_PRIVATE_MODIFIER_DONT_HIDE_DATA,SOLIDITY_UPGRADE_TO_050,SOLIDITY_VISIBILITY}",{},{},{}
contracts_output/contracts_output/gemini_with_rag_contracts/2892.sol,2892.sol,smartcheck,solidity,2022/11/14,20260206_1558,1770394127.7193155,1.4222979545593262,0,"{SOLIDITY_ADDRESS_HARDCODED,SOLIDITY_PRAGMAS_VERSION,SOLIDITY_PRIVATE_MODIFIER_DONT_HIDE_DATA,SOLIDITY_UPGRADE_TO_050,SOLIDITY_VISIBILITY}",{},{},{}
contracts_output/contracts_output/gemini_with_rag_contracts/2907.sol,2907.sol,smartcheck,solidity,2022/11/14,20260206_1558,1770393833.5626094,1.3952715396881104,0,"{SOLIDITY_ADDRESS_HARDCODED,SOLIDITY_OVERPOWERED_ROLE,SOLIDITY_PRAGMAS_VERSION,SOLIDITY_PRIVATE_MODIFIER_DONT_HIDE_DATA,SOLIDITY_UPGRADE_TO_050,SOLIDITY_VISIBILITY}",{},{},{}
contracts_output/contracts_output/gemini_with_rag_contracts/2948.sol,2948.sol,smartcheck,solidity,2022/11/14,20260206_1558,1770393585.645283,1.2533657550811768,0,"{SOLIDITY_LOCKED_MONEY,SOLIDITY_PRAGMAS_VERSION,SOLIDITY_VISIBILITY}",{},{},{}
contracts_output/contracts_output/gemini_with_rag_contracts/2971.sol,2971.sol,smartcheck,solidity,2022/11/14,20260206_1558,1770393785.596246,1.3340237140655518,0,"{SOLIDITY_ADDRESS_HARDCODED,SOLIDITY_PRAGMAS_VERSION,SOLIDITY_PRIVATE_MODIFIER_DONT_HIDE_DATA,SOLIDITY_UPGRADE_TO_050,SOLIDITY_VISIBILITY}",{},{},{}
contracts_output/contracts_output/gemini_with_rag_contracts/2976.sol,2976.sol,smartcheck,solidity,2022/11/14,20260206_1558,1770394273.0686882,1.4050042629241943,0,"{SOLIDITY_ADDRESS_HARDCODED,SOLIDITY_FUNCTIONS_RETURNS_TYPE_AND_NO_RETURN,SOLIDITY_PRAGMAS_VERSION,SOLIDITY_PRIVATE_MODIFIER_DONT_HIDE_DATA,SOLIDITY_UPGRADE_TO_050,SOLIDITY_VISIBILITY}",{},{},{}
contracts_output/contracts_output/gemini_with_rag_contracts/2989.sol,2989.sol,smartcheck,solidity,2022/11/14,20260206_1558,1770393567.268354,1.3838822841644287,0,"{SOLIDITY_ADDRESS_HARDCODED,SOLIDITY_PRAGMAS_VERSION,SOLIDITY_PRIVATE_MODIFIER_DONT_HIDE_DATA,SOLIDITY_UPGRADE_TO_050,SOLIDITY_VISIBILITY}",{},{},{}
contracts_output/contracts_output/gemini_with_rag_contracts/30.sol,30.sol,smartcheck,solidity,2022/11/14,20260206_1558,1770393755.7039886,1.350342035293579,0,"{SOLIDITY_ADDRESS_HARDCODED,SOLIDITY_PRAGMAS_VERSION,SOLIDITY_PRIVATE_MODIFIER_DONT_HIDE_DATA,SOLIDITY_UPGRADE_TO_050,SOLIDITY_VISIBILITY}",{},{},{}
contracts_output/contracts_output/gemini_with_rag_contracts/3024.sol,3024.sol,smartcheck,solidity,2022/11/14,20260206_1558,1770393850.9533634,1.4622716903686523,0,"{SOLIDITY_ADDRESS_HARDCODED,SOLIDITY_PRAGMAS_VERSION,SOLIDITY_PRIVATE_MODIFIER_DONT_HIDE_DATA,SOLIDITY_UPGRADE_TO_050,SOLIDITY_VISIBILITY}",{},{},{}
contracts_output/contracts_output/gemini_with_rag_contracts/3040.sol,3040.sol,smartcheck,solidity,2022/11/14,20260206_1558,1770393720.004731,1.4314045906066895,0,"{SOLIDITY_ADDRESS_HARDCODED,SOLIDITY_PRAGMAS_VERSION,SOLIDITY_VISIBILITY}",{},{},{}
contracts_output/contracts_output/gemini_with_rag_contracts/306.sol,306.sol,smartcheck,solidity,2022/11/14,20260206_1558,1770394215.189568,1.3724188804626465,0,"{SOLIDITY_ADDRESS_HARDCODED,SOLIDITY_PRAGMAS_VERSION,SOLIDITY_VISIBILITY}",{},{},{}
contracts_output/contracts_output/gemini_with_rag_contracts/3060.sol,3060.sol,smartcheck,solidity,2022/11/14,20260206_1558,1770393640.93681,1.4767298698425293,0,"{SOLIDITY_ADDRESS_HARDCODED,SOLIDITY_PRAGMAS_VERSION,SOLIDITY_PRIVATE_MODIFIER_DONT_HIDE_DATA,SOLIDITY_UPGRADE_TO_050,SOLIDITY_VISIBILITY}",{},{},{}
contracts_output/contracts_output/gemini_with_rag_contracts/3064.sol,3064.sol,smartcheck,solidity,2022/11/14,20260206_1558,1770393818.790786,1.4593501091003418,0,"{SOLIDITY_ADDRESS_HARDCODED,SOLIDITY_GAS_LIMIT_IN_LOOPS,SOLIDITY_LOCKED_MONEY,SOLIDITY_PRAGMAS_VERSION,SOLIDITY_PRIVATE_MODIFIER_DONT_HIDE_DATA,SOLIDITY_UPGRADE_TO_050,SOLIDITY_VISIBILITY}",{},{},{}
contracts_output/contracts_output/gemini_with_rag_contracts/3096.sol,3096.sol,smartcheck,solidity,2022/11/14,20260206_1558,1770394220.457778,1.4420444965362549,0,"{SOLIDITY_PRAGMAS_VERSION,SOLIDITY_VISIBILITY}",{},{},{}
contracts_output/contracts_output/gemini_with_rag_contracts/3103.sol,3103.sol,smartcheck,solidity,2022/11/14,20260206_1558,1770394215.6477456,1.4816410541534424,0,"{SOLIDITY_ADDRESS_HARDCODED,SOLIDITY_PRAGMAS_VERSION,SOLIDITY_VISIBILITY}",{},{},{}
contracts_output/contracts_output/gemini_with_rag_contracts/312.sol,312.sol,smartcheck,solidity,2022/11/14,20260206_1558,1770393658.0114334,1.3182950019836426,0,"{SOLIDITY_FUNCTIONS_RETURNS_TYPE_AND_NO_RETURN,SOLIDITY_PRAGMAS_VERSION,SOLIDITY_VISIBILITY}",{},{},{}
contracts_output/contracts_output/gemini_with_rag_contracts/3142.sol,3142.sol,smartcheck,solidity,2022/11/14,20260206_1558,1770393557.7718086,1.394592046737671,0,"{SOLIDITY_ADDRESS_HARDCODED,SOLIDITY_EXTRA_GAS_IN_LOOPS,SOLIDITY_PRAGMAS_VERSION,SOLIDITY_VISIBILITY}",{},{},{}
contracts_output/contracts_output/gemini_with_rag_contracts/3148.sol,3148.sol,smartcheck,solidity,2022/11/14,20260206_1558,1770393784.2052228,1.3899223804473877,0,"{SOLIDITY_ADDRESS_HARDCODED,SOLIDITY_LOCKED_MONEY,SOLIDITY_PRAGMAS_VERSION,SOLIDITY_PRIVATE_MODIFIER_DONT_HIDE_DATA,SOLIDITY_UPGRADE_TO_050,SOLIDITY_VISIBILITY}",{},{},{}
contracts_output/contracts_output/gemini_with_rag_contracts/316.sol,316.sol,smartcheck,solidity,2022/11/14,20260206_1558,1770393699.9762049,1.4148125648498535,0,"{SOLIDITY_ADDRESS_HARDCODED,SOLIDITY_PRAGMAS_VERSION,SOLIDITY_PRIVATE_MODIFIER_DONT_HIDE_DATA,SOLIDITY_SAFEMATH,SOLIDITY_UPGRADE_TO_050,SOLIDITY_VISIBILITY}",{},{},{}
contracts_output/contracts_output/gemini_with_rag_contracts/3161.sol,3161.sol,smartcheck,solidity,2022/11/14,20260206_1558,1770393791.0991526,1.3986995220184326,0,"{SOLIDITY_ADDRESS_HARDCODED,SOLIDITY_PRAGMAS_VERSION,SOLIDITY_PRIVATE_MODIFIER_DONT_HIDE_DATA,SOLIDITY_UPGRADE_TO_050,SOLIDITY_VISIBILITY}",{},{},{}
contracts_output/contracts_output/gemini_with_rag_contracts/3163.sol,3163.sol,smartcheck,solidity,2022/11/14,20260206_1558,1770394332.3703685,1.3717191219329834,0,"{SOLIDITY_ADDRESS_HARDCODED,SOLIDITY_PRAGMAS_VERSION,SOLIDITY_PRIVATE_MODIFIER_DONT_HIDE_DATA,SOLIDITY_UPGRADE_TO_050,SOLIDITY_VISIBILITY}",{},{},{}
contracts_output/contracts_output/gemini_with_rag_contracts/3170.sol,3170.sol,smartcheck,solidity,2022/11/14,20260206_1558,1770393712.0269473,1.374216079711914,0,"{SOLIDITY_ADDRESS_HARDCODED,SOLIDITY_OVERPOWERED_ROLE,SOLIDITY_PRAGMAS_VERSION,SOLIDITY_SAFEMATH,SOLIDITY_VISIBILITY}",{},{},{}
contracts_output/contracts_output/gemini_with_rag_contracts/3181.sol,3181.sol,smartcheck,solidity,2022/11/14,20260206_1558,1770393515.9146872,1.3453941345214844,0,"{SOLIDITY_ADDRESS_HARDCODED,SOLIDITY_PRAGMAS_VERSION,SOLIDITY_PRIVATE_MODIFIER_DONT_HIDE_DATA,SOLIDITY_SAFEMATH,SOLIDITY_UPGRADE_TO_050,SOLIDITY_VISIBILITY}",{},{},{}
contracts_output/contracts_output/gemini_with_rag_contracts/3185.sol,3185.sol,smartcheck,solidity,2022/11/14,20260206_1558,1770393540.0351253,1.3637864589691162,0,"{SOLIDITY_ADDRESS_HARDCODED,SOLIDITY_FUNCTIONS_RETURNS_TYPE_AND_NO_RETURN,SOLIDITY_PRAGMAS_VERSION,SOLIDITY_PRIVATE_MODIFIER_DONT_HIDE_DATA,SOLIDITY_SHOULD_NOT_BE_VIEW,SOLIDITY_UPGRADE_TO_050,SOLIDITY_VISIBILITY}",{},{},{}
contracts_output/contracts_output/gemini_with_rag_contracts/3195.sol,3195.sol,smartcheck,solidity,2022/11/14,20260206_1558,1770394270.1218312,1.3675909042358398,0,"{SOLIDITY_ADDRESS_HARDCODED,SOLIDITY_PRAGMAS_VERSION,SOLIDITY_PRIVATE_MODIFIER_DONT_HIDE_DATA,SOLIDITY_UNCHECKED_CALL,SOLIDITY_UPGRADE_TO_050,SOLIDITY_VISIBILITY}",{},{},{}
contracts_output/contracts_output/gemini_with_rag_contracts/32.sol,32.sol,smartcheck,solidity,2022/11/14,20260206_1558,1770393853.4082468,1.4522106647491455,0,"{SOLIDITY_ADDRESS_HARDCODED,SOLIDITY_OVERPOWERED_ROLE,SOLIDITY_PRAGMAS_VERSION,SOLIDITY_PRIVATE_MODIFIER_DONT_HIDE_DATA,SOLIDITY_UPGRADE_TO_050,SOLIDITY_VISIBILITY}",{},{},{}
contracts_output/contracts_output/gemini_with_rag_contracts/3202.sol,3202.sol,smartcheck,solidity,2022/11/14,20260206_1558,1770393802.871715,1.3814165592193604,0,"{SOLIDITY_ADDRESS_HARDCODED,SOLIDITY_PRAGMAS_VERSION,SOLIDITY_VISIBILITY}",{},{},{}
contracts_output/contracts_output/gemini_with_rag_contracts/3204.sol,3204.sol,smartcheck,solidity,2022/11/14,20260206_1558,1770394206.188922,1.447965145111084,0,"{SOLIDITY_ADDRESS_HARDCODED,SOLIDITY_PRAGMAS_VERSION,SOLIDITY_PRIVATE_MODIFIER_DONT_HIDE_DATA,SOLIDITY_SAFEMATH,SOLIDITY_UPGRADE_TO_050,SOLIDITY_VISIBILITY}",{},{},{}
contracts_output/contracts_output/gemini_with_rag_contracts/321.sol,321.sol,smartcheck,solidity,2022/11/14,20260206_1558,1770393954.2202015,1.36360764503479,0,"{SOLIDITY_ADDRESS_HARDCODED,SOLIDITY_PRAGMAS_VERSION,SOLIDITY_PRIVATE_MODIFIER_DONT_HIDE_DATA,SOLIDITY_UPGRADE_TO_050,SOLIDITY_VISIBILITY}",{},{},{}
contracts_output/contracts_output/gemini_with_rag_contracts/3235.sol,3235.sol,smartcheck,solidity,2022/11/14,20260206_1558,1770393620.6237056,1.2766878604888916,0,"{SOLIDITY_ADDRESS_HARDCODED,SOLIDITY_PRAGMAS_VERSION,SOLIDITY_PRIVATE_MODIFIER_DONT_HIDE_DATA,SOLIDITY_SHOULD_NOT_BE_VIEW,SOLIDITY_UPGRADE_TO_050}",{},{},{}
contracts_output/contracts_output/gemini_with_rag_contracts/3265.sol,3265.sol,smartcheck,solidity,2022/11/14,20260206_1558,1770394023.0722084,1.3667268753051758,0,"{SOLIDITY_ADDRESS_HARDCODED,SOLIDITY_PRAGMAS_VERSION,SOLIDITY_PRIVATE_MODIFIER_DONT_HIDE_DATA,SOLIDITY_UPGRADE_TO_050,SOLIDITY_VISIBILITY}",{},{},{}
contracts_output/contracts_output/gemini_with_rag_contracts/3277.sol,3277.sol,smartcheck,solidity,2022/11/14,20260206_1558,1770394204.2800417,1.3953170776367188,0,"{SOLIDITY_ADDRESS_HARDCODED,SOLIDITY_PRAGMAS_VERSION,SOLIDITY_PRIVATE_MODIFIER_DONT_HIDE_DATA,SOLIDITY_UPGRADE_TO_050,SOLIDITY_VISIBILITY}",{},{},{}
contracts_output/contracts_output/gemini_with_rag_contracts/3285.sol,3285.sol,smartcheck,solidity,2022/11/14,20260206_1558,1770394240.7959692,1.367743968963623,0,"{SOLIDITY_ADDRESS_HARDCODED,SOLIDITY_PRAGMAS_VERSION,SOLIDITY_PRIVATE_MODIFIER_DONT_HIDE_DATA,SOLIDITY_UPGRADE_TO_050,SOLIDITY_VISIBILITY}",{},{},{}
contracts_output/contracts_output/gemini_with_rag_contracts/3288.sol,3288.sol,smartcheck,solidity,2022/11/14,20260206_1558,1770393841.0765555,1.4607503414154053,0,"{SOLIDITY_EXTRA_GAS_IN_LOOPS,SOLIDITY_GAS_LIMIT_IN_LOOPS,SOLIDITY_PRAGMAS_VERSION,SOLIDITY_VISIBILITY}",{},{},{}
contracts_output/contracts_output/gemini_with_rag_contracts/3297.sol,3297.sol,smartcheck,solidity,2022/11/14,20260206_1558,1770394218.10331,1.4328117370605469,0,"{SOLIDITY_PRAGMAS_VERSION,SOLIDITY_VISIBILITY}",{},{},{}
contracts_output/contracts_output/gemini_with_rag_contracts/3314.sol,3314.sol,smartcheck,solidity,2022/11/14,20260206_1558,1770393823.9234524,1.5761573314666748,0,"{SOLIDITY_ADDRESS_HARDCODED,SOLIDITY_PRAGMAS_VERSION,SOLIDITY_PRIVATE_MODIFIER_DONT_HIDE_DATA,SOLIDITY_UPGRADE_TO_050,SOLIDITY_VISIBILITY}",{},{},{}
contracts_output/contracts_output/gemini_with_rag_contracts/3318.sol,3318.sol,smartcheck,solidity,2022/11/14,20260206_1558,1770393680.5379417,1.4568026065826416,0,"{SOLIDITY_ADDRESS_HARDCODED,SOLIDITY_PRAGMAS_VERSION,SOLIDITY_VISIBILITY}",{},{},{}
contracts_output/contracts_output/gemini_with_rag_contracts/3322.sol,3322.sol,smartcheck,solidity,2022/11/14,20260206_1558,1770393899.5741847,1.3634662628173828,0,"{SOLIDITY_ADDRESS_HARDCODED,SOLIDITY_FUNCTIONS_RETURNS_TYPE_AND_NO_RETURN,SOLIDITY_PRAGMAS_VERSION,SOLIDITY_PRIVATE_MODIFIER_DONT_HIDE_DATA,SOLIDITY_REVERT_REQUIRE,SOLIDITY_SHOULD_RETURN_STRUCT,SOLIDITY_UPGRADE_TO_050,SOLIDITY_VISIBILITY}",{},{},{}
contracts_output/contracts_output/gemini_with_rag_contracts/3332.sol,3332.sol,smartcheck,solidity,2022/11/14,20260206_1558,1770394147.3428648,1.358384370803833,0,"{SOLIDITY_ADDRESS_HARDCODED,SOLIDITY_PRAGMAS_VERSION,SOLIDITY_PRIVATE_MODIFIER_DONT_HIDE_DATA,SOLIDITY_UPGRADE_TO_050,SOLIDITY_VISIBILITY}",{},{},{}
contracts_output/contracts_output/gemini_with_rag_contracts/3338.sol,3338.sol,smartcheck,solidity,2022/11/14,20260206_1558,1770393789.7726674,1.325732946395874,0,"{SOLIDITY_ADDRESS_HARDCODED,SOLIDITY_PRAGMAS_VERSION,SOLIDITY_VISIBILITY}",{},{},{}
contracts_output/contracts_output/gemini_with_rag_contracts/3343.sol,3343.sol,smartcheck,solidity,2022/11/14,20260206_1558,1770393874.496095,1.3816113471984863,0,"{SOLIDITY_PRAGMAS_VERSION,SOLIDITY_VISIBILITY}",{},{},{}
contracts_output/contracts_output/gemini_with_rag_contracts/3368.sol,3368.sol,smartcheck,solidity,2022/11/14,20260206_1558,1770393724.6428201,1.4219119548797607,0,"{SOLIDITY_ADDRESS_HARDCODED,SOLIDITY_PRAGMAS_VERSION,SOLIDITY_PRIVATE_MODIFIER_DONT_HIDE_DATA,SOLIDITY_SHOULD_NOT_BE_VIEW,SOLIDITY_UPGRADE_TO_050,SOLIDITY_VISIBILITY}",{},{},{}
contracts_output/contracts_output/gemini_with_rag_contracts/3377.sol,3377.sol,smartcheck,solidity,2022/11/14,20260206_1558,1770393840.920828,1.400146722793579,0,"{SOLIDITY_ADDRESS_HARDCODED,SOLIDITY_PRAGMAS_VERSION,SOLIDITY_PRIVATE_MODIFIER_DONT_HIDE_DATA,SOLIDITY_UPGRADE_TO_050,SOLIDITY_VISIBILITY}",{},{},{}
contracts_output/contracts_output/gemini_with_rag_contracts/3380.sol,3380.sol,smartcheck,solidity,2022/11/14,20260206_1558,1770393885.151184,1.3664813041687012,0,"{SOLIDITY_ADDRESS_HARDCODED,SOLIDITY_PRAGMAS_VERSION,SOLIDITY_PRIVATE_MODIFIER_DONT_HIDE_DATA,SOLIDITY_UPGRADE_TO_050,SOLIDITY_VISIBILITY}",{},{},{}
contracts_output/contracts_output/gemini_with_rag_contracts/339.sol,339.sol,smartcheck,solidity,2022/11/14,20260206_1558,1770394213.1024566,1.425922155380249,0,"{SOLIDITY_ADDRESS_HARDCODED,SOLIDITY_PRAGMAS_VERSION,SOLIDITY_PRIVATE_MODIFIER_DONT_HIDE_DATA,SOLIDITY_SHOULD_RETURN_STRUCT,SOLIDITY_UPGRADE_TO_050,SOLIDITY_VISIBILITY}",{},{},{}
contracts_output/contracts_output/gemini_with_rag_contracts/3416.sol,3416.sol,smartcheck,solidity,2022/11/14,20260206_1558,1770394153.8415112,1.4337434768676758,0,"{SOLIDITY_ADDRESS_HARDCODED,SOLIDITY_PRAGMAS_VERSION,SOLIDITY_PRIVATE_MODIFIER_DONT_HIDE_DATA,SOLIDITY_SHOULD_RETURN_STRUCT,SOLIDITY_UPGRADE_TO_050,SOLIDITY_VISIBILITY}",{},{},{}
contracts_output/contracts_output/gemini_with_rag_contracts/3424.sol,3424.sol,smartcheck,solidity,2022/11/14,20260206_1558,1770393982.5016234,1.4189872741699219,0,"{SOLIDITY_ADDRESS_HARDCODED,SOLIDITY_PRAGMAS_VERSION,SOLIDITY_PRIVATE_MODIFIER_DONT_HIDE_DATA,SOLIDITY_UPGRADE_TO_050,SOLIDITY_VISIBILITY}",{},{},{}
contracts_output/contracts_output/gemini_with_rag_contracts/3433.sol,3433.sol,smartcheck,solidity,2022/11/14,20260206_1558,1770393842.7878752,1.468409776687622,0,"{SOLIDITY_ADDRESS_HARDCODED,SOLIDITY_PRAGMAS_VERSION,SOLIDITY_PRIVATE_MODIFIER_DONT_HIDE_DATA,SOLIDITY_UPGRADE_TO_050,SOLIDITY_VISIBILITY}",{},{},{}
contracts_output/contracts_output/gemini_with_rag_contracts/3447.sol,3447.sol,smartcheck,solidity,2022/11/14,20260206_1558,1770393882.080986,1.3084211349487305,0,"{SOLIDITY_ADDRESS_HARDCODED,SOLIDITY_OVERPOWERED_ROLE,SOLIDITY_PRAGMAS_VERSION,SOLIDITY_PRIVATE_MODIFIER_DONT_HIDE_DATA,SOLIDITY_UPGRADE_TO_050,SOLIDITY_VISIBILITY}",{},{},{}
contracts_output/contracts_output/gemini_with_rag_contracts/3452.sol,3452.sol,smartcheck,solidity,2022/11/14,20260206_1558,1770394193.712603,1.3580646514892578,0,"{SOLIDITY_ADDRESS_HARDCODED,SOLIDITY_EXTRA_GAS_IN_LOOPS,SOLIDITY_GAS_LIMIT_IN_LOOPS,SOLIDITY_PRAGMAS_VERSION,SOLIDITY_PRIVATE_MODIFIER_DONT_HIDE_DATA,SOLIDITY_UPGRADE_TO_050,SOLIDITY_VISIBILITY}",{},{},{}
contracts_output/contracts_output/gemini_with_rag_contracts/3458.sol,3458.sol,smartcheck,solidity,2022/11/14,20260206_1558,1770393799.028898,2.588773488998413,0,"{SOLIDITY_ADDRESS_HARDCODED,SOLIDITY_LOCKED_MONEY,SOLIDITY_PRAGMAS_VERSION,SOLIDITY_PRIVATE_MODIFIER_DONT_HIDE_DATA,SOLIDITY_UPGRADE_TO_050,SOLIDITY_VISIBILITY}",{},{},{}
contracts_output/contracts_output/gemini_with_rag_contracts/3464.sol,3464.sol,smartcheck,solidity,2022/11/14,20260206_1558,1770393701.3917425,1.3558423519134521,0,"{SOLIDITY_ADDRESS_HARDCODED,SOLIDITY_PRAGMAS_VERSION,SOLIDITY_PRIVATE_MODIFIER_DONT_HIDE_DATA,SOLIDITY_UPGRADE_TO_050,SOLIDITY_VISIBILITY}",{},{},{}
contracts_output/contracts_output/gemini_with_rag_contracts/3476.sol,3476.sol,smartcheck,solidity,2022/11/14,20260206_1558,1770393722.4707835,1.5511865615844727,0,"{SOLIDITY_ADDRESS_HARDCODED,SOLIDITY_PRAGMAS_VERSION,SOLIDITY_PRIVATE_MODIFIER_DONT_HIDE_DATA,SOLIDITY_SAFEMATH,SOLIDITY_UPGRADE_TO_050,SOLIDITY_VISIBILITY}",{},{},{}
contracts_output/contracts_output/gemini_with_rag_contracts/3477.sol,3477.sol,smartcheck,solidity,2022/11/14,20260206_1558,1770394195.2146862,1.3652453422546387,0,"{SOLIDITY_ADDRESS_HARDCODED,SOLIDITY_PRAGMAS_VERSION,SOLIDITY_PRIVATE_MODIFIER_DONT_HIDE_DATA,SOLIDITY_UPGRADE_TO_050,SOLIDITY_VISIBILITY}",{},{},{}
contracts_output/contracts_output/gemini_with_rag_contracts/3500.sol,3500.sol,smartcheck,solidity,2022/11/14,20260206_1558,1770393545.382317,1.343400239944458,0,"{SOLIDITY_PRAGMAS_VERSION,SOLIDITY_VISIBILITY}",{},{},{}
contracts_output/contracts_output/gemini_with_rag_contracts/3520.sol,3520.sol,smartcheck,solidity,2022/11/14,20260206_1558,1770394161.744656,1.3709099292755127,0,"{SOLIDITY_PRAGMAS_VERSION,SOLIDITY_VISIBILITY}",{},{},{}
contracts_output/contracts_output/gemini_with_rag_contracts/3570.sol,3570.sol,smartcheck,solidity,2022/11/14,20260206_1558,1770393919.0673678,1.3414194583892822,0,"{SOLIDITY_ADDRESS_HARDCODED,SOLIDITY_PRAGMAS_VERSION,SOLIDITY_PRIVATE_MODIFIER_DONT_HIDE_DATA,SOLIDITY_UPGRADE_TO_050,SOLIDITY_VISIBILITY}",{},{},{}
contracts_output/contracts_output/gemini_with_rag_contracts/3576.sol,3576.sol,smartcheck,solidity,2022/11/14,20260206_1558,1770393793.1206796,1.369969367980957,0,"{SOLIDITY_FUNCTIONS_RETURNS_TYPE_AND_NO_RETURN,SOLIDITY_PRAGMAS_VERSION,SOLIDITY_VISIBILITY}",{},{},{}
contracts_output/contracts_output/gemini_with_rag_contracts/3580.sol,3580.sol,smartcheck,solidity,2022/11/14,20260206_1558,1770393897.3385339,1.4036495685577393,0,"{SOLIDITY_ADDRESS_HARDCODED,SOLIDITY_LOCKED_MONEY,SOLIDITY_PRAGMAS_VERSION,SOLIDITY_PRIVATE_MODIFIER_DONT_HIDE_DATA,SOLIDITY_UPGRADE_TO_050,SOLIDITY_VISIBILITY}",{},{},{}
contracts_output/contracts_output/gemini_with_rag_contracts/36.sol,36.sol,smartcheck,solidity,2022/11/14,20260206_1558,1770393801.4763954,1.3944602012634277,0,"{SOLIDITY_ADDRESS_HARDCODED,SOLIDITY_OVERPOWERED_ROLE,SOLIDITY_PRAGMAS_VERSION,SOLIDITY_PRIVATE_MODIFIER_DONT_HIDE_DATA,SOLIDITY_UPGRADE_TO_050,SOLIDITY_VISIBILITY}",{},{},{}
contracts_output/contracts_output/gemini_with_rag_contracts/3604.sol,3604.sol,smartcheck,solidity,2022/11/14,20260206_1558,1770394155.4509196,1.374979019165039,0,"{SOLIDITY_ADDRESS_HARDCODED,SOLIDITY_FUNCTIONS_RETURNS_TYPE_AND_NO_RETURN,SOLIDITY_PRAGMAS_VERSION,SOLIDITY_PRIVATE_MODIFIER_DONT_HIDE_DATA,SOLIDITY_UPGRADE_TO_050,SOLIDITY_VISIBILITY}",{},{},{}
contracts_output/contracts_output/gemini_with_rag_contracts/3619.sol,3619.sol,smartcheck,solidity,2022/11/14,20260206_1558,1770393885.583453,1.3786628246307373,0,"{SOLIDITY_ADDRESS_HARDCODED,SOLIDITY_PRAGMAS_VERSION,SOLIDITY_VISIBILITY}",{},{},{}
contracts_output/contracts_output/gemini_with_rag_contracts/3633.sol,3633.sol,smartcheck,solidity,2022/11/14,20260206_1558,1770394281.3149207,1.4494993686676025,0,"{SOLIDITY_ADDRESS_HARDCODED,SOLIDITY_PRAGMAS_VERSION,SOLIDITY_PRIVATE_MODIFIER_DONT_HIDE_DATA,SOLIDITY_UPGRADE_TO_050,SOLIDITY_VISIBILITY}",{},{},{}
contracts_output/contracts_output/gemini_with_rag_contracts/3644.sol,3644.sol,smartcheck,solidity,2022/11/14,20260206_1558,1770394252.6809995,1.2971892356872559,0,"{SOLIDITY_ADDRESS_HARDCODED,SOLIDITY_PRAGMAS_VERSION,SOLIDITY_VISIBILITY}",{},{},{}
contracts_output/contracts_output/gemini_with_rag_contracts/3650.sol,3650.sol,smartcheck,solidity,2022/11/14,20260206_1558,1770393838.6121907,1.453906774520874,0,"{SOLIDITY_PRAGMAS_VERSION,SOLIDITY_VISIBILITY}",{},{},{}
contracts_output/contracts_output/gemini_with_rag_contracts/3662.sol,3662.sol,smartcheck,solidity,2022/11/14,20260206_1558,1770394212.338632,1.4498193264007568,0,"{SOLIDITY_ADDRESS_HARDCODED,SOLIDITY_PRAGMAS_VERSION,SOLIDITY_PRIVATE_MODIFIER_DONT_HIDE_DATA,SOLIDITY_UPGRADE_TO_050,SOLIDITY_VISIBILITY}",{},{},{}
contracts_output/contracts_output/gemini_with_rag_contracts/3698.sol,3698.sol,smartcheck,solidity,2022/11/14,20260206_1558,1770393706.8497167,1.4096825122833252,0,"{SOLIDITY_ADDRESS_HARDCODED,SOLIDITY_PRAGMAS_VERSION,SOLIDITY_PRIVATE_MODIFIER_DONT_HIDE_DATA,SOLIDITY_UPGRADE_TO_050,SOLIDITY_VISIBILITY}",{},{},{}
contracts_output/contracts_output/gemini_with_rag_contracts/3704.sol,3704.sol,smartcheck,solidity,2022/11/14,20260206_1558,1770394086.175309,1.3606209754943848,0,"{SOLIDITY_ADDRESS_HARDCODED,SOLIDITY_PRAGMAS_VERSION,SOLIDITY_PRIVATE_MODIFIER_DONT_HIDE_DATA,SOLIDITY_UPGRADE_TO_050,SOLIDITY_VISIBILITY}",{},{},{}
contracts_output/contracts_output/gemini_with_rag_contracts/3719.sol,3719.sol,smartcheck,solidity,2022/11/14,20260206_1558,1770393678.7366498,1.4261059761047363,0,"{SOLIDITY_PRAGMAS_VERSION,SOLIDITY_VISIBILITY}",{},{},{}
contracts_output/contracts_output/gemini_with_rag_contracts/3727.sol,3727.sol,smartcheck,solidity,2022/11/14,20260206_1558,1770393908.5399356,1.385162353515625,0,"{SOLIDITY_ADDRESS_HARDCODED,SOLIDITY_PRAGMAS_VERSION,SOLIDITY_PRIVATE_MODIFIER_DONT_HIDE_DATA,SOLIDITY_UPGRADE_TO_050,SOLIDITY_VISIBILITY}",{},{},{}
contracts_output/contracts_output/gemini_with_rag_contracts/3728.sol,3728.sol,smartcheck,solidity,2022/11/14,20260206_1558,1770393654.065825,1.3846805095672607,0,"{SOLIDITY_ADDRESS_HARDCODED,SOLIDITY_ERC20_APPROVE,SOLIDITY_PRAGMAS_VERSION,SOLIDITY_PRIVATE_MODIFIER_DONT_HIDE_DATA,SOLIDITY_UPGRADE_TO_050,SOLIDITY_VISIBILITY}",{},{},{}
contracts_output/contracts_output/gemini_with_rag_contracts/3748.sol,3748.sol,smartcheck,solidity,2022/11/14,20260206_1558,1770394073.4303348,1.3189704418182373,0,"{SOLIDITY_ADDRESS_HARDCODED,SOLIDITY_PRAGMAS_VERSION,SOLIDITY_PRIVATE_MODIFIER_DONT_HIDE_DATA,SOLIDITY_UPGRADE_TO_050,SOLIDITY_VISIBILITY}",{},{},{}
contracts_output/contracts_output/gemini_with_rag_contracts/3756.sol,3756.sol,smartcheck,solidity,2022/11/14,20260206_1558,1770393807.5196276,1.4003875255584717,0,"{SOLIDITY_ADDRESS_HARDCODED,SOLIDITY_PRAGMAS_VERSION,SOLIDITY_PRIVATE_MODIFIER_DONT_HIDE_DATA,SOLIDITY_UPGRADE_TO_050,SOLIDITY_VISIBILITY}",{},{},{}
contracts_output/contracts_output/gemini_with_rag_contracts/3776.sol,3776.sol,smartcheck,solidity,2022/11/14,20260206_1558,1770394157.4736397,1.390326738357544,0,"{SOLIDITY_ADDRESS_HARDCODED,SOLIDITY_PRAGMAS_VERSION,SOLIDITY_PRIVATE_MODIFIER_DONT_HIDE_DATA,SOLIDITY_UPGRADE_TO_050,SOLIDITY_VISIBILITY}",{},{},{}
contracts_output/contracts_output/gemini_with_rag_contracts/3785.sol,3785.sol,smartcheck,solidity,2022/11/14,20260206_1558,1770394327.6453001,1.443025827407837,0,"{SOLIDITY_ADDRESS_HARDCODED,SOLIDITY_EXTRA_GAS_IN_LOOPS,SOLIDITY_GAS_LIMIT_IN_LOOPS,SOLIDITY_PRAGMAS_VERSION,SOLIDITY_PRIVATE_MODIFIER_DONT_HIDE_DATA,SOLIDITY_UPGRADE_TO_050,SOLIDITY_VISIBILITY}",{},{},{}
contracts_output/contracts_output/gemini_with_rag_contracts/3793.sol,3793.sol,smartcheck,solidity,2022/11/14,20260206_1558,1770393852.1730645,1.4808611869812012,0,"{SOLIDITY_ADDRESS_HARDCODED,SOLIDITY_PRAGMAS_VERSION,SOLIDITY_VISIBILITY}",{},{},{}
contracts_output/contracts_output/gemini_with_rag_contracts/381.sol,381.sol,smartcheck,solidity,2022/11/14,20260206_1558,1770394160.597276,1.4199459552764893,0,"{SOLIDITY_ADDRESS_HARDCODED,SOLIDITY_PRAGMAS_VERSION,SOLIDITY_PRIVATE_MODIFIER_DONT_HIDE_DATA,SOLIDITY_UPGRADE_TO_050,SOLIDITY_VISIBILITY}",{},{},{}
contracts_output/contracts_output/gemini_with_rag_contracts/382.sol,382.sol,smartcheck,solidity,2022/11/14,20260206_1558,1770393836.1279814,1.423999309539795,0,"{SOLIDITY_PRAGMAS_VERSION,SOLIDITY_VISIBILITY}",{},{},{}
contracts_output/contracts_output/gemini_with_rag_contracts/3857.sol,3857.sol,smartcheck,solidity,2022/11/14,20260206_1558,1770393599.552565,1.3248093128204346,0,"{SOLIDITY_ADDRESS_HARDCODED,SOLIDITY_PRAGMAS_VERSION,SOLIDITY_VISIBILITY}",{},{},{}
contracts_output/contracts_output/gemini_with_rag_contracts/3863.sol,3863.sol,smartcheck,solidity,2022/11/14,20260206_1558,1770394333.7428966,1.4251081943511963,0,"{SOLIDITY_ADDRESS_HARDCODED,SOLIDITY_PRAGMAS_VERSION,SOLIDITY_PRIVATE_MODIFIER_DONT_HIDE_DATA,SOLIDITY_SAFEMATH,SOLIDITY_UPGRADE_TO_050,SOLIDITY_VISIBILITY}",{},{},{}
contracts_output/contracts_output/gemini_with_rag_contracts/3881.sol,3881.sol,smartcheck,solidity,2022/11/14,20260206_1558,1770394096.101959,1.4257893562316895,0,"{SOLIDITY_ADDRESS_HARDCODED,SOLIDITY_PRAGMAS_VERSION,SOLIDITY_PRIVATE_MODIFIER_DONT_HIDE_DATA,SOLIDITY_UPGRADE_TO_050,SOLIDITY_VISIBILITY}",{},{},{}
contracts_output/contracts_output/gemini_with_rag_contracts/3890.sol,3890.sol,smartcheck,solidity,2022/11/14,20260206_1558,1770394047.541403,1.3892168998718262,0,"{SOLIDITY_PRAGMAS_VERSION,SOLIDITY_VISIBILITY}",{},{},{}
contracts_output/contracts_output/gemini_with_rag_contracts/3893.sol,3893.sol,smartcheck,solidity,2022/11/14,20260206_1558,1770393518.223618,1.3416635990142822,0,"{SOLIDITY_ADDRESS_HARDCODED,SOLIDITY_PRAGMAS_VERSION,SOLIDITY_VISIBILITY}",{},{},{}
contracts_output/contracts_output/gemini_with_rag_contracts/3896.sol,3896.sol,smartcheck,solidity,2022/11/14,20260206_1558,1770394148.7021172,1.2918720245361328,0,"{SOLIDITY_EXTRA_GAS_IN_LOOPS,SOLIDITY_GAS_LIMIT_IN_LOOPS,SOLIDITY_PRAGMAS_VERSION,SOLIDITY_VISIBILITY}",{},{},{}
contracts_output/contracts_output/gemini_with_rag_contracts/39.sol,39.sol,smartcheck,solidity,2022/11/14,20260206_1558,1770393758.9685056,1.432180404663086,0,"{SOLIDITY_ADDRESS_HARDCODED,SOLIDITY_LOCKED_MONEY,SOLIDITY_PRAGMAS_VERSION,SOLIDITY_PRIVATE_MODIFIER_DONT_HIDE_DATA,SOLIDITY_UPGRADE_TO_050,SOLIDITY_VISIBILITY}",{},{},{}
contracts_output/contracts_output/gemini_with_rag_contracts/3939.sol,3939.sol,smartcheck,solidity,2022/11/14,20260206_1558,1770393656.6759715,1.3348548412322998,0,"{SOLIDITY_OVERPOWERED_ROLE,SOLIDITY_PRAGMAS_VERSION,SOLIDITY_VISIBILITY}",{},{},{}
contracts_output/contracts_output/gemini_with_rag_contracts/3988.sol,3988.sol,smartcheck,solidity,2022/11/14,20260206_1558,1770394049.870294,1.3519301414489746,0,"{SOLIDITY_ADDRESS_HARDCODED,SOLIDITY_PRAGMAS_VERSION,SOLIDITY_PRIVATE_MODIFIER_DONT_HIDE_DATA,SOLIDITY_UPGRADE_TO_050,SOLIDITY_VISIBILITY}",{},{},{}
contracts_output/contracts_output/gemini_with_rag_contracts/3990.sol,3990.sol,smartcheck,solidity,2022/11/14,20260206_1558,1770393687.850309,1.3511226177215576,0,"{SOLIDITY_ADDRESS_HARDCODED,SOLIDITY_PRAGMAS_VERSION,SOLIDITY_UPGRADE_TO_050,SOLIDITY_VISIBILITY}",{},{},{}
contracts_output/contracts_output/gemini_with_rag_contracts/4001.sol,4001.sol,smartcheck,solidity,2022/11/14,20260206_1558,1770394290.4252906,1.4129962921142578,0,"{SOLIDITY_ADDRESS_HARDCODED,SOLIDITY_LOCKED_MONEY,SOLIDITY_PRAGMAS_VERSION,SOLIDITY_PRIVATE_MODIFIER_DONT_HIDE_DATA,SOLIDITY_SAFEMATH,SOLIDITY_UPGRADE_TO_050,SOLIDITY_VISIBILITY}",{},{},{}
contracts_output/contracts_output/gemini_with_rag_contracts/4005.sol,4005.sol,smartcheck,solidity,2022/11/14,20260206_1558,1770393643.0256658,1.414172649383545,0,"{SOLIDITY_ADDRESS_HARDCODED,SOLIDITY_PRAGMAS_VERSION,SOLIDITY_PRIVATE_MODIFIER_DONT_HIDE_DATA,SOLIDITY_SAFEMATH,SOLIDITY_UPGRADE_TO_050,SOLIDITY_VISIBILITY}",{},{},{}
contracts_output/contracts_output/gemini_with_rag_contracts/402.sol,402.sol,smartcheck,solidity,2022/11/14,20260206_1558,1770393834.7200642,1.4656684398651123,0,"{SOLIDITY_ADDRESS_HARDCODED,SOLIDITY_PRAGMAS_VERSION,SOLIDITY_PRIVATE_MODIFIER_DONT_HIDE_DATA,SOLIDITY_UPGRADE_TO_050,SOLIDITY_VISIBILITY}",{},{},{}
contracts_output/contracts_output/gemini_with_rag_contracts/4025.sol,4025.sol,smartcheck,solidity,2022/11/14,20260206_1558,1770393705.307407,1.3617053031921387,0,"{SOLIDITY_ADDRESS_HARDCODED,SOLIDITY_PRAGMAS_VERSION,SOLIDITY_PRIVATE_MODIFIER_DONT_HIDE_DATA,SOLIDITY_SAFEMATH,SOLIDITY_UPGRADE_TO_050,SOLIDITY_VISIBILITY}",{},{},{}
contracts_output/contracts_output/gemini_with_rag_contracts/4047.sol,4047.sol,smartcheck,solidity,2022/11/14,20260206_1558,1770393723.8556066,1.4414176940917969,0,"{SOLIDITY_ADDRESS_HARDCODED,SOLIDITY_EXTRA_GAS_IN_LOOPS,SOLIDITY_GAS_LIMIT_IN_LOOPS,SOLIDITY_PRAGMAS_VERSION,SOLIDITY_PRIVATE_MODIFIER_DONT_HIDE_DATA,SOLIDITY_UPGRADE_TO_050,SOLIDITY_VISIBILITY}",{},{},{}
contracts_output/contracts_output/gemini_with_rag_contracts/4051.sol,4051.sol,smartcheck,solidity,2022/11/14,20260206_1558,1770393868.2506258,1.309394359588623,0,"{SOLIDITY_ADDRESS_HARDCODED,SOLIDITY_PRAGMAS_VERSION,SOLIDITY_PRIVATE_MODIFIER_DONT_HIDE_DATA,SOLIDITY_UPGRADE_TO_050,SOLIDITY_VISIBILITY}",{},{},{}
contracts_output/contracts_output/gemini_with_rag_contracts/4079.sol,4079.sol,smartcheck,solidity,2022/11/14,20260206_1558,1770393839.6693225,1.4065277576446533,0,"{SOLIDITY_ADDRESS_HARDCODED,SOLIDITY_PRAGMAS_VERSION,SOLIDITY_VISIBILITY}",{},{},{}
contracts_output/contracts_output/gemini_with_rag_contracts/4083.sol,4083.sol,smartcheck,solidity,2022/11/14,20260206_1558,1770394272.6401982,1.3961098194122314,0,"{SOLIDITY_ADDRESS_HARDCODED,SOLIDITY_PRAGMAS_VERSION,SOLIDITY_PRIVATE_MODIFIER_DONT_HIDE_DATA,SOLIDITY_SHOULD_RETURN_STRUCT,SOLIDITY_UPGRADE_TO_050,SOLIDITY_VISIBILITY}",{},{},{}
contracts_output/contracts_output/gemini_with_rag_contracts/4086.sol,4086.sol,smartcheck,solidity,2022/11/14,20260206_1558,1770394123.4556754,1.3798556327819824,0,"{SOLIDITY_ADDRESS_HARDCODED,SOLIDITY_PRAGMAS_VERSION,SOLIDITY_PRIVATE_MODIFIER_DONT_HIDE_DATA,SOLIDITY_UPGRADE_TO_050,SOLIDITY_VISIBILITY}",{},{},{}
contracts_output/contracts_output/gemini_with_rag_contracts/4148.sol,4148.sol,smartcheck,solidity,2022/11/14,20260206_1558,1770393679.9585526,1.3742074966430664,0,"{SOLIDITY_PRAGMAS_VERSION,SOLIDITY_VISIBILITY}",{},{},{}
contracts_output/contracts_output/gemini_with_rag_contracts/4173.sol,4173.sol,smartcheck,solidity,2022/11/14,20260206_1558,1770394173.7937737,1.4460270404815674,0,"{SOLIDITY_ADDRESS_HARDCODED,SOLIDITY_PRAGMAS_VERSION,SOLIDITY_PRIVATE_MODIFIER_DONT_HIDE_DATA,SOLIDITY_SHOULD_RETURN_STRUCT,SOLIDITY_UPGRADE_TO_050,SOLIDITY_VISIBILITY}",{},{},{}
contracts_output/contracts_output/gemini_with_rag_contracts/4185.sol,4185.sol,smartcheck,solidity,2022/11/14,20260206_1558,1770393820.251093,1.4758639335632324,0,"{SOLIDITY_ADDRESS_HARDCODED,SOLIDITY_PRAGMAS_VERSION,SOLIDITY_PRIVATE_MODIFIER_DONT_HIDE_DATA,SOLIDITY_UPGRADE_TO_050,SOLIDITY_VISIBILITY}",{},{},{}
contracts_output/contracts_output/gemini_with_rag_contracts/4219.sol,4219.sol,smartcheck,solidity,2022/11/14,20260206_1558,1770393560.1654663,1.3433301448822021,0,"{SOLIDITY_ADDRESS_HARDCODED,SOLIDITY_PRAGMAS_VERSION,SOLIDITY_PRIVATE_MODIFIER_DONT_HIDE_DATA,SOLIDITY_UPGRADE_TO_050,SOLIDITY_VISIBILITY}",{},{},{}
contracts_output/contracts_output/gemini_with_rag_contracts/4258.sol,4258.sol,smartcheck,solidity,2022/11/14,20260206_1558,1770394294.915232,1.3788690567016602,0,"{SOLIDITY_ERC20_APPROVE,SOLIDITY_PRAGMAS_VERSION,SOLIDITY_VISIBILITY}",{},{},{}
contracts_output/contracts_output/gemini_with_rag_contracts/4267.sol,4267.sol,smartcheck,solidity,2022/11/14,20260206_1558,1770394065.4150274,1.401902437210083,0,"{SOLIDITY_ADDRESS_HARDCODED,SOLIDITY_PRAGMAS_VERSION,SOLIDITY_PRIVATE_MODIFIER_DONT_HIDE_DATA,SOLIDITY_UPGRADE_TO_050,SOLIDITY_VISIBILITY}",{},{},{}
contracts_output/contracts_output/gemini_with_rag_contracts/4301.sol,4301.sol,smartcheck,solidity,2022/11/14,20260206_1558,1770393817.37656,1.4729623794555664,0,"{SOLIDITY_ADDRESS_HARDCODED,SOLIDITY_PRAGMAS_VERSION,SOLIDITY_PRIVATE_MODIFIER_DONT_HIDE_DATA,SOLIDITY_UNCHECKED_CALL,SOLIDITY_UPGRADE_TO_050,SOLIDITY_VISIBILITY}",{},{},{}
contracts_output/contracts_output/gemini_with_rag_contracts/4311.sol,4311.sol,smartcheck,solidity,2022/11/14,20260206_1558,1770394042.9179273,1.4934272766113281,0,"{SOLIDITY_ADDRESS_HARDCODED,SOLIDITY_PRAGMAS_VERSION,SOLIDITY_PRIVATE_MODIFIER_DONT_HIDE_DATA,SOLIDITY_UPGRADE_TO_050,SOLIDITY_VISIBILITY}",{},{},{}
contracts_output/contracts_output/gemini_with_rag_contracts/4342.sol,4342.sol,smartcheck,solidity,2022/11/14,20260206_1558,1770394222.6213953,1.3752567768096924,0,"{SOLIDITY_ADDRESS_HARDCODED,SOLIDITY_PRAGMAS_VERSION,SOLIDITY_PRIVATE_MODIFIER_DONT_HIDE_DATA,SOLIDITY_UPGRADE_TO_050,SOLIDITY_VISIBILITY}",{},{},{}
contracts_output/contracts_output/gemini_with_rag_contracts/4344.sol,4344.sol,smartcheck,solidity,2022/11/14,20260206_1558,1770393754.72258,1.4571669101715088,0,"{SOLIDITY_PRAGMAS_VERSION,SOLIDITY_VISIBILITY}",{},{},{}
contracts_output/contracts_output/gemini_with_rag_contracts/4397.sol,4397.sol,smartcheck,solidity,2022/11/14,20260206_1558,1770394226.542066,1.4893372058868408,0,"{SOLIDITY_ADDRESS_HARDCODED,SOLIDITY_OVERPOWERED_ROLE,SOLIDITY_PRAGMAS_VERSION,SOLIDITY_PRIVATE_MODIFIER_DONT_HIDE_DATA,SOLIDITY_UPGRADE_TO_050,SOLIDITY_VISIBILITY}",{},{},{}
contracts_output/contracts_output/gemini_with_rag_contracts/4411.sol,4411.sol,smartcheck,solidity,2022/11/14,20260206_1558,1770393712.673756,1.4112327098846436,0,"{SOLIDITY_ADDRESS_HARDCODED,SOLIDITY_PRAGMAS_VERSION,SOLIDITY_PRIVATE_MODIFIER_DONT_HIDE_DATA,SOLIDITY_UPGRADE_TO_050,SOLIDITY_VISIBILITY}",{},{},{}
contracts_output/contracts_output/gemini_with_rag_contracts/4418.sol,4418.sol,smartcheck,solidity,2022/11/14,20260206_1558,1770394010.859128,1.4760313034057617,0,"{SOLIDITY_ADDRESS_HARDCODED,SOLIDITY_PRAGMAS_VERSION,SOLIDITY_PRIVATE_MODIFIER_DONT_HIDE_DATA,SOLIDITY_SHOULD_NOT_BE_VIEW,SOLIDITY_UPGRADE_TO_050,SOLIDITY_VISIBILITY}",{},{},{}
contracts_output/contracts_output/gemini_with_rag_contracts/442.sol,442.sol,smartcheck,solidity,2022/11/14,20260206_1558,1770393608.4850156,1.3565526008605957,0,"{SOLIDITY_PRAGMAS_VERSION,SOLIDITY_PRIVATE_MODIFIER_DONT_HIDE_DATA,SOLIDITY_VISIBILITY}",{},{},{}
contracts_output/contracts_output/gemini_with_rag_contracts/4437.sol,4437.sol,smartcheck,solidity,2022/11/14,20260206_1558,1770393771.754733,1.3350672721862793,0,"{SOLIDITY_ERC20_APPROVE,SOLIDITY_PRAGMAS_VERSION,SOLIDITY_PRIVATE_MODIFIER_DONT_HIDE_DATA,SOLIDITY_VISIBILITY}",{},{},{}
contracts_output/contracts_output/gemini_with_rag_contracts/4464.sol,4464.sol,smartcheck,solidity,2022/11/14,20260206_1558,1770393950.132901,1.3080565929412842,0,"{SOLIDITY_ADDRESS_HARDCODED,SOLIDITY_PRAGMAS_VERSION,SOLIDITY_VISIBILITY}",{},{},{}
contracts_output/contracts_output/gemini_with_rag_contracts/4481.sol,4481.sol,smartcheck,solidity,2022/11/14,20260206_1558,1770393716.0156455,1.4624171257019043,0,"{SOLIDITY_ADDRESS_HARDCODED,SOLIDITY_FUNCTIONS_RETURNS_TYPE_AND_NO_RETURN,SOLIDITY_PRAGMAS_VERSION,SOLIDITY_VISIBILITY}",{},{},{}
contracts_output/contracts_output/gemini_with_rag_contracts/4491.sol,4491.sol,smartcheck,solidity,2022/11/14,20260206_1558,1770393837.8721428,1.3747336864471436,0,"{SOLIDITY_LOCKED_MONEY,SOLIDITY_PRAGMAS_VERSION,SOLIDITY_VISIBILITY}",{},{},{}
contracts_output/contracts_output/gemini_with_rag_contracts/4496.sol,4496.sol,smartcheck,solidity,2022/11/14,20260206_1558,1770393765.2313268,1.4042692184448242,0,"{SOLIDITY_ADDRESS_HARDCODED,SOLIDITY_EXTRA_GAS_IN_LOOPS,SOLIDITY_GAS_LIMIT_IN_LOOPS,SOLIDITY_PRAGMAS_VERSION,SOLIDITY_VISIBILITY}",{},{},{}
contracts_output/contracts_output/gemini_with_rag_contracts/4517.sol,4517.sol,smartcheck,solidity,2022/11/14,20260206_1558,1770394088.5471263,1.3545582294464111,0,"{SOLIDITY_ADDRESS_HARDCODED,SOLIDITY_PRAGMAS_VERSION,SOLIDITY_PRIVATE_MODIFIER_DONT_HIDE_DATA,SOLIDITY_UPGRADE_TO_050,SOLIDITY_VISIBILITY}",{},{},{}
contracts_output/contracts_output/gemini_with_rag_contracts/4527.sol,4527.sol,smartcheck,solidity,2022/11/14,20260206_1558,1770393850.7636738,1.408003568649292,0,"{SOLIDITY_ADDRESS_HARDCODED,SOLIDITY_PRAGMAS_VERSION,SOLIDITY_PRIVATE_MODIFIER_DONT_HIDE_DATA,SOLIDITY_UPGRADE_TO_050,SOLIDITY_VISIBILITY}",{},{},{}
contracts_output/contracts_output/gemini_with_rag_contracts/4553.sol,4553.sol,smartcheck,solidity,2022/11/14,20260206_1558,1770394249.9348655,1.371732234954834,0,"{SOLIDITY_ADDRESS_HARDCODED,SOLIDITY_PRAGMAS_VERSION,SOLIDITY_PRIVATE_MODIFIER_DONT_HIDE_DATA,SOLIDITY_SAFEMATH,SOLIDITY_UPGRADE_TO_050,SOLIDITY_VISIBILITY}",{},{},{}
contracts_output/contracts_output/gemini_with_rag_contracts/4560.sol,4560.sol,smartcheck,solidity,2022/11/14,20260206_1558,1770393511.458549,1.392188310623169,0,"{SOLIDITY_ADDRESS_HARDCODED,SOLIDITY_PRAGMAS_VERSION,SOLIDITY_PRIVATE_MODIFIER_DONT_HIDE_DATA,SOLIDITY_UPGRADE_TO_050,SOLIDITY_VISIBILITY}",{},{},{}
contracts_output/contracts_output/gemini_with_rag_contracts/4562.sol,4562.sol,smartcheck,solidity,2022/11/14,20260206_1558,1770394184.3049297,1.4045259952545166,0,"{SOLIDITY_ADDRESS_HARDCODED,SOLIDITY_EXTRA_GAS_IN_LOOPS,SOLIDITY_GAS_LIMIT_IN_LOOPS,SOLIDITY_LOCKED_MONEY,SOLIDITY_PRAGMAS_VERSION,SOLIDITY_PRIVATE_MODIFIER_DONT_HIDE_DATA,SOLIDITY_UPGRADE_TO_050,SOLIDITY_VISIBILITY}",{},{},{}
contracts_output/contracts_output/gemini_with_rag_contracts/4567.sol,4567.sol,smartcheck,solidity,2022/11/14,20260206_1558,1770393616.6830883,1.343123197555542,0,"{SOLIDITY_PRAGMAS_VERSION,SOLIDITY_VISIBILITY}",{},{},{}
contracts_output/contracts_output/gemini_with_rag_contracts/4568.sol,4568.sol,smartcheck,solidity,2022/11/14,20260206_1558,1770393917.6957226,1.3710193634033203,0,"{SOLIDITY_ADDRESS_HARDCODED,SOLIDITY_PRAGMAS_VERSION,SOLIDITY_PRIVATE_MODIFIER_DONT_HIDE_DATA,SOLIDITY_UPGRADE_TO_050,SOLIDITY_VISIBILITY}",{},{},{}
contracts_output/contracts_output/gemini_with_rag_contracts/4569.sol,4569.sol,smartcheck,solidity,2022/11/14,20260206_1558,1770393548.8570447,1.4019145965576172,0,"{SOLIDITY_ADDRESS_HARDCODED,SOLIDITY_PRAGMAS_VERSION,SOLIDITY_PRIVATE_MODIFIER_DONT_HIDE_DATA,SOLIDITY_SHOULD_RETURN_STRUCT,SOLIDITY_UPGRADE_TO_050,SOLIDITY_VISIBILITY}",{},{},{}
contracts_output/contracts_output/gemini_with_rag_contracts/4577.sol,4577.sol,smartcheck,solidity,2022/11/14,20260206_1558,1770393623.4581609,1.3919551372528076,0,"{SOLIDITY_ADDRESS_HARDCODED,SOLIDITY_ERC20_APPROVE,SOLIDITY_PRAGMAS_VERSION,SOLIDITY_VISIBILITY}",{},{},{}
contracts_output/contracts_output/gemini_with_rag_contracts/4581.sol,4581.sol,smartcheck,solidity,2022/11/14,20260206_1558,1770393556.3967936,1.3740031719207764,0,"{SOLIDITY_ADDRESS_HARDCODED,SOLIDITY_OVERPOWERED_ROLE,SOLIDITY_PRAGMAS_VERSION,SOLIDITY_PRIVATE_MODIFIER_DONT_HIDE_DATA,SOLIDITY_UPGRADE_TO_050,SOLIDITY_VISIBILITY}",{},{},{}
contracts_output/contracts_output/gemini_with_rag_contracts/4592.sol,4592.sol,smartcheck,solidity,2022/11/14,20260206_1558,1770394039.7187586,1.3588576316833496,0,"{SOLIDITY_ADDRESS_HARDCODED,SOLIDITY_PRAGMAS_VERSION,SOLIDITY_PRIVATE_MODIFIER_DONT_HIDE_DATA,SOLIDITY_UPGRADE_TO_050,SOLIDITY_VISIBILITY}",{},{},{}
contracts_output/contracts_output/gemini_with_rag_contracts/4597.sol,4597.sol,smartcheck,solidity,2022/11/14,20260206_1558,1770394058.5262024,1.3282585144042969,0,"{SOLIDITY_ADDRESS_HARDCODED,SOLIDITY_PRAGMAS_VERSION,SOLIDITY_PRIVATE_MODIFIER_DONT_HIDE_DATA,SOLIDITY_UPGRADE_TO_050,SOLIDITY_VISIBILITY}",{},{},{}
contracts_output/contracts_output/gemini_with_rag_contracts/4609.sol,4609.sol,smartcheck,solidity,2022/11/14,20260206_1558,1770394316.6064532,1.3683419227600098,0,"{SOLIDITY_ADDRESS_HARDCODED,SOLIDITY_PRAGMAS_VERSION,SOLIDITY_PRIVATE_MODIFIER_DONT_HIDE_DATA,SOLIDITY_UPGRADE_TO_050,SOLIDITY_VISIBILITY}",{},{},{}
contracts_output/contracts_output/gemini_with_rag_contracts/461.sol,461.sol,smartcheck,solidity,2022/11/14,20260206_1558,1770393612.5604193,1.339698076248169,0,"{SOLIDITY_ADDRESS_HARDCODED,SOLIDITY_PRAGMAS_VERSION,SOLIDITY_UNCHECKED_CALL,SOLIDITY_VISIBILITY}",{},{},{}
contracts_output/contracts_output/gemini_with_rag_contracts/4614.sol,4614.sol,smartcheck,solidity,2022/11/14,20260206_1558,1770394045.1180172,1.3593509197235107,0,"{SOLIDITY_ADDRESS_HARDCODED,SOLIDITY_PRAGMAS_VERSION,SOLIDITY_PRIVATE_MODIFIER_DONT_HIDE_DATA,SOLIDITY_UPGRADE_TO_050,SOLIDITY_VISIBILITY}",{},{},{}
contracts_output/contracts_output/gemini_with_rag_contracts/4646.sol,4646.sol,smartcheck,solidity,2022/11/14,20260206_1558,1770394198.5873282,1.3862452507019043,0,"{SOLIDITY_ADDRESS_HARDCODED,SOLIDITY_PRAGMAS_VERSION,SOLIDITY_PRIVATE_MODIFIER_DONT_HIDE_DATA,SOLIDITY_UPGRADE_TO_050,SOLIDITY_VISIBILITY}",{},{},{}
contracts_output/contracts_output/gemini_with_rag_contracts/465.sol,465.sol,smartcheck,solidity,2022/11/14,20260206_1558,1770393959.4872236,1.3907721042633057,0,"{SOLIDITY_ADDRESS_HARDCODED,SOLIDITY_PRAGMAS_VERSION,SOLIDITY_PRIVATE_MODIFIER_DONT_HIDE_DATA,SOLIDITY_UPGRADE_TO_050,SOLIDITY_VISIBILITY}",{},{},{}
contracts_output/contracts_output/gemini_with_rag_contracts/4661.sol,4661.sol,smartcheck,solidity,2022/11/14,20260206_1558,1770393745.724763,1.3089354038238525,0,"{SOLIDITY_ADDRESS_HARDCODED,SOLIDITY_PRAGMAS_VERSION,SOLIDITY_VISIBILITY}",{},{},{}
contracts_output/contracts_output/gemini_with_rag_contracts/4669.sol,4669.sol,smartcheck,solidity,2022/11/14,20260206_1558,1770393834.2582552,1.4059889316558838,0,"{SOLIDITY_ADDRESS_HARDCODED,SOLIDITY_PRAGMAS_VERSION,SOLIDITY_PRIVATE_MODIFIER_DONT_HIDE_DATA,SOLIDITY_UPGRADE_TO_050,SOLIDITY_VISIBILITY}",{},{},{}
contracts_output/contracts_output/gemini_with_rag_contracts/467.sol,467.sol,smartcheck,solidity,2022/11/14,20260206_1558,1770394224.7259963,1.4446935653686523,0,"{SOLIDITY_ADDRESS_HARDCODED,SOLIDITY_PRAGMAS_VERSION,SOLIDITY_PRIVATE_MODIFIER_DONT_HIDE_DATA,SOLIDITY_UPGRADE_TO_050,SOLIDITY_VISIBILITY}",{},{},{}
contracts_output/contracts_output/gemini_with_rag_contracts/4675.sol,4675.sol,smartcheck,solidity,2022/11/14,20260206_1558,1770393818.3044083,1.452988624572754,0,"{SOLIDITY_ADDRESS_HARDCODED,SOLIDITY_PRAGMAS_VERSION,SOLIDITY_PRIVATE_MODIFIER_DONT_HIDE_DATA,SOLIDITY_UPGRADE_TO_050,SOLIDITY_VISIBILITY}",{},{},{}
contracts_output/contracts_output/gemini_with_rag_contracts/4681.sol,4681.sol,smartcheck,solidity,2022/11/14,20260206_1558,1770394261.122545,1.401944637298584,0,"{SOLIDITY_ADDRESS_HARDCODED,SOLIDITY_PRAGMAS_VERSION,SOLIDITY_PRIVATE_MODIFIER_DONT_HIDE_DATA,SOLIDITY_UPGRADE_TO_050,SOLIDITY_VISIBILITY}",{},{},{}
contracts_output/contracts_output/gemini_with_rag_contracts/4695.sol,4695.sol,smartcheck,solidity,2022/11/14,20260206_1558,1770394219.0306075,1.4721035957336426,0,"{SOLIDITY_ADDRESS_HARDCODED,SOLIDITY_LOCKED_MONEY,SOLIDITY_PRAGMAS_VERSION,SOLIDITY_PRIVATE_MODIFIER_DONT_HIDE_DATA,SOLIDITY_UPGRADE_TO_050,SOLIDITY_VISIBILITY}",{},{},{}
contracts_output/contracts_output/gemini_with_rag_contracts/4726.sol,4726.sol,smartcheck,solidity,2022/11/14,20260206_1558,1770393742.4805045,1.3934998512268066,0,"{SOLIDITY_ADDRESS_HARDCODED,SOLIDITY_PRAGMAS_VERSION,SOLIDITY_PRIVATE_MODIFIER_DONT_HIDE_DATA,SOLIDITY_SAFEMATH,SOLIDITY_UPGRADE_TO_050,SOLIDITY_VISIBILITY}",{},{},{}
contracts_output/contracts_output/gemini_with_rag_contracts/4727.sol,4727.sol,smartcheck,solidity,2022/11/14,20260206_1558,1770393570.1876237,1.3472294807434082,0,"{SOLIDITY_PRAGMAS_VERSION,SOLIDITY_VISIBILITY}",{},{},{}
contracts_output/contracts_output/gemini_with_rag_contracts/474.sol,474.sol,smartcheck,solidity,2022/11/14,20260206_1558,1770393803.9711957,1.369293451309204,0,"{SOLIDITY_ADDRESS_HARDCODED,SOLIDITY_PRAGMAS_VERSION,SOLIDITY_PRIVATE_MODIFIER_DONT_HIDE_DATA,SOLIDITY_UPGRADE_TO_050,SOLIDITY_VISIBILITY}",{},{},{}
contracts_output/contracts_output/gemini_with_rag_contracts/4746.sol,4746.sol,smartcheck,solidity,2022/11/14,20260206_1558,1770394097.397506,1.468324899673462,0,"{SOLIDITY_ADDRESS_HARDCODED,SOLIDITY_PRAGMAS_VERSION,SOLIDITY_VISIBILITY}",{},{},{}
contracts_output/contracts_output/gemini_with_rag_contracts/475.sol,475.sol,smartcheck,solidity,2022/11/14,20260206_1558,1770393849.7180965,1.4604389667510986,0,"{SOLIDITY_ADDRESS_HARDCODED,SOLIDITY_PRAGMAS_VERSION,SOLIDITY_PRIVATE_MODIFIER_DONT_HIDE_DATA,SOLIDITY_UPGRADE_TO_050,SOLIDITY_VISIBILITY}",{},{},{}
contracts_output/contracts_output/gemini_with_rag_contracts/476.sol,476.sol,smartcheck,solidity,2022/11/14,20260206_1558,1770393683.0737202,1.397326946258545,0,"{SOLIDITY_ADDRESS_HARDCODED,SOLIDITY_PRAGMAS_VERSION,SOLIDITY_PRIVATE_MODIFIER_DONT_HIDE_DATA,SOLIDITY_UPGRADE_TO_050,SOLIDITY_VISIBILITY}",{},{},{}
contracts_output/contracts_output/gemini_with_rag_contracts/4761.sol,4761.sol,smartcheck,solidity,2022/11/14,20260206_1558,1770394069.4916065,1.4184179306030273,0,"{SOLIDITY_ADDRESS_HARDCODED,SOLIDITY_PRAGMAS_VERSION,SOLIDITY_PRIVATE_MODIFIER_DONT_HIDE_DATA,SOLIDITY_UPGRADE_TO_050,SOLIDITY_VISIBILITY}",{},{},{}
contracts_output/contracts_output/gemini_with_rag_contracts/4775.sol,4775.sol,smartcheck,solidity,2022/11/14,20260206_1558,1770393964.230018,1.2989747524261475,0,"{SOLIDITY_ADDRESS_HARDCODED,SOLIDITY_PRAGMAS_VERSION,SOLIDITY_PRIVATE_MODIFIER_DONT_HIDE_DATA,SOLIDITY_UPGRADE_TO_050,SOLIDITY_VISIBILITY}",{},{},{}
contracts_output/contracts_output/gemini_with_rag_contracts/4790.sol,4790.sol,smartcheck,solidity,2022/11/14,20260206_1558,1770393821.0138237,1.4764280319213867,0,"{SOLIDITY_ADDRESS_HARDCODED,SOLIDITY_ERC20_APPROVE,SOLIDITY_PRAGMAS_VERSION,SOLIDITY_PRIVATE_MODIFIER_DONT_HIDE_DATA,SOLIDITY_UPGRADE_TO_050,SOLIDITY_VISIBILITY}",{},{},{}
contracts_output/contracts_output/gemini_with_rag_contracts/4803.sol,4803.sol,smartcheck,solidity,2022/11/14,20260206_1558,1770393786.9308913,1.3375904560089111,0,"{SOLIDITY_ADDRESS_HARDCODED,SOLIDITY_PRAGMAS_VERSION,SOLIDITY_PRIVATE_MODIFIER_DONT_HIDE_DATA,SOLIDITY_UPGRADE_TO_050,SOLIDITY_VISIBILITY}",{},{},{}
contracts_output/contracts_output/gemini_with_rag_contracts/4806.sol,4806.sol,smartcheck,solidity,2022/11/14,20260206_1558,1770393819.5699255,1.5406689643859863,0,"{SOLIDITY_ADDRESS_HARDCODED,SOLIDITY_PRAGMAS_VERSION,SOLIDITY_PRIVATE_MODIFIER_DONT_HIDE_DATA,SOLIDITY_SHOULD_NOT_BE_PURE,SOLIDITY_SHOULD_RETURN_STRUCT,SOLIDITY_UPGRADE_TO_050,SOLIDITY_VISIBILITY}",{},{},{}
contracts_output/contracts_output/gemini_with_rag_contracts/4823.sol,4823.sol,smartcheck,solidity,2022/11/14,20260206_1558,1770393588.6058364,1.2870471477508545,0,"{SOLIDITY_ADDRESS_HARDCODED,SOLIDITY_EXTRA_GAS_IN_LOOPS,SOLIDITY_GAS_LIMIT_IN_LOOPS,SOLIDITY_PRAGMAS_VERSION,SOLIDITY_PRIVATE_MODIFIER_DONT_HIDE_DATA,SOLIDITY_UPGRADE_TO_050,SOLIDITY_VISIBILITY}",{},{},{}
contracts_output/contracts_output/gemini_with_rag_contracts/4839.sol,4839.sol,smartcheck,solidity,2022/11/14,20260206_1558,1770393544.75944,1.3384788036346436,0,"{SOLIDITY_ADDRESS_HARDCODED,SOLIDITY_PRAGMAS_VERSION,SOLIDITY_PRIVATE_MODIFIER_DONT_HIDE_DATA,SOLIDITY_UPGRADE_TO_050,SOLIDITY_VISIBILITY}",{},{},{}
contracts_output/contracts_output/gemini_with_rag_contracts/4847.sol,4847.sol,smartcheck,solidity,2022/11/14,20260206_1558,1770393977.2683618,1.3784050941467285,0,"{SOLIDITY_ADDRESS_HARDCODED,SOLIDITY_PRAGMAS_VERSION,SOLIDITY_PRIVATE_MODIFIER_DONT_HIDE_DATA,SOLIDITY_UPGRADE_TO_050,SOLIDITY_VISIBILITY}",{},{},{}
contracts_output/contracts_output/gemini_with_rag_contracts/4852.sol,4852.sol,smartcheck,solidity,2022/11/14,20260206_1558,1770393720.7309263,1.6287505626678467,0,"{SOLIDITY_ADDRESS_HARDCODED,SOLIDITY_PRAGMAS_VERSION,SOLIDITY_PRIVATE_MODIFIER_DONT_HIDE_DATA,SOLIDITY_SAFEMATH,SOLIDITY_UPGRADE_TO_050,SOLIDITY_VISIBILITY}",{},{},{}
contracts_output/contracts_output/gemini_with_rag_contracts/4854.sol,4854.sol,smartcheck,solidity,2022/11/14,20260206_1558,1770393537.2798727,1.3150851726531982,0,"{SOLIDITY_ADDRESS_HARDCODED,SOLIDITY_PRAGMAS_VERSION,SOLIDITY_PRIVATE_MODIFIER_DONT_HIDE_DATA,SOLIDITY_UPGRADE_TO_050,SOLIDITY_VISIBILITY}",{},{},{}
contracts_output/contracts_output/gemini_with_rag_contracts/4864.sol,4864.sol,smartcheck,solidity,2022/11/14,20260206_1558,1770394278.1241572,1.3385999202728271,0,"{SOLIDITY_ADDRESS_HARDCODED,SOLIDITY_LOCKED_MONEY,SOLIDITY_PRAGMAS_VERSION,SOLIDITY_PRIVATE_MODIFIER_DONT_HIDE_DATA,SOLIDITY_UPGRADE_TO_050,SOLIDITY_VISIBILITY}",{},{},{}
contracts_output/contracts_output/gemini_with_rag_contracts/4877.sol,4877.sol,smartcheck,solidity,2022/11/14,20260206_1558,1770393961.5521894,1.3806095123291016,0,"{SOLIDITY_ADDRESS_HARDCODED,SOLIDITY_PRAGMAS_VERSION,SOLIDITY_PRIVATE_MODIFIER_DONT_HIDE_DATA,SOLIDITY_UPGRADE_TO_050,SOLIDITY_VISIBILITY}",{},{},{}
contracts_output/contracts_output/gemini_with_rag_contracts/4896.sol,4896.sol,smartcheck,solidity,2022/11/14,20260206_1558,1770393607.156484,1.327789306640625,0,"{SOLIDITY_ADDRESS_HARDCODED,SOLIDITY_PRAGMAS_VERSION,SOLIDITY_PRIVATE_MODIFIER_DONT_HIDE_DATA,SOLIDITY_UPGRADE_TO_050,SOLIDITY_VISIBILITY}",{},{},{}
contracts_output/contracts_output/gemini_with_rag_contracts/4898.sol,4898.sol,smartcheck,solidity,2022/11/14,20260206_1558,1770393882.386982,1.419313907623291,0,"{SOLIDITY_ADDRESS_HARDCODED,SOLIDITY_PRAGMAS_VERSION,SOLIDITY_PRIVATE_MODIFIER_DONT_HIDE_DATA,SOLIDITY_UPGRADE_TO_050,SOLIDITY_VISIBILITY}",{},{},{}
contracts_output/contracts_output/gemini_with_rag_contracts/4912.sol,4912.sol,smartcheck,solidity,2022/11/14,20260206_1558,1770393770.229648,1.373863697052002,0,"{SOLIDITY_ADDRESS_HARDCODED,SOLIDITY_LOCKED_MONEY,SOLIDITY_PRAGMAS_VERSION,SOLIDITY_PRIVATE_MODIFIER_DONT_HIDE_DATA,SOLIDITY_UPGRADE_TO_050,SOLIDITY_VISIBILITY}",{},{},{}
contracts_output/contracts_output/gemini_with_rag_contracts/4928.sol,4928.sol,smartcheck,solidity,2022/11/14,20260206_1558,1770393684.57985,1.4006941318511963,0,"{SOLIDITY_ADDRESS_HARDCODED,SOLIDITY_PRAGMAS_VERSION,SOLIDITY_PRIVATE_MODIFIER_DONT_HIDE_DATA,SOLIDITY_UPGRADE_TO_050,SOLIDITY_VISIBILITY}",{},{},{}
contracts_output/contracts_output/gemini_with_rag_contracts/4942.sol,4942.sol,smartcheck,solidity,2022/11/14,20260206_1558,1770393732.4904976,1.3468949794769287,0,"{SOLIDITY_ADDRESS_HARDCODED,SOLIDITY_PRAGMAS_VERSION,SOLIDITY_PRIVATE_MODIFIER_DONT_HIDE_DATA,SOLIDITY_UPGRADE_TO_050,SOLIDITY_VISIBILITY}",{},{},{}
contracts_output/contracts_output/gemini_with_rag_contracts/497.sol,497.sol,smartcheck,solidity,2022/11/14,20260206_1558,1770394062.0980835,1.3449649810791016,0,"{SOLIDITY_PRAGMAS_VERSION,SOLIDITY_PRIVATE_MODIFIER_DONT_HIDE_DATA,SOLIDITY_VISIBILITY}",{},{},{}
contracts_output/contracts_output/gemini_with_rag_contracts/4986.sol,4986.sol,smartcheck,solidity,2022/11/14,20260206_1558,1770393979.8110728,1.3913803100585938,0,"{SOLIDITY_ADDRESS_HARDCODED,SOLIDITY_PRAGMAS_VERSION,SOLIDITY_PRIVATE_MODIFIER_DONT_HIDE_DATA,SOLIDITY_UPGRADE_TO_050,SOLIDITY_VISIBILITY}",{},{},{}
contracts_output/contracts_output/gemini_with_rag_contracts/4993.sol,4993.sol,smartcheck,solidity,2022/11/14,20260206_1558,1770394066.2905345,1.4857144355773926,0,"{SOLIDITY_ADDRESS_HARDCODED,SOLIDITY_PRAGMAS_VERSION,SOLIDITY_PRIVATE_MODIFIER_DONT_HIDE_DATA,SOLIDITY_UPGRADE_TO_050,SOLIDITY_VISIBILITY}",{},{},{}
contracts_output/contracts_output/gemini_with_rag_contracts/5005.sol,5005.sol,smartcheck,solidity,2022/11/14,20260206_1558,1770394128.5235014,1.3842449188232422,0,"{SOLIDITY_ADDRESS_HARDCODED,SOLIDITY_ERC20_APPROVE,SOLIDITY_PRAGMAS_VERSION,SOLIDITY_PRIVATE_MODIFIER_DONT_HIDE_DATA,SOLIDITY_UPGRADE_TO_050,SOLIDITY_VISIBILITY}",{},{},{}
contracts_output/contracts_output/gemini_with_rag_contracts/5007.sol,5007.sol,smartcheck,solidity,2022/11/14,20260206_1558,1770393718.519484,1.518890619277954,0,"{SOLIDITY_ADDRESS_HARDCODED,SOLIDITY_PRAGMAS_VERSION,SOLIDITY_PRIVATE_MODIFIER_DONT_HIDE_DATA,SOLIDITY_UPGRADE_TO_050,SOLIDITY_VISIBILITY}",{},{},{}
contracts_output/contracts_output/gemini_with_rag_contracts/5030.sol,5030.sol,smartcheck,solidity,2022/11/14,20260206_1558,1770393532.3973606,1.36448335647583,0,"{SOLIDITY_ADDRESS_HARDCODED,SOLIDITY_FUNCTIONS_RETURNS_TYPE_AND_NO_RETURN,SOLIDITY_PRAGMAS_VERSION,SOLIDITY_SHOULD_RETURN_STRUCT,SOLIDITY_VISIBILITY}",{},{},{}
contracts_output/contracts_output/gemini_with_rag_contracts/5033.sol,5033.sol,smartcheck,solidity,2022/11/14,20260206_1558,1770394325.7237234,1.3121438026428223,0,"{SOLIDITY_ADDRESS_HARDCODED,SOLIDITY_PRAGMAS_VERSION,SOLIDITY_PRIVATE_MODIFIER_DONT_HIDE_DATA,SOLIDITY_UPGRADE_TO_050,SOLIDITY_VISIBILITY}",{},{},{}
contracts_output/contracts_output/gemini_with_rag_contracts/5043.sol,5043.sol,smartcheck,solidity,2022/11/14,20260206_1558,1770393804.8545682,1.3891205787658691,0,"{SOLIDITY_ADDRESS_HARDCODED,SOLIDITY_PRAGMAS_VERSION,SOLIDITY_PRIVATE_MODIFIER_DONT_HIDE_DATA,SOLIDITY_SAFEMATH,SOLIDITY_UPGRADE_TO_050,SOLIDITY_VISIBILITY}",{},{},{}
contracts_output/contracts_output/gemini_with_rag_contracts/5070.sol,5070.sol,smartcheck,solidity,2022/11/14,20260206_1558,1770393578.8538907,1.305189847946167,0,"{SOLIDITY_ADDRESS_HARDCODED,SOLIDITY_PRAGMAS_VERSION,SOLIDITY_PRIVATE_MODIFIER_DONT_HIDE_DATA,SOLIDITY_UPGRADE_TO_050,SOLIDITY_VISIBILITY}",{},{},{}
contracts_output/contracts_output/gemini_with_rag_contracts/5074.sol,5074.sol,smartcheck,solidity,2022/11/14,20260206_1558,1770393669.1810358,1.3513984680175781,0,"{SOLIDITY_ADDRESS_HARDCODED,SOLIDITY_PRAGMAS_VERSION,SOLIDITY_PRIVATE_MODIFIER_DONT_HIDE_DATA,SOLIDITY_UPGRADE_TO_050,SOLIDITY_VISIBILITY}",{},{},{}
contracts_output/contracts_output/gemini_with_rag_contracts/5098.sol,5098.sol,smartcheck,solidity,2022/11/14,20260206_1558,1770393826.6420135,1.4815945625305176,0,"{SOLIDITY_ADDRESS_HARDCODED,SOLIDITY_PRAGMAS_VERSION,SOLIDITY_VISIBILITY}",{},{},{}
contracts_output/contracts_output/gemini_with_rag_contracts/5099.sol,5099.sol,smartcheck,solidity,2022/11/14,20260206_1558,1770393951.4415898,1.5062084197998047,0,"{SOLIDITY_ADDRESS_HARDCODED,SOLIDITY_PRAGMAS_VERSION,SOLIDITY_PRIVATE_MODIFIER_DONT_HIDE_DATA,SOLIDITY_SAFEMATH,SOLIDITY_UPGRADE_TO_050,SOLIDITY_VISIBILITY}",{},{},{}
contracts_output/contracts_output/gemini_with_rag_contracts/5101.sol,5101.sol,smartcheck,solidity,2022/11/14,20260206_1558,1770393586.8995712,1.2811212539672852,0,"{SOLIDITY_PRAGMAS_VERSION,SOLIDITY_VISIBILITY}",{},{},{}
contracts_output/contracts_output/gemini_with_rag_contracts/5131.sol,5131.sol,smartcheck,solidity,2022/11/14,20260206_1558,1770393751.616974,1.343550682067871,0,"{SOLIDITY_PRAGMAS_VERSION,SOLIDITY_VISIBILITY}",{},{},{}
contracts_output/contracts_output/gemini_with_rag_contracts/5169.sol,5169.sol,smartcheck,solidity,2022/11/14,20260206_1558,1770394293.1851287,1.3645784854888916,0,"{SOLIDITY_ADDRESS_HARDCODED,SOLIDITY_OVERPOWERED_ROLE,SOLIDITY_PRAGMAS_VERSION,SOLIDITY_VISIBILITY}",{},{},{}
contracts_output/contracts_output/gemini_with_rag_contracts/517.sol,517.sol,smartcheck,solidity,2022/11/14,20260206_1558,1770394251.3073983,1.3728842735290527,0,"{SOLIDITY_ADDRESS_HARDCODED,SOLIDITY_PRAGMAS_VERSION,SOLIDITY_PRIVATE_MODIFIER_DONT_HIDE_DATA,SOLIDITY_UPGRADE_TO_050,SOLIDITY_VISIBILITY}",{},{},{}
contracts_output/contracts_output/gemini_with_rag_contracts/5173.sol,5173.sol,smartcheck,solidity,2022/11/14,20260206_1558,1770394232.2235875,1.3883945941925049,0,"{SOLIDITY_ADDRESS_HARDCODED,SOLIDITY_ERC20_APPROVE,SOLIDITY_PRAGMAS_VERSION,SOLIDITY_PRIVATE_MODIFIER_DONT_HIDE_DATA,SOLIDITY_UPGRADE_TO_050,SOLIDITY_VISIBILITY}",{},{},{}
contracts_output/contracts_output/gemini_with_rag_contracts/5181.sol,5181.sol,smartcheck,solidity,2022/11/14,20260206_1558,1770393513.8709493,1.3048264980316162,0,"{SOLIDITY_ADDRESS_HARDCODED,SOLIDITY_PRAGMAS_VERSION,SOLIDITY_VISIBILITY}",{},{},{}
contracts_output/contracts_output/gemini_with_rag_contracts/5188.sol,5188.sol,smartcheck,solidity,2022/11/14,20260206_1558,1770393629.4586055,1.3353769779205322,0,"{SOLIDITY_ADDRESS_HARDCODED,SOLIDITY_EXTRA_GAS_IN_LOOPS,SOLIDITY_GAS_LIMIT_IN_LOOPS,SOLIDITY_PRAGMAS_VERSION,SOLIDITY_PRIVATE_MODIFIER_DONT_HIDE_DATA,SOLIDITY_SHOULD_RETURN_STRUCT,SOLIDITY_UPGRADE_TO_050,SOLIDITY_VISIBILITY}",{},{},{}
contracts_output/contracts_output/gemini_with_rag_contracts/52.sol,52.sol,smartcheck,solidity,2022/11/14,20260206_1558,1770393725.297784,1.4549095630645752,0,"{SOLIDITY_ADDRESS_HARDCODED,SOLIDITY_PRAGMAS_VERSION,SOLIDITY_PRIVATE_MODIFIER_DONT_HIDE_DATA,SOLIDITY_UPGRADE_TO_050,SOLIDITY_VISIBILITY}",{},{},{}
contracts_output/contracts_output/gemini_with_rag_contracts/5200.sol,5200.sol,smartcheck,solidity,2022/11/14,20260206_1558,1770394077.2458606,1.3455567359924316,0,"{SOLIDITY_ADDRESS_HARDCODED,SOLIDITY_ERC20_APPROVE,SOLIDITY_PRAGMAS_VERSION,SOLIDITY_PRIVATE_MODIFIER_DONT_HIDE_DATA,SOLIDITY_SAFEMATH,SOLIDITY_UPGRADE_TO_050,SOLIDITY_VISIBILITY}",{},{},{}
contracts_output/contracts_output/gemini_with_rag_contracts/521.sol,521.sol,smartcheck,solidity,2022/11/14,20260206_1558,1770394235.8536384,1.4058103561401367,0,"{SOLIDITY_ADDRESS_HARDCODED,SOLIDITY_PRAGMAS_VERSION,SOLIDITY_PRIVATE_MODIFIER_DONT_HIDE_DATA,SOLIDITY_UPGRADE_TO_050,SOLIDITY_VISIBILITY}",{},{},{}
contracts_output/contracts_output/gemini_with_rag_contracts/5228.sol,5228.sol,smartcheck,solidity,2022/11/14,20260206_1558,1770393828.3402138,1.4037470817565918,0,"{SOLIDITY_ADDRESS_HARDCODED,SOLIDITY_EXTRA_GAS_IN_LOOPS,SOLIDITY_GAS_LIMIT_IN_LOOPS,SOLIDITY_PRAGMAS_VERSION,SOLIDITY_PRIVATE_MODIFIER_DONT_HIDE_DATA,SOLIDITY_UPGRADE_TO_050,SOLIDITY_VISIBILITY}",{},{},{}
contracts_output/contracts_output/gemini_with_rag_contracts/5253.sol,5253.sol,smartcheck,solidity,2022/11/14,20260206_1558,1770393589.6559763,1.4055044651031494,0,"{SOLIDITY_ADDRESS_HARDCODED,SOLIDITY_PRAGMAS_VERSION,SOLIDITY_PRIVATE_MODIFIER_DONT_HIDE_DATA,SOLIDITY_VISIBILITY}",{},{},{}
contracts_output/contracts_output/gemini_with_rag_contracts/527.sol,527.sol,smartcheck,solidity,2022/11/14,20260206_1558,1770393947.4063559,1.3233790397644043,0,"{SOLIDITY_ADDRESS_HARDCODED,SOLIDITY_PRAGMAS_VERSION,SOLIDITY_PRIVATE_MODIFIER_DONT_HIDE_DATA,SOLIDITY_UPGRADE_TO_050,SOLIDITY_VISIBILITY}",{},{},{}
contracts_output/contracts_output/gemini_with_rag_contracts/5294.sol,5294.sol,smartcheck,solidity,2022/11/14,20260206_1558,1770394215.400013,1.4446663856506348,0,"{SOLIDITY_ADDRESS_HARDCODED,SOLIDITY_OVERPOWERED_ROLE,SOLIDITY_PRAGMAS_VERSION,SOLIDITY_PRIVATE_MODIFIER_DONT_HIDE_DATA,SOLIDITY_UPGRADE_TO_050,SOLIDITY_VISIBILITY}",{},{},{}
contracts_output/contracts_output/gemini_with_rag_contracts/5296.sol,5296.sol,smartcheck,solidity,2022/11/14,20260206_1558,1770393740.6925228,1.3504579067230225,0,"{SOLIDITY_ADDRESS_HARDCODED,SOLIDITY_PRAGMAS_VERSION,SOLIDITY_PRIVATE_MODIFIER_DONT_HIDE_DATA,SOLIDITY_UPGRADE_TO_050,SOLIDITY_VISIBILITY}",{},{},{}
contracts_output/contracts_output/gemini_with_rag_contracts/5300.sol,5300.sol,smartcheck,solidity,2022/11/14,20260206_1558,1770394302.1479793,1.304964542388916,0,"{SOLIDITY_ADDRESS_HARDCODED,SOLIDITY_PRAGMAS_VERSION,SOLIDITY_PRIVATE_MODIFIER_DONT_HIDE_DATA,SOLIDITY_UPGRADE_TO_050,SOLIDITY_VISIBILITY}",{},{},{}
contracts_output/contracts_output/gemini_with_rag_contracts/5313.sol,5313.sol,smartcheck,solidity,2022/11/14,20260206_1558,1770394025.7806764,1.4198288917541504,0,"{SOLIDITY_ADDRESS_HARDCODED,SOLIDITY_PRAGMAS_VERSION,SOLIDITY_PRIVATE_MODIFIER_DONT_HIDE_DATA,SOLIDITY_UPGRADE_TO_050,SOLIDITY_VISIBILITY}",{},{},{}
contracts_output/contracts_output/gemini_with_rag_contracts/5314.sol,5314.sol,smartcheck,solidity,2022/11/14,20260206_1558,1770393592.6665452,1.387596845626831,0,"{SOLIDITY_ADDRESS_HARDCODED,SOLIDITY_EXTRA_GAS_IN_LOOPS,SOLIDITY_GAS_LIMIT_IN_LOOPS,SOLIDITY_PRAGMAS_VERSION,SOLIDITY_PRIVATE_MODIFIER_DONT_HIDE_DATA,SOLIDITY_UPGRADE_TO_050,SOLIDITY_VISIBILITY}",{},{},{}
contracts_output/contracts_output/gemini_with_rag_contracts/5346.sol,5346.sol,smartcheck,solidity,2022/11/14,20260206_1558,1770393760.4014537,1.468963861465454,0,"{SOLIDITY_ADDRESS_HARDCODED,SOLIDITY_LOCKED_MONEY,SOLIDITY_PRAGMAS_VERSION,SOLIDITY_PRIVATE_MODIFIER_DONT_HIDE_DATA,SOLIDITY_UPGRADE_TO_050,SOLIDITY_VISIBILITY}",{},{},{}
contracts_output/contracts_output/gemini_with_rag_contracts/5392.sol,5392.sol,smartcheck,solidity,2022/11/14,20260206_1558,1770394160.3473678,1.3956003189086914,0,"{SOLIDITY_ADDRESS_HARDCODED,SOLIDITY_PRAGMAS_VERSION,SOLIDITY_PRIVATE_MODIFIER_DONT_HIDE_DATA,SOLIDITY_UPGRADE_TO_050,SOLIDITY_VISIBILITY}",{},{},{}
contracts_output/contracts_output/gemini_with_rag_contracts/5397.sol,5397.sol,smartcheck,solidity,2022/11/14,20260206_1558,1770394217.5970001,1.4326839447021484,0,"{SOLIDITY_ADDRESS_HARDCODED,SOLIDITY_PRAGMAS_VERSION,SOLIDITY_PRIVATE_MODIFIER_DONT_HIDE_DATA,SOLIDITY_SAFEMATH,SOLIDITY_UPGRADE_TO_050,SOLIDITY_VISIBILITY}",{},{},{}
contracts_output/contracts_output/gemini_with_rag_contracts/5406.sol,5406.sol,smartcheck,solidity,2022/11/14,20260206_1558,1770394205.755036,1.393662691116333,0,"{SOLIDITY_ADDRESS_HARDCODED,SOLIDITY_PRAGMAS_VERSION,SOLIDITY_PRIVATE_MODIFIER_DONT_HIDE_DATA,SOLIDITY_UPGRADE_TO_050,SOLIDITY_VISIBILITY}",{},{},{}
contracts_output/contracts_output/gemini_with_rag_contracts/5414.sol,5414.sol,smartcheck,solidity,2022/11/14,20260206_1558,1770394024.4399385,1.3398396968841553,0,"{SOLIDITY_ADDRESS_HARDCODED,SOLIDITY_EXTRA_GAS_IN_LOOPS,SOLIDITY_GAS_LIMIT_IN_LOOPS,SOLIDITY_PRAGMAS_VERSION,SOLIDITY_PRIVATE_MODIFIER_DONT_HIDE_DATA,SOLIDITY_UPGRADE_TO_050,SOLIDITY_VISIBILITY}",{},{},{}
contracts_output/contracts_output/gemini_with_rag_contracts/5432.sol,5432.sol,smartcheck,solidity,2022/11/14,20260206_1558,1770393764.766689,1.3453648090362549,0,"{SOLIDITY_ADDRESS_HARDCODED,SOLIDITY_OVERPOWERED_ROLE,SOLIDITY_PRAGMAS_VERSION,SOLIDITY_PRIVATE_MODIFIER_DONT_HIDE_DATA,SOLIDITY_UPGRADE_TO_050,SOLIDITY_VISIBILITY}",{},{},{}
contracts_output/contracts_output/gemini_with_rag_contracts/5444.sol,5444.sol,smartcheck,solidity,2022/11/14,20260206_1558,1770393714.0857463,1.4019532203674316,0,"{SOLIDITY_PRAGMAS_VERSION,SOLIDITY_VISIBILITY}",{},{},{}
contracts_output/contracts_output/gemini_with_rag_contracts/5459.sol,5459.sol,smartcheck,solidity,2022/11/14,20260206_1558,1770393957.1463654,1.3862366676330566,0,"{SOLIDITY_ADDRESS_HARDCODED,SOLIDITY_PRAGMAS_VERSION,SOLIDITY_PRIVATE_MODIFIER_DONT_HIDE_DATA,SOLIDITY_UPGRADE_TO_050,SOLIDITY_VISIBILITY}",{},{},{}
contracts_output/contracts_output/gemini_with_rag_contracts/5466.sol,5466.sol,smartcheck,solidity,2022/11/14,20260206_1558,1770393907.2007308,1.3840587139129639,0,"{SOLIDITY_ADDRESS_HARDCODED,SOLIDITY_PRAGMAS_VERSION,SOLIDITY_UPGRADE_TO_050,SOLIDITY_VISIBILITY}",{},{},{}
contracts_output/contracts_output/gemini_with_rag_contracts/5478.sol,5478.sol,smartcheck,solidity,2022/11/14,20260206_1558,1770393727.289919,1.3976919651031494,0,"{SOLIDITY_ADDRESS_HARDCODED,SOLIDITY_OVERPOWERED_ROLE,SOLIDITY_PRAGMAS_VERSION,SOLIDITY_PRIVATE_MODIFIER_DONT_HIDE_DATA,SOLIDITY_UPGRADE_TO_050,SOLIDITY_VISIBILITY}",{},{},{}
contracts_output/contracts_output/gemini_with_rag_contracts/5480.sol,5480.sol,smartcheck,solidity,2022/11/14,20260206_1558,1770393948.0458498,1.3374464511871338,0,"{SOLIDITY_PRAGMAS_VERSION,SOLIDITY_VISIBILITY}",{},{},{}
contracts_output/contracts_output/gemini_with_rag_contracts/5481.sol,5481.sol,smartcheck,solidity,2022/11/14,20260206_1558,1770394251.6815484,1.4226548671722412,0,"{SOLIDITY_ADDRESS_HARDCODED,SOLIDITY_PRAGMAS_VERSION,SOLIDITY_PRIVATE_MODIFIER_DONT_HIDE_DATA,SOLIDITY_UNCHECKED_CALL,SOLIDITY_VISIBILITY}",{},{},{}
contracts_output/contracts_output/gemini_with_rag_contracts/5497.sol,5497.sol,smartcheck,solidity,2022/11/14,20260206_1558,1770393765.697162,1.4414567947387695,0,"{SOLIDITY_ADDRESS_HARDCODED,SOLIDITY_PRAGMAS_VERSION,SOLIDITY_PRIVATE_MODIFIER_DONT_HIDE_DATA,SOLIDITY_UPGRADE_TO_050,SOLIDITY_VISIBILITY}",{},{},{}
contracts_output/contracts_output/gemini_with_rag_contracts/5500.sol,5500.sol,smartcheck,solidity,2022/11/14,20260206_1558,1770393763.3546479,1.411201000213623,0,"{SOLIDITY_ADDRESS_HARDCODED,SOLIDITY_PRAGMAS_VERSION,SOLIDITY_PRIVATE_MODIFIER_DONT_HIDE_DATA,SOLIDITY_UPGRADE_TO_050,SOLIDITY_VISIBILITY}",{},{},{}
contracts_output/contracts_output/gemini_with_rag_contracts/5527.sol,5527.sol,smartcheck,solidity,2022/11/14,20260206_1558,1770394248.9872177,1.4318211078643799,0,"{SOLIDITY_ADDRESS_HARDCODED,SOLIDITY_PRAGMAS_VERSION,SOLIDITY_PRIVATE_MODIFIER_DONT_HIDE_DATA,SOLIDITY_SAFEMATH,SOLIDITY_SHOULD_RETURN_STRUCT,SOLIDITY_UPGRADE_TO_050,SOLIDITY_VISIBILITY}",{},{},{}
contracts_output/contracts_output/gemini_with_rag_contracts/5531.sol,5531.sol,smartcheck,solidity,2022/11/14,20260206_1558,1770394131.4994965,1.3946688175201416,0,"{SOLIDITY_ADDRESS_HARDCODED,SOLIDITY_PRAGMAS_VERSION,SOLIDITY_PRIVATE_MODIFIER_DONT_HIDE_DATA,SOLIDITY_UPGRADE_TO_050,SOLIDITY_VISIBILITY}",{},{},{}
contracts_output/contracts_output/gemini_with_rag_contracts/5534.sol,5534.sol,smartcheck,solidity,2022/11/14,20260206_1558,1770394162.5965176,1.3909165859222412,0,"{SOLIDITY_ADDRESS_HARDCODED,SOLIDITY_PRAGMAS_VERSION,SOLIDITY_PRIVATE_MODIFIER_DONT_HIDE_DATA,SOLIDITY_UPGRADE_TO_050,SOLIDITY_VISIBILITY}",{},{},{}
contracts_output/contracts_output/gemini_with_rag_contracts/5542.sol,5542.sol,smartcheck,solidity,2022/11/14,20260206_1558,1770394253.104924,1.536797285079956,0,"{SOLIDITY_ADDRESS_HARDCODED,SOLIDITY_PRAGMAS_VERSION,SOLIDITY_SHOULD_RETURN_STRUCT,SOLIDITY_UPGRADE_TO_050,SOLIDITY_VISIBILITY}",{},{},{}
contracts_output/contracts_output/gemini_with_rag_contracts/5584.sol,5584.sol,smartcheck,solidity,2022/11/14,20260206_1558,1770393954.0249739,1.3839221000671387,0,"{SOLIDITY_ADDRESS_HARDCODED,SOLIDITY_PRAGMAS_VERSION,SOLIDITY_PRIVATE_MODIFIER_DONT_HIDE_DATA,SOLIDITY_UPGRADE_TO_050,SOLIDITY_VISIBILITY}",{},{},{}
contracts_output/contracts_output/gemini_with_rag_contracts/5602.sol,5602.sol,smartcheck,solidity,2022/11/14,20260206_1558,1770394227.327136,1.5190699100494385,0,"{SOLIDITY_ADDRESS_HARDCODED,SOLIDITY_PRAGMAS_VERSION,SOLIDITY_PRIVATE_MODIFIER_DONT_HIDE_DATA,SOLIDITY_UPGRADE_TO_050,SOLIDITY_VISIBILITY}",{},{},{}
contracts_output/contracts_output/gemini_with_rag_contracts/5609.sol,5609.sol,smartcheck,solidity,2022/11/14,20260206_1558,1770393680.163489,1.4264271259307861,0,"{SOLIDITY_ADDRESS_HARDCODED,SOLIDITY_EXTRA_GAS_IN_LOOPS,SOLIDITY_GAS_LIMIT_IN_LOOPS,SOLIDITY_PRAGMAS_VERSION,SOLIDITY_PRIVATE_MODIFIER_DONT_HIDE_DATA,SOLIDITY_UPGRADE_TO_050,SOLIDITY_VISIBILITY}",{},{},{}
contracts_output/contracts_output/gemini_with_rag_contracts/5627.sol,5627.sol,smartcheck,solidity,2022/11/14,20260206_1558,1770393572.819319,1.3648064136505127,0,"{SOLIDITY_ADDRESS_HARDCODED,SOLIDITY_PRAGMAS_VERSION,SOLIDITY_VISIBILITY}",{},{},{}
contracts_output/contracts_output/gemini_with_rag_contracts/5639.sol,5639.sol,smartcheck,solidity,2022/11/14,20260206_1558,1770394226.2442281,1.4262404441833496,0,"{SOLIDITY_PRAGMAS_VERSION,SOLIDITY_VISIBILITY}",{},{},{}
contracts_output/contracts_output/gemini_with_rag_contracts/5641.sol,5641.sol,smartcheck,solidity,2022/11/14,20260206_1558,1770393720.9377978,1.531982421875,0,"{SOLIDITY_ADDRESS_HARDCODED,SOLIDITY_PRAGMAS_VERSION,SOLIDITY_PRIVATE_MODIFIER_DONT_HIDE_DATA,SOLIDITY_UPGRADE_TO_050,SOLIDITY_VISIBILITY}",{},{},{}
contracts_output/contracts_output/gemini_with_rag_contracts/5648.sol,5648.sol,smartcheck,solidity,2022/11/14,20260206_1558,1770393824.1368737,1.4739971160888672,0,"{SOLIDITY_ADDRESS_HARDCODED,SOLIDITY_PRAGMAS_VERSION,SOLIDITY_PRIVATE_MODIFIER_DONT_HIDE_DATA,SOLIDITY_UPGRADE_TO_050,SOLIDITY_VISIBILITY}",{},{},{}
contracts_output/contracts_output/gemini_with_rag_contracts/565.sol,565.sol,smartcheck,solidity,2022/11/14,20260206_1558,1770394209.527812,1.4630472660064697,0,"{SOLIDITY_ADDRESS_HARDCODED,SOLIDITY_EXTRA_GAS_IN_LOOPS,SOLIDITY_GAS_LIMIT_IN_LOOPS,SOLIDITY_PRAGMAS_VERSION,SOLIDITY_PRIVATE_MODIFIER_DONT_HIDE_DATA,SOLIDITY_UPGRADE_TO_050,SOLIDITY_VISIBILITY}",{},{},{}
contracts_output/contracts_output/gemini_with_rag_contracts/5667.sol,5667.sol,smartcheck,solidity,2022/11/14,20260206_1558,1770393726.8044796,1.3762304782867432,0,"{SOLIDITY_ADDRESS_HARDCODED,SOLIDITY_PRAGMAS_VERSION,SOLIDITY_PRIVATE_MODIFIER_DONT_HIDE_DATA,SOLIDITY_UPGRADE_TO_050,SOLIDITY_VISIBILITY}",{},{},{}
contracts_output/contracts_output/gemini_with_rag_contracts/5679.sol,5679.sol,smartcheck,solidity,2022/11/14,20260206_1558,1770393858.0411544,1.3185157775878906,0,"{SOLIDITY_ADDRESS_HARDCODED,SOLIDITY_PRAGMAS_VERSION,SOLIDITY_PRIVATE_MODIFIER_DONT_HIDE_DATA,SOLIDITY_UPGRADE_TO_050,SOLIDITY_VISIBILITY}",{},{},{}
contracts_output/contracts_output/gemini_with_rag_contracts/5691.sol,5691.sol,smartcheck,solidity,2022/11/14,20260206_1558,1770394338.1374712,1.4028592109680176,0,"{SOLIDITY_ADDRESS_HARDCODED,SOLIDITY_PRAGMAS_VERSION,SOLIDITY_PRIVATE_MODIFIER_DONT_HIDE_DATA,SOLIDITY_UPGRADE_TO_050,SOLIDITY_VISIBILITY}",{},{},{}
contracts_output/contracts_output/gemini_with_rag_contracts/5701.sol,5701.sol,smartcheck,solidity,2022/11/14,20260206_1558,1770393942.5478876,1.3815679550170898,0,"{SOLIDITY_ADDRESS_HARDCODED,SOLIDITY_PRAGMAS_VERSION,SOLIDITY_PRIVATE_MODIFIER_DONT_HIDE_DATA,SOLIDITY_UPGRADE_TO_050,SOLIDITY_VISIBILITY}",{},{},{}
contracts_output/contracts_output/gemini_with_rag_contracts/5707.sol,5707.sol,smartcheck,solidity,2022/11/14,20260206_1558,1770394318.5210545,1.3238377571105957,0,"{SOLIDITY_ADDRESS_HARDCODED,SOLIDITY_EXTRA_GAS_IN_LOOPS,SOLIDITY_GAS_LIMIT_IN_LOOPS,SOLIDITY_PRAGMAS_VERSION,SOLIDITY_PRIVATE_MODIFIER_DONT_HIDE_DATA,SOLIDITY_UPGRADE_TO_050,SOLIDITY_VISIBILITY}",{},{},{}
contracts_output/contracts_output/gemini_with_rag_contracts/5732.sol,5732.sol,smartcheck,solidity,2022/11/14,20260206_1558,1770393728.804923,1.4109625816345215,0,"{SOLIDITY_ADDRESS_HARDCODED,SOLIDITY_PRAGMAS_VERSION,SOLIDITY_PRIVATE_MODIFIER_DONT_HIDE_DATA,SOLIDITY_UPGRADE_TO_050,SOLIDITY_VISIBILITY}",{},{},{}
contracts_output/contracts_output/gemini_with_rag_contracts/5733.sol,5733.sol,smartcheck,solidity,2022/11/14,20260206_1558,1770394182.8820508,1.4218335151672363,0,"{SOLIDITY_ADDRESS_HARDCODED,SOLIDITY_EXTRA_GAS_IN_LOOPS,SOLIDITY_GAS_LIMIT_IN_LOOPS,SOLIDITY_PRAGMAS_VERSION,SOLIDITY_PRIVATE_MODIFIER_DONT_HIDE_DATA,SOLIDITY_SHOULD_NOT_BE_PURE,SOLIDITY_UPGRADE_TO_050,SOLIDITY_USING_INLINE_ASSEMBLY,SOLIDITY_VISIBILITY}",{},{},{}
contracts_output/contracts_output/gemini_with_rag_contracts/5740.sol,5740.sol,smartcheck,solidity,2022/11/14,20260206_1558,1770393797.5953848,1.4326508045196533,0,"{SOLIDITY_ADDRESS_HARDCODED,SOLIDITY_OVERPOWERED_ROLE,SOLIDITY_PRAGMAS_VERSION,SOLIDITY_PRIVATE_MODIFIER_DONT_HIDE_DATA,SOLIDITY_UPGRADE_TO_050,SOLIDITY_VISIBILITY}",{},{},{}
contracts_output/contracts_output/gemini_with_rag_contracts/5759.sol,5759.sol,smartcheck,solidity,2022/11/14,20260206_1558,1770393760.3172317,1.446986436843872,0,"{SOLIDITY_ADDRESS_HARDCODED,SOLIDITY_PRAGMAS_VERSION,SOLIDITY_PRIVATE_MODIFIER_DONT_HIDE_DATA,SOLIDITY_UPGRADE_TO_050,SOLIDITY_VISIBILITY}",{},{},{}
contracts_output/contracts_output/gemini_with_rag_contracts/5765.sol,5765.sol,smartcheck,solidity,2022/11/14,20260206_1558,1770393690.769545,1.2851653099060059,0,"{SOLIDITY_OVERPOWERED_ROLE,SOLIDITY_PRAGMAS_VERSION,SOLIDITY_VISIBILITY}",{},{},{}
contracts_output/contracts_output/gemini_with_rag_contracts/5767.sol,5767.sol,smartcheck,solidity,2022/11/14,20260206_1558,1770394313.3280723,1.3684237003326416,0,"{SOLIDITY_PRAGMAS_VERSION,SOLIDITY_VISIBILITY}",{},{},{}
contracts_output/contracts_output/gemini_with_rag_contracts/5781.sol,5781.sol,smartcheck,solidity,2022/11/14,20260206_1558,1770394259.7074804,1.4438092708587646,0,"{SOLIDITY_ADDRESS_HARDCODED,SOLIDITY_PRAGMAS_VERSION,SOLIDITY_PRIVATE_MODIFIER_DONT_HIDE_DATA,SOLIDITY_UPGRADE_TO_050,SOLIDITY_VISIBILITY}",{},{},{}
contracts_output/contracts_output/gemini_with_rag_contracts/5791.sol,5791.sol,smartcheck,solidity,2022/11/14,20260206_1558,1770394276.630268,1.3645498752593994,0,"{SOLIDITY_ADDRESS_HARDCODED,SOLIDITY_PRAGMAS_VERSION,SOLIDITY_VISIBILITY}",{},{},{}
contracts_output/contracts_output/gemini_with_rag_contracts/5799.sol,5799.sol,smartcheck,solidity,2022/11/14,20260206_1558,1770393862.5181355,1.3348455429077148,0,"{SOLIDITY_ADDRESS_HARDCODED,SOLIDITY_PRAGMAS_VERSION,SOLIDITY_PRIVATE_MODIFIER_DONT_HIDE_DATA,SOLIDITY_UPGRADE_TO_050,SOLIDITY_VISIBILITY}",{},{},{}
contracts_output/contracts_output/gemini_with_rag_contracts/5800.sol,5800.sol,smartcheck,solidity,2022/11/14,20260206_1558,1770393831.8386977,1.4497525691986084,0,"{SOLIDITY_ADDRESS_HARDCODED,SOLIDITY_PRAGMAS_VERSION,SOLIDITY_PRIVATE_MODIFIER_DONT_HIDE_DATA,SOLIDITY_UPGRADE_TO_050,SOLIDITY_VISIBILITY}",{},{},{}
contracts_output/contracts_output/gemini_with_rag_contracts/5804.sol,5804.sol,smartcheck,solidity,2022/11/14,20260206_1558,1770394200.4715369,1.4061458110809326,0,"{SOLIDITY_ADDRESS_HARDCODED,SOLIDITY_PRAGMAS_VERSION,SOLIDITY_PRIVATE_MODIFIER_DONT_HIDE_DATA,SOLIDITY_SHOULD_RETURN_STRUCT,SOLIDITY_UPGRADE_TO_050,SOLIDITY_VISIBILITY}",{},{},{}
contracts_output/contracts_output/gemini_with_rag_contracts/5822.sol,5822.sol,smartcheck,solidity,2022/11/14,20260206_1558,1770394286.9134457,1.377195119857788,0,"{SOLIDITY_ADDRESS_HARDCODED,SOLIDITY_PRAGMAS_VERSION,SOLIDITY_PRIVATE_MODIFIER_DONT_HIDE_DATA,SOLIDITY_UPGRADE_TO_050,SOLIDITY_VISIBILITY}",{},{},{}
contracts_output/contracts_output/gemini_with_rag_contracts/5836.sol,5836.sol,smartcheck,solidity,2022/11/14,20260206_1558,1770394127.1600206,1.3628244400024414,0,"{SOLIDITY_ADDRESS_HARDCODED,SOLIDITY_PRAGMAS_VERSION,SOLIDITY_PRIVATE_MODIFIER_DONT_HIDE_DATA,SOLIDITY_UPGRADE_TO_050,SOLIDITY_VISIBILITY}",{},{},{}
contracts_output/contracts_output/gemini_with_rag_contracts/5894.sol,5894.sol,smartcheck,solidity,2022/11/14,20260206_1558,1770393916.5231378,1.4456536769866943,0,"{SOLIDITY_ADDRESS_HARDCODED,SOLIDITY_PRAGMAS_VERSION,SOLIDITY_PRIVATE_MODIFIER_DONT_HIDE_DATA,SOLIDITY_UPGRADE_TO_050,SOLIDITY_VISIBILITY}",{},{},{}
contracts_output/contracts_output/gemini_with_rag_contracts/5915.sol,5915.sol,smartcheck,solidity,2022/11/14,20260206_1558,1770393602.7565186,1.4196491241455078,0,"{SOLIDITY_ADDRESS_HARDCODED,SOLIDITY_PRAGMAS_VERSION,SOLIDITY_PRIVATE_MODIFIER_DONT_HIDE_DATA,SOLIDITY_UPGRADE_TO_050,SOLIDITY_VISIBILITY}",{},{},{}
contracts_output/contracts_output/gemini_with_rag_contracts/5919.sol,5919.sol,smartcheck,solidity,2022/11/14,20260206_1558,1770393566.4817252,1.4069230556488037,0,"{SOLIDITY_PRAGMAS_VERSION,SOLIDITY_SAFEMATH,SOLIDITY_VISIBILITY}",{},{},{}
contracts_output/contracts_output/gemini_with_rag_contracts/5921.sol,5921.sol,smartcheck,solidity,2022/11/14,20260206_1558,1770393548.696966,1.3734111785888672,0,"{SOLIDITY_ADDRESS_HARDCODED,SOLIDITY_PRAGMAS_VERSION,SOLIDITY_UPGRADE_TO_050,SOLIDITY_VISIBILITY}",{},{},{}
contracts_output/contracts_output/gemini_with_rag_contracts/5927.sol,5927.sol,smartcheck,solidity,2022/11/14,20260206_1558,1770394196.580839,1.3815686702728271,0,"{SOLIDITY_ADDRESS_HARDCODED,SOLIDITY_PRAGMAS_VERSION,SOLIDITY_PRIVATE_MODIFIER_DONT_HIDE_DATA,SOLIDITY_UPGRADE_TO_050,SOLIDITY_VISIBILITY}",{},{},{}
contracts_output/contracts_output/gemini_with_rag_contracts/5928.sol,5928.sol,smartcheck,solidity,2022/11/14,20260206_1558,1770393677.5067136,1.4114489555358887,0,"{SOLIDITY_ADDRESS_HARDCODED,SOLIDITY_PRAGMAS_VERSION,SOLIDITY_PRIVATE_MODIFIER_DONT_HIDE_DATA,SOLIDITY_UPGRADE_TO_050,SOLIDITY_VISIBILITY}",{},{},{}
contracts_output/contracts_output/gemini_with_rag_contracts/5946.sol,5946.sol,smartcheck,solidity,2022/11/14,20260206_1558,1770394335.0668187,1.335339069366455,0,"{SOLIDITY_PRAGMAS_VERSION,SOLIDITY_VISIBILITY}",{},{},{}
contracts_output/contracts_output/gemini_with_rag_contracts/5952.sol,5952.sol,smartcheck,solidity,2022/11/14,20260206_1558,1770393535.8908014,1.3884494304656982,0,"{SOLIDITY_ADDRESS_HARDCODED,SOLIDITY_PRAGMAS_VERSION,SOLIDITY_PRIVATE_MODIFIER_DONT_HIDE_DATA,SOLIDITY_UPGRADE_TO_050,SOLIDITY_VISIBILITY}",{},{},{}
contracts_output/contracts_output/gemini_with_rag_contracts/5953.sol,5953.sol,smartcheck,solidity,2022/11/14,20260206_1558,1770393751.9392443,1.4036707878112793,0,"{SOLIDITY_ADDRESS_HARDCODED,SOLIDITY_LOCKED_MONEY,SOLIDITY_PRAGMAS_VERSION,SOLIDITY_PRIVATE_MODIFIER_DONT_HIDE_DATA,SOLIDITY_UPGRADE_TO_050,SOLIDITY_VISIBILITY}",{},{},{}
contracts_output/contracts_output/gemini_with_rag_contracts/598.sol,598.sol,smartcheck,solidity,2022/11/14,20260206_1558,1770393839.4684296,1.451495885848999,0,"{SOLIDITY_ADDRESS_HARDCODED,SOLIDITY_PRAGMAS_VERSION,SOLIDITY_PRIVATE_MODIFIER_DONT_HIDE_DATA,SOLIDITY_UPGRADE_TO_050,SOLIDITY_VISIBILITY}",{},{},{}
contracts_output/contracts_output/gemini_with_rag_contracts/5993.sol,5993.sol,smartcheck,solidity,2022/11/14,20260206_1558,1770393641.6144912,1.4103457927703857,0,"{SOLIDITY_ADDRESS_HARDCODED,SOLIDITY_PRAGMAS_VERSION,SOLIDITY_PRIVATE_MODIFIER_DONT_HIDE_DATA,SOLIDITY_TX_ORIGIN,SOLIDITY_VISIBILITY}",{},{},{}
contracts_output/contracts_output/gemini_with_rag_contracts/6003.sol,6003.sol,smartcheck,solidity,2022/11/14,20260206_1558,1770393647.2743094,1.3496956825256348,0,"{SOLIDITY_ADDRESS_HARDCODED,SOLIDITY_PRAGMAS_VERSION,SOLIDITY_PRIVATE_MODIFIER_DONT_HIDE_DATA,SOLIDITY_UPGRADE_TO_050,SOLIDITY_VISIBILITY}",{},{},{}
contracts_output/contracts_output/gemini_with_rag_contracts/6025.sol,6025.sol,smartcheck,solidity,2022/11/14,20260206_1558,1770394221.145712,1.447542667388916,0,"{SOLIDITY_ADDRESS_HARDCODED,SOLIDITY_PRAGMAS_VERSION,SOLIDITY_PRIVATE_MODIFIER_DONT_HIDE_DATA,SOLIDITY_UPGRADE_TO_050,SOLIDITY_VISIBILITY}",{},{},{}
contracts_output/contracts_output/gemini_with_rag_contracts/6042.sol,6042.sol,smartcheck,solidity,2022/11/14,20260206_1558,1770393965.5295901,1.3398761749267578,0,"{SOLIDITY_PRAGMAS_VERSION,SOLIDITY_SHOULD_RETURN_STRUCT,SOLIDITY_VISIBILITY}",{},{},{}
contracts_output/contracts_output/gemini_with_rag_contracts/6047.sol,6047.sol,smartcheck,solidity,2022/11/14,20260206_1558,1770393916.2832654,1.4110255241394043,0,"{SOLIDITY_ADDRESS_HARDCODED,SOLIDITY_EXTRA_GAS_IN_LOOPS,SOLIDITY_GAS_LIMIT_IN_LOOPS,SOLIDITY_PRAGMAS_VERSION,SOLIDITY_PRIVATE_MODIFIER_DONT_HIDE_DATA,SOLIDITY_UPGRADE_TO_050,SOLIDITY_VISIBILITY}",{},{},{}
contracts_output/contracts_output/gemini_with_rag_contracts/6054.sol,6054.sol,smartcheck,solidity,2022/11/14,20260206_1558,1770393552.148759,1.3998405933380127,0,"{SOLIDITY_ADDRESS_HARDCODED,SOLIDITY_PRAGMAS_VERSION,SOLIDITY_PRIVATE_MODIFIER_DONT_HIDE_DATA,SOLIDITY_UPGRADE_TO_050,SOLIDITY_VISIBILITY}",{},{},{}
contracts_output/contracts_output/gemini_with_rag_contracts/6060.sol,6060.sol,smartcheck,solidity,2022/11/14,20260206_1558,1770394075.195762,1.3491241931915283,0,"{SOLIDITY_ADDRESS_HARDCODED,SOLIDITY_PRAGMAS_VERSION,SOLIDITY_PRIVATE_MODIFIER_DONT_HIDE_DATA,SOLIDITY_UPGRADE_TO_050,SOLIDITY_VISIBILITY}",{},{},{}
contracts_output/contracts_output/gemini_with_rag_contracts/6063.sol,6063.sol,smartcheck,solidity,2022/11/14,20260206_1558,1770393551.3514507,1.377375602722168,0,"{SOLIDITY_ADDRESS_HARDCODED,SOLIDITY_PRAGMAS_VERSION,SOLIDITY_PRIVATE_MODIFIER_DONT_HIDE_DATA,SOLIDITY_UPGRADE_TO_050,SOLIDITY_VISIBILITY}",{},{},{}
contracts_output/contracts_output/gemini_with_rag_contracts/609.sol,609.sol,smartcheck,solidity,2022/11/14,20260206_1558,1770393952.650276,1.3739945888519287,0,"{SOLIDITY_ADDRESS_HARDCODED,SOLIDITY_PRAGMAS_VERSION,SOLIDITY_PRIVATE_MODIFIER_DONT_HIDE_DATA,SOLIDITY_UPGRADE_TO_050,SOLIDITY_VISIBILITY}",{},{},{}
contracts_output/contracts_output/gemini_with_rag_contracts/6100.sol,6100.sol,smartcheck,solidity,2022/11/14,20260206_1558,1770393941.718104,1.4487264156341553,0,"{SOLIDITY_PRAGMAS_VERSION,SOLIDITY_SAFEMATH,SOLIDITY_SHOULD_RETURN_STRUCT,SOLIDITY_VISIBILITY}",{},{},{}
contracts_output/contracts_output/gemini_with_rag_contracts/6110.sol,6110.sol,smartcheck,solidity,2022/11/14,20260206_1558,1770394273.2314842,1.4145469665527344,0,"{SOLIDITY_ADDRESS_HARDCODED,SOLIDITY_PRAGMAS_VERSION,SOLIDITY_PRIVATE_MODIFIER_DONT_HIDE_DATA,SOLIDITY_UPGRADE_TO_050,SOLIDITY_VISIBILITY}",{},{},{}
contracts_output/contracts_output/gemini_with_rag_contracts/6123.sol,6123.sol,smartcheck,solidity,2022/11/14,20260206_1558,1770393851.1792781,1.48213791847229,0,"{SOLIDITY_ERC20_APPROVE,SOLIDITY_PRAGMAS_VERSION,SOLIDITY_PRIVATE_MODIFIER_DONT_HIDE_DATA,SOLIDITY_VISIBILITY}",{},{},{}
contracts_output/contracts_output/gemini_with_rag_contracts/6152.sol,6152.sol,smartcheck,solidity,2022/11/14,20260206_1558,1770393549.2792675,1.422020673751831,0,"{SOLIDITY_ADDRESS_HARDCODED,SOLIDITY_PRAGMAS_VERSION,SOLIDITY_PRIVATE_MODIFIER_DONT_HIDE_DATA,SOLIDITY_UPGRADE_TO_050,SOLIDITY_VISIBILITY}",{},{},{}
contracts_output/contracts_output/gemini_with_rag_contracts/6178.sol,6178.sol,smartcheck,solidity,2022/11/14,20260206_1558,1770393720.5652518,1.4679896831512451,0,"{SOLIDITY_ADDRESS_HARDCODED,SOLIDITY_PRAGMAS_VERSION,SOLIDITY_PRIVATE_MODIFIER_DONT_HIDE_DATA,SOLIDITY_UPGRADE_TO_050,SOLIDITY_VISIBILITY}",{},{},{}
contracts_output/contracts_output/gemini_with_rag_contracts/6206.sol,6206.sol,smartcheck,solidity,2022/11/14,20260206_1558,1770393974.002262,1.3140323162078857,0,"{SOLIDITY_ADDRESS_HARDCODED,SOLIDITY_PRAGMAS_VERSION,SOLIDITY_PRIVATE_MODIFIER_DONT_HIDE_DATA,SOLIDITY_UPGRADE_TO_050,SOLIDITY_VISIBILITY}",{},{},{}
contracts_output/contracts_output/gemini_with_rag_contracts/6236.sol,6236.sol,smartcheck,solidity,2022/11/14,20260206_1558,1770393724.8729935,1.4339790344238281,0,"{SOLIDITY_ADDRESS_HARDCODED,SOLIDITY_PRAGMAS_VERSION,SOLIDITY_PRIVATE_MODIFIER_DONT_HIDE_DATA,SOLIDITY_VISIBILITY}",{},{},{}
contracts_output/contracts_output/gemini_with_rag_contracts/6249.sol,6249.sol,smartcheck,solidity,2022/11/14,20260206_1558,1770394262.1370842,1.3820991516113281,0,"{SOLIDITY_ADDRESS_HARDCODED,SOLIDITY_PRAGMAS_VERSION,SOLIDITY_PRIVATE_MODIFIER_DONT_HIDE_DATA,SOLIDITY_UPGRADE_TO_050,SOLIDITY_VISIBILITY}",{},{},{}
contracts_output/contracts_output/gemini_with_rag_contracts/6260.sol,6260.sol,smartcheck,solidity,2022/11/14,20260206_1558,1770393872.8895829,1.3600149154663086,0,"{SOLIDITY_ADDRESS_HARDCODED,SOLIDITY_PRAGMAS_VERSION,SOLIDITY_VISIBILITY}",{},{},{}
contracts_output/contracts_output/gemini_with_rag_contracts/6276.sol,6276.sol,smartcheck,solidity,2022/11/14,20260206_1558,1770393661.9864087,1.3275492191314697,0,"{SOLIDITY_LOCKED_MONEY,SOLIDITY_PRAGMAS_VERSION,SOLIDITY_VISIBILITY}",{},{},{}
contracts_output/contracts_output/gemini_with_rag_contracts/629.sol,629.sol,smartcheck,solidity,2022/11/14,20260206_1558,1770394238.4334023,1.4089710712432861,0,"{SOLIDITY_ADDRESS_HARDCODED,SOLIDITY_PRAGMAS_VERSION,SOLIDITY_PRIVATE_MODIFIER_DONT_HIDE_DATA,SOLIDITY_SAFEMATH,SOLIDITY_SHOULD_RETURN_STRUCT,SOLIDITY_UPGRADE_TO_050,SOLIDITY_VISIBILITY}",{},{},{}
contracts_output/contracts_output/gemini_with_rag_contracts/6310.sol,6310.sol,smartcheck,solidity,2022/11/14,20260206_1558,1770394210.9143279,1.4234421253204346,0,"{SOLIDITY_ADDRESS_HARDCODED,SOLIDITY_OVERPOWERED_ROLE,SOLIDITY_PRAGMAS_VERSION,SOLIDITY_VISIBILITY}",{},{},{}
contracts_output/contracts_output/gemini_with_rag_contracts/6311.sol,6311.sol,smartcheck,solidity,2022/11/14,20260206_1558,1770393527.354851,1.407801866531372,0,"{SOLIDITY_ADDRESS_HARDCODED,SOLIDITY_PRAGMAS_VERSION,SOLIDITY_PRIVATE_MODIFIER_DONT_HIDE_DATA,SOLIDITY_UPGRADE_TO_050,SOLIDITY_VISIBILITY}",{},{},{}
contracts_output/contracts_output/gemini_with_rag_contracts/6317.sol,6317.sol,smartcheck,solidity,2022/11/14,20260206_1558,1770393671.0342226,1.2806057929992676,0,"{SOLIDITY_ADDRESS_HARDCODED,SOLIDITY_LOCKED_MONEY,SOLIDITY_PRAGMAS_VERSION,SOLIDITY_VISIBILITY}",{},{},{}
contracts_output/contracts_output/gemini_with_rag_contracts/6318.sol,6318.sol,smartcheck,solidity,2022/11/14,20260206_1558,1770394201.8787935,1.436061143875122,0,"{SOLIDITY_ADDRESS_HARDCODED,SOLIDITY_PRAGMAS_VERSION,SOLIDITY_VISIBILITY}",{},{},{}
contracts_output/contracts_output/gemini_with_rag_contracts/6330.sol,6330.sol,smartcheck,solidity,2022/11/14,20260206_1558,1770393550.2597845,1.3843224048614502,0,"{SOLIDITY_ADDRESS_HARDCODED,SOLIDITY_PRAGMAS_VERSION,SOLIDITY_PRIVATE_MODIFIER_DONT_HIDE_DATA,SOLIDITY_UPGRADE_TO_050,SOLIDITY_VISIBILITY}",{},{},{}
contracts_output/contracts_output/gemini_with_rag_contracts/6348.sol,6348.sol,smartcheck,solidity,2022/11/14,20260206_1558,1770393610.3406677,1.3602678775787354,0,"{SOLIDITY_ADDRESS_HARDCODED,SOLIDITY_PRAGMAS_VERSION,SOLIDITY_PRIVATE_MODIFIER_DONT_HIDE_DATA,SOLIDITY_UPGRADE_TO_050,SOLIDITY_VISIBILITY}",{},{},{}
contracts_output/contracts_output/gemini_with_rag_contracts/6370.sol,6370.sol,smartcheck,solidity,2022/11/14,20260206_1558,1770393546.0986967,1.4357855319976807,0,"{SOLIDITY_ADDRESS_HARDCODED,SOLIDITY_PRAGMAS_VERSION,SOLIDITY_PRIVATE_MODIFIER_DONT_HIDE_DATA,SOLIDITY_UPGRADE_TO_050,SOLIDITY_VISIBILITY}",{},{},{}
contracts_output/contracts_output/gemini_with_rag_contracts/6381.sol,6381.sol,smartcheck,solidity,2022/11/14,20260206_1558,1770393874.2502592,1.327441930770874,0,"{SOLIDITY_ADDRESS_HARDCODED,SOLIDITY_PRAGMAS_VERSION,SOLIDITY_VISIBILITY}",{},{},{}
contracts_output/contracts_output/gemini_with_rag_contracts/6383.sol,6383.sol,smartcheck,solidity,2022/11/14,20260206_1558,1770393509.6620107,1.4573581218719482,0,"{SOLIDITY_ADDRESS_HARDCODED,SOLIDITY_PRAGMAS_VERSION,SOLIDITY_PRIVATE_MODIFIER_DONT_HIDE_DATA,SOLIDITY_UPGRADE_TO_050,SOLIDITY_VISIBILITY}",{},{},{}
contracts_output/contracts_output/gemini_with_rag_contracts/6386.sol,6386.sol,smartcheck,solidity,2022/11/14,20260206_1558,1770393552.7296293,1.3922483921051025,0,"{SOLIDITY_ADDRESS_HARDCODED,SOLIDITY_PRAGMAS_VERSION,SOLIDITY_PRIVATE_MODIFIER_DONT_HIDE_DATA,SOLIDITY_UPGRADE_TO_050,SOLIDITY_VISIBILITY}",{},{},{}
contracts_output/contracts_output/gemini_with_rag_contracts/6399.sol,6399.sol,smartcheck,solidity,2022/11/14,20260206_1558,1770393709.6349292,1.3472073078155518,0,"{SOLIDITY_ADDRESS_HARDCODED,SOLIDITY_PRAGMAS_VERSION,SOLIDITY_PRIVATE_MODIFIER_DONT_HIDE_DATA,SOLIDITY_UPGRADE_TO_050,SOLIDITY_VISIBILITY}",{},{},{}
contracts_output/contracts_output/gemini_with_rag_contracts/6404.sol,6404.sol,smartcheck,solidity,2022/11/14,20260206_1558,1770393840.0669112,1.5013253688812256,0,"{SOLIDITY_ADDRESS_HARDCODED,SOLIDITY_EXTRA_GAS_IN_LOOPS,SOLIDITY_GAS_LIMIT_IN_LOOPS,SOLIDITY_PRAGMAS_VERSION,SOLIDITY_PRIVATE_MODIFIER_DONT_HIDE_DATA,SOLIDITY_UPGRADE_TO_050,SOLIDITY_VISIBILITY}",{},{},{}
contracts_output/contracts_output/gemini_with_rag_contracts/6408.sol,6408.sol,smartcheck,solidity,2022/11/14,20260206_1558,1770393708.2605672,1.3735542297363281,0,"{SOLIDITY_ADDRESS_HARDCODED,SOLIDITY_PRAGMAS_VERSION,SOLIDITY_PRIVATE_MODIFIER_DONT_HIDE_DATA,SOLIDITY_UPGRADE_TO_050,SOLIDITY_VISIBILITY}",{},{},{}
contracts_output/contracts_output/gemini_with_rag_contracts/6427.sol,6427.sol,smartcheck,solidity,2022/11/14,20260206_1558,1770393764.3314204,1.3648767471313477,0,"{SOLIDITY_ADDRESS_HARDCODED,SOLIDITY_PRAGMAS_VERSION,SOLIDITY_PRIVATE_MODIFIER_DONT_HIDE_DATA,SOLIDITY_UPGRADE_TO_050,SOLIDITY_VISIBILITY}",{},{},{}
contracts_output/contracts_output/gemini_with_rag_contracts/6429.sol,6429.sol,smartcheck,solidity,2022/11/14,20260206_1558,1770394335.5296729,1.5605316162109375,0,"{SOLIDITY_ADDRESS_HARDCODED,SOLIDITY_PRAGMAS_VERSION,SOLIDITY_PRIVATE_MODIFIER_DONT_HIDE_DATA,SOLIDITY_SHOULD_NOT_BE_VIEW,SOLIDITY_UPGRADE_TO_050,SOLIDITY_VISIBILITY}",{},{},{}
contracts_output/contracts_output/gemini_with_rag_contracts/6434.sol,6434.sol,smartcheck,solidity,2022/11/14,20260206_1558,1770393954.7006423,1.4533026218414307,0,"{SOLIDITY_ADDRESS_HARDCODED,SOLIDITY_OVERPOWERED_ROLE,SOLIDITY_PRAGMAS_VERSION,SOLIDITY_PRIVATE_MODIFIER_DONT_HIDE_DATA,SOLIDITY_UPGRADE_TO_050,SOLIDITY_VISIBILITY}",{},{},{}
contracts_output/contracts_output/gemini_with_rag_contracts/6458.sol,6458.sol,smartcheck,solidity,2022/11/14,20260206_1558,1770394070.66447,1.4774348735809326,0,"{SOLIDITY_ADDRESS_HARDCODED,SOLIDITY_PRAGMAS_VERSION,SOLIDITY_PRIVATE_MODIFIER_DONT_HIDE_DATA,SOLIDITY_UPGRADE_TO_050,SOLIDITY_VISIBILITY}",{},{},{}
contracts_output/contracts_output/gemini_with_rag_contracts/6503.sol,6503.sol,smartcheck,solidity,2022/11/14,20260206_1558,1770394244.7728167,1.4145729541778564,0,"{SOLIDITY_ADDRESS_HARDCODED,SOLIDITY_PRAGMAS_VERSION,SOLIDITY_PRIVATE_MODIFIER_DONT_HIDE_DATA,SOLIDITY_UPGRADE_TO_050,SOLIDITY_VISIBILITY}",{},{},{}
contracts_output/contracts_output/gemini_with_rag_contracts/6513.sol,6513.sol,smartcheck,solidity,2022/11/14,20260206_1558,1770393845.184589,1.4454450607299805,0,"{SOLIDITY_ERC20_APPROVE,SOLIDITY_PRAGMAS_VERSION,SOLIDITY_VISIBILITY}",{},{},{}
contracts_output/contracts_output/gemini_with_rag_contracts/6515.sol,6515.sol,smartcheck,solidity,2022/11/14,20260206_1558,1770393942.1987293,1.396730661392212,0,"{SOLIDITY_ADDRESS_HARDCODED,SOLIDITY_PRAGMAS_VERSION,SOLIDITY_PRIVATE_MODIFIER_DONT_HIDE_DATA,SOLIDITY_UPGRADE_TO_050,SOLIDITY_VISIBILITY}",{},{},{}
contracts_output/contracts_output/gemini_with_rag_contracts/6517.sol,6517.sol,smartcheck,solidity,2022/11/14,20260206_1558,1770393758.3386905,1.441887617111206,0,"{SOLIDITY_ADDRESS_HARDCODED,SOLIDITY_PRAGMAS_VERSION,SOLIDITY_PRIVATE_MODIFIER_DONT_HIDE_DATA,SOLIDITY_UPGRADE_TO_050,SOLIDITY_VISIBILITY}",{},{},{}
contracts_output/contracts_output/gemini_with_rag_contracts/6519.sol,6519.sol,smartcheck,solidity,2022/11/14,20260206_1558,1770394291.8392408,1.3450708389282227,0,"{SOLIDITY_ADDRESS_HARDCODED,SOLIDITY_PRAGMAS_VERSION,SOLIDITY_PRIVATE_MODIFIER_DONT_HIDE_DATA,SOLIDITY_UPGRADE_TO_050,SOLIDITY_VISIBILITY}",{},{},{}
contracts_output/contracts_output/gemini_with_rag_contracts/6528.sol,6528.sol,smartcheck,solidity,2022/11/14,20260206_1558,1770393890.3793724,1.4116489887237549,0,"{SOLIDITY_ADDRESS_HARDCODED,SOLIDITY_PRAGMAS_VERSION,SOLIDITY_PRIVATE_MODIFIER_DONT_HIDE_DATA,SOLIDITY_UPGRADE_TO_050,SOLIDITY_VISIBILITY}",{},{},{}
contracts_output/contracts_output/gemini_with_rag_contracts/6552.sol,6552.sol,smartcheck,solidity,2022/11/14,20260206_1558,1770394062.5480602,1.427107334136963,0,"{SOLIDITY_ADDRESS_HARDCODED,SOLIDITY_PRAGMAS_VERSION,SOLIDITY_PRIVATE_MODIFIER_DONT_HIDE_DATA,SOLIDITY_UPGRADE_TO_050,SOLIDITY_VISIBILITY}",{},{},{}
contracts_output/contracts_output/gemini_with_rag_contracts/6562.sol,6562.sol,smartcheck,solidity,2022/11/14,20260206_1558,1770394213.7893922,1.3988978862762451,0,"{SOLIDITY_ADDRESS_HARDCODED,SOLIDITY_LOCKED_MONEY,SOLIDITY_PRAGMAS_VERSION,SOLIDITY_PRIVATE_MODIFIER_DONT_HIDE_DATA,SOLIDITY_UPGRADE_TO_050,SOLIDITY_VISIBILITY}",{},{},{}
contracts_output/contracts_output/gemini_with_rag_contracts/6593.sol,6593.sol,smartcheck,solidity,2022/11/14,20260206_1558,1770393842.5378888,1.4227890968322754,0,"{SOLIDITY_ADDRESS_HARDCODED,SOLIDITY_PRAGMAS_VERSION,SOLIDITY_VISIBILITY}",{},{},{}
contracts_output/contracts_output/gemini_with_rag_contracts/6613.sol,6613.sol,smartcheck,solidity,2022/11/14,20260206_1558,1770394073.8303473,1.3646807670593262,0,"{SOLIDITY_ADDRESS_HARDCODED,SOLIDITY_PRAGMAS_VERSION,SOLIDITY_VISIBILITY}",{},{},{}
contracts_output/contracts_output/gemini_with_rag_contracts/6641.sol,6641.sol,smartcheck,solidity,2022/11/14,20260206_1558,1770393721.4368877,1.5864226818084717,0,"{SOLIDITY_ADDRESS_HARDCODED,SOLIDITY_EXTRA_GAS_IN_LOOPS,SOLIDITY_GAS_LIMIT_IN_LOOPS,SOLIDITY_LOCKED_MONEY,SOLIDITY_PRAGMAS_VERSION,SOLIDITY_PRIVATE_MODIFIER_DONT_HIDE_DATA,SOLIDITY_UPGRADE_TO_050,SOLIDITY_VISIBILITY}",{},{},{}
contracts_output/contracts_output/gemini_with_rag_contracts/6644.sol,6644.sol,smartcheck,solidity,2022/11/14,20260206_1558,1770393830.6900558,1.4536657333374023,0,"{SOLIDITY_PRAGMAS_VERSION,SOLIDITY_SHOULD_RETURN_STRUCT,SOLIDITY_VISIBILITY}",{},{},{}
contracts_output/contracts_output/gemini_with_rag_contracts/6660.sol,6660.sol,smartcheck,solidity,2022/11/14,20260206_1558,1770393813.4615095,1.3252568244934082,0,"{SOLIDITY_LOCKED_MONEY,SOLIDITY_PRAGMAS_VERSION,SOLIDITY_VISIBILITY}",{},{},{}
contracts_output/contracts_output/gemini_with_rag_contracts/6667.sol,6667.sol,smartcheck,solidity,2022/11/14,20260206_1558,1770393988.1595778,1.3411626815795898,0,"{SOLIDITY_ADDRESS_HARDCODED,SOLIDITY_PRAGMAS_VERSION,SOLIDITY_PRIVATE_MODIFIER_DONT_HIDE_DATA,SOLIDITY_UPGRADE_TO_050,SOLIDITY_VISIBILITY}",{},{},{}
contracts_output/contracts_output/gemini_with_rag_contracts/6671.sol,6671.sol,smartcheck,solidity,2022/11/14,20260206_1558,1770394185.7101912,1.4311871528625488,0,"{SOLIDITY_ADDRESS_HARDCODED,SOLIDITY_PRAGMAS_VERSION,SOLIDITY_PRIVATE_MODIFIER_DONT_HIDE_DATA,SOLIDITY_UPGRADE_TO_050,SOLIDITY_VISIBILITY}",{},{},{}
contracts_output/contracts_output/gemini_with_rag_contracts/6724.sol,6724.sol,smartcheck,solidity,2022/11/14,20260206_1558,1770394237.049358,1.4042222499847412,0,"{SOLIDITY_ADDRESS_HARDCODED,SOLIDITY_PRAGMAS_VERSION,SOLIDITY_PRIVATE_MODIFIER_DONT_HIDE_DATA,SOLIDITY_UPGRADE_TO_050,SOLIDITY_VISIBILITY}",{},{},{}
contracts_output/contracts_output/gemini_with_rag_contracts/6726.sol,6726.sol,smartcheck,solidity,2022/11/14,20260206_1558,1770393832.0629156,1.4988749027252197,0,"{SOLIDITY_PRAGMAS_VERSION,SOLIDITY_VISIBILITY}",{},{},{}
contracts_output/contracts_output/gemini_with_rag_contracts/6728.sol,6728.sol,smartcheck,solidity,2022/11/14,20260206_1558,1770393628.4271684,1.3621034622192383,0,"{SOLIDITY_ADDRESS_HARDCODED,SOLIDITY_PRAGMAS_VERSION,SOLIDITY_PRIVATE_MODIFIER_DONT_HIDE_DATA,SOLIDITY_UPGRADE_TO_050,SOLIDITY_VISIBILITY}",{},{},{}
contracts_output/contracts_output/gemini_with_rag_contracts/6735.sol,6735.sol,smartcheck,solidity,2022/11/14,20260206_1558,1770393807.9944727,1.415574312210083,0,"{SOLIDITY_LOCKED_MONEY,SOLIDITY_PRAGMAS_VERSION,SOLIDITY_VISIBILITY}",{},{},{}
contracts_output/contracts_output/gemini_with_rag_contracts/6751.sol,6751.sol,smartcheck,solidity,2022/11/14,20260206_1558,1770394094.0390785,1.3463201522827148,0,"{SOLIDITY_ADDRESS_HARDCODED,SOLIDITY_PRAGMAS_VERSION,SOLIDITY_PRIVATE_MODIFIER_DONT_HIDE_DATA,SOLIDITY_UPGRADE_TO_050,SOLIDITY_VISIBILITY}",{},{},{}
contracts_output/contracts_output/gemini_with_rag_contracts/6764.sol,6764.sol,smartcheck,solidity,2022/11/14,20260206_1558,1770393948.7304108,1.4016027450561523,0,"{SOLIDITY_ADDRESS_HARDCODED,SOLIDITY_GAS_LIMIT_IN_LOOPS,SOLIDITY_PRAGMAS_VERSION,SOLIDITY_PRIVATE_MODIFIER_DONT_HIDE_DATA,SOLIDITY_UPGRADE_TO_050,SOLIDITY_VISIBILITY}",{},{},{}
contracts_output/contracts_output/gemini_with_rag_contracts/6774.sol,6774.sol,smartcheck,solidity,2022/11/14,20260206_1558,1770393571.3427758,1.475795030593872,0,"{SOLIDITY_ADDRESS_HARDCODED,SOLIDITY_PRAGMAS_VERSION,SOLIDITY_PRIVATE_MODIFIER_DONT_HIDE_DATA,SOLIDITY_SAFEMATH,SOLIDITY_UPGRADE_TO_050,SOLIDITY_VISIBILITY}",{},{},{}
contracts_output/contracts_output/gemini_with_rag_contracts/6776.sol,6776.sol,smartcheck,solidity,2022/11/14,20260206_1558,1770394169.8356972,1.3211462497711182,0,"{SOLIDITY_PRAGMAS_VERSION,SOLIDITY_VISIBILITY}",{},{},{}
contracts_output/contracts_output/gemini_with_rag_contracts/6786.sol,6786.sol,smartcheck,solidity,2022/11/14,20260206_1558,1770393739.265383,1.426194429397583,0,"{SOLIDITY_ADDRESS_HARDCODED,SOLIDITY_PRAGMAS_VERSION,SOLIDITY_PRIVATE_MODIFIER_DONT_HIDE_DATA,SOLIDITY_SAFEMATH,SOLIDITY_SHOULD_NOT_BE_PURE,SOLIDITY_UPGRADE_TO_050,SOLIDITY_USING_INLINE_ASSEMBLY,SOLIDITY_VISIBILITY}",{},{},{}
contracts_output/contracts_output/gemini_with_rag_contracts/6808.sol,6808.sol,smartcheck,solidity,2022/11/14,20260206_1558,1770394043.057415,1.4809038639068604,0,"{SOLIDITY_ADDRESS_HARDCODED,SOLIDITY_OVERPOWERED_ROLE,SOLIDITY_PRAGMAS_VERSION,SOLIDITY_PRIVATE_MODIFIER_DONT_HIDE_DATA,SOLIDITY_UPGRADE_TO_050,SOLIDITY_VISIBILITY}",{},{},{}
contracts_output/contracts_output/gemini_with_rag_contracts/6826.sol,6826.sol,smartcheck,solidity,2022/11/14,20260206_1558,1770393878.0601737,1.3838763236999512,0,"{SOLIDITY_ADDRESS_HARDCODED,SOLIDITY_PRAGMAS_VERSION,SOLIDITY_PRIVATE_MODIFIER_DONT_HIDE_DATA,SOLIDITY_UPGRADE_TO_050,SOLIDITY_VISIBILITY}",{},{},{}
contracts_output/contracts_output/gemini_with_rag_contracts/6848.sol,6848.sol,smartcheck,solidity,2022/11/14,20260206_1558,1770394256.1113884,1.440793752670288,0,"{SOLIDITY_ADDRESS_HARDCODED,SOLIDITY_PRAGMAS_VERSION,SOLIDITY_PRIVATE_MODIFIER_DONT_HIDE_DATA,SOLIDITY_SAFEMATH,SOLIDITY_UPGRADE_TO_050,SOLIDITY_VISIBILITY}",{},{},{}
contracts_output/contracts_output/gemini_with_rag_contracts/6875.sol,6875.sol,smartcheck,solidity,2022/11/14,20260206_1558,1770394158.86476,1.3796963691711426,0,"{SOLIDITY_ADDRESS_HARDCODED,SOLIDITY_PRAGMAS_VERSION,SOLIDITY_SAFEMATH,SOLIDITY_VISIBILITY}",{},{},{}
contracts_output/contracts_output/gemini_with_rag_contracts/689.sol,689.sol,smartcheck,solidity,2022/11/14,20260206_1558,1770393955.8128486,1.4195611476898193,0,"{SOLIDITY_ADDRESS_HARDCODED,SOLIDITY_OVERPOWERED_ROLE,SOLIDITY_PRAGMAS_VERSION,SOLIDITY_PRIVATE_MODIFIER_DONT_HIDE_DATA,SOLIDITY_UPGRADE_TO_050,SOLIDITY_VISIBILITY}",{},{},{}
contracts_output/contracts_output/gemini_with_rag_contracts/691.sol,691.sol,smartcheck,solidity,2022/11/14,20260206_1558,1770394285.494038,1.4184997081756592,0,"{SOLIDITY_ADDRESS_HARDCODED,SOLIDITY_PRAGMAS_VERSION,SOLIDITY_PRIVATE_MODIFIER_DONT_HIDE_DATA,SOLIDITY_UPGRADE_TO_050,SOLIDITY_VISIBILITY}",{},{},{}
contracts_output/contracts_output/gemini_with_rag_contracts/694.sol,694.sol,smartcheck,solidity,2022/11/14,20260206_1558,1770394048.8097467,1.3689181804656982,0,"{SOLIDITY_ADDRESS_HARDCODED,SOLIDITY_LOCKED_MONEY,SOLIDITY_PRAGMAS_VERSION,SOLIDITY_PRIVATE_MODIFIER_DONT_HIDE_DATA,SOLIDITY_UPGRADE_TO_050,SOLIDITY_VISIBILITY}",{},{},{}
contracts_output/contracts_output/gemini_with_rag_contracts/714.sol,714.sol,smartcheck,solidity,2022/11/14,20260206_1558,1770394149.9947803,1.4568631649017334,0,"{SOLIDITY_ADDRESS_HARDCODED,SOLIDITY_PRAGMAS_VERSION,SOLIDITY_PRIVATE_MODIFIER_DONT_HIDE_DATA,SOLIDITY_SAFEMATH,SOLIDITY_UPGRADE_TO_050,SOLIDITY_VISIBILITY}",{},{},{}
contracts_output/contracts_output/gemini_with_rag_contracts/725.sol,725.sol,smartcheck,solidity,2022/11/14,20260206_1558,1770393962.9337478,1.2956254482269287,0,"{SOLIDITY_ADDRESS_HARDCODED,SOLIDITY_PRAGMAS_VERSION,SOLIDITY_VISIBILITY}",{},{},{}
contracts_output/contracts_output/gemini_with_rag_contracts/732.sol,732.sol,smartcheck,solidity,2022/11/14,20260206_1558,1770393570.0085373,1.3330941200256348,0,"{SOLIDITY_PRAGMAS_VERSION,SOLIDITY_VISIBILITY}",{},{},{}
contracts_output/contracts_output/gemini_with_rag_contracts/752.sol,752.sol,smartcheck,solidity,2022/11/14,20260206_1558,1770393753.6423929,1.38645339012146,0,"{SOLIDITY_PRAGMAS_VERSION,SOLIDITY_SHOULD_RETURN_STRUCT,SOLIDITY_VISIBILITY}",{},{},{}
contracts_output/contracts_output/gemini_with_rag_contracts/761.sol,761.sol,smartcheck,solidity,2022/11/14,20260206_1558,1770393927.3458478,1.372497797012329,0,"{SOLIDITY_ADDRESS_HARDCODED,SOLIDITY_PRAGMAS_VERSION,SOLIDITY_PRIVATE_MODIFIER_DONT_HIDE_DATA,SOLIDITY_UPGRADE_TO_050,SOLIDITY_VISIBILITY}",{},{},{}
contracts_output/contracts_output/gemini_with_rag_contracts/772.sol,772.sol,smartcheck,solidity,2022/11/14,20260206_1558,1770393546.726368,1.4179997444152832,0,"{SOLIDITY_ADDRESS_HARDCODED,SOLIDITY_PRAGMAS_VERSION,SOLIDITY_PRIVATE_MODIFIER_DONT_HIDE_DATA,SOLIDITY_UPGRADE_TO_050,SOLIDITY_VISIBILITY}",{},{},{}
contracts_output/contracts_output/gemini_with_rag_contracts/780.sol,780.sol,smartcheck,solidity,2022/11/14,20260206_1558,1770394099.4326622,1.4112508296966553,0,"{SOLIDITY_ADDRESS_HARDCODED,SOLIDITY_PRAGMAS_VERSION,SOLIDITY_PRIVATE_MODIFIER_DONT_HIDE_DATA,SOLIDITY_UPGRADE_TO_050,SOLIDITY_VISIBILITY}",{},{},{}
contracts_output/contracts_output/gemini_with_rag_contracts/79.sol,79.sol,smartcheck,solidity,2022/11/14,20260206_1558,1770393887.948711,1.3806889057159424,0,"{SOLIDITY_ADDRESS_HARDCODED,SOLIDITY_PRAGMAS_VERSION,SOLIDITY_PRIVATE_MODIFIER_DONT_HIDE_DATA,SOLIDITY_UPGRADE_TO_050,SOLIDITY_VISIBILITY}",{},{},{}
contracts_output/contracts_output/gemini_with_rag_contracts/790.sol,790.sol,smartcheck,solidity,2022/11/14,20260206_1558,1770393950.7688746,1.360273838043213,0,"{SOLIDITY_PRAGMAS_VERSION,SOLIDITY_VISIBILITY}",{},{},{}
contracts_output/contracts_output/gemini_with_rag_contracts/799.sol,799.sol,smartcheck,solidity,2022/11/14,20260206_1558,1770393730.2165682,1.4138519763946533,0,"{SOLIDITY_ADDRESS_HARDCODED,SOLIDITY_PRAGMAS_VERSION,SOLIDITY_PRIVATE_MODIFIER_DONT_HIDE_DATA,SOLIDITY_SHOULD_RETURN_STRUCT,SOLIDITY_UPGRADE_TO_050,SOLIDITY_VISIBILITY}",{},{},{}
contracts_output/contracts_output/gemini_with_rag_contracts/812.sol,812.sol,smartcheck,solidity,2022/11/14,20260206_1558,1770393718.4830544,1.52060866355896,0,"{SOLIDITY_ADDRESS_HARDCODED,SOLIDITY_OVERPOWERED_ROLE,SOLIDITY_PRAGMAS_VERSION,SOLIDITY_PRIVATE_MODIFIER_DONT_HIDE_DATA,SOLIDITY_UPGRADE_TO_050,SOLIDITY_VISIBILITY}",{},{},{}
contracts_output/contracts_output/gemini_with_rag_contracts/827.sol,827.sol,smartcheck,solidity,2022/11/14,20260206_1558,1770394020.6669729,1.4056696891784668,0,"{SOLIDITY_ADDRESS_HARDCODED,SOLIDITY_EXTRA_GAS_IN_LOOPS,SOLIDITY_GAS_LIMIT_IN_LOOPS,SOLIDITY_OVERPOWERED_ROLE,SOLIDITY_PRAGMAS_VERSION,SOLIDITY_PRIVATE_MODIFIER_DONT_HIDE_DATA,SOLIDITY_VISIBILITY}",{},{},{}
contracts_output/contracts_output/gemini_with_rag_contracts/86.sol,86.sol,smartcheck,solidity,2022/11/14,20260206_1558,1770394314.6972513,1.379615068435669,0,"{SOLIDITY_OVERPOWERED_ROLE,SOLIDITY_PRAGMAS_VERSION,SOLIDITY_VISIBILITY}",{},{},{}
contracts_output/contracts_output/gemini_with_rag_contracts/868.sol,868.sol,smartcheck,solidity,2022/11/14,20260206_1558,1770393950.9688795,1.4490246772766113,0,"{SOLIDITY_ADDRESS_HARDCODED,SOLIDITY_EXTRA_GAS_IN_LOOPS,SOLIDITY_PRAGMAS_VERSION,SOLIDITY_VISIBILITY}",{},{},{}
contracts_output/contracts_output/gemini_with_rag_contracts/876.sol,876.sol,smartcheck,solidity,2022/11/14,20260206_1558,1770393815.4489484,1.342818260192871,0,"{SOLIDITY_ADDRESS_HARDCODED,SOLIDITY_PRAGMAS_VERSION,SOLIDITY_PRIVATE_MODIFIER_DONT_HIDE_DATA,SOLIDITY_SHOULD_NOT_BE_VIEW,SOLIDITY_UPGRADE_TO_050,SOLIDITY_VISIBILITY}",{},{},{}
contracts_output/contracts_output/gemini_with_rag_contracts/883.sol,883.sol,smartcheck,solidity,2022/11/14,20260206_1558,1770394192.7609468,1.3286550045013428,0,"{SOLIDITY_ADDRESS_HARDCODED,SOLIDITY_EXTRA_GAS_IN_LOOPS,SOLIDITY_GAS_LIMIT_IN_LOOPS,SOLIDITY_PRAGMAS_VERSION,SOLIDITY_PRIVATE_MODIFIER_DONT_HIDE_DATA,SOLIDITY_REVERT_REQUIRE,SOLIDITY_UPGRADE_TO_050,SOLIDITY_VISIBILITY}",{},{},{}
contracts_output/contracts_output/gemini_with_rag_contracts/892.sol,892.sol,smartcheck,solidity,2022/11/14,20260206_1558,1770393929.964303,1.3411216735839844,0,"{SOLIDITY_ADDRESS_HARDCODED,SOLIDITY_OVERPOWERED_ROLE,SOLIDITY_PRAGMAS_VERSION,SOLIDITY_PRIVATE_MODIFIER_DONT_HIDE_DATA,SOLIDITY_UPGRADE_TO_050,SOLIDITY_VISIBILITY}",{},{},{}
contracts_output/contracts_output/gemini_with_rag_contracts/906.sol,906.sol,smartcheck,solidity,2022/11/14,20260206_1558,1770394274.6468306,1.3656384944915771,0,"{SOLIDITY_ADDRESS_HARDCODED,SOLIDITY_PRAGMAS_VERSION,SOLIDITY_PRIVATE_MODIFIER_DONT_HIDE_DATA,SOLIDITY_UPGRADE_TO_050,SOLIDITY_VISIBILITY}",{},{},{}
contracts_output/contracts_output/gemini_with_rag_contracts/915.sol,915.sol,smartcheck,solidity,2022/11/14,20260206_1558,1770394190.8398411,1.355309247970581,0,"{SOLIDITY_ADDRESS_HARDCODED,SOLIDITY_PRAGMAS_VERSION,SOLIDITY_PRIVATE_MODIFIER_DONT_HIDE_DATA,SOLIDITY_UPGRADE_TO_050,SOLIDITY_VISIBILITY}",{},{},{}
contracts_output/contracts_output/gemini_with_rag_contracts/949.sol,949.sol,smartcheck,solidity,2022/11/14,20260206_1558,1770393877.2683873,1.3194289207458496,0,"{SOLIDITY_ADDRESS_HARDCODED,SOLIDITY_PRAGMAS_VERSION,SOLIDITY_PRIVATE_MODIFIER_DONT_HIDE_DATA,SOLIDITY_UPGRADE_TO_050,SOLIDITY_VISIBILITY}",{},{},{}
contracts_output/contracts_output/gemini_with_rag_contracts/963.sol,963.sol,smartcheck,solidity,2022/11/14,20260206_1558,1770393736.042092,1.3110568523406982,0,"{SOLIDITY_ADDRESS_HARDCODED,SOLIDITY_PRAGMAS_VERSION,SOLIDITY_PRIVATE_MODIFIER_DONT_HIDE_DATA,SOLIDITY_VISIBILITY}",{},{},{}
contracts_output/contracts_output/gemini_with_rag_contracts/967.sol,967.sol,smartcheck,solidity,2022/11/14,20260206_1558,1770393817.4025688,1.5061511993408203,0,"{SOLIDITY_ADDRESS_HARDCODED,SOLIDITY_EXTRA_GAS_IN_LOOPS,SOLIDITY_GAS_LIMIT_IN_LOOPS,SOLIDITY_PRAGMAS_VERSION,SOLIDITY_PRIVATE_MODIFIER_DONT_HIDE_DATA,SOLIDITY_UPGRADE_TO_050,SOLIDITY_VISIBILITY}",{},{},{}
contracts_output/contracts_output/gemini_with_rag_contracts/97.sol,97.sol,smartcheck,solidity,2022/11/14,20260206_1558,1770394254.6695979,1.4408090114593506,0,"{SOLIDITY_ADDRESS_HARDCODED,SOLIDITY_PRAGMAS_VERSION,SOLIDITY_PRIVATE_MODIFIER_DONT_HIDE_DATA,SOLIDITY_UPGRADE_TO_050,SOLIDITY_VISIBILITY}",{},{},{}
contracts_output/contracts_output/gemini_with_rag_contracts/971.sol,971.sol,smartcheck,solidity,2022/11/14,20260206_1558,1770394018.2607994,1.3640635013580322,0,"{SOLIDITY_ERC20_APPROVE,SOLIDITY_PRAGMAS_VERSION,SOLIDITY_PRIVATE_MODIFIER_DONT_HIDE_DATA}",{},{},{}
contracts_output/contracts_output/gemini_with_rag_contracts/1004.sol,1004.sol,solhint-6.0.0,solidity,2025/09/14,20260206_1558,1770394207.1496656,1.057305097579956,1,"{compiler_version,func_visibility,gas_custom_errors,gas_small_strings,gas_strict_inequalities,interface_starts_with_i,no_empty_blocks,no_unused_vars,one_contract_per_file,quotes,reason_string,use_natspec}",{},{},{}
contracts_output/contracts_output/gemini_with_rag_contracts/1009.sol,1009.sol,solhint-6.0.0,solidity,2025/09/14,20260206_1558,1770393695.5173473,0.9945662021636963,1,"{compiler_version,explicit_types,func_visibility,gas_custom_errors,gas_small_strings,gas_strict_inequalities,import_path_check,no_global_import,no_unused_vars,one_contract_per_file,quotes,reason_string,use_natspec}",{},{},{}
contracts_output/contracts_output/gemini_with_rag_contracts/1010.sol,1010.sol,solhint-6.0.0,solidity,2025/09/14,20260206_1558,1770393835.665216,1.0443625450134277,1,"{compiler_version,func_visibility,gas_custom_errors,gas_small_strings,gas_strict_inequalities,no_empty_blocks,one_contract_per_file,reason_string,use_natspec}",{},{},{}
contracts_output/contracts_output/gemini_with_rag_contracts/1032.sol,1032.sol,solhint-6.0.0,solidity,2025/09/14,20260206_1558,1770393908.5857556,0.9760315418243408,1,"{compiler_version,func_visibility,gas_custom_errors,gas_small_strings,gas_strict_inequalities,no_unused_vars,one_contract_per_file,reason_string,state_visibility,use_natspec}",{},{},{}
contracts_output/contracts_output/gemini_with_rag_contracts/1053.sol,1053.sol,solhint-6.0.0,solidity,2025/09/14,20260206_1558,1770393813.2848191,0.9570660591125488,1,"{compiler_version,func_visibility,gas_custom_errors,gas_small_strings,gas_strict_inequalities,no_empty_blocks,no_unused_vars,one_contract_per_file,reason_string,use_natspec}",{},{},{}
contracts_output/contracts_output/gemini_with_rag_contracts/107.sol,107.sol,solhint-6.0.0,solidity,2025/09/14,20260206_1558,1770394186.9801033,0.9953396320343018,1,"{compiler_version,func_visibility,gas_custom_errors,gas_increment_by_one,gas_indexed_events,gas_small_strings,gas_strict_inequalities,one_contract_per_file,reason_string,use_natspec}",{},{},{}
contracts_output/contracts_output/gemini_with_rag_contracts/1091.sol,1091.sol,solhint-6.0.0,solidity,2025/09/14,20260206_1558,1770393520.606562,0.9904968738555908,1,"{compiler_version,explicit_types,func_visibility,gas_custom_errors,gas_indexed_events,gas_small_strings,gas_strict_inequalities,one_contract_per_file,reason_string,use_natspec}",{},{},{}
contracts_output/contracts_output/gemini_with_rag_contracts/1094.sol,1094.sol,solhint-6.0.0,solidity,2025/09/14,20260206_1558,1770393692.055567,0.9591176509857178,1,"{compiler_version,func_visibility,gas_custom_errors,gas_small_strings,gas_strict_inequalities,no_inline_assembly,one_contract_per_file,reason_string,state_visibility,use_natspec}",{},{},{}
contracts_output/contracts_output/gemini_with_rag_contracts/110.sol,110.sol,solhint-6.0.0,solidity,2025/09/14,20260206_1558,1770394128.2344573,0.9690396785736084,1,{},{},{},{}
contracts_output/contracts_output/gemini_with_rag_contracts/1111.sol,1111.sol,solhint-6.0.0,solidity,2025/09/14,20260206_1558,1770394299.7631602,0.9457545280456543,1,"{compiler_version,func_visibility,gas_custom_errors,gas_small_strings,gas_strict_inequalities,one_contract_per_file,quotes,reason_string,use_natspec}",{},{},{}
contracts_output/contracts_output/gemini_with_rag_contracts/1142.sol,1142.sol,solhint-6.0.0,solidity,2025/09/14,20260206_1558,1770393580.3557029,0.9731833934783936,1,"{compiler_version,func_visibility,gas_custom_errors,gas_indexed_events,gas_small_strings,gas_strict_inequalities,one_contract_per_file,reason_string,use_natspec}",{},{},{}
contracts_output/contracts_output/gemini_with_rag_contracts/1147.sol,1147.sol,solhint-6.0.0,solidity,2025/09/14,20260206_1558,1770393871.8956113,0.9923696517944336,1,"{compiler_version,func_visibility,gas_custom_errors,gas_small_strings,gas_strict_inequalities,one_contract_per_file,reason_string,use_natspec,var_name_mixedcase}",{},{},{}
contracts_output/contracts_output/gemini_with_rag_contracts/1148.sol,1148.sol,solhint-6.0.0,solidity,2025/09/14,20260206_1558,1770393802.27146,1.0766019821166992,1,"{compiler_version,func_visibility,gas_custom_errors,gas_small_strings,gas_strict_inequalities,one_contract_per_file,reason_string,use_natspec}",{},{},{}
contracts_output/contracts_output/gemini_with_rag_contracts/1160.sol,1160.sol,solhint-6.0.0,solidity,2025/09/14,20260206_1558,1770394219.5370069,1.0928144454956055,1,"{compiler_version,func_visibility,gas_custom_errors,gas_small_strings,gas_strict_inequalities,one_contract_per_file,reason_string,use_natspec}",{},{},{}
contracts_output/contracts_output/gemini_with_rag_contracts/1164.sol,1164.sol,solhint-6.0.0,solidity,2025/09/14,20260206_1558,1770393509.3927124,0.952305793762207,255,{},{},{EXIT_CODE_255},{}
contracts_output/contracts_output/gemini_with_rag_contracts/1195.sol,1195.sol,solhint-6.0.0,solidity,2025/09/14,20260206_1558,1770394041.145654,0.9897828102111816,1,{},{},{},{}
contracts_output/contracts_output/gemini_with_rag_contracts/1213.sol,1213.sol,solhint-6.0.0,solidity,2025/09/14,20260206_1558,1770393825.6116383,1.029050350189209,1,"{compiler_version,explicit_types,func_visibility,gas_custom_errors,gas_small_strings,gas_strict_inequalities,one_contract_per_file,quotes,reason_string,use_natspec}",{},{},{}
contracts_output/contracts_output/gemini_with_rag_contracts/1228.sol,1228.sol,solhint-6.0.0,solidity,2025/09/14,20260206_1558,1770393606.1260338,1.0289406776428223,1,"{compiler_version,func_visibility,gas_custom_errors,gas_indexed_events,gas_small_strings,gas_strict_inequalities,import_path_check,no_global_import,no_unused_vars,one_contract_per_file,reason_string,use_natspec,var_name_mixedcase}",{},{},{}
contracts_output/contracts_output/gemini_with_rag_contracts/124.sol,124.sol,solhint-6.0.0,solidity,2025/09/14,20260206_1558,1770394321.5259814,1.053812026977539,1,"{compiler_version,func_visibility,gas_custom_errors,gas_increment_by_one,gas_small_strings,gas_strict_inequalities,no_unused_vars,one_contract_per_file,quotes,reason_string,use_natspec}",{},{},{}
contracts_output/contracts_output/gemini_with_rag_contracts/1244.sol,1244.sol,solhint-6.0.0,solidity,2025/09/14,20260206_1558,1770393709.6996298,1.005127191543579,1,"{compiler_version,func_visibility,gas_custom_errors,gas_increment_by_one,gas_small_strings,gas_strict_inequalities,one_contract_per_file,reason_string,use_natspec}",{},{},{}
contracts_output/contracts_output/gemini_with_rag_contracts/1247.sol,1247.sol,solhint-6.0.0,solidity,2025/09/14,20260206_1558,1770393824.2104642,1.1169908046722412,1,"{compiler_version,gas_custom_errors,gas_small_strings,gas_strict_inequalities,no_inline_assembly,one_contract_per_file,reason_string,use_natspec}",{},{},{}
contracts_output/contracts_output/gemini_with_rag_contracts/1259.sol,1259.sol,solhint-6.0.0,solidity,2025/09/14,20260206_1558,1770393806.961684,1.0518157482147217,1,"{compiler_version,func_visibility,gas_custom_errors,gas_small_strings,gas_strict_inequalities,no_empty_blocks,one_contract_per_file,quotes,reason_string,use_natspec}",{},{},{}
contracts_output/contracts_output/gemini_with_rag_contracts/1262.sol,1262.sol,solhint-6.0.0,solidity,2025/09/14,20260206_1558,1770393571.6883452,1.0069735050201416,1,"{compiler_version,gas_custom_errors,gas_small_strings,gas_strict_inequalities,one_contract_per_file,reason_string,use_natspec}",{},{},{}
contracts_output/contracts_output/gemini_with_rag_contracts/1265.sol,1265.sol,solhint-6.0.0,solidity,2025/09/14,20260206_1558,1770394283.2591255,0.9870278835296631,1,"{compiler_version,func_visibility,gas_custom_errors,gas_small_strings,gas_strict_inequalities,one_contract_per_file,reason_string,use_natspec}",{},{},{}
contracts_output/contracts_output/gemini_with_rag_contracts/1268.sol,1268.sol,solhint-6.0.0,solidity,2025/09/14,20260206_1558,1770394238.454269,1.014862298965454,1,"{compiler_version,func_visibility,gas_custom_errors,gas_small_strings,gas_strict_inequalities,gas_struct_packing,one_contract_per_file,reason_string,use_natspec}",{},{},{}
contracts_output/contracts_output/gemini_with_rag_contracts/1281.sol,1281.sol,solhint-6.0.0,solidity,2025/09/14,20260206_1558,1770393633.274227,0.9512979984283447,1,"{compiler_version,func_visibility,gas_custom_errors,gas_small_strings,gas_strict_inequalities,no_empty_blocks,one_contract_per_file,reason_string,use_natspec}",{},{},{}
contracts_output/contracts_output/gemini_with_rag_contracts/1283.sol,1283.sol,solhint-6.0.0,solidity,2025/09/14,20260206_1558,1770394043.8977206,1.01713228225708,1,"{compiler_version,func_visibility,gas_custom_errors,gas_small_strings,gas_strict_inequalities,interface_starts_with_i,one_contract_per_file,reason_string,use_natspec}",{},{},{}
contracts_output/contracts_output/gemini_with_rag_contracts/1286.sol,1286.sol,solhint-6.0.0,solidity,2025/09/14,20260206_1558,1770393673.8580825,0.8580381870269775,1,{},{},{},{}
contracts_output/contracts_output/gemini_with_rag_contracts/1315.sol,1315.sol,solhint-6.0.0,solidity,2025/09/14,20260206_1558,1770394255.2480013,1.0582048892974854,1,"{compiler_version,func_visibility,gas_custom_errors,gas_indexed_events,gas_small_strings,gas_strict_inequalities,no_unused_vars,one_contract_per_file,reason_string,use_natspec}",{},{},{}
contracts_output/contracts_output/gemini_with_rag_contracts/1319.sol,1319.sol,solhint-6.0.0,solidity,2025/09/14,20260206_1558,1770394239.843043,0.9518158435821533,1,"{compiler_version,gas_custom_errors,gas_small_strings,gas_strict_inequalities,no_unused_vars,one_contract_per_file,reason_string,use_natspec}",{},{},{}
contracts_output/contracts_output/gemini_with_rag_contracts/1334.sol,1334.sol,solhint-6.0.0,solidity,2025/09/14,20260206_1558,1770394334.4348087,1.0634129047393799,1,"{compiler_version,func_visibility,gas_custom_errors,gas_indexed_events,gas_small_strings,gas_strict_inequalities,one_contract_per_file,reason_string,use_natspec}",{},{},{}
contracts_output/contracts_output/gemini_with_rag_contracts/1335.sol,1335.sol,solhint-6.0.0,solidity,2025/09/14,20260206_1558,1770393812.4677048,0.9923014640808105,1,"{compiler_version,func_visibility,gas_custom_errors,gas_small_strings,gas_strict_inequalities,import_path_check,no_global_import,no_unused_vars,one_contract_per_file,quotes,reason_string,use_natspec}",{},{},{}
contracts_output/contracts_output/gemini_with_rag_contracts/1356.sol,1356.sol,solhint-6.0.0,solidity,2025/09/14,20260206_1558,1770393656.3963294,0.9889726638793945,1,"{compiler_version,explicit_types,func_visibility,gas_custom_errors,gas_small_strings,gas_strict_inequalities,one_contract_per_file,reason_string,use_natspec}",{},{},{}
contracts_output/contracts_output/gemini_with_rag_contracts/1358.sol,1358.sol,solhint-6.0.0,solidity,2025/09/14,20260206_1558,1770393601.9621723,1.01649808883667,1,"{compiler_version,const_name_snakecase,func_visibility,gas_custom_errors,gas_small_strings,gas_strict_inequalities,no_unused_vars,one_contract_per_file,quotes,reason_string,use_natspec}",{},{},{}
contracts_output/contracts_output/gemini_with_rag_contracts/1383.sol,1383.sol,solhint-6.0.0,solidity,2025/09/14,20260206_1558,1770393838.5464244,1.0067470073699951,1,"{compiler_version,func_visibility,gas_custom_errors,gas_small_strings,gas_strict_inequalities,one_contract_per_file,reason_string,use_natspec}",{},{},{}
contracts_output/contracts_output/gemini_with_rag_contracts/1386.sol,1386.sol,solhint-6.0.0,solidity,2025/09/14,20260206_1558,1770394279.0423956,0.9987392425537109,1,"{compiler_version,func_visibility,gas_custom_errors,gas_indexed_events,gas_small_strings,gas_strict_inequalities,one_contract_per_file,reason_string,use_natspec}",{},{},{}
contracts_output/contracts_output/gemini_with_rag_contracts/1398.sol,1398.sol,solhint-6.0.0,solidity,2025/09/14,20260206_1558,1770394239.470677,0.8771820068359375,1,{},{},{},{}
contracts_output/contracts_output/gemini_with_rag_contracts/1413.sol,1413.sol,solhint-6.0.0,solidity,2025/09/14,20260206_1558,1770394251.40526,0.9751510620117188,1,"{compiler_version,explicit_types,func_visibility,gas_custom_errors,gas_small_strings,gas_strict_inequalities,one_contract_per_file,quotes,reason_string,use_natspec}",{},{},{}
contracts_output/contracts_output/gemini_with_rag_contracts/1424.sol,1424.sol,solhint-6.0.0,solidity,2025/09/14,20260206_1558,1770393772.2710524,0.9510588645935059,1,"{compiler_version,func_visibility,gas_custom_errors,gas_small_strings,gas_strict_inequalities,import_path_check,no_global_import,no_unused_vars,one_contract_per_file,reason_string,use_natspec}",{},{},{}
contracts_output/contracts_output/gemini_with_rag_contracts/1438.sol,1438.sol,solhint-6.0.0,solidity,2025/09/14,20260206_1558,1770394052.8383482,1.000758171081543,1,"{compiler_version,func_visibility,gas_custom_errors,gas_increment_by_one,gas_indexed_events,gas_small_strings,gas_strict_inequalities,import_path_check,no_global_import,one_contract_per_file,reason_string,use_natspec}",{},{},{}
contracts_output/contracts_output/gemini_with_rag_contracts/1443.sol,1443.sol,solhint-6.0.0,solidity,2025/09/14,20260206_1558,1770394235.0484314,1.0517151355743408,1,"{compiler_version,func_visibility,gas_custom_errors,gas_indexed_events,gas_small_strings,gas_strict_inequalities,interface_starts_with_i,no_complex_fallback,no_empty_blocks,no_inline_assembly,one_contract_per_file,reason_string,use_natspec}",{},{},{}
contracts_output/contracts_output/gemini_with_rag_contracts/146.sol,146.sol,solhint-6.0.0,solidity,2025/09/14,20260206_1558,1770393555.2579882,0.9419195652008057,1,"{compiler_version,func_visibility,gas_custom_errors,gas_small_strings,gas_strict_inequalities,one_contract_per_file,quotes,reason_string,use_natspec}",{},{},{}
contracts_output/contracts_output/gemini_with_rag_contracts/1493.sol,1493.sol,solhint-6.0.0,solidity,2025/09/14,20260206_1558,1770394217.1604624,0.9413008689880371,1,"{compiler_version,func_visibility,gas_custom_errors,gas_small_strings,gas_strict_inequalities,one_contract_per_file,quotes,reason_string,use_natspec}",{},{},{}
contracts_output/contracts_output/gemini_with_rag_contracts/1522.sol,1522.sol,solhint-6.0.0,solidity,2025/09/14,20260206_1558,1770393941.1823213,1.0149853229522705,1,"{compiler_version,explicit_types,func_visibility,gas_custom_errors,gas_small_strings,gas_strict_inequalities,no_unused_vars,one_contract_per_file,reason_string,use_natspec}",{},{},{}
contracts_output/contracts_output/gemini_with_rag_contracts/153.sol,153.sol,solhint-6.0.0,solidity,2025/09/14,20260206_1558,1770393635.208098,0.9677224159240723,1,"{compiler_version,func_visibility,gas_custom_errors,gas_small_strings,gas_strict_inequalities,no_unused_vars,one_contract_per_file,reason_string,use_natspec}",{},{},{}
contracts_output/contracts_output/gemini_with_rag_contracts/1531.sol,1531.sol,solhint-6.0.0,solidity,2025/09/14,20260206_1558,1770394019.6255405,1.0398197174072266,1,"{compiler_version,func_visibility,gas_custom_errors,gas_small_strings,gas_strict_inequalities,no_unused_vars,one_contract_per_file,reason_string,use_natspec}",{},{},{}
contracts_output/contracts_output/gemini_with_rag_contracts/1558.sol,1558.sol,solhint-6.0.0,solidity,2025/09/14,20260206_1558,1770393849.692137,1.0698440074920654,1,"{compiler_version,func_visibility,gas_custom_errors,gas_indexed_events,gas_small_strings,gas_strict_inequalities,one_contract_per_file,reason_string,use_natspec}",{},{},{}
contracts_output/contracts_output/gemini_with_rag_contracts/1565.sol,1565.sol,solhint-6.0.0,solidity,2025/09/14,20260206_1558,1770394187.9769063,1.0354914665222168,1,"{compiler_version,func_visibility,gas_custom_errors,gas_small_strings,gas_strict_inequalities,import_path_check,imports_on_top,no_global_import,no_unused_vars,one_contract_per_file,reason_string,use_natspec}",{},{},{}
contracts_output/contracts_output/gemini_with_rag_contracts/1587.sol,1587.sol,solhint-6.0.0,solidity,2025/09/14,20260206_1558,1770394226.1716242,1.0449774265289307,1,"{compiler_version,func_visibility,gas_custom_errors,gas_small_strings,gas_strict_inequalities,no_empty_blocks,one_contract_per_file,reason_string,state_visibility,use_natspec}",{},{},{}
contracts_output/contracts_output/gemini_with_rag_contracts/1589.sol,1589.sol,solhint-6.0.0,solidity,2025/09/14,20260206_1558,1770393920.241747,1.0318284034729004,1,"{compiler_version,func_visibility,gas_custom_errors,gas_indexed_events,gas_small_strings,gas_strict_inequalities,one_contract_per_file,reason_string,use_natspec}",{},{},{}
contracts_output/contracts_output/gemini_with_rag_contracts/1597.sol,1597.sol,solhint-6.0.0,solidity,2025/09/14,20260206_1558,1770393754.1080794,0.9415879249572754,255,{},{},{EXIT_CODE_255},{}
contracts_output/contracts_output/gemini_with_rag_contracts/1600.sol,1600.sol,solhint-6.0.0,solidity,2025/09/14,20260206_1558,1770394283.3640487,0.994288444519043,1,"{compiler_version,func_visibility,gas_custom_errors,gas_small_strings,gas_strict_inequalities,no_inline_assembly,one_contract_per_file,reason_string,use_natspec}",{},{},{}
contracts_output/contracts_output/gemini_with_rag_contracts/1609.sol,1609.sol,solhint-6.0.0,solidity,2025/09/14,20260206_1558,1770393598.0449374,1.0641005039215088,255,{},{},{EXIT_CODE_255},{}
contracts_output/contracts_output/gemini_with_rag_contracts/1613.sol,1613.sol,solhint-6.0.0,solidity,2025/09/14,20260206_1558,1770393592.6530812,0.9739902019500732,1,"{compiler_version,func_visibility,gas_custom_errors,gas_small_strings,gas_strict_inequalities,one_contract_per_file,quotes,reason_string,use_natspec}",{},{},{}
contracts_output/contracts_output/gemini_with_rag_contracts/1617.sol,1617.sol,solhint-6.0.0,solidity,2025/09/14,20260206_1558,1770393596.7972558,1.0488336086273193,1,"{compiler_version,func_visibility,gas_custom_errors,gas_indexed_events,gas_small_strings,gas_strict_inequalities,one_contract_per_file,reason_string,use_natspec}",{},{},{}
contracts_output/contracts_output/gemini_with_rag_contracts/1642.sol,1642.sol,solhint-6.0.0,solidity,2025/09/14,20260206_1558,1770393683.586855,0.9923439025878906,1,{},{},{},{}
contracts_output/contracts_output/gemini_with_rag_contracts/1644.sol,1644.sol,solhint-6.0.0,solidity,2025/09/14,20260206_1558,1770394047.8371189,0.9719574451446533,255,{},{},{EXIT_CODE_255},{}
contracts_output/contracts_output/gemini_with_rag_contracts/1662.sol,1662.sol,solhint-6.0.0,solidity,2025/09/14,20260206_1558,1770394103.878357,0.9571905136108398,1,"{compiler_version,func_visibility,gas_custom_errors,gas_increment_by_one,gas_small_strings,gas_strict_inequalities,one_contract_per_file,quotes,reason_string,use_natspec}",{},{},{}
contracts_output/contracts_output/gemini_with_rag_contracts/1663.sol,1663.sol,solhint-6.0.0,solidity,2025/09/14,20260206_1558,1770394329.8353167,0.965491533279419,1,"{compiler_version,func_visibility,gas_custom_errors,gas_indexed_events,gas_small_strings,gas_strict_inequalities,no_empty_blocks,one_contract_per_file,reason_string,use_natspec}",{},{},{}
contracts_output/contracts_output/gemini_with_rag_contracts/170.sol,170.sol,solhint-6.0.0,solidity,2025/09/14,20260206_1558,1770394265.6727626,0.9744460582733154,1,"{compiler_version,func_visibility,gas_custom_errors,gas_indexed_events,gas_small_strings,gas_strict_inequalities,one_contract_per_file,reason_string,state_visibility,use_natspec}",{},{},{}
contracts_output/contracts_output/gemini_with_rag_contracts/1700.sol,1700.sol,solhint-6.0.0,solidity,2025/09/14,20260206_1558,1770394025.4988806,0.9747054576873779,255,{},{},{EXIT_CODE_255},{}
contracts_output/contracts_output/gemini_with_rag_contracts/1722.sol,1722.sol,solhint-6.0.0,solidity,2025/09/14,20260206_1558,1770393722.3607798,1.044710636138916,1,"{compiler_version,func_visibility,gas_custom_errors,gas_small_strings,gas_strict_inequalities,one_contract_per_file,reason_string,use_natspec}",{},{},{}
contracts_output/contracts_output/gemini_with_rag_contracts/1735.sol,1735.sol,solhint-6.0.0,solidity,2025/09/14,20260206_1558,1770394018.5689118,1.1054637432098389,1,"{compiler_version,func_visibility,gas_custom_errors,gas_small_strings,gas_strict_inequalities,one_contract_per_file,reason_string,use_natspec}",{},{},{}
contracts_output/contracts_output/gemini_with_rag_contracts/1777.sol,1777.sol,solhint-6.0.0,solidity,2025/09/14,20260206_1558,1770394038.7044387,1.0122935771942139,1,"{compiler_version,func_visibility,gas_custom_errors,gas_increment_by_one,gas_small_strings,gas_strict_inequalities,one_contract_per_file,reason_string,use_natspec,var_name_mixedcase}",{},{},{}
contracts_output/contracts_output/gemini_with_rag_contracts/1782.sol,1782.sol,solhint-6.0.0,solidity,2025/09/14,20260206_1558,1770393959.2418787,1.0444214344024658,1,"{compiler_version,func_visibility,gas_custom_errors,gas_increment_by_one,gas_small_strings,gas_strict_inequalities,gas_struct_packing,one_contract_per_file,quotes,reason_string,use_natspec}",{},{},{}
contracts_output/contracts_output/gemini_with_rag_contracts/1790.sol,1790.sol,solhint-6.0.0,solidity,2025/09/14,20260206_1558,1770394036.2926037,1.0145103931427002,1,"{compiler_version,explicit_types,func_visibility,gas_custom_errors,gas_increment_by_one,gas_small_strings,gas_strict_inequalities,one_contract_per_file,reason_string,use_natspec}",{},{},{}
contracts_output/contracts_output/gemini_with_rag_contracts/1809.sol,1809.sol,solhint-6.0.0,solidity,2025/09/14,20260206_1558,1770393945.8507822,0.9687442779541016,1,"{compiler_version,func_visibility,gas_custom_errors,gas_indexed_events,gas_small_strings,gas_strict_inequalities,one_contract_per_file,quotes,reason_string,use_natspec}",{},{},{}
contracts_output/contracts_output/gemini_with_rag_contracts/1814.sol,1814.sol,solhint-6.0.0,solidity,2025/09/14,20260206_1558,1770394207.6378071,0.9926173686981201,1,"{compiler_version,func_visibility,gas_custom_errors,gas_increment_by_one,gas_small_strings,gas_strict_inequalities,one_contract_per_file,reason_string,use_natspec}",{},{},{}
contracts_output/contracts_output/gemini_with_rag_contracts/1824.sol,1824.sol,solhint-6.0.0,solidity,2025/09/14,20260206_1558,1770393570.6533952,1.032679796218872,1,"{compiler_version,func_visibility,gas_custom_errors,gas_indexed_events,gas_small_strings,gas_strict_inequalities,one_contract_per_file,reason_string,use_natspec}",{},{},{}
contracts_output/contracts_output/gemini_with_rag_contracts/1832.sol,1832.sol,solhint-6.0.0,solidity,2025/09/14,20260206_1558,1770393675.2824628,0.9762098789215088,1,"{compiler_version,func_visibility,gas_custom_errors,gas_increment_by_one,gas_indexed_events,gas_small_strings,gas_strict_inequalities,one_contract_per_file,reason_string,use_natspec}",{},{},{}
contracts_output/contracts_output/gemini_with_rag_contracts/1838.sol,1838.sol,solhint-6.0.0,solidity,2025/09/14,20260206_1558,1770393728.1814542,1.0436310768127441,1,"{compiler_version,func_visibility,gas_custom_errors,gas_increment_by_one,gas_indexed_events,gas_small_strings,gas_strict_inequalities,one_contract_per_file,reason_string,use_natspec}",{},{},{}
contracts_output/contracts_output/gemini_with_rag_contracts/1872.sol,1872.sol,solhint-6.0.0,solidity,2025/09/14,20260206_1558,1770393512.7698154,1.0368502140045166,1,"{compiler_version,func_visibility,gas_custom_errors,gas_small_strings,gas_strict_inequalities,one_contract_per_file,reason_string,use_natspec}",{},{},{}
contracts_output/contracts_output/gemini_with_rag_contracts/1877.sol,1877.sol,solhint-6.0.0,solidity,2025/09/14,20260206_1558,1770394271.2015424,1.2402324676513672,1,"{compiler_version,func_visibility,gas_custom_errors,gas_small_strings,gas_strict_inequalities,import_path_check,no_global_import,no_unused_vars,one_contract_per_file,quotes,reason_string,use_natspec}",{},{},{}
contracts_output/contracts_output/gemini_with_rag_contracts/189.sol,189.sol,solhint-6.0.0,solidity,2025/09/14,20260206_1558,1770394069.5993538,1.0633821487426758,1,"{compiler_version,func_visibility,gas_custom_errors,gas_small_strings,gas_strict_inequalities,import_path_check,no_global_import,one_contract_per_file,reason_string,use_natspec}",{},{},{}
contracts_output/contracts_output/gemini_with_rag_contracts/1905.sol,1905.sol,solhint-6.0.0,solidity,2025/09/14,20260206_1558,1770393591.6215134,1.0436012744903564,1,"{compiler_version,func_visibility,gas_custom_errors,gas_indexed_events,gas_small_strings,gas_strict_inequalities,one_contract_per_file,reason_string,use_natspec}",{},{},{}
contracts_output/contracts_output/gemini_with_rag_contracts/191.sol,191.sol,solhint-6.0.0,solidity,2025/09/14,20260206_1558,1770394301.1924107,0.9543018341064453,1,"{compiler_version,func_visibility,gas_custom_errors,gas_indexed_events,gas_small_strings,gas_strict_inequalities,one_contract_per_file,reason_string,use_natspec}",{},{},{}
contracts_output/contracts_output/gemini_with_rag_contracts/1924.sol,1924.sol,solhint-6.0.0,solidity,2025/09/14,20260206_1558,1770393761.7650661,1.0651698112487793,1,"{compiler_version,func_visibility,gas_custom_errors,gas_indexed_events,gas_small_strings,gas_strict_inequalities,no_unused_vars,one_contract_per_file,reason_string,use_natspec}",{},{},{}
contracts_output/contracts_output/gemini_with_rag_contracts/1926.sol,1926.sol,solhint-6.0.0,solidity,2025/09/14,20260206_1558,1770393682.780985,1.0254285335540771,1,"{compiler_version,func_visibility,gas_custom_errors,gas_small_strings,gas_strict_inequalities,one_contract_per_file,reason_string,use_natspec}",{},{},{}
contracts_output/contracts_output/gemini_with_rag_contracts/1932.sol,1932.sol,solhint-6.0.0,solidity,2025/09/14,20260206_1558,1770394135.264057,0.9899346828460693,1,"{compiler_version,func_visibility,gas_custom_errors,gas_small_strings,gas_strict_inequalities,one_contract_per_file,reason_string,use_natspec}",{},{},{}
contracts_output/contracts_output/gemini_with_rag_contracts/1962.sol,1962.sol,solhint-6.0.0,solidity,2025/09/14,20260206_1558,1770393829.449237,1.0066888332366943,1,"{compiler_version,explicit_types,func_visibility,gas_custom_errors,gas_small_strings,gas_strict_inequalities,one_contract_per_file,quotes,reason_string,use_natspec}",{},{},{}
contracts_output/contracts_output/gemini_with_rag_contracts/1979.sol,1979.sol,solhint-6.0.0,solidity,2025/09/14,20260206_1558,1770393595.0028114,0.9916021823883057,1,"{compiler_version,func_visibility,gas_custom_errors,gas_small_strings,gas_strict_inequalities,one_contract_per_file,quotes,reason_string,use_natspec}",{},{},{}
contracts_output/contracts_output/gemini_with_rag_contracts/1993.sol,1993.sol,solhint-6.0.0,solidity,2025/09/14,20260206_1558,1770393883.390222,1.004847764968872,1,"{compiler_version,func_visibility,gas_custom_errors,gas_increment_by_one,gas_small_strings,gas_strict_inequalities,one_contract_per_file,reason_string,use_natspec}",{},{},{}
contracts_output/contracts_output/gemini_with_rag_contracts/2003.sol,2003.sol,solhint-6.0.0,solidity,2025/09/14,20260206_1558,1770394260.1925716,0.9292490482330322,255,{},{},{EXIT_CODE_255},{}
contracts_output/contracts_output/gemini_with_rag_contracts/2019.sol,2019.sol,solhint-6.0.0,solidity,2025/09/14,20260206_1558,1770393712.7795334,1.0093941688537598,1,"{compiler_version,func_visibility,gas_custom_errors,gas_indexed_events,gas_small_strings,gas_strict_inequalities,no_unused_vars,one_contract_per_file,reason_string,use_natspec}",{},{},{}
contracts_output/contracts_output/gemini_with_rag_contracts/2044.sol,2044.sol,solhint-6.0.0,solidity,2025/09/14,20260206_1558,1770393681.8770876,1.0886502265930176,1,"{compiler_version,func_visibility,gas_custom_errors,gas_indexed_events,gas_small_strings,gas_strict_inequalities,one_contract_per_file,reason_string,use_natspec}",{},{},{}
contracts_output/contracts_output/gemini_with_rag_contracts/2053.sol,2053.sol,solhint-6.0.0,solidity,2025/09/14,20260206_1558,1770394332.6650856,0.9797439575195312,255,{},{},{EXIT_CODE_255},{}
contracts_output/contracts_output/gemini_with_rag_contracts/2061.sol,2061.sol,solhint-6.0.0,solidity,2025/09/14,20260206_1558,1770394281.5707855,1.0376973152160645,1,"{compiler_version,func_visibility,gas_custom_errors,gas_small_strings,gas_strict_inequalities,no_inline_assembly,one_contract_per_file,reason_string,use_natspec}",{},{},{}
contracts_output/contracts_output/gemini_with_rag_contracts/2081.sol,2081.sol,solhint-6.0.0,solidity,2025/09/14,20260206_1558,1770394328.5288389,1.0506963729858398,1,"{compiler_version,func_visibility,gas_custom_errors,gas_increment_by_one,gas_small_strings,gas_strict_inequalities,one_contract_per_file,quotes,reason_string,use_natspec}",{},{},{}
contracts_output/contracts_output/gemini_with_rag_contracts/2092.sol,2092.sol,solhint-6.0.0,solidity,2025/09/14,20260206_1558,1770394329.580881,1.0196471214294434,1,"{compiler_version,func_visibility,gas_custom_errors,gas_increment_by_one,gas_small_strings,gas_strict_inequalities,no_unused_vars,one_contract_per_file,reason_string,use_natspec}",{},{},{}
contracts_output/contracts_output/gemini_with_rag_contracts/2093.sol,2093.sol,solhint-6.0.0,solidity,2025/09/14,20260206_1558,1770394062.9607494,0.9280827045440674,1,{},{},{},{}
contracts_output/contracts_output/gemini_with_rag_contracts/211.sol,211.sol,solhint-6.0.0,solidity,2025/09/14,20260206_1558,1770393718.723239,1.1354844570159912,1,"{compiler_version,func_visibility,gas_custom_errors,gas_small_strings,gas_strict_inequalities,no_empty_blocks,one_contract_per_file,reason_string,use_natspec}",{},{},{}
contracts_output/contracts_output/gemini_with_rag_contracts/2110.sol,2110.sol,solhint-6.0.0,solidity,2025/09/14,20260206_1558,1770394175.2405484,0.9813206195831299,1,"{compiler_version,func_visibility,gas_custom_errors,gas_small_strings,gas_strict_inequalities,one_contract_per_file,reason_string,use_natspec}",{},{},{}
contracts_output/contracts_output/gemini_with_rag_contracts/2112.sol,2112.sol,solhint-6.0.0,solidity,2025/09/14,20260206_1558,1770394190.0272756,0.942286491394043,1,"{compiler_version,func_visibility,gas_custom_errors,gas_indexed_events,gas_small_strings,gas_strict_inequalities,one_contract_per_file,reason_string,use_natspec}",{},{},{}
contracts_output/contracts_output/gemini_with_rag_contracts/2119.sol,2119.sol,solhint-6.0.0,solidity,2025/09/14,20260206_1558,1770394097.8130665,1.103410005569458,1,"{compiler_version,explicit_types,func_visibility,gas_custom_errors,gas_small_strings,gas_strict_inequalities,one_contract_per_file,quotes,reason_string,use_natspec}",{},{},{}
contracts_output/contracts_output/gemini_with_rag_contracts/213.sol,213.sol,solhint-6.0.0,solidity,2025/09/14,20260206_1558,1770394068.4943943,0.9962053298950195,1,"{compiler_version,explicit_types,func_visibility,gas_custom_errors,gas_small_strings,gas_strict_inequalities,one_contract_per_file,reason_string,use_natspec}",{},{},{}
contracts_output/contracts_output/gemini_with_rag_contracts/2141.sol,2141.sol,solhint-6.0.0,solidity,2025/09/14,20260206_1558,1770394190.9710858,0.8008484840393066,255,{},{},{EXIT_CODE_255},{}
contracts_output/contracts_output/gemini_with_rag_contracts/2199.sol,2199.sol,solhint-6.0.0,solidity,2025/09/14,20260206_1558,1770393896.3742483,0.9626595973968506,1,"{compiler_version,func_visibility,gas_custom_errors,gas_small_strings,gas_strict_inequalities,import_path_check,imports_on_top,no_global_import,one_contract_per_file,reason_string,use_natspec}",{},{},{}
contracts_output/contracts_output/gemini_with_rag_contracts/2205.sol,2205.sol,solhint-6.0.0,solidity,2025/09/14,20260206_1558,1770393622.9655538,1.0146334171295166,1,"{compiler_version,func_visibility,gas_custom_errors,gas_small_strings,gas_strict_inequalities,no_empty_blocks,no_unused_vars,one_contract_per_file,reason_string,use_natspec,var_name_mixedcase}",{},{},{}
contracts_output/contracts_output/gemini_with_rag_contracts/2209.sol,2209.sol,solhint-6.0.0,solidity,2025/09/14,20260206_1558,1770394125.7555351,1.0001482963562012,1,"{compiler_version,func_name_mixedcase,func_visibility,gas_custom_errors,gas_increment_by_one,gas_small_strings,gas_strict_inequalities,no_empty_blocks,one_contract_per_file,reason_string,use_natspec}",{},{},{}
contracts_output/contracts_output/gemini_with_rag_contracts/2215.sol,2215.sol,solhint-6.0.0,solidity,2025/09/14,20260206_1558,1770394262.2414186,1.0206718444824219,1,"{compiler_version,func_visibility,gas_custom_errors,gas_indexed_events,gas_small_strings,gas_strict_inequalities,one_contract_per_file,reason_string,use_natspec}",{},{},{}
contracts_output/contracts_output/gemini_with_rag_contracts/2223.sol,2223.sol,solhint-6.0.0,solidity,2025/09/14,20260206_1558,1770394207.9665194,1.1179554462432861,1,"{compiler_version,func_visibility,gas_custom_errors,gas_small_strings,gas_strict_inequalities,one_contract_per_file,quotes,reason_string,use_natspec}",{},{},{}
contracts_output/contracts_output/gemini_with_rag_contracts/223.sol,223.sol,solhint-6.0.0,solidity,2025/09/14,20260206_1558,1770394043.2419522,1.121535301208496,1,"{compiler_version,func_visibility,gas_custom_errors,gas_small_strings,gas_strict_inequalities,no_unused_vars,one_contract_per_file,quotes,reason_string,use_natspec}",{},{},{}
contracts_output/contracts_output/gemini_with_rag_contracts/2236.sol,2236.sol,solhint-6.0.0,solidity,2025/09/14,20260206_1558,1770394220.6313727,0.9736559391021729,1,"{compiler_version,func_visibility,gas_custom_errors,gas_small_strings,gas_strict_inequalities,one_contract_per_file,quotes,reason_string,state_visibility,use_natspec}",{},{},{}
contracts_output/contracts_output/gemini_with_rag_contracts/2241.sol,2241.sol,solhint-6.0.0,solidity,2025/09/14,20260206_1558,1770393569.2232418,0.9630496501922607,1,"{compiler_version,explicit_types,func_visibility,gas_custom_errors,gas_small_strings,gas_strict_inequalities,one_contract_per_file,reason_string,use_natspec}",{},{},{}
contracts_output/contracts_output/gemini_with_rag_contracts/2268.sol,2268.sol,solhint-6.0.0,solidity,2025/09/14,20260206_1558,1770394069.7087193,0.9327287673950195,255,{},{},{EXIT_CODE_255},{}
contracts_output/contracts_output/gemini_with_rag_contracts/2271.sol,2271.sol,solhint-6.0.0,solidity,2025/09/14,20260206_1558,1770394067.7551827,1.0228664875030518,1,"{compiler_version,func_visibility,gas_custom_errors,gas_indexed_events,gas_small_strings,gas_strict_inequalities,one_contract_per_file,reason_string,use_natspec}",{},{},{}
contracts_output/contracts_output/gemini_with_rag_contracts/2278.sol,2278.sol,solhint-6.0.0,solidity,2025/09/14,20260206_1558,1770393821.1114757,1.0786819458007812,1,"{compiler_version,func_visibility,gas_custom_errors,gas_indexed_events,gas_small_strings,gas_strict_inequalities,one_contract_per_file,quotes,reason_string,use_natspec}",{},{},{}
contracts_output/contracts_output/gemini_with_rag_contracts/2295.sol,2295.sol,solhint-6.0.0,solidity,2025/09/14,20260206_1558,1770393599.044213,1.025287389755249,1,"{compiler_version,func_visibility,gas_custom_errors,gas_indexed_events,gas_small_strings,gas_strict_inequalities,import_path_check,no_global_import,one_contract_per_file,reason_string,use_natspec}",{},{},{}
contracts_output/contracts_output/gemini_with_rag_contracts/2308.sol,2308.sol,solhint-6.0.0,solidity,2025/09/14,20260206_1558,1770394242.1644645,0.9931313991546631,1,"{compiler_version,func_visibility,gas_custom_errors,gas_small_strings,gas_strict_inequalities,one_contract_per_file,reason_string,use_natspec}",{},{},{}
contracts_output/contracts_output/gemini_with_rag_contracts/2313.sol,2313.sol,solhint-6.0.0,solidity,2025/09/14,20260206_1558,1770393855.540123,0.9704179763793945,1,"{compiler_version,func_visibility,gas_custom_errors,gas_small_strings,gas_strict_inequalities,no_empty_blocks,one_contract_per_file,reason_string,use_natspec}",{},{},{}
contracts_output/contracts_output/gemini_with_rag_contracts/232.sol,232.sol,solhint-6.0.0,solidity,2025/09/14,20260206_1558,1770393549.8626077,1.0372533798217773,1,"{compiler_version,func_visibility,gas_custom_errors,gas_increment_by_one,gas_small_strings,gas_strict_inequalities,one_contract_per_file,reason_string,use_natspec,var_name_mixedcase}",{},{},{}
contracts_output/contracts_output/gemini_with_rag_contracts/2321.sol,2321.sol,solhint-6.0.0,solidity,2025/09/14,20260206_1558,1770393814.7873428,0.9827315807342529,1,"{compiler_version,func_visibility,gas_custom_errors,gas_increment_by_one,gas_small_strings,gas_strict_inequalities,one_contract_per_file,reason_string,use_natspec}",{},{},{}
contracts_output/contracts_output/gemini_with_rag_contracts/2323.sol,2323.sol,solhint-6.0.0,solidity,2025/09/14,20260206_1558,1770393648.6247797,0.9797449111938477,1,"{compiler_version,explicit_types,func_visibility,gas_custom_errors,gas_increment_by_one,gas_indexed_events,gas_small_strings,gas_strict_inequalities,one_contract_per_file,reason_string,use_natspec}",{},{},{}
contracts_output/contracts_output/gemini_with_rag_contracts/2354.sol,2354.sol,solhint-6.0.0,solidity,2025/09/14,20260206_1558,1770393949.918046,1.0492942333221436,1,"{avoid_low_level_calls,compiler_version,func_visibility,gas_custom_errors,gas_indexed_events,gas_small_strings,gas_strict_inequalities,one_contract_per_file,reason_string,use_natspec}",{},{},{}
contracts_output/contracts_output/gemini_with_rag_contracts/2359.sol,2359.sol,solhint-6.0.0,solidity,2025/09/14,20260206_1558,1770393519.8166752,0.9968409538269043,1,"{compiler_version,func_visibility,gas_custom_errors,gas_increment_by_one,gas_small_strings,gas_strict_inequalities,one_contract_per_file,reason_string,use_natspec}",{},{},{}
contracts_output/contracts_output/gemini_with_rag_contracts/2373.sol,2373.sol,solhint-6.0.0,solidity,2025/09/14,20260206_1558,1770393710.7071302,0.9451291561126709,255,{},{},{EXIT_CODE_255},{}
contracts_output/contracts_output/gemini_with_rag_contracts/2380.sol,2380.sol,solhint-6.0.0,solidity,2025/09/14,20260206_1558,1770393773.6039388,0.9645228385925293,1,"{compiler_version,func_visibility,gas_custom_errors,gas_small_strings,gas_strict_inequalities,no_unused_vars,one_contract_per_file,reason_string,use_natspec}",{},{},{}
contracts_output/contracts_output/gemini_with_rag_contracts/239.sol,239.sol,solhint-6.0.0,solidity,2025/09/14,20260206_1558,1770393514.3350158,1.0481204986572266,1,"{compiler_version,func_visibility,gas_custom_errors,gas_small_strings,gas_strict_inequalities,one_contract_per_file,reason_string,use_natspec,var_name_mixedcase}",{},{},{}
contracts_output/contracts_output/gemini_with_rag_contracts/2394.sol,2394.sol,solhint-6.0.0,solidity,2025/09/14,20260206_1558,1770393511.1204088,1.2036323547363281,1,"{compiler_version,func_visibility,gas_custom_errors,gas_indexed_events,gas_small_strings,gas_strict_inequalities,import_path_check,no_empty_blocks,no_global_import,no_unused_vars,one_contract_per_file,reason_string,use_natspec}",{},{},{}
contracts_output/contracts_output/gemini_with_rag_contracts/2396.sol,2396.sol,solhint-6.0.0,solidity,2025/09/14,20260206_1558,1770394294.5503547,0.9697387218475342,1,"{compiler_version,func_visibility,gas_custom_errors,gas_indexed_events,gas_small_strings,gas_strict_inequalities,interface_starts_with_i,no_unused_vars,one_contract_per_file,reason_string,use_natspec}",{},{},{}
contracts_output/contracts_output/gemini_with_rag_contracts/240.sol,240.sol,solhint-6.0.0,solidity,2025/09/14,20260206_1558,1770394172.9797926,0.8434903621673584,255,{},{},{EXIT_CODE_255},{}
contracts_output/contracts_output/gemini_with_rag_contracts/2419.sol,2419.sol,solhint-6.0.0,solidity,2025/09/14,20260206_1558,1770394126.7573497,0.9605164527893066,1,"{compiler_version,func_visibility,gas_custom_errors,gas_small_strings,gas_strict_inequalities,one_contract_per_file,quotes,reason_string,use_natspec}",{},{},{}
contracts_output/contracts_output/gemini_with_rag_contracts/242.sol,242.sol,solhint-6.0.0,solidity,2025/09/14,20260206_1558,1770393897.1300516,1.0202629566192627,1,"{compiler_version,func_visibility,gas_custom_errors,gas_small_strings,gas_strict_inequalities,one_contract_per_file,reason_string,use_natspec}",{},{},{}
contracts_output/contracts_output/gemini_with_rag_contracts/2424.sol,2424.sol,solhint-6.0.0,solidity,2025/09/14,20260206_1558,1770393510.3577945,1.0994868278503418,1,"{compiler_version,func_visibility,gas_custom_errors,gas_small_strings,gas_strict_inequalities,import_path_check,no_global_import,one_contract_per_file,reason_string,use_natspec}",{},{},{}
contracts_output/contracts_output/gemini_with_rag_contracts/243.sol,243.sol,solhint-6.0.0,solidity,2025/09/14,20260206_1558,1770393954.7078438,1.1026005744934082,1,"{compiler_version,func_visibility,gas_custom_errors,gas_increment_by_one,gas_small_strings,gas_strict_inequalities,one_contract_per_file,reason_string,use_natspec,var_name_mixedcase}",{},{},{}
contracts_output/contracts_output/gemini_with_rag_contracts/2431.sol,2431.sol,solhint-6.0.0,solidity,2025/09/14,20260206_1558,1770393837.5527043,0.9922058582305908,1,"{compiler_version,func_visibility,gas_custom_errors,gas_small_strings,gas_strict_inequalities,no_complex_fallback,no_inline_assembly,one_contract_per_file,reason_string,use_natspec}",{},{},{}
contracts_output/contracts_output/gemini_with_rag_contracts/2433.sol,2433.sol,solhint-6.0.0,solidity,2025/09/14,20260206_1558,1770393611.7017853,0.8579576015472412,255,{},{},{EXIT_CODE_255},{}
contracts_output/contracts_output/gemini_with_rag_contracts/2436.sol,2436.sol,solhint-6.0.0,solidity,2025/09/14,20260206_1558,1770393921.2753155,0.9205293655395508,255,{},{},{EXIT_CODE_255},{}
contracts_output/contracts_output/gemini_with_rag_contracts/2439.sol,2439.sol,solhint-6.0.0,solidity,2025/09/14,20260206_1558,1770393511.1060631,1.055696964263916,1,"{compiler_version,func_visibility,gas_custom_errors,gas_small_strings,gas_strict_inequalities,no_empty_blocks,one_contract_per_file,reason_string,use_natspec}",{},{},{}
contracts_output/contracts_output/gemini_with_rag_contracts/2463.sol,2463.sol,solhint-6.0.0,solidity,2025/09/14,20260206_1558,1770393840.268611,1.0604782104492188,1,"{compiler_version,func_visibility,gas_custom_errors,gas_small_strings,gas_strict_inequalities,no_inline_assembly,one_contract_per_file,reason_string,use_natspec,var_name_mixedcase}",{},{},{}
contracts_output/contracts_output/gemini_with_rag_contracts/2468.sol,2468.sol,solhint-6.0.0,solidity,2025/09/14,20260206_1558,1770393901.6009598,0.9642014503479004,1,"{compiler_version,gas_custom_errors,gas_small_strings,gas_strict_inequalities,one_contract_per_file,reason_string,use_natspec}",{},{},{}
contracts_output/contracts_output/gemini_with_rag_contracts/2473.sol,2473.sol,solhint-6.0.0,solidity,2025/09/14,20260206_1558,1770393604.5319998,0.9420244693756104,1,"{compiler_version,func_visibility,gas_custom_errors,gas_small_strings,gas_strict_inequalities,one_contract_per_file,reason_string,use_natspec,var_name_mixedcase}",{},{},{}
contracts_output/contracts_output/gemini_with_rag_contracts/2476.sol,2476.sol,solhint-6.0.0,solidity,2025/09/14,20260206_1558,1770393518.2519386,1.0250682830810547,1,"{compiler_version,func_visibility,gas_custom_errors,gas_indexed_events,gas_small_strings,gas_strict_inequalities,one_contract_per_file,reason_string,use_natspec}",{},{},{}
contracts_output/contracts_output/gemini_with_rag_contracts/2481.sol,2481.sol,solhint-6.0.0,solidity,2025/09/14,20260206_1558,1770393761.4777982,1.0658676624298096,1,"{compiler_version,func_visibility,gas_custom_errors,gas_small_strings,gas_strict_inequalities,no_empty_blocks,one_contract_per_file,reason_string,use_natspec}",{},{},{}
contracts_output/contracts_output/gemini_with_rag_contracts/2485.sol,2485.sol,solhint-6.0.0,solidity,2025/09/14,20260206_1558,1770393830.9792547,1.0822887420654297,1,"{compiler_version,func_visibility,gas_custom_errors,gas_small_strings,gas_strict_inequalities,one_contract_per_file,reason_string,use_natspec,var_name_mixedcase}",{},{},{}
contracts_output/contracts_output/gemini_with_rag_contracts/2491.sol,2491.sol,solhint-6.0.0,solidity,2025/09/14,20260206_1558,1770393618.9970713,0.9473395347595215,1,"{compiler_version,func_visibility,gas_custom_errors,gas_small_strings,gas_strict_inequalities,one_contract_per_file,reason_string,use_natspec}",{},{},{}
contracts_output/contracts_output/gemini_with_rag_contracts/250.sol,250.sol,solhint-6.0.0,solidity,2025/09/14,20260206_1558,1770394100.9759474,0.9859001636505127,1,"{compiler_version,func_visibility,gas_custom_errors,gas_small_strings,gas_strict_inequalities,one_contract_per_file,reason_string,use_natspec}",{},{},{}
contracts_output/contracts_output/gemini_with_rag_contracts/2515.sol,2515.sol,solhint-6.0.0,solidity,2025/09/14,20260206_1558,1770393769.188966,1.039444923400879,1,"{compiler_version,func_visibility,gas_custom_errors,gas_small_strings,gas_strict_inequalities,no_empty_blocks,one_contract_per_file,quotes,reason_string,use_natspec}",{},{},{}
contracts_output/contracts_output/gemini_with_rag_contracts/2521.sol,2521.sol,solhint-6.0.0,solidity,2025/09/14,20260206_1558,1770394338.3511093,1.0660128593444824,1,"{compiler_version,func_visibility,gas_custom_errors,gas_increment_by_one,gas_small_strings,gas_strict_inequalities,one_contract_per_file,quotes,reason_string,use_natspec}",{},{},{}
contracts_output/contracts_output/gemini_with_rag_contracts/2524.sol,2524.sol,solhint-6.0.0,solidity,2025/09/14,20260206_1558,1770393546.5904706,1.117607831954956,1,"{compiler_version,func_visibility,gas_custom_errors,gas_small_strings,gas_strict_inequalities,no_unused_vars,one_contract_per_file,reason_string,use_natspec}",{},{},{}
contracts_output/contracts_output/gemini_with_rag_contracts/2532.sol,2532.sol,solhint-6.0.0,solidity,2025/09/14,20260206_1558,1770394014.843903,0.9621913433074951,1,"{compiler_version,func_visibility,gas_custom_errors,gas_increment_by_one,gas_small_strings,gas_strict_inequalities,one_contract_per_file,quotes,reason_string,use_natspec}",{},{},{}
contracts_output/contracts_output/gemini_with_rag_contracts/2533.sol,2533.sol,solhint-6.0.0,solidity,2025/09/14,20260206_1558,1770393811.4467099,1.0197727680206299,1,"{compiler_version,func_visibility,gas_custom_errors,gas_small_strings,gas_strict_inequalities,one_contract_per_file,reason_string,reentrancy,use_natspec}",{},{},{}
contracts_output/contracts_output/gemini_with_rag_contracts/2566.sol,2566.sol,solhint-6.0.0,solidity,2025/09/14,20260206_1558,1770394017.563897,1.0037858486175537,1,"{compiler_version,func_visibility,gas_custom_errors,gas_increment_by_one,gas_small_strings,gas_strict_inequalities,no_unused_vars,one_contract_per_file,reason_string,use_natspec}",{},{},{}
contracts_output/contracts_output/gemini_with_rag_contracts/2581.sol,2581.sol,solhint-6.0.0,solidity,2025/09/14,20260206_1558,1770393572.6965044,1.0114903450012207,1,"{compiler_version,explicit_types,func_visibility,gas_custom_errors,gas_small_strings,gas_strict_inequalities,no_unused_vars,one_contract_per_file,quotes,reason_string,use_natspec}",{},{},{}
contracts_output/contracts_output/gemini_with_rag_contracts/2600.sol,2600.sol,solhint-6.0.0,solidity,2025/09/14,20260206_1558,1770394258.576253,1.0312447547912598,1,"{compiler_version,func_visibility,gas_custom_errors,gas_small_strings,gas_strict_inequalities,one_contract_per_file,reason_string,use_natspec}",{},{},{}
contracts_output/contracts_output/gemini_with_rag_contracts/2602.sol,2602.sol,solhint-6.0.0,solidity,2025/09/14,20260206_1558,1770394214.5563388,1.0896587371826172,1,"{compiler_version,func_visibility,gas_custom_errors,gas_increment_by_one,gas_small_strings,gas_strict_inequalities,no_empty_blocks,one_contract_per_file,reason_string,use_natspec}",{},{},{}
contracts_output/contracts_output/gemini_with_rag_contracts/2614.sol,2614.sol,solhint-6.0.0,solidity,2025/09/14,20260206_1558,1770394267.6577241,0.9380624294281006,1,"{compiler_version,func_visibility,gas_custom_errors,gas_indexed_events,gas_small_strings,gas_strict_inequalities,one_contract_per_file,quotes,reason_string,use_natspec}",{},{},{}
contracts_output/contracts_output/gemini_with_rag_contracts/2617.sol,2617.sol,solhint-6.0.0,solidity,2025/09/14,20260206_1558,1770394188.8356135,0.9978964328765869,1,"{compiler_version,func_visibility,gas_custom_errors,gas_small_strings,gas_strict_inequalities,no_empty_blocks,one_contract_per_file,reason_string,use_natspec}",{},{},{}
contracts_output/contracts_output/gemini_with_rag_contracts/2621.sol,2621.sol,solhint-6.0.0,solidity,2025/09/14,20260206_1558,1770393985.6363716,0.987633228302002,1,"{compiler_version,func_visibility,gas_custom_errors,gas_indexed_events,gas_small_strings,gas_strict_inequalities,one_contract_per_file,reason_string,use_natspec}",{},{},{}
contracts_output/contracts_output/gemini_with_rag_contracts/2632.sol,2632.sol,solhint-6.0.0,solidity,2025/09/14,20260206_1558,1770393843.8580515,1.0211057662963867,1,"{compiler_version,func_visibility,gas_custom_errors,gas_small_strings,gas_strict_inequalities,one_contract_per_file,reason_string,use_natspec}",{},{},{}
contracts_output/contracts_output/gemini_with_rag_contracts/2639.sol,2639.sol,solhint-6.0.0,solidity,2025/09/14,20260206_1558,1770393839.2476418,1.0195426940917969,1,"{compiler_version,func_visibility,gas_custom_errors,gas_small_strings,gas_strict_inequalities,one_contract_per_file,reason_string,use_natspec}",{},{},{}
contracts_output/contracts_output/gemini_with_rag_contracts/267.sol,267.sol,solhint-6.0.0,solidity,2025/09/14,20260206_1558,1770394200.7015412,0.874321460723877,1,{},{},{},{}
contracts_output/contracts_output/gemini_with_rag_contracts/2680.sol,2680.sol,solhint-6.0.0,solidity,2025/09/14,20260206_1558,1770393566.9009764,1.0388226509094238,1,"{compiler_version,func_visibility,gas_custom_errors,gas_indexed_events,gas_small_strings,gas_strict_inequalities,one_contract_per_file,reason_string,use_natspec}",{},{},{}
contracts_output/contracts_output/gemini_with_rag_contracts/2712.sol,2712.sol,solhint-6.0.0,solidity,2025/09/14,20260206_1558,1770393880.427782,1.0007073879241943,1,"{compiler_version,func_visibility,gas_custom_errors,gas_indexed_events,gas_small_strings,gas_strict_inequalities,one_contract_per_file,reason_string,use_natspec}",{},{},{}
contracts_output/contracts_output/gemini_with_rag_contracts/2733.sol,2733.sol,solhint-6.0.0,solidity,2025/09/14,20260206_1558,1770393835.061675,1.064927577972412,1,"{compiler_version,func_visibility,gas_custom_errors,gas_small_strings,gas_strict_inequalities,one_contract_per_file,reason_string,use_natspec}",{},{},{}
contracts_output/contracts_output/gemini_with_rag_contracts/2749.sol,2749.sol,solhint-6.0.0,solidity,2025/09/14,20260206_1558,1770393851.0605624,1.0414607524871826,1,"{compiler_version,func_visibility,gas_custom_errors,gas_indexed_events,gas_small_strings,gas_strict_inequalities,import_path_check,no_global_import,one_contract_per_file,reason_string,use_natspec}",{},{},{}
contracts_output/contracts_output/gemini_with_rag_contracts/2752.sol,2752.sol,solhint-6.0.0,solidity,2025/09/14,20260206_1558,1770393830.457555,1.068697214126587,1,"{compiler_version,func_visibility,gas_custom_errors,gas_indexed_events,gas_small_strings,gas_strict_inequalities,one_contract_per_file,reason_string,use_natspec}",{},{},{}
contracts_output/contracts_output/gemini_with_rag_contracts/277.sol,277.sol,solhint-6.0.0,solidity,2025/09/14,20260206_1558,1770393638.0149078,0.9490656852722168,1,"{compiler_version,func_visibility,gas_custom_errors,gas_small_strings,gas_strict_inequalities,no_empty_blocks,one_contract_per_file,reason_string,use_natspec}",{},{},{}
contracts_output/contracts_output/gemini_with_rag_contracts/2777.sol,2777.sol,solhint-6.0.0,solidity,2025/09/14,20260206_1558,1770393860.652497,0.8886735439300537,1,"{compiler_version,func_visibility,gas_custom_errors,gas_small_strings,gas_strict_inequalities,one_contract_per_file,reason_string,use_natspec}",{},{},{}
contracts_output/contracts_output/gemini_with_rag_contracts/281.sol,281.sol,solhint-6.0.0,solidity,2025/09/14,20260206_1558,1770394031.6749454,0.9557936191558838,1,"{compiler_version,func_visibility,gas_custom_errors,gas_indexed_events,gas_small_strings,gas_strict_inequalities,one_contract_per_file,reason_string,use_natspec}",{},{},{}
contracts_output/contracts_output/gemini_with_rag_contracts/2847.sol,2847.sol,solhint-6.0.0,solidity,2025/09/14,20260206_1558,1770394321.294492,1.0239295959472656,1,"{compiler_version,func_visibility,gas_custom_errors,gas_indexed_events,gas_small_strings,gas_strict_inequalities,one_contract_per_file,reason_string,use_natspec}",{},{},{}
contracts_output/contracts_output/gemini_with_rag_contracts/2851.sol,2851.sol,solhint-6.0.0,solidity,2025/09/14,20260206_1558,1770393597.2139947,1.071406602859497,1,"{compiler_version,func_visibility,gas_custom_errors,gas_indexed_events,gas_small_strings,gas_strict_inequalities,one_contract_per_file,reason_string,use_natspec}",{},{},{}
contracts_output/contracts_output/gemini_with_rag_contracts/2869.sol,2869.sol,solhint-6.0.0,solidity,2025/09/14,20260206_1558,1770394296.9155197,0.9786925315856934,1,"{compiler_version,func_visibility,gas_custom_errors,gas_indexed_events,gas_small_strings,gas_strict_inequalities,import_path_check,no_global_import,one_contract_per_file,reason_string,use_natspec,var_name_mixedcase}",{},{},{}
contracts_output/contracts_output/gemini_with_rag_contracts/2892.sol,2892.sol,solhint-6.0.0,solidity,2025/09/14,20260206_1558,1770393887.7175674,1.0362553596496582,1,"{compiler_version,func_visibility,gas_custom_errors,gas_increment_by_one,gas_indexed_events,gas_small_strings,gas_strict_inequalities,one_contract_per_file,reason_string,use_natspec}",{},{},{}
contracts_output/contracts_output/gemini_with_rag_contracts/2907.sol,2907.sol,solhint-6.0.0,solidity,2025/09/14,20260206_1558,1770393733.1588187,0.9617404937744141,1,"{compiler_version,func_visibility,gas_custom_errors,gas_small_strings,gas_strict_inequalities,one_contract_per_file,reason_string,use_natspec}",{},{},{}
contracts_output/contracts_output/gemini_with_rag_contracts/2948.sol,2948.sol,solhint-6.0.0,solidity,2025/09/14,20260206_1558,1770393953.059906,0.9804947376251221,1,"{compiler_version,func_visibility,gas_custom_errors,gas_small_strings,gas_strict_inequalities,one_contract_per_file,reason_string,use_natspec}",{},{},{}
contracts_output/contracts_output/gemini_with_rag_contracts/2971.sol,2971.sol,solhint-6.0.0,solidity,2025/09/14,20260206_1558,1770393749.8968723,0.9687273502349854,1,"{compiler_version,func_visibility,gas_custom_errors,gas_small_strings,gas_strict_inequalities,one_contract_per_file,reason_string,use_natspec}",{},{},{}
contracts_output/contracts_output/gemini_with_rag_contracts/2976.sol,2976.sol,solhint-6.0.0,solidity,2025/09/14,20260206_1558,1770393538.595643,0.9143466949462891,1,"{compiler_version,func_visibility,gas_custom_errors,gas_small_strings,gas_strict_inequalities,no_empty_blocks,one_contract_per_file,reason_string,use_natspec}",{},{},{}
contracts_output/contracts_output/gemini_with_rag_contracts/2989.sol,2989.sol,solhint-6.0.0,solidity,2025/09/14,20260206_1558,1770394022.3174064,0.9912374019622803,1,"{compiler_version,func_visibility,gas_custom_errors,gas_increment_by_one,gas_small_strings,gas_strict_inequalities,one_contract_per_file,reason_string,use_natspec}",{},{},{}
contracts_output/contracts_output/gemini_with_rag_contracts/30.sol,30.sol,solhint-6.0.0,solidity,2025/09/14,20260206_1558,1770394094.3906155,1.0389389991760254,1,"{compiler_version,func_visibility,gas_custom_errors,gas_small_strings,gas_strict_inequalities,one_contract_per_file,reason_string,use_natspec}",{},{},{}
contracts_output/contracts_output/gemini_with_rag_contracts/3024.sol,3024.sol,solhint-6.0.0,solidity,2025/09/14,20260206_1558,1770393816.3801882,0.9949948787689209,1,"{compiler_version,func_visibility,gas_custom_errors,gas_indexed_events,gas_small_strings,gas_strict_inequalities,one_contract_per_file,quotes,reason_string,use_natspec}",{},{},{}
contracts_output/contracts_output/gemini_with_rag_contracts/3040.sol,3040.sol,solhint-6.0.0,solidity,2025/09/14,20260206_1558,1770394292.1928444,1.03519606590271,1,"{compiler_version,func_visibility,gas_custom_errors,gas_small_strings,gas_strict_inequalities,one_contract_per_file,quotes,reason_string,use_natspec}",{},{},{}
contracts_output/contracts_output/gemini_with_rag_contracts/306.sol,306.sol,solhint-6.0.0,solidity,2025/09/14,20260206_1558,1770393824.3222172,1.0633108615875244,1,"{compiler_version,func_visibility,gas_custom_errors,gas_small_strings,gas_strict_inequalities,one_contract_per_file,reason_string,use_natspec}",{},{},{}
contracts_output/contracts_output/gemini_with_rag_contracts/3060.sol,3060.sol,solhint-6.0.0,solidity,2025/09/14,20260206_1558,1770394170.2048829,1.0504059791564941,1,"{compiler_version,func_visibility,gas_custom_errors,gas_increment_by_one,gas_small_strings,gas_strict_inequalities,import_path_check,no_global_import,one_contract_per_file,reason_string,use_natspec}",{},{},{}
contracts_output/contracts_output/gemini_with_rag_contracts/3064.sol,3064.sol,solhint-6.0.0,solidity,2025/09/14,20260206_1558,1770393540.018616,0.9859120845794678,1,"{compiler_version,func_visibility,gas_custom_errors,gas_increment_by_one,gas_small_strings,gas_strict_inequalities,one_contract_per_file,reason_string,use_natspec}",{},{},{}
contracts_output/contracts_output/gemini_with_rag_contracts/3096.sol,3096.sol,solhint-6.0.0,solidity,2025/09/14,20260206_1558,1770393637.4136648,0.947089672088623,1,"{compiler_version,func_visibility,gas_custom_errors,gas_indexed_events,gas_small_strings,gas_strict_inequalities,interface_starts_with_i,one_contract_per_file,reason_string,use_natspec}",{},{},{}
contracts_output/contracts_output/gemini_with_rag_contracts/3103.sol,3103.sol,solhint-6.0.0,solidity,2025/09/14,20260206_1558,1770394089.8777378,0.9943370819091797,1,"{compiler_version,func_visibility,gas_custom_errors,gas_small_strings,gas_strict_inequalities,no_unused_vars,one_contract_per_file,quotes,reason_string,use_natspec}",{},{},{}
contracts_output/contracts_output/gemini_with_rag_contracts/312.sol,312.sol,solhint-6.0.0,solidity,2025/09/14,20260206_1558,1770394194.2684143,0.9441804885864258,1,"{compiler_version,func_visibility,gas_custom_errors,gas_increment_by_one,gas_small_strings,gas_strict_inequalities,no_empty_blocks,no_unused_vars,one_contract_per_file,quotes,reason_string,use_natspec}",{},{},{}
contracts_output/contracts_output/gemini_with_rag_contracts/3142.sol,3142.sol,solhint-6.0.0,solidity,2025/09/14,20260206_1558,1770393788.8418794,0.9301047325134277,255,{},{},{EXIT_CODE_255},{}
contracts_output/contracts_output/gemini_with_rag_contracts/3148.sol,3148.sol,solhint-6.0.0,solidity,2025/09/14,20260206_1558,1770394213.6216757,0.9339950084686279,1,{},{},{},{}
contracts_output/contracts_output/gemini_with_rag_contracts/316.sol,316.sol,solhint-6.0.0,solidity,2025/09/14,20260206_1558,1770394285.9957948,1.0386016368865967,1,"{compiler_version,func_visibility,gas_custom_errors,gas_indexed_events,gas_small_strings,gas_strict_inequalities,no_empty_blocks,one_contract_per_file,reason_string,use_natspec}",{},{},{}
contracts_output/contracts_output/gemini_with_rag_contracts/3161.sol,3161.sol,solhint-6.0.0,solidity,2025/09/14,20260206_1558,1770394221.607158,1.1251850128173828,1,"{compiler_version,func_visibility,gas_custom_errors,gas_small_strings,gas_strict_inequalities,one_contract_per_file,reason_string,use_natspec,var_name_mixedcase}",{},{},{}
contracts_output/contracts_output/gemini_with_rag_contracts/3163.sol,3163.sol,solhint-6.0.0,solidity,2025/09/14,20260206_1558,1770394201.8563528,1.000107765197754,1,"{compiler_version,func_visibility,gas_custom_errors,gas_small_strings,gas_strict_inequalities,one_contract_per_file,reason_string,use_natspec}",{},{},{}
contracts_output/contracts_output/gemini_with_rag_contracts/3170.sol,3170.sol,solhint-6.0.0,solidity,2025/09/14,20260206_1558,1770393796.094846,0.9586372375488281,1,"{compiler_version,func_visibility,gas_custom_errors,gas_indexed_events,gas_small_strings,gas_strict_inequalities,import_path_check,imports_on_top,interface_starts_with_i,no_global_import,one_contract_per_file,quotes,reason_string,use_natspec}",{},{},{}
contracts_output/contracts_output/gemini_with_rag_contracts/3181.sol,3181.sol,solhint-6.0.0,solidity,2025/09/14,20260206_1558,1770393980.2569335,1.6101720333099365,1,"{compiler_version,func_visibility,gas_custom_errors,gas_indexed_events,gas_small_strings,gas_strict_inequalities,one_contract_per_file,reason_string,use_natspec}",{},{},{}
contracts_output/contracts_output/gemini_with_rag_contracts/3185.sol,3185.sol,solhint-6.0.0,solidity,2025/09/14,20260206_1558,1770394095.431004,1.0069262981414795,1,"{compiler_version,func_visibility,gas_custom_errors,gas_small_strings,gas_strict_inequalities,no_inline_assembly,one_contract_per_file,reason_string,use_natspec}",{},{},{}
contracts_output/contracts_output/gemini_with_rag_contracts/3195.sol,3195.sol,solhint-6.0.0,solidity,2025/09/14,20260206_1558,1770393513.3521447,1.003911018371582,1,"{compiler_version,func_visibility,gas_custom_errors,gas_small_strings,gas_strict_inequalities,one_contract_per_file,reason_string,use_natspec}",{},{},{}
contracts_output/contracts_output/gemini_with_rag_contracts/32.sol,32.sol,solhint-6.0.0,solidity,2025/09/14,20260206_1558,1770394209.83029,1.0826988220214844,1,"{compiler_version,func_visibility,gas_custom_errors,gas_small_strings,gas_strict_inequalities,one_contract_per_file,reason_string,use_natspec}",{},{},{}
contracts_output/contracts_output/gemini_with_rag_contracts/3202.sol,3202.sol,solhint-6.0.0,solidity,2025/09/14,20260206_1558,1770393599.686858,1.0389516353607178,1,"{compiler_version,func_visibility,gas_custom_errors,gas_small_strings,gas_strict_inequalities,one_contract_per_file,quotes,reason_string,use_natspec}",{},{},{}
contracts_output/contracts_output/gemini_with_rag_contracts/3204.sol,3204.sol,solhint-6.0.0,solidity,2025/09/14,20260206_1558,1770393507.15779,1.1214921474456787,1,"{compiler_version,func_visibility,gas_custom_errors,gas_indexed_events,gas_small_strings,gas_strict_inequalities,one_contract_per_file,reason_string,use_natspec}",{},{},{}
contracts_output/contracts_output/gemini_with_rag_contracts/321.sol,321.sol,solhint-6.0.0,solidity,2025/09/14,20260206_1558,1770394330.8026838,1.0452136993408203,1,"{compiler_version,func_visibility,gas_custom_errors,gas_small_strings,gas_strict_inequalities,one_contract_per_file,reason_string,use_natspec}",{},{},{}
contracts_output/contracts_output/gemini_with_rag_contracts/3235.sol,3235.sol,solhint-6.0.0,solidity,2025/09/14,20260206_1558,1770394208.8308187,1.0296282768249512,1,"{compiler_version,gas_custom_errors,gas_small_strings,gas_strict_inequalities,no_inline_assembly,one_contract_per_file,reason_string,use_natspec}",{},{},{}
contracts_output/contracts_output/gemini_with_rag_contracts/3265.sol,3265.sol,solhint-6.0.0,solidity,2025/09/14,20260206_1558,1770394257.2906559,1.0067574977874756,1,"{compiler_version,func_visibility,gas_custom_errors,gas_small_strings,gas_strict_inequalities,one_contract_per_file,reason_string,use_natspec}",{},{},{}
contracts_output/contracts_output/gemini_with_rag_contracts/3277.sol,3277.sol,solhint-6.0.0,solidity,2025/09/14,20260206_1558,1770394322.3202791,1.0573527812957764,1,"{compiler_version,func_visibility,gas_custom_errors,gas_small_strings,gas_strict_inequalities,one_contract_per_file,reason_string,use_natspec}",{},{},{}
contracts_output/contracts_output/gemini_with_rag_contracts/3285.sol,3285.sol,solhint-6.0.0,solidity,2025/09/14,20260206_1558,1770393828.1243927,1.1195800304412842,1,"{compiler_version,func_visibility,gas_custom_errors,gas_increment_by_one,gas_indexed_events,gas_small_strings,gas_strict_inequalities,one_contract_per_file,reason_string,use_natspec}",{},{},{}
contracts_output/contracts_output/gemini_with_rag_contracts/3288.sol,3288.sol,solhint-6.0.0,solidity,2025/09/14,20260206_1558,1770394017.1818519,1.0314509868621826,1,"{compiler_version,func_visibility,gas_custom_errors,gas_increment_by_one,gas_small_strings,gas_strict_inequalities,one_contract_per_file,reason_string,use_natspec}",{},{},{}
contracts_output/contracts_output/gemini_with_rag_contracts/3297.sol,3297.sol,solhint-6.0.0,solidity,2025/09/14,20260206_1558,1770393636.176892,0.872065544128418,1,{},{},{},{}
contracts_output/contracts_output/gemini_with_rag_contracts/3314.sol,3314.sol,solhint-6.0.0,solidity,2025/09/14,20260206_1558,1770393920.4096174,0.9679045677185059,255,{},{},{EXIT_CODE_255},{}
contracts_output/contracts_output/gemini_with_rag_contracts/3318.sol,3318.sol,solhint-6.0.0,solidity,2025/09/14,20260206_1558,1770393918.6344352,0.9835231304168701,1,"{compiler_version,func_visibility,gas_custom_errors,gas_small_strings,gas_strict_inequalities,one_contract_per_file,reason_string,use_natspec}",{},{},{}
contracts_output/contracts_output/gemini_with_rag_contracts/3322.sol,3322.sol,solhint-6.0.0,solidity,2025/09/14,20260206_1558,1770394210.307238,1.0965380668640137,1,"{compiler_version,func_name_mixedcase,func_visibility,gas_custom_errors,gas_indexed_events,gas_small_strings,gas_strict_inequalities,no_empty_blocks,one_contract_per_file,reason_string,use_natspec}",{},{},{}
contracts_output/contracts_output/gemini_with_rag_contracts/3332.sol,3332.sol,solhint-6.0.0,solidity,2025/09/14,20260206_1558,1770394199.1978023,1.0057735443115234,1,"{compiler_version,func_visibility,gas_custom_errors,gas_small_strings,gas_strict_inequalities,one_contract_per_file,reason_string,use_natspec}",{},{},{}
contracts_output/contracts_output/gemini_with_rag_contracts/3338.sol,3338.sol,solhint-6.0.0,solidity,2025/09/14,20260206_1558,1770394339.5411532,0.9611799716949463,1,"{compiler_version,func_visibility,gas_custom_errors,gas_small_strings,gas_strict_inequalities,one_contract_per_file,quotes,reason_string,use_natspec}",{},{},{}
contracts_output/contracts_output/gemini_with_rag_contracts/3343.sol,3343.sol,solhint-6.0.0,solidity,2025/09/14,20260206_1558,1770393678.9190545,1.037799596786499,1,"{compiler_version,func_visibility,gas_custom_errors,gas_small_strings,gas_strict_inequalities,import_path_check,no_global_import,one_contract_per_file,reason_string,use_natspec}",{},{},{}
contracts_output/contracts_output/gemini_with_rag_contracts/3368.sol,3368.sol,solhint-6.0.0,solidity,2025/09/14,20260206_1558,1770393664.670595,1.1983768939971924,1,"{compiler_version,func_visibility,gas_custom_errors,gas_small_strings,gas_strict_inequalities,no_inline_assembly,one_contract_per_file,reason_string,use_natspec}",{},{},{}
contracts_output/contracts_output/gemini_with_rag_contracts/3377.sol,3377.sol,solhint-6.0.0,solidity,2025/09/14,20260206_1558,1770393703.365084,0.9708290100097656,1,"{compiler_version,func_visibility,gas_custom_errors,gas_small_strings,gas_strict_inequalities,one_contract_per_file,reason_string,use_natspec}",{},{},{}
contracts_output/contracts_output/gemini_with_rag_contracts/3380.sol,3380.sol,solhint-6.0.0,solidity,2025/09/14,20260206_1558,1770393626.8392103,0.9372005462646484,1,"{compiler_version,func_visibility,gas_custom_errors,gas_small_strings,gas_strict_inequalities,one_contract_per_file,reason_string,use_natspec}",{},{},{}
contracts_output/contracts_output/gemini_with_rag_contracts/339.sol,339.sol,solhint-6.0.0,solidity,2025/09/14,20260206_1558,1770393794.4913998,1.0829188823699951,1,"{compiler_version,func_visibility,gas_custom_errors,gas_small_strings,gas_strict_inequalities,one_contract_per_file,reason_string,use_natspec}",{},{},{}
contracts_output/contracts_output/gemini_with_rag_contracts/3416.sol,3416.sol,solhint-6.0.0,solidity,2025/09/14,20260206_1558,1770393651.4278448,0.9980788230895996,1,"{compiler_version,func_visibility,gas_custom_errors,gas_small_strings,gas_strict_inequalities,no_unused_vars,one_contract_per_file,reason_string,use_natspec}",{},{},{}
contracts_output/contracts_output/gemini_with_rag_contracts/3424.sol,3424.sol,solhint-6.0.0,solidity,2025/09/14,20260206_1558,1770393706.669935,0.9644448757171631,1,"{compiler_version,func_visibility,gas_custom_errors,gas_small_strings,gas_strict_inequalities,one_contract_per_file,reason_string,use_natspec}",{},{},{}
contracts_output/contracts_output/gemini_with_rag_contracts/3433.sol,3433.sol,solhint-6.0.0,solidity,2025/09/14,20260206_1558,1770394123.565673,0.964724063873291,1,"{compiler_version,func_visibility,gas_custom_errors,gas_indexed_events,gas_small_strings,gas_strict_inequalities,one_contract_per_file,reason_string,use_natspec}",{},{},{}
contracts_output/contracts_output/gemini_with_rag_contracts/3447.sol,3447.sol,solhint-6.0.0,solidity,2025/09/14,20260206_1558,1770393530.0144346,0.9950289726257324,1,"{compiler_version,const_name_snakecase,func_visibility,gas_custom_errors,gas_indexed_events,gas_small_strings,gas_strict_inequalities,one_contract_per_file,quotes,reason_string,use_natspec}",{},{},{}
contracts_output/contracts_output/gemini_with_rag_contracts/3452.sol,3452.sol,solhint-6.0.0,solidity,2025/09/14,20260206_1558,1770394203.3158286,1.0962777137756348,1,"{compiler_version,explicit_types,func_visibility,gas_custom_errors,gas_increment_by_one,gas_indexed_events,gas_small_strings,gas_strict_inequalities,one_contract_per_file,reason_string,use_natspec}",{},{},{}
contracts_output/contracts_output/gemini_with_rag_contracts/3458.sol,3458.sol,solhint-6.0.0,solidity,2025/09/14,20260206_1558,1770393596.7052867,1.029395580291748,1,"{compiler_version,func_visibility,gas_custom_errors,gas_small_strings,gas_strict_inequalities,no_empty_blocks,one_contract_per_file,reason_string,use_natspec}",{},{},{}
contracts_output/contracts_output/gemini_with_rag_contracts/3464.sol,3464.sol,solhint-6.0.0,solidity,2025/09/14,20260206_1558,1770393731.6313446,0.9437861442565918,1,{},{},{},{}
contracts_output/contracts_output/gemini_with_rag_contracts/3476.sol,3476.sol,solhint-6.0.0,solidity,2025/09/14,20260206_1558,1770394310.4923441,0.9288904666900635,255,{},{},{EXIT_CODE_255},{}
contracts_output/contracts_output/gemini_with_rag_contracts/3477.sol,3477.sol,solhint-6.0.0,solidity,2025/09/14,20260206_1558,1770393704.3373945,0.9686787128448486,1,"{compiler_version,func_visibility,gas_custom_errors,gas_small_strings,gas_strict_inequalities,one_contract_per_file,reason_string,use_natspec}",{},{},{}
contracts_output/contracts_output/gemini_with_rag_contracts/3500.sol,3500.sol,solhint-6.0.0,solidity,2025/09/14,20260206_1558,1770394049.5695796,0.9715561866760254,1,"{compiler_version,func_visibility,gas_custom_errors,gas_indexed_events,gas_small_strings,gas_strict_inequalities,one_contract_per_file,reason_string,use_natspec}",{},{},{}
contracts_output/contracts_output/gemini_with_rag_contracts/3520.sol,3520.sol,solhint-6.0.0,solidity,2025/09/14,20260206_1558,1770394240.93624,0.9179317951202393,1,{},{},{},{}
contracts_output/contracts_output/gemini_with_rag_contracts/3570.sol,3570.sol,solhint-6.0.0,solidity,2025/09/14,20260206_1558,1770393562.6265273,0.9555046558380127,1,"{compiler_version,func_visibility,gas_custom_errors,gas_indexed_events,gas_small_strings,gas_strict_inequalities,one_contract_per_file,reason_string,use_natspec}",{},{},{}
contracts_output/contracts_output/gemini_with_rag_contracts/3576.sol,3576.sol,solhint-6.0.0,solidity,2025/09/14,20260206_1558,1770393655.451219,0.9439136981964111,1,"{compiler_version,func_visibility,gas_custom_errors,gas_indexed_events,gas_small_strings,gas_strict_inequalities,no_empty_blocks,one_contract_per_file,reason_string,use_natspec}",{},{},{}
contracts_output/contracts_output/gemini_with_rag_contracts/3580.sol,3580.sol,solhint-6.0.0,solidity,2025/09/14,20260206_1558,1770393508.4077547,1.1062357425689697,1,"{compiler_version,func_visibility,gas_custom_errors,gas_small_strings,gas_strict_inequalities,no_unused_vars,one_contract_per_file,reason_string,use_natspec}",{},{},{}
contracts_output/contracts_output/gemini_with_rag_contracts/36.sol,36.sol,solhint-6.0.0,solidity,2025/09/14,20260206_1558,1770394188.0750086,0.9926588535308838,1,"{compiler_version,func_visibility,gas_custom_errors,gas_small_strings,gas_strict_inequalities,one_contract_per_file,reason_string,use_natspec}",{},{},{}
contracts_output/contracts_output/gemini_with_rag_contracts/3604.sol,3604.sol,solhint-6.0.0,solidity,2025/09/14,20260206_1558,1770393535.948421,0.971839189529419,1,"{compiler_version,func_visibility,gas_custom_errors,gas_increment_by_one,gas_small_strings,gas_strict_inequalities,no_empty_blocks,one_contract_per_file,reason_string,use_natspec}",{},{},{}
contracts_output/contracts_output/gemini_with_rag_contracts/3619.sol,3619.sol,solhint-6.0.0,solidity,2025/09/14,20260206_1558,1770394297.8956146,0.9189050197601318,1,"{compiler_version,func_visibility,gas_custom_errors,gas_small_strings,gas_strict_inequalities,one_contract_per_file,quotes,reason_string,use_natspec}",{},{},{}
contracts_output/contracts_output/gemini_with_rag_contracts/3633.sol,3633.sol,solhint-6.0.0,solidity,2025/09/14,20260206_1558,1770393528.7634268,1.0153470039367676,1,"{compiler_version,func_visibility,gas_custom_errors,gas_increment_by_one,gas_indexed_events,gas_small_strings,gas_strict_inequalities,one_contract_per_file,reason_string,use_natspec}",{},{},{}
contracts_output/contracts_output/gemini_with_rag_contracts/3644.sol,3644.sol,solhint-6.0.0,solidity,2025/09/14,20260206_1558,1770394215.98396,1.037170648574829,1,"{compiler_version,explicit_types,func_visibility,gas_custom_errors,gas_small_strings,gas_strict_inequalities,one_contract_per_file,quotes,reason_string,use_natspec}",{},{},{}
contracts_output/contracts_output/gemini_with_rag_contracts/3650.sol,3650.sol,solhint-6.0.0,solidity,2025/09/14,20260206_1558,1770393507.1582797,1.1032099723815918,1,"{compiler_version,func_visibility,gas_custom_errors,gas_small_strings,gas_strict_inequalities,no_unused_vars,one_contract_per_file,reason_string,use_natspec,var_name_mixedcase}",{},{},{}
contracts_output/contracts_output/gemini_with_rag_contracts/3662.sol,3662.sol,solhint-6.0.0,solidity,2025/09/14,20260206_1558,1770393735.0316129,1.0091276168823242,1,"{compiler_version,func_visibility,gas_custom_errors,gas_increment_by_one,gas_small_strings,gas_strict_inequalities,no_unused_vars,one_contract_per_file,reason_string,use_natspec}",{},{},{}
contracts_output/contracts_output/gemini_with_rag_contracts/3698.sol,3698.sol,solhint-6.0.0,solidity,2025/09/14,20260206_1558,1770393717.9258988,1.0727899074554443,1,"{compiler_version,func_visibility,gas_custom_errors,gas_indexed_events,gas_small_strings,gas_strict_inequalities,import_path_check,no_global_import,one_contract_per_file,reason_string,use_natspec}",{},{},{}
contracts_output/contracts_output/gemini_with_rag_contracts/3704.sol,3704.sol,solhint-6.0.0,solidity,2025/09/14,20260206_1558,1770393541.006019,0.9983828067779541,1,"{compiler_version,func_visibility,gas_custom_errors,gas_indexed_events,gas_small_strings,gas_strict_inequalities,one_contract_per_file,reason_string,use_natspec}",{},{},{}
contracts_output/contracts_output/gemini_with_rag_contracts/3719.sol,3719.sol,solhint-6.0.0,solidity,2025/09/14,20260206_1558,1770393525.4096773,0.9306864738464355,1,"{compiler_version,func_visibility,gas_custom_errors,gas_small_strings,gas_strict_inequalities,one_contract_per_file,reason_string,use_natspec}",{},{},{}
contracts_output/contracts_output/gemini_with_rag_contracts/3727.sol,3727.sol,solhint-6.0.0,solidity,2025/09/14,20260206_1558,1770393548.2657833,1.0121307373046875,1,"{compiler_version,func_visibility,gas_custom_errors,gas_small_strings,gas_strict_inequalities,import_path_check,no_global_import,one_contract_per_file,reason_string,use_natspec}",{},{},{}
contracts_output/contracts_output/gemini_with_rag_contracts/3728.sol,3728.sol,solhint-6.0.0,solidity,2025/09/14,20260206_1558,1770394222.7339115,0.970245361328125,1,"{compiler_version,func_visibility,gas_custom_errors,gas_indexed_events,gas_small_strings,gas_strict_inequalities,import_path_check,no_global_import,one_contract_per_file,reason_string,use_natspec}",{},{},{}
contracts_output/contracts_output/gemini_with_rag_contracts/3748.sol,3748.sol,solhint-6.0.0,solidity,2025/09/14,20260206_1558,1770393977.1308947,0.9782044887542725,1,"{compiler_version,func_visibility,gas_custom_errors,gas_small_strings,gas_strict_inequalities,one_contract_per_file,reason_string,state_visibility,use_natspec}",{},{},{}
contracts_output/contracts_output/gemini_with_rag_contracts/3756.sol,3756.sol,solhint-6.0.0,solidity,2025/09/14,20260206_1558,1770393972.0889518,0.9778416156768799,1,"{compiler_version,explicit_types,func_visibility,gas_custom_errors,gas_increment_by_one,gas_indexed_events,gas_small_strings,gas_strict_inequalities,no_unused_vars,one_contract_per_file,reason_string,use_natspec}",{},{},{}
contracts_output/contracts_output/gemini_with_rag_contracts/3776.sol,3776.sol,solhint-6.0.0,solidity,2025/09/14,20260206_1558,1770393848.2424648,1.0619912147521973,1,"{compiler_version,func_name_mixedcase,func_visibility,gas_custom_errors,gas_small_strings,gas_strict_inequalities,no_unused_vars,one_contract_per_file,reason_string,use_natspec}",{},{},{}
contracts_output/contracts_output/gemini_with_rag_contracts/3785.sol,3785.sol,solhint-6.0.0,solidity,2025/09/14,20260206_1558,1770394323.378916,1.0683932304382324,1,"{compiler_version,func_visibility,gas_custom_errors,gas_increment_by_one,gas_indexed_events,gas_small_strings,gas_strict_inequalities,one_contract_per_file,quotes,reason_string,use_natspec}",{},{},{}
contracts_output/contracts_output/gemini_with_rag_contracts/3793.sol,3793.sol,solhint-6.0.0,solidity,2025/09/14,20260206_1558,1770393970.605464,0.9967195987701416,1,"{compiler_version,func_visibility,gas_custom_errors,gas_indexed_events,gas_small_strings,gas_strict_inequalities,one_contract_per_file,reason_string,use_natspec}",{},{},{}
contracts_output/contracts_output/gemini_with_rag_contracts/381.sol,381.sol,solhint-6.0.0,solidity,2025/09/14,20260206_1558,1770393725.9851127,0.9851651191711426,1,"{compiler_version,func_visibility,gas_custom_errors,gas_small_strings,gas_strict_inequalities,one_contract_per_file,reason_string,use_natspec,var_name_mixedcase}",{},{},{}
contracts_output/contracts_output/gemini_with_rag_contracts/382.sol,382.sol,solhint-6.0.0,solidity,2025/09/14,20260206_1558,1770393672.902632,0.9535977840423584,1,"{compiler_version,func_visibility,gas_custom_errors,gas_increment_by_one,gas_indexed_events,gas_small_strings,gas_strict_inequalities,no_empty_blocks,one_contract_per_file,reason_string,state_visibility,use_natspec}",{},{},{}
contracts_output/contracts_output/gemini_with_rag_contracts/3857.sol,3857.sol,solhint-6.0.0,solidity,2025/09/14,20260206_1558,1770393723.8183062,1.0534746646881104,1,"{compiler_version,func_visibility,gas_custom_errors,gas_indexed_events,gas_small_strings,gas_strict_inequalities,one_contract_per_file,reason_string,use_natspec,var_name_mixedcase}",{},{},{}
contracts_output/contracts_output/gemini_with_rag_contracts/3863.sol,3863.sol,solhint-6.0.0,solidity,2025/09/14,20260206_1558,1770394066.817626,0.9369063377380371,255,{},{},{EXIT_CODE_255},{}
contracts_output/contracts_output/gemini_with_rag_contracts/3881.sol,3881.sol,solhint-6.0.0,solidity,2025/09/14,20260206_1558,1770394243.7715387,0.9998350143432617,1,"{compiler_version,func_visibility,gas_custom_errors,gas_small_strings,gas_strict_inequalities,no_unused_vars,one_contract_per_file,quotes,reason_string,state_visibility,use_natspec}",{},{},{}
contracts_output/contracts_output/gemini_with_rag_contracts/3890.sol,3890.sol,solhint-6.0.0,solidity,2025/09/14,20260206_1558,1770394040.1175911,0.9403276443481445,255,{},{},{EXIT_CODE_255},{}
contracts_output/contracts_output/gemini_with_rag_contracts/3893.sol,3893.sol,solhint-6.0.0,solidity,2025/09/14,20260206_1558,1770393798.9535775,2.521667242050171,1,"{compiler_version,func_visibility,gas_custom_errors,gas_small_strings,gas_strict_inequalities,interface_starts_with_i,no_empty_blocks,one_contract_per_file,reason_string,use_natspec}",{},{},{}
contracts_output/contracts_output/gemini_with_rag_contracts/3896.sol,3896.sol,solhint-6.0.0,solidity,2025/09/14,20260206_1558,1770393855.1395378,0.9535722732543945,1,"{compiler_version,func_visibility,gas_custom_errors,gas_increment_by_one,gas_indexed_events,gas_small_strings,gas_strict_inequalities,one_contract_per_file,reason_string,use_natspec}",{},{},{}
contracts_output/contracts_output/gemini_with_rag_contracts/39.sol,39.sol,solhint-6.0.0,solidity,2025/09/14,20260206_1558,1770394102.154561,1.0122718811035156,1,"{compiler_version,func_visibility,gas_custom_errors,gas_small_strings,gas_strict_inequalities,no_empty_blocks,one_contract_per_file,reason_string,use_natspec}",{},{},{}
contracts_output/contracts_output/gemini_with_rag_contracts/3939.sol,3939.sol,solhint-6.0.0,solidity,2025/09/14,20260206_1558,1770394276.1465254,0.9438893795013428,1,"{compiler_version,func_visibility,gas_custom_errors,gas_small_strings,gas_strict_inequalities,no_unused_vars,one_contract_per_file,reason_string,use_natspec}",{},{},{}
contracts_output/contracts_output/gemini_with_rag_contracts/3988.sol,3988.sol,solhint-6.0.0,solidity,2025/09/14,20260206_1558,1770393583.1692414,0.9548830986022949,1,"{compiler_version,func_visibility,gas_custom_errors,gas_indexed_events,gas_small_strings,gas_strict_inequalities,one_contract_per_file,quotes,reason_string,use_natspec}",{},{},{}
contracts_output/contracts_output/gemini_with_rag_contracts/3990.sol,3990.sol,solhint-6.0.0,solidity,2025/09/14,20260206_1558,1770393587.194612,0.9475274085998535,1,"{compiler_version,func_visibility,gas_custom_errors,gas_small_strings,gas_strict_inequalities,no_unused_vars,one_contract_per_file,quotes,reason_string,use_natspec}",{},{},{}
contracts_output/contracts_output/gemini_with_rag_contracts/4001.sol,4001.sol,solhint-6.0.0,solidity,2025/09/14,20260206_1558,1770393559.1671546,0.9968376159667969,1,"{compiler_version,func_visibility,gas_custom_errors,gas_indexed_events,gas_small_strings,gas_strict_inequalities,no_empty_blocks,one_contract_per_file,reason_string,use_natspec}",{},{},{}
contracts_output/contracts_output/gemini_with_rag_contracts/4005.sol,4005.sol,solhint-6.0.0,solidity,2025/09/14,20260206_1558,1770393637.0495872,0.9638838768005371,1,"{compiler_version,func_name_mixedcase,func_visibility,gas_custom_errors,gas_indexed_events,gas_small_strings,gas_strict_inequalities,one_contract_per_file,reason_string,use_natspec}",{},{},{}
contracts_output/contracts_output/gemini_with_rag_contracts/402.sol,402.sol,solhint-6.0.0,solidity,2025/09/14,20260206_1558,1770394106.5268974,0.9812967777252197,1,"{compiler_version,func_visibility,gas_custom_errors,gas_small_strings,gas_strict_inequalities,one_contract_per_file,reason_string,use_natspec}",{},{},{}
contracts_output/contracts_output/gemini_with_rag_contracts/4025.sol,4025.sol,solhint-6.0.0,solidity,2025/09/14,20260206_1558,1770394227.5334094,1.0977182388305664,1,"{compiler_version,func_visibility,gas_custom_errors,gas_indexed_events,gas_small_strings,gas_strict_inequalities,no_empty_blocks,one_contract_per_file,reason_string,use_natspec}",{},{},{}
contracts_output/contracts_output/gemini_with_rag_contracts/4047.sol,4047.sol,solhint-6.0.0,solidity,2025/09/14,20260206_1558,1770394082.6817894,0.9604630470275879,1,"{compiler_version,func_visibility,gas_custom_errors,gas_increment_by_one,gas_small_strings,gas_strict_inequalities,one_contract_per_file,reason_string,use_natspec}",{},{},{}
contracts_output/contracts_output/gemini_with_rag_contracts/4051.sol,4051.sol,solhint-6.0.0,solidity,2025/09/14,20260206_1558,1770393578.1791563,0.9830119609832764,1,"{compiler_version,func_visibility,gas_custom_errors,gas_small_strings,gas_strict_inequalities,one_contract_per_file,reason_string,use_natspec}",{},{},{}
contracts_output/contracts_output/gemini_with_rag_contracts/4079.sol,4079.sol,solhint-6.0.0,solidity,2025/09/14,20260206_1558,1770393634.2267766,0.9722857475280762,1,"{compiler_version,const_name_snakecase,func_visibility,gas_custom_errors,gas_small_strings,gas_strict_inequalities,one_contract_per_file,quotes,reason_string,use_natspec}",{},{},{}
contracts_output/contracts_output/gemini_with_rag_contracts/4083.sol,4083.sol,solhint-6.0.0,solidity,2025/09/14,20260206_1558,1770393685.4381144,1.0634987354278564,1,"{compiler_version,explicit_types,func_visibility,gas_custom_errors,gas_increment_by_one,gas_small_strings,gas_strict_inequalities,one_contract_per_file,reason_string,use_natspec}",{},{},{}
contracts_output/contracts_output/gemini_with_rag_contracts/4086.sol,4086.sol,solhint-6.0.0,solidity,2025/09/14,20260206_1558,1770394168.8333464,1.0008559226989746,1,"{compiler_version,func_visibility,gas_custom_errors,gas_small_strings,gas_strict_inequalities,one_contract_per_file,reason_string,use_natspec}",{},{},{}
contracts_output/contracts_output/gemini_with_rag_contracts/4148.sol,4148.sol,solhint-6.0.0,solidity,2025/09/14,20260206_1558,1770393747.0346112,0.9051947593688965,1,"{compiler_version,func_visibility,gas_custom_errors,gas_small_strings,gas_strict_inequalities,one_contract_per_file,reason_string,use_natspec}",{},{},{}
contracts_output/contracts_output/gemini_with_rag_contracts/4173.sol,4173.sol,solhint-6.0.0,solidity,2025/09/14,20260206_1558,1770394033.603166,0.9609251022338867,1,"{compiler_version,explicit_types,func_visibility,gas_custom_errors,gas_small_strings,gas_strict_inequalities,one_contract_per_file,reason_string,use_natspec}",{},{},{}
contracts_output/contracts_output/gemini_with_rag_contracts/4185.sol,4185.sol,solhint-6.0.0,solidity,2025/09/14,20260206_1558,1770394233.3022478,1.0829260349273682,1,"{compiler_version,func_visibility,gas_custom_errors,gas_small_strings,gas_strict_inequalities,one_contract_per_file,reason_string,use_natspec}",{},{},{}
contracts_output/contracts_output/gemini_with_rag_contracts/4219.sol,4219.sol,solhint-6.0.0,solidity,2025/09/14,20260206_1558,1770393978.7870245,1.0224597454071045,1,"{compiler_version,func_visibility,gas_custom_errors,gas_indexed_events,gas_small_strings,gas_strict_inequalities,no_unused_vars,one_contract_per_file,reason_string,use_natspec}",{},{},{}
contracts_output/contracts_output/gemini_with_rag_contracts/4258.sol,4258.sol,solhint-6.0.0,solidity,2025/09/14,20260206_1558,1770394279.4641082,0.9733309745788574,1,"{compiler_version,func_visibility,gas_custom_errors,gas_increment_by_one,gas_indexed_events,gas_small_strings,gas_strict_inequalities,one_contract_per_file,reason_string,use_natspec}",{},{},{}
contracts_output/contracts_output/gemini_with_rag_contracts/4267.sol,4267.sol,solhint-6.0.0,solidity,2025/09/14,20260206_1558,1770394134.253776,1.0086498260498047,1,"{compiler_version,func_visibility,gas_custom_errors,gas_increment_by_one,gas_indexed_events,gas_small_strings,gas_strict_inequalities,one_contract_per_file,quotes,reason_string,use_natspec}",{},{},{}
contracts_output/contracts_output/gemini_with_rag_contracts/4301.sol,4301.sol,solhint-6.0.0,solidity,2025/09/14,20260206_1558,1770393875.5785491,0.9760773181915283,1,"{compiler_version,func_visibility,gas_custom_errors,gas_small_strings,gas_strict_inequalities,one_contract_per_file,reason_string,use_natspec}",{},{},{}
contracts_output/contracts_output/gemini_with_rag_contracts/4311.sol,4311.sol,solhint-6.0.0,solidity,2025/09/14,20260206_1558,1770394340.0709372,1.0036892890930176,1,"{compiler_version,contract_name_capwords,func_visibility,gas_custom_errors,gas_small_strings,gas_strict_inequalities,no_empty_blocks,one_contract_per_file,reason_string,use_natspec}",{},{},{}
contracts_output/contracts_output/gemini_with_rag_contracts/4342.sol,4342.sol,solhint-6.0.0,solidity,2025/09/14,20260206_1558,1770394009.2886076,0.9995110034942627,1,"{compiler_version,func_visibility,gas_custom_errors,gas_indexed_events,gas_small_strings,gas_strict_inequalities,import_path_check,no_global_import,one_contract_per_file,reason_string,use_natspec}",{},{},{}
contracts_output/contracts_output/gemini_with_rag_contracts/4344.sol,4344.sol,solhint-6.0.0,solidity,2025/09/14,20260206_1558,1770393810.4637127,0.9808032512664795,1,"{compiler_version,func_visibility,gas_custom_errors,gas_small_strings,gas_strict_inequalities,interface_starts_with_i,one_contract_per_file,reason_string,use_natspec}",{},{},{}
contracts_output/contracts_output/gemini_with_rag_contracts/4397.sol,4397.sol,solhint-6.0.0,solidity,2025/09/14,20260206_1558,1770394202.1470592,1.0001332759857178,1,"{compiler_version,func_visibility,gas_custom_errors,gas_small_strings,gas_strict_inequalities,one_contract_per_file,reason_string,use_natspec}",{},{},{}
contracts_output/contracts_output/gemini_with_rag_contracts/4411.sol,4411.sol,solhint-6.0.0,solidity,2025/09/14,20260206_1558,1770393812.28083,1.0026373863220215,1,"{compiler_version,func_visibility,gas_custom_errors,gas_increment_by_one,gas_small_strings,gas_strict_inequalities,one_contract_per_file,reason_string,use_natspec}",{},{},{}
contracts_output/contracts_output/gemini_with_rag_contracts/4418.sol,4418.sol,solhint-6.0.0,solidity,2025/09/14,20260206_1558,1770393987.121573,1.0362954139709473,1,"{compiler_version,func_visibility,gas_custom_errors,gas_small_strings,gas_strict_inequalities,no_empty_blocks,no_inline_assembly,one_contract_per_file,reason_string,use_natspec,var_name_mixedcase}",{},{},{}
contracts_output/contracts_output/gemini_with_rag_contracts/442.sol,442.sol,solhint-6.0.0,solidity,2025/09/14,20260206_1558,1770393625.8774312,0.9604001045227051,1,"{compiler_version,func_visibility,gas_custom_errors,gas_indexed_events,gas_small_strings,gas_strict_inequalities,one_contract_per_file,reason_string,use_natspec}",{},{},{}
contracts_output/contracts_output/gemini_with_rag_contracts/4437.sol,4437.sol,solhint-6.0.0,solidity,2025/09/14,20260206_1558,1770394063.8895507,0.9933300018310547,1,"{compiler_version,func_visibility,gas_custom_errors,gas_small_strings,gas_strict_inequalities,one_contract_per_file,reason_string,use_natspec}",{},{},{}
contracts_output/contracts_output/gemini_with_rag_contracts/4464.sol,4464.sol,solhint-6.0.0,solidity,2025/09/14,20260206_1558,1770394233.9076653,0.9969477653503418,1,"{compiler_version,func_visibility,gas_custom_errors,gas_small_strings,gas_strict_inequalities,no_unused_vars,one_contract_per_file,quotes,reason_string,use_natspec}",{},{},{}
contracts_output/contracts_output/gemini_with_rag_contracts/4481.sol,4481.sol,solhint-6.0.0,solidity,2025/09/14,20260206_1558,1770393898.6958437,0.8774800300598145,1,{},{},{},{}
contracts_output/contracts_output/gemini_with_rag_contracts/4491.sol,4491.sol,solhint-6.0.0,solidity,2025/09/14,20260206_1558,1770393726.3079917,0.9805352687835693,1,"{compiler_version,func_visibility,gas_custom_errors,gas_small_strings,gas_strict_inequalities,one_contract_per_file,reason_string,use_natspec}",{},{},{}
contracts_output/contracts_output/gemini_with_rag_contracts/4496.sol,4496.sol,solhint-6.0.0,solidity,2025/09/14,20260206_1558,1770394092.233372,0.9368865489959717,1,"{compiler_version,explicit_types,func_visibility,gas_custom_errors,gas_increment_by_one,gas_small_strings,gas_strict_inequalities,one_contract_per_file,reason_string,use_natspec}",{},{},{}
contracts_output/contracts_output/gemini_with_rag_contracts/4517.sol,4517.sol,solhint-6.0.0,solidity,2025/09/14,20260206_1558,1770393630.4301293,1.1433417797088623,1,"{compiler_version,func_visibility,gas_custom_errors,gas_small_strings,gas_strict_inequalities,no_unused_vars,one_contract_per_file,quotes,reason_string,use_natspec}",{},{},{}
contracts_output/contracts_output/gemini_with_rag_contracts/4527.sol,4527.sol,solhint-6.0.0,solidity,2025/09/14,20260206_1558,1770394247.7181075,1.0376899242401123,1,"{compiler_version,func_visibility,gas_custom_errors,gas_indexed_events,gas_small_strings,gas_strict_inequalities,import_path_check,no_global_import,one_contract_per_file,reason_string,use_natspec}",{},{},{}
contracts_output/contracts_output/gemini_with_rag_contracts/4553.sol,4553.sol,solhint-6.0.0,solidity,2025/09/14,20260206_1558,1770393547.709331,0.9859426021575928,1,"{compiler_version,func_visibility,gas_custom_errors,gas_small_strings,gas_strict_inequalities,no_empty_blocks,one_contract_per_file,reason_string,use_natspec}",{},{},{}
contracts_output/contracts_output/gemini_with_rag_contracts/4560.sol,4560.sol,solhint-6.0.0,solidity,2025/09/14,20260206_1558,1770393644.4407597,0.9768500328063965,1,"{compiler_version,func_visibility,gas_custom_errors,gas_small_strings,gas_strict_inequalities,one_contract_per_file,reason_string,use_natspec}",{},{},{}
contracts_output/contracts_output/gemini_with_rag_contracts/4562.sol,4562.sol,solhint-6.0.0,solidity,2025/09/14,20260206_1558,1770393581.7855105,1.0006167888641357,1,"{compiler_version,func_visibility,gas_custom_errors,gas_increment_by_one,gas_indexed_events,gas_small_strings,gas_strict_inequalities,no_unused_vars,one_contract_per_file,reason_string,use_natspec}",{},{},{}
contracts_output/contracts_output/gemini_with_rag_contracts/4567.sol,4567.sol,solhint-6.0.0,solidity,2025/09/14,20260206_1558,1770393726.7535188,1.041367530822754,1,"{compiler_version,func_visibility,gas_custom_errors,gas_increment_by_one,gas_small_strings,gas_strict_inequalities,one_contract_per_file,reason_string,use_natspec}",{},{},{}
contracts_output/contracts_output/gemini_with_rag_contracts/4568.sol,4568.sol,solhint-6.0.0,solidity,2025/09/14,20260206_1558,1770394270.2691653,0.9309289455413818,1,"{compiler_version,func_visibility,gas_custom_errors,gas_small_strings,gas_strict_inequalities,no_unused_vars,one_contract_per_file,reason_string,use_natspec}",{},{},{}
contracts_output/contracts_output/gemini_with_rag_contracts/4569.sol,4569.sol,solhint-6.0.0,solidity,2025/09/14,20260206_1558,1770394203.7153716,1.0946319103240967,1,"{compiler_version,func_visibility,gas_custom_errors,gas_small_strings,gas_strict_inequalities,one_contract_per_file,reason_string,use_natspec,var_name_mixedcase}",{},{},{}
contracts_output/contracts_output/gemini_with_rag_contracts/4577.sol,4577.sol,solhint-6.0.0,solidity,2025/09/14,20260206_1558,1770394224.2433858,0.9741649627685547,255,{},{},{EXIT_CODE_255},{}
contracts_output/contracts_output/gemini_with_rag_contracts/4581.sol,4581.sol,solhint-6.0.0,solidity,2025/09/14,20260206_1558,1770394093.1712415,0.9667263031005859,1,"{compiler_version,func_visibility,gas_custom_errors,gas_small_strings,gas_strict_inequalities,one_contract_per_file,reason_string,use_natspec}",{},{},{}
contracts_output/contracts_output/gemini_with_rag_contracts/4592.sol,4592.sol,solhint-6.0.0,solidity,2025/09/14,20260206_1558,1770393569.676523,0.9752588272094727,1,"{compiler_version,func_visibility,gas_calldata_parameters,gas_custom_errors,gas_small_strings,gas_strict_inequalities,one_contract_per_file,reason_string,use_natspec}",{},{},{}
contracts_output/contracts_output/gemini_with_rag_contracts/4597.sol,4597.sol,solhint-6.0.0,solidity,2025/09/14,20260206_1558,1770393679.6044376,1.0223770141601562,1,"{compiler_version,func_visibility,gas_custom_errors,gas_increment_by_one,gas_small_strings,gas_strict_inequalities,one_contract_per_file,reason_string,use_natspec}",{},{},{}
contracts_output/contracts_output/gemini_with_rag_contracts/4609.sol,4609.sol,solhint-6.0.0,solidity,2025/09/14,20260206_1558,1770393561.6881893,0.936943769454956,1,"{compiler_version,func_visibility,gas_custom_errors,gas_small_strings,gas_strict_inequalities,one_contract_per_file,reason_string,use_natspec}",{},{},{}
contracts_output/contracts_output/gemini_with_rag_contracts/461.sol,461.sol,solhint-6.0.0,solidity,2025/09/14,20260206_1558,1770393846.8356733,0.8956682682037354,255,{},{},{EXIT_CODE_255},{}
contracts_output/contracts_output/gemini_with_rag_contracts/4614.sol,4614.sol,solhint-6.0.0,solidity,2025/09/14,20260206_1558,1770393861.542079,0.9746901988983154,1,"{compiler_version,func_visibility,gas_custom_errors,gas_small_strings,gas_strict_inequalities,import_path_check,no_global_import,one_contract_per_file,reason_string,use_natspec}",{},{},{}
contracts_output/contracts_output/gemini_with_rag_contracts/4646.sol,4646.sol,solhint-6.0.0,solidity,2025/09/14,20260206_1558,1770394246.5656626,1.019455909729004,1,"{compiler_version,func_visibility,gas_custom_errors,gas_small_strings,gas_strict_inequalities,one_contract_per_file,reason_string,use_natspec}",{},{},{}
contracts_output/contracts_output/gemini_with_rag_contracts/465.sol,465.sol,solhint-6.0.0,solidity,2025/09/14,20260206_1558,1770394184.0040963,1.0029618740081787,1,"{compiler_version,func_visibility,gas_custom_errors,gas_increment_by_one,gas_small_strings,gas_strict_inequalities,no_unused_vars,one_contract_per_file,quotes,reason_string,use_natspec}",{},{},{}
contracts_output/contracts_output/gemini_with_rag_contracts/4661.sol,4661.sol,solhint-6.0.0,solidity,2025/09/14,20260206_1558,1770394212.6573818,0.9631037712097168,1,"{compiler_version,func_visibility,gas_custom_errors,gas_small_strings,gas_strict_inequalities,one_contract_per_file,quotes,reason_string,use_natspec}",{},{},{}
contracts_output/contracts_output/gemini_with_rag_contracts/4669.sol,4669.sol,solhint-6.0.0,solidity,2025/09/14,20260206_1558,1770394052.2548978,0.9661359786987305,1,"{compiler_version,func_visibility,gas_custom_errors,gas_indexed_events,gas_small_strings,gas_strict_inequalities,one_contract_per_file,reason_string,state_visibility,use_natspec}",{},{},{}
contracts_output/contracts_output/gemini_with_rag_contracts/467.sol,467.sol,solhint-6.0.0,solidity,2025/09/14,20260206_1558,1770393634.1815069,1.025092601776123,1,"{compiler_version,func_visibility,gas_custom_errors,gas_indexed_events,gas_small_strings,gas_strict_inequalities,import_path_check,imports_on_top,no_global_import,one_contract_per_file,reason_string,reentrancy,use_natspec}",{},{},{}
contracts_output/contracts_output/gemini_with_rag_contracts/4675.sol,4675.sol,solhint-6.0.0,solidity,2025/09/14,20260206_1558,1770394085.1621597,1.01165771484375,1,"{compiler_version,func_visibility,gas_custom_errors,gas_small_strings,gas_strict_inequalities,import_path_check,no_global_import,one_contract_per_file,reason_string,use_natspec}",{},{},{}
contracts_output/contracts_output/gemini_with_rag_contracts/4681.sol,4681.sol,solhint-6.0.0,solidity,2025/09/14,20260206_1558,1770393869.5607667,0.9856383800506592,1,"{compiler_version,func_visibility,gas_custom_errors,gas_small_strings,gas_strict_inequalities,one_contract_per_file,reason_string,use_natspec}",{},{},{}
contracts_output/contracts_output/gemini_with_rag_contracts/4695.sol,4695.sol,solhint-6.0.0,solidity,2025/09/14,20260206_1558,1770393622.512873,0.9439237117767334,1,"{compiler_version,func_visibility,gas_custom_errors,gas_small_strings,gas_strict_inequalities,one_contract_per_file,reason_string,use_natspec}",{},{},{}
contracts_output/contracts_output/gemini_with_rag_contracts/4726.sol,4726.sol,solhint-6.0.0,solidity,2025/09/14,20260206_1558,1770393957.7932553,1.0811197757720947,1,"{compiler_version,func_visibility,gas_custom_errors,gas_small_strings,gas_strict_inequalities,import_path_check,no_global_import,one_contract_per_file,reason_string,reentrancy,use_natspec,var_name_mixedcase}",{},{},{}
contracts_output/contracts_output/gemini_with_rag_contracts/4727.sol,4727.sol,solhint-6.0.0,solidity,2025/09/14,20260206_1558,1770394034.5655286,0.9044113159179688,1,"{compiler_version,func_visibility,gas_custom_errors,gas_small_strings,gas_strict_inequalities,one_contract_per_file,quotes,reason_string,use_natspec,var_name_mixedcase}",{},{},{}
contracts_output/contracts_output/gemini_with_rag_contracts/474.sol,474.sol,solhint-6.0.0,solidity,2025/09/14,20260206_1558,1770394317.9754708,0.9617331027984619,1,"{compiler_version,func_visibility,gas_custom_errors,gas_small_strings,gas_strict_inequalities,import_path_check,no_global_import,one_contract_per_file,reason_string,use_natspec}",{},{},{}
contracts_output/contracts_output/gemini_with_rag_contracts/4746.sol,4746.sol,solhint-6.0.0,solidity,2025/09/14,20260206_1558,1770394229.0699475,1.031721591949463,1,"{compiler_version,func_visibility,gas_custom_errors,gas_small_strings,gas_strict_inequalities,no_unused_vars,one_contract_per_file,quotes,reason_string,use_natspec}",{},{},{}
contracts_output/contracts_output/gemini_with_rag_contracts/475.sol,475.sol,solhint-6.0.0,solidity,2025/09/14,20260206_1558,1770393859.3602827,1.2916820049285889,1,{},{},{},{}
contracts_output/contracts_output/gemini_with_rag_contracts/476.sol,476.sol,solhint-6.0.0,solidity,2025/09/14,20260206_1558,1770394316.4831858,1.0520267486572266,1,"{compiler_version,func_visibility,gas_custom_errors,gas_indexed_events,gas_small_strings,gas_strict_inequalities,one_contract_per_file,reason_string,use_natspec}",{},{},{}
contracts_output/contracts_output/gemini_with_rag_contracts/4761.sol,4761.sol,solhint-6.0.0,solidity,2025/09/14,20260206_1558,1770394257.8679416,0.9693152904510498,1,"{compiler_version,func_visibility,gas_custom_errors,gas_small_strings,gas_strict_inequalities,one_contract_per_file,reason_string,use_natspec}",{},{},{}
contracts_output/contracts_output/gemini_with_rag_contracts/4775.sol,4775.sol,solhint-6.0.0,solidity,2025/09/14,20260206_1558,1770393723.7250016,1.0150914192199707,1,"{compiler_version,func_visibility,gas_custom_errors,gas_small_strings,gas_strict_inequalities,one_contract_per_file,reason_string,use_natspec}",{},{},{}
contracts_output/contracts_output/gemini_with_rag_contracts/4790.sol,4790.sol,solhint-6.0.0,solidity,2025/09/14,20260206_1558,1770394218.1645837,1.0676593780517578,1,"{compiler_version,func_visibility,gas_custom_errors,gas_small_strings,gas_strict_inequalities,import_path_check,no_global_import,one_contract_per_file,reason_string,use_natspec}",{},{},{}
contracts_output/contracts_output/gemini_with_rag_contracts/4803.sol,4803.sol,solhint-6.0.0,solidity,2025/09/14,20260206_1558,1770393554.087844,1.0089716911315918,1,"{compiler_version,func_visibility,gas_custom_errors,gas_increment_by_one,gas_small_strings,gas_strict_inequalities,no_unused_vars,one_contract_per_file,quotes,reason_string,use_natspec}",{},{},{}
contracts_output/contracts_output/gemini_with_rag_contracts/4806.sol,4806.sol,solhint-6.0.0,solidity,2025/09/14,20260206_1558,1770394101.3037589,1.0385634899139404,1,"{compiler_version,func_visibility,gas_custom_errors,gas_small_strings,gas_strict_inequalities,gas_struct_packing,one_contract_per_file,reason_string,use_natspec}",{},{},{}
contracts_output/contracts_output/gemini_with_rag_contracts/4823.sol,4823.sol,solhint-6.0.0,solidity,2025/09/14,20260206_1558,1770393888.8553762,1.0826988220214844,1,"{compiler_version,func_visibility,gas_custom_errors,gas_increment_by_one,gas_small_strings,gas_strict_inequalities,no_empty_blocks,one_contract_per_file,reason_string,use_natspec}",{},{},{}
contracts_output/contracts_output/gemini_with_rag_contracts/4839.sol,4839.sol,solhint-6.0.0,solidity,2025/09/14,20260206_1558,1770394231.6225405,1.048262357711792,1,"{compiler_version,func_visibility,gas_custom_errors,gas_small_strings,gas_strict_inequalities,one_contract_per_file,reason_string,use_natspec}",{},{},{}
contracts_output/contracts_output/gemini_with_rag_contracts/4847.sol,4847.sol,solhint-6.0.0,solidity,2025/09/14,20260206_1558,1770393553.8050158,1.0017366409301758,1,"{compiler_version,func_visibility,gas_custom_errors,gas_indexed_events,gas_small_strings,gas_strict_inequalities,interface_starts_with_i,one_contract_per_file,reason_string,use_natspec}",{},{},{}
contracts_output/contracts_output/gemini_with_rag_contracts/4852.sol,4852.sol,solhint-6.0.0,solidity,2025/09/14,20260206_1558,1770393700.6623986,0.9968159198760986,1,"{compiler_version,func_visibility,gas_custom_errors,gas_indexed_events,gas_small_strings,gas_strict_inequalities,one_contract_per_file,reason_string,use_natspec}",{},{},{}
contracts_output/contracts_output/gemini_with_rag_contracts/4854.sol,4854.sol,solhint-6.0.0,solidity,2025/09/14,20260206_1558,1770393609.6170757,0.9897234439849854,1,"{compiler_version,func_visibility,gas_custom_errors,gas_small_strings,gas_strict_inequalities,one_contract_per_file,reason_string,use_natspec}",{},{},{}
contracts_output/contracts_output/gemini_with_rag_contracts/4864.sol,4864.sol,solhint-6.0.0,solidity,2025/09/14,20260206_1558,1770393826.1847131,1.045001745223999,1,"{compiler_version,func_visibility,gas_custom_errors,gas_increment_by_one,gas_small_strings,gas_strict_inequalities,one_contract_per_file,reason_string,use_natspec}",{},{},{}
contracts_output/contracts_output/gemini_with_rag_contracts/4877.sol,4877.sol,solhint-6.0.0,solidity,2025/09/14,20260206_1558,1770394298.8160906,0.9458580017089844,1,"{compiler_version,func_visibility,gas_custom_errors,gas_small_strings,gas_strict_inequalities,one_contract_per_file,reason_string,use_natspec}",{},{},{}
contracts_output/contracts_output/gemini_with_rag_contracts/4896.sol,4896.sol,solhint-6.0.0,solidity,2025/09/14,20260206_1558,1770394257.5530052,1.0217876434326172,1,"{compiler_version,func_visibility,gas_custom_errors,gas_small_strings,gas_strict_inequalities,one_contract_per_file,reason_string,use_natspec}",{},{},{}
contracts_output/contracts_output/gemini_with_rag_contracts/4898.sol,4898.sol,solhint-6.0.0,solidity,2025/09/14,20260206_1558,1770393730.4521894,1.0267136096954346,1,"{compiler_version,func_visibility,gas_custom_errors,gas_indexed_events,gas_small_strings,gas_strict_inequalities,no_unused_vars,one_contract_per_file,reason_string,use_natspec}",{},{},{}
contracts_output/contracts_output/gemini_with_rag_contracts/4912.sol,4912.sol,solhint-6.0.0,solidity,2025/09/14,20260206_1558,1770393956.1547232,0.989234447479248,1,"{compiler_version,func_visibility,gas_custom_errors,gas_small_strings,gas_strict_inequalities,one_contract_per_file,reason_string,use_natspec}",{},{},{}
contracts_output/contracts_output/gemini_with_rag_contracts/4928.sol,4928.sol,solhint-6.0.0,solidity,2025/09/14,20260206_1558,1770394040.0928967,1.0606801509857178,1,"{compiler_version,func_visibility,gas_custom_errors,gas_small_strings,gas_strict_inequalities,no_unused_vars,one_contract_per_file,reason_string,use_natspec}",{},{},{}
contracts_output/contracts_output/gemini_with_rag_contracts/4942.sol,4942.sol,solhint-6.0.0,solidity,2025/09/14,20260206_1558,1770393932.6539352,0.9784114360809326,1,"{compiler_version,func_visibility,gas_custom_errors,gas_small_strings,gas_strict_inequalities,one_contract_per_file,reason_string,use_natspec}",{},{},{}
contracts_output/contracts_output/gemini_with_rag_contracts/497.sol,497.sol,solhint-6.0.0,solidity,2025/09/14,20260206_1558,1770394228.9116042,0.9732682704925537,1,{},{},{},{}
contracts_output/contracts_output/gemini_with_rag_contracts/4986.sol,4986.sol,solhint-6.0.0,solidity,2025/09/14,20260206_1558,1770394334.4925337,1.035881757736206,1,"{compiler_version,func_visibility,gas_custom_errors,gas_small_strings,gas_strict_inequalities,one_contract_per_file,reason_string,use_natspec}",{},{},{}
contracts_output/contracts_output/gemini_with_rag_contracts/4993.sol,4993.sol,solhint-6.0.0,solidity,2025/09/14,20260206_1558,1770393534.9848108,0.9622280597686768,1,"{compiler_version,func_visibility,gas_custom_errors,gas_increment_by_one,gas_small_strings,gas_strict_inequalities,one_contract_per_file,reason_string,use_natspec}",{},{},{}
contracts_output/contracts_output/gemini_with_rag_contracts/5005.sol,5005.sol,solhint-6.0.0,solidity,2025/09/14,20260206_1558,1770393567.9411457,1.0491926670074463,1,"{compiler_version,explicit_types,func_visibility,gas_custom_errors,gas_increment_by_one,gas_small_strings,gas_strict_inequalities,no_unused_vars,one_contract_per_file,quotes,reason_string,use_natspec}",{},{},{}
contracts_output/contracts_output/gemini_with_rag_contracts/5007.sol,5007.sol,solhint-6.0.0,solidity,2025/09/14,20260206_1558,1770394196.0196557,0.9889819622039795,1,"{compiler_version,func_visibility,gas_custom_errors,gas_small_strings,gas_strict_inequalities,one_contract_per_file,reason_string,use_natspec}",{},{},{}
contracts_output/contracts_output/gemini_with_rag_contracts/5030.sol,5030.sol,solhint-6.0.0,solidity,2025/09/14,20260206_1558,1770393773.2232902,1.0010910034179688,1,"{compiler_version,const_name_snakecase,func_visibility,gas_custom_errors,gas_small_strings,gas_strict_inequalities,no_empty_blocks,one_contract_per_file,quotes,reason_string,use_natspec}",{},{},{}
contracts_output/contracts_output/gemini_with_rag_contracts/5033.sol,5033.sol,solhint-6.0.0,solidity,2025/09/14,20260206_1558,1770393677.8669565,1.07381272315979,1,"{compiler_version,func_visibility,gas_custom_errors,gas_small_strings,gas_strict_inequalities,no_empty_blocks,one_contract_per_file,reason_string,use_natspec}",{},{},{}
contracts_output/contracts_output/gemini_with_rag_contracts/5043.sol,5043.sol,solhint-6.0.0,solidity,2025/09/14,20260206_1558,1770393716.02991,1.1152300834655762,1,"{compiler_version,func_visibility,gas_custom_errors,gas_indexed_events,gas_small_strings,gas_strict_inequalities,one_contract_per_file,reason_string,use_natspec}",{},{},{}
contracts_output/contracts_output/gemini_with_rag_contracts/5070.sol,5070.sol,solhint-6.0.0,solidity,2025/09/14,20260206_1558,1770393628.4355505,1.0216965675354004,1,"{compiler_version,explicit_types,func_visibility,gas_custom_errors,gas_increment_by_one,gas_small_strings,gas_strict_inequalities,no_empty_blocks,one_contract_per_file,reason_string,state_visibility,use_natspec}",{},{},{}
contracts_output/contracts_output/gemini_with_rag_contracts/5074.sol,5074.sol,solhint-6.0.0,solidity,2025/09/14,20260206_1558,1770394051.8493063,0.9875829219818115,1,"{compiler_version,func_visibility,gas_custom_errors,gas_small_strings,gas_strict_inequalities,one_contract_per_file,reason_string,use_natspec}",{},{},{}
contracts_output/contracts_output/gemini_with_rag_contracts/5098.sol,5098.sol,solhint-6.0.0,solidity,2025/09/14,20260206_1558,1770393906.177435,1.020625114440918,1,"{compiler_version,func_visibility,gas_custom_errors,gas_indexed_events,gas_small_strings,gas_strict_inequalities,one_contract_per_file,reason_string,use_natspec}",{},{},{}
contracts_output/contracts_output/gemini_with_rag_contracts/5099.sol,5099.sol,solhint-6.0.0,solidity,2025/09/14,20260206_1558,1770393632.7139425,0.9642026424407959,255,{},{},{EXIT_CODE_255},{}
contracts_output/contracts_output/gemini_with_rag_contracts/5101.sol,5101.sol,solhint-6.0.0,solidity,2025/09/14,20260206_1558,1770393594.7899892,1.005681037902832,1,"{compiler_version,func_visibility,gas_custom_errors,gas_small_strings,gas_strict_inequalities,one_contract_per_file,reason_string,use_natspec}",{},{},{}
contracts_output/contracts_output/gemini_with_rag_contracts/5131.sol,5131.sol,solhint-6.0.0,solidity,2025/09/14,20260206_1558,1770394248.0067832,0.9793164730072021,1,"{compiler_version,func_name_mixedcase,func_visibility,gas_custom_errors,gas_small_strings,gas_strict_inequalities,interface_starts_with_i,one_contract_per_file,reason_string,use_natspec}",{},{},{}
contracts_output/contracts_output/gemini_with_rag_contracts/5169.sol,5169.sol,solhint-6.0.0,solidity,2025/09/14,20260206_1558,1770393836.2432492,0.9758565425872803,1,"{compiler_version,func_visibility,gas_custom_errors,gas_indexed_events,gas_small_strings,gas_strict_inequalities,import_path_check,no_global_import,one_contract_per_file,reason_string,use_natspec}",{},{},{}
contracts_output/contracts_output/gemini_with_rag_contracts/517.sol,517.sol,solhint-6.0.0,solidity,2025/09/14,20260206_1558,1770393843.961576,0.987091064453125,1,"{compiler_version,func_visibility,gas_custom_errors,gas_small_strings,gas_strict_inequalities,one_contract_per_file,reason_string,use_natspec}",{},{},{}
contracts_output/contracts_output/gemini_with_rag_contracts/5173.sol,5173.sol,solhint-6.0.0,solidity,2025/09/14,20260206_1558,1770394126.1314516,1.0269660949707031,1,"{compiler_version,func_visibility,gas_custom_errors,gas_indexed_events,gas_small_strings,gas_strict_inequalities,one_contract_per_file,reason_string,use_natspec}",{},{},{}
contracts_output/contracts_output/gemini_with_rag_contracts/5181.sol,5181.sol,solhint-6.0.0,solidity,2025/09/14,20260206_1558,1770393937.9784305,0.93869948387146,1,"{compiler_version,func_visibility,gas_custom_errors,gas_small_strings,gas_strict_inequalities,one_contract_per_file,quotes,reason_string,use_natspec}",{},{},{}
contracts_output/contracts_output/gemini_with_rag_contracts/5188.sol,5188.sol,solhint-6.0.0,solidity,2025/09/14,20260206_1558,1770393583.7591038,1.022331953048706,1,"{compiler_version,func_visibility,gas_custom_errors,gas_increment_by_one,gas_small_strings,gas_strict_inequalities,no_unused_vars,one_contract_per_file,reason_string,use_natspec}",{},{},{}
contracts_output/contracts_output/gemini_with_rag_contracts/52.sol,52.sol,solhint-6.0.0,solidity,2025/09/14,20260206_1558,1770393640.8227165,1.0289478302001953,1,"{compiler_version,func_visibility,gas_custom_errors,gas_small_strings,gas_strict_inequalities,import_path_check,no_global_import,one_contract_per_file,reason_string,use_natspec}",{},{},{}
contracts_output/contracts_output/gemini_with_rag_contracts/5200.sol,5200.sol,solhint-6.0.0,solidity,2025/09/14,20260206_1558,1770394288.2915058,0.9964885711669922,1,"{compiler_version,func_visibility,gas_custom_errors,gas_indexed_events,gas_small_strings,gas_strict_inequalities,one_contract_per_file,reason_string,use_natspec}",{},{},{}
contracts_output/contracts_output/gemini_with_rag_contracts/521.sol,521.sol,solhint-6.0.0,solidity,2025/09/14,20260206_1558,1770394115.7490215,0.9338679313659668,1,"{compiler_version,func_visibility,gas_custom_errors,gas_indexed_events,gas_small_strings,gas_strict_inequalities,one_contract_per_file,reason_string,use_natspec}",{},{},{}
contracts_output/contracts_output/gemini_with_rag_contracts/5228.sol,5228.sol,solhint-6.0.0,solidity,2025/09/14,20260206_1558,1770393837.2205439,0.9994170665740967,1,"{compiler_version,func_visibility,gas_custom_errors,gas_increment_by_one,gas_small_strings,gas_strict_inequalities,one_contract_per_file,reason_string,state_visibility,use_natspec}",{},{},{}
contracts_output/contracts_output/gemini_with_rag_contracts/5253.sol,5253.sol,solhint-6.0.0,solidity,2025/09/14,20260206_1558,1770393512.8516147,1.0180320739746094,1,"{compiler_version,func_visibility,gas_custom_errors,gas_small_strings,gas_strict_inequalities,one_contract_per_file,quotes,reason_string,use_natspec}",{},{},{}
contracts_output/contracts_output/gemini_with_rag_contracts/527.sol,527.sol,solhint-6.0.0,solidity,2025/09/14,20260206_1558,1770393822.400997,1.0454826354980469,1,"{compiler_version,func_name_mixedcase,func_visibility,gas_custom_errors,gas_small_strings,gas_strict_inequalities,one_contract_per_file,reason_string,use_natspec,var_name_mixedcase}",{},{},{}
contracts_output/contracts_output/gemini_with_rag_contracts/5294.sol,5294.sol,solhint-6.0.0,solidity,2025/09/14,20260206_1558,1770393780.6699457,0.9354474544525146,1,"{compiler_version,func_visibility,gas_custom_errors,gas_indexed_events,gas_small_strings,gas_strict_inequalities,one_contract_per_file,reason_string,use_natspec}",{},{},{}
contracts_output/contracts_output/gemini_with_rag_contracts/5296.sol,5296.sol,solhint-6.0.0,solidity,2025/09/14,20260206_1558,1770393585.2644897,0.9582717418670654,1,"{compiler_version,func_visibility,gas_custom_errors,gas_small_strings,gas_strict_inequalities,one_contract_per_file,reason_string,use_natspec}",{},{},{}
contracts_output/contracts_output/gemini_with_rag_contracts/5300.sol,5300.sol,solhint-6.0.0,solidity,2025/09/14,20260206_1558,1770393507.1581945,1.2652580738067627,1,"{compiler_version,func_visibility,gas_custom_errors,gas_small_strings,gas_strict_inequalities,one_contract_per_file,reason_string,use_natspec}",{},{},{}
contracts_output/contracts_output/gemini_with_rag_contracts/5313.sol,5313.sol,solhint-6.0.0,solidity,2025/09/14,20260206_1558,1770394171.1577663,1.007978916168213,1,"{compiler_version,func_visibility,gas_custom_errors,gas_small_strings,gas_strict_inequalities,one_contract_per_file,reason_string,use_natspec}",{},{},{}
contracts_output/contracts_output/gemini_with_rag_contracts/5314.sol,5314.sol,solhint-6.0.0,solidity,2025/09/14,20260206_1558,1770393876.5560548,0.985220193862915,1,"{compiler_version,func_visibility,gas_custom_errors,gas_increment_by_one,gas_indexed_events,gas_small_strings,gas_strict_inequalities,no_unused_vars,one_contract_per_file,quotes,reason_string,use_natspec}",{},{},{}
contracts_output/contracts_output/gemini_with_rag_contracts/5346.sol,5346.sol,solhint-6.0.0,solidity,2025/09/14,20260206_1558,1770394326.8454585,1.0501408576965332,1,"{compiler_version,func_visibility,gas_custom_errors,gas_indexed_events,gas_small_strings,gas_strict_inequalities,import_path_check,no_global_import,one_contract_per_file,reason_string,use_natspec}",{},{},{}
contracts_output/contracts_output/gemini_with_rag_contracts/5392.sol,5392.sol,solhint-6.0.0,solidity,2025/09/14,20260206_1558,1770393914.3735118,0.9645323753356934,1,"{compiler_version,func_visibility,gas_custom_errors,gas_increment_by_one,gas_small_strings,gas_strict_inequalities,one_contract_per_file,reason_string,use_natspec}",{},{},{}
contracts_output/contracts_output/gemini_with_rag_contracts/5397.sol,5397.sol,solhint-6.0.0,solidity,2025/09/14,20260206_1558,1770394064.110912,0.9770138263702393,1,"{compiler_version,const_name_snakecase,func_visibility,gas_custom_errors,gas_increment_by_one,gas_small_strings,gas_strict_inequalities,no_empty_blocks,one_contract_per_file,reason_string,use_natspec,var_name_mixedcase}",{},{},{}
contracts_output/contracts_output/gemini_with_rag_contracts/5406.sol,5406.sol,solhint-6.0.0,solidity,2025/09/14,20260206_1558,1770393837.7669296,1.0461864471435547,1,"{compiler_version,func_visibility,gas_custom_errors,gas_increment_by_one,gas_small_strings,gas_strict_inequalities,one_contract_per_file,reason_string,use_natspec}",{},{},{}
contracts_output/contracts_output/gemini_with_rag_contracts/5414.sol,5414.sol,solhint-6.0.0,solidity,2025/09/14,20260206_1558,1770394330.1226435,0.8784654140472412,1,{},{},{},{}
contracts_output/contracts_output/gemini_with_rag_contracts/5432.sol,5432.sol,solhint-6.0.0,solidity,2025/09/14,20260206_1558,1770393642.4143162,0.9743912220001221,1,"{compiler_version,func_visibility,gas_custom_errors,gas_small_strings,gas_strict_inequalities,one_contract_per_file,reason_string,use_natspec}",{},{},{}
contracts_output/contracts_output/gemini_with_rag_contracts/5444.sol,5444.sol,solhint-6.0.0,solidity,2025/09/14,20260206_1558,1770393717.8930407,1.0883979797363281,1,"{compiler_version,explicit_types,func_visibility,gas_custom_errors,gas_increment_by_one,gas_small_strings,gas_strict_inequalities,one_contract_per_file,reason_string,use_natspec}",{},{},{}
contracts_output/contracts_output/gemini_with_rag_contracts/5459.sol,5459.sol,solhint-6.0.0,solidity,2025/09/14,20260206_1558,1770394163.116482,0.9779634475708008,1,"{compiler_version,func_visibility,gas_custom_errors,gas_small_strings,gas_strict_inequalities,one_contract_per_file,reason_string,use_natspec}",{},{},{}
contracts_output/contracts_output/gemini_with_rag_contracts/5466.sol,5466.sol,solhint-6.0.0,solidity,2025/09/14,20260206_1558,1770394244.9929771,0.9580795764923096,1,"{compiler_version,func_visibility,gas_custom_errors,gas_small_strings,gas_strict_inequalities,no_empty_blocks,no_unused_vars,one_contract_per_file,quotes,reason_string,use_natspec,visibility_modifier_order}",{},{},{}
contracts_output/contracts_output/gemini_with_rag_contracts/5478.sol,5478.sol,solhint-6.0.0,solidity,2025/09/14,20260206_1558,1770393547.4152107,1.0607662200927734,1,"{compiler_version,func_visibility,gas_custom_errors,gas_small_strings,gas_strict_inequalities,one_contract_per_file,reason_string,use_natspec}",{},{},{}
contracts_output/contracts_output/gemini_with_rag_contracts/5480.sol,5480.sol,solhint-6.0.0,solidity,2025/09/14,20260206_1558,1770394020.2781622,0.8475558757781982,1,{},{},{},{}
contracts_output/contracts_output/gemini_with_rag_contracts/5481.sol,5481.sol,solhint-6.0.0,solidity,2025/09/14,20260206_1558,1770393665.8702037,0.9535486698150635,1,"{avoid_low_level_calls,compiler_version,func_visibility,gas_custom_errors,gas_indexed_events,gas_small_strings,gas_strict_inequalities,one_contract_per_file,quotes,reason_string,use_natspec}",{},{},{}
contracts_output/contracts_output/gemini_with_rag_contracts/5497.sol,5497.sol,solhint-6.0.0,solidity,2025/09/14,20260206_1558,1770393849.9734592,0.9784963130950928,1,"{compiler_version,explicit_types,func_visibility,gas_custom_errors,gas_small_strings,gas_strict_inequalities,one_contract_per_file,reason_string,use_natspec}",{},{},{}
contracts_output/contracts_output/gemini_with_rag_contracts/5500.sol,5500.sol,solhint-6.0.0,solidity,2025/09/14,20260206_1558,1770394200.2054636,0.9903924465179443,1,"{compiler_version,func_visibility,gas_custom_errors,gas_indexed_events,gas_small_strings,gas_strict_inequalities,one_contract_per_file,reason_string,use_natspec}",{},{},{}
contracts_output/contracts_output/gemini_with_rag_contracts/5527.sol,5527.sol,solhint-6.0.0,solidity,2025/09/14,20260206_1558,1770394042.2659922,1.1139299869537354,1,"{compiler_version,func_visibility,gas_custom_errors,gas_increment_by_one,gas_small_strings,gas_strict_inequalities,one_contract_per_file,reason_string,use_natspec}",{},{},{}
contracts_output/contracts_output/gemini_with_rag_contracts/5531.sol,5531.sol,solhint-6.0.0,solidity,2025/09/14,20260206_1558,1770394109.8393698,0.99111008644104,1,"{compiler_version,explicit_types,func_visibility,gas_custom_errors,gas_small_strings,gas_strict_inequalities,no_unused_vars,one_contract_per_file,quotes,reason_string,use_natspec}",{},{},{}
contracts_output/contracts_output/gemini_with_rag_contracts/5534.sol,5534.sol,solhint-6.0.0,solidity,2025/09/14,20260206_1558,1770393774.2259169,0.9612479209899902,1,"{compiler_version,func_visibility,gas_custom_errors,gas_small_strings,gas_strict_inequalities,one_contract_per_file,quotes,reason_string,use_natspec,var_name_mixedcase}",{},{},{}
contracts_output/contracts_output/gemini_with_rag_contracts/5542.sol,5542.sol,solhint-6.0.0,solidity,2025/09/14,20260206_1558,1770394095.7202482,1.0254008769989014,1,"{compiler_version,func_visibility,gas_custom_errors,gas_small_strings,gas_strict_inequalities,interface_starts_with_i,one_contract_per_file,reason_string,use_natspec}",{},{},{}
contracts_output/contracts_output/gemini_with_rag_contracts/5584.sol,5584.sol,solhint-6.0.0,solidity,2025/09/14,20260206_1558,1770394189.0689793,0.9568538665771484,1,"{compiler_version,func_visibility,gas_custom_errors,gas_small_strings,gas_strict_inequalities,no_unused_vars,one_contract_per_file,reason_string,use_natspec}",{},{},{}
contracts_output/contracts_output/gemini_with_rag_contracts/5602.sol,5602.sol,solhint-6.0.0,solidity,2025/09/14,20260206_1558,1770394224.6187458,1.037346363067627,1,"{compiler_version,func_visibility,gas_custom_errors,gas_small_strings,gas_strict_inequalities,import_path_check,imports_on_top,no_global_import,one_contract_per_file,reason_string,use_natspec}",{},{},{}
contracts_output/contracts_output/gemini_with_rag_contracts/5609.sol,5609.sol,solhint-6.0.0,solidity,2025/09/14,20260206_1558,1770393552.8196504,0.9838645458221436,1,"{compiler_version,func_visibility,gas_custom_errors,gas_increment_by_one,gas_small_strings,gas_strict_inequalities,one_contract_per_file,reason_string,use_natspec}",{},{},{}
contracts_output/contracts_output/gemini_with_rag_contracts/5627.sol,5627.sol,solhint-6.0.0,solidity,2025/09/14,20260206_1558,1770393940.181935,0.9627170562744141,1,"{compiler_version,func_visibility,gas_custom_errors,gas_small_strings,gas_strict_inequalities,no_empty_blocks,one_contract_per_file,reason_string,use_natspec,var_name_mixedcase}",{},{},{}
contracts_output/contracts_output/gemini_with_rag_contracts/5639.sol,5639.sol,solhint-6.0.0,solidity,2025/09/14,20260206_1558,1770393912.9603932,0.9304304122924805,1,"{compiler_version,func_visibility,gas_custom_errors,gas_small_strings,gas_strict_inequalities,one_contract_per_file,quotes,reason_string,use_natspec}",{},{},{}
contracts_output/contracts_output/gemini_with_rag_contracts/5641.sol,5641.sol,solhint-6.0.0,solidity,2025/09/14,20260206_1558,1770393689.2022567,0.9658734798431396,1,"{compiler_version,func_visibility,gas_custom_errors,gas_small_strings,gas_strict_inequalities,one_contract_per_file,reason_string,use_natspec}",{},{},{}
contracts_output/contracts_output/gemini_with_rag_contracts/5648.sol,5648.sol,solhint-6.0.0,solidity,2025/09/14,20260206_1558,1770394319.5683632,1.0377795696258545,1,"{compiler_version,func_visibility,gas_custom_errors,gas_increment_by_one,gas_indexed_events,gas_small_strings,gas_strict_inequalities,one_contract_per_file,reason_string,use_natspec}",{},{},{}
contracts_output/contracts_output/gemini_with_rag_contracts/565.sol,565.sol,solhint-6.0.0,solidity,2025/09/14,20260206_1558,1770393841.3311076,1.1309630870819092,1,"{compiler_version,func_visibility,gas_calldata_parameters,gas_custom_errors,gas_indexed_events,gas_small_strings,gas_strict_inequalities,one_contract_per_file,reason_string,use_natspec}",{},{},{}
contracts_output/contracts_output/gemini_with_rag_contracts/5667.sol,5667.sol,solhint-6.0.0,solidity,2025/09/14,20260206_1558,1770393533.7624683,0.9397714138031006,1,"{compiler_version,func_visibility,gas_custom_errors,gas_increment_by_one,gas_small_strings,gas_strict_inequalities,one_contract_per_file,reason_string,use_natspec}",{},{},{}
contracts_output/contracts_output/gemini_with_rag_contracts/5679.sol,5679.sol,solhint-6.0.0,solidity,2025/09/14,20260206_1558,1770393770.754459,0.99898362159729,1,"{compiler_version,func_visibility,gas_custom_errors,gas_small_strings,gas_strict_inequalities,one_contract_per_file,reason_string,use_natspec}",{},{},{}
contracts_output/contracts_output/gemini_with_rag_contracts/5691.sol,5691.sol,solhint-6.0.0,solidity,2025/09/14,20260206_1558,1770393757.2992632,1.0376906394958496,1,"{compiler_version,func_visibility,gas_custom_errors,gas_indexed_events,gas_small_strings,gas_strict_inequalities,import_path_check,no_global_import,one_contract_per_file,reason_string,use_natspec}",{},{},{}
contracts_output/contracts_output/gemini_with_rag_contracts/5701.sol,5701.sol,solhint-6.0.0,solidity,2025/09/14,20260206_1558,1770394199.7541566,1.0589706897735596,1,"{compiler_version,func_visibility,gas_custom_errors,gas_small_strings,gas_strict_inequalities,one_contract_per_file,reason_string,use_natspec}",{},{},{}
contracts_output/contracts_output/gemini_with_rag_contracts/5707.sol,5707.sol,solhint-6.0.0,solidity,2025/09/14,20260206_1558,1770394256.3077543,0.9814410209655762,1,"{compiler_version,func_visibility,gas_custom_errors,gas_increment_by_one,gas_small_strings,gas_strict_inequalities,no_empty_blocks,one_contract_per_file,reason_string,use_natspec}",{},{},{}
contracts_output/contracts_output/gemini_with_rag_contracts/5732.sol,5732.sol,solhint-6.0.0,solidity,2025/09/14,20260206_1558,1770393890.9366894,1.0420398712158203,1,"{compiler_version,func_visibility,gas_custom_errors,gas_indexed_events,gas_small_strings,gas_strict_inequalities,import_path_check,no_empty_blocks,no_global_import,one_contract_per_file,reason_string,use_natspec}",{},{},{}
contracts_output/contracts_output/gemini_with_rag_contracts/5733.sol,5733.sol,solhint-6.0.0,solidity,2025/09/14,20260206_1558,1770393904.6616292,0.9376890659332275,1,"{compiler_version,explicit_types,func_visibility,gas_custom_errors,gas_increment_by_one,gas_small_strings,gas_strict_inequalities,no_inline_assembly,one_contract_per_file,reason_string,use_natspec}",{},{},{}
contracts_output/contracts_output/gemini_with_rag_contracts/5740.sol,5740.sol,solhint-6.0.0,solidity,2025/09/14,20260206_1558,1770394179.1151175,1.0193455219268799,1,"{compiler_version,func_visibility,gas_custom_errors,gas_small_strings,gas_strict_inequalities,one_contract_per_file,reason_string,use_natspec}",{},{},{}
contracts_output/contracts_output/gemini_with_rag_contracts/5759.sol,5759.sol,solhint-6.0.0,solidity,2025/09/14,20260206_1558,1770394172.7662597,1.0263075828552246,1,"{compiler_version,explicit_types,func_visibility,gas_custom_errors,gas_increment_by_one,gas_small_strings,gas_strict_inequalities,one_contract_per_file,reason_string,use_natspec}",{},{},{}
contracts_output/contracts_output/gemini_with_rag_contracts/5765.sol,5765.sol,solhint-6.0.0,solidity,2025/09/14,20260206_1558,1770394261.152215,0.9827797412872314,1,"{compiler_version,func_visibility,gas_custom_errors,gas_small_strings,gas_strict_inequalities,import_path_check,no_global_import,one_contract_per_file,reason_string,use_natspec}",{},{},{}
contracts_output/contracts_output/gemini_with_rag_contracts/5767.sol,5767.sol,solhint-6.0.0,solidity,2025/09/14,20260206_1558,1770394217.1301076,1.0328450202941895,1,"{compiler_version,func_visibility,gas_custom_errors,gas_indexed_events,gas_small_strings,gas_strict_inequalities,interface_starts_with_i,one_contract_per_file,reason_string,use_natspec}",{},{},{}
contracts_output/contracts_output/gemini_with_rag_contracts/5781.sol,5781.sol,solhint-6.0.0,solidity,2025/09/14,20260206_1558,1770393544.4100807,0.9711339473724365,1,"{compiler_version,func_visibility,gas_custom_errors,gas_small_strings,gas_strict_inequalities,one_contract_per_file,reason_string,use_natspec}",{},{},{}
contracts_output/contracts_output/gemini_with_rag_contracts/5791.sol,5791.sol,solhint-6.0.0,solidity,2025/09/14,20260206_1558,1770393554.8086216,0.9633133411407471,1,"{compiler_version,func_visibility,gas_custom_errors,gas_indexed_events,gas_small_strings,gas_strict_inequalities,one_contract_per_file,reason_string,state_visibility,use_natspec}",{},{},{}
contracts_output/contracts_output/gemini_with_rag_contracts/5799.sol,5799.sol,solhint-6.0.0,solidity,2025/09/14,20260206_1558,1770393876.383483,0.8841445446014404,1,{},{},{},{}
contracts_output/contracts_output/gemini_with_rag_contracts/5800.sol,5800.sol,solhint-6.0.0,solidity,2025/09/14,20260206_1558,1770393852.1040819,1.0484020709991455,1,"{compiler_version,func_visibility,gas_custom_errors,gas_small_strings,gas_strict_inequalities,one_contract_per_file,reason_string,use_natspec}",{},{},{}
contracts_output/contracts_output/gemini_with_rag_contracts/5804.sol,5804.sol,solhint-6.0.0,solidity,2025/09/14,20260206_1558,1770394087.5367393,1.0089895725250244,1,"{compiler_version,func_visibility,gas_custom_errors,gas_increment_by_one,gas_small_strings,gas_strict_inequalities,one_contract_per_file,reason_string,use_natspec}",{},{},{}
contracts_output/contracts_output/gemini_with_rag_contracts/5822.sol,5822.sol,solhint-6.0.0,solidity,2025/09/14,20260206_1558,1770394101.9633088,0.9652113914489746,1,"{compiler_version,func_visibility,gas_custom_errors,gas_small_strings,gas_strict_inequalities,import_path_check,no_global_import,one_contract_per_file,reason_string,use_natspec}",{},{},{}
contracts_output/contracts_output/gemini_with_rag_contracts/5836.sol,5836.sol,solhint-6.0.0,solidity,2025/09/14,20260206_1558,1770393984.5920017,0.9600868225097656,1,"{compiler_version,func_visibility,gas_custom_errors,gas_small_strings,gas_strict_inequalities,one_contract_per_file,reason_string,use_natspec}",{},{},{}
contracts_output/contracts_output/gemini_with_rag_contracts/5894.sol,5894.sol,solhint-6.0.0,solidity,2025/09/14,20260206_1558,1770394053.2224133,0.9814062118530273,1,"{compiler_version,func_visibility,gas_custom_errors,gas_increment_by_one,gas_small_strings,gas_strict_inequalities,one_contract_per_file,reason_string,use_natspec,var_name_mixedcase}",{},{},{}
contracts_output/contracts_output/gemini_with_rag_contracts/5915.sol,5915.sol,solhint-6.0.0,solidity,2025/09/14,20260206_1558,1770394228.6327822,1.114433765411377,1,"{compiler_version,func_visibility,gas_custom_errors,gas_small_strings,gas_strict_inequalities,import_path_check,no_global_import,one_contract_per_file,reason_string,use_natspec}",{},{},{}
contracts_output/contracts_output/gemini_with_rag_contracts/5919.sol,5919.sol,solhint-6.0.0,solidity,2025/09/14,20260206_1558,1770393828.83143,1.0335023403167725,1,"{compiler_version,func_visibility,gas_custom_errors,gas_indexed_events,gas_small_strings,gas_strict_inequalities,one_contract_per_file,reason_string,state_visibility,use_natspec}",{},{},{}
contracts_output/contracts_output/gemini_with_rag_contracts/5921.sol,5921.sol,solhint-6.0.0,solidity,2025/09/14,20260206_1558,1770393727.7962368,1.0064518451690674,1,"{compiler_version,func_visibility,gas_custom_errors,gas_small_strings,gas_strict_inequalities,one_contract_per_file,reason_string,use_natspec}",{},{},{}
contracts_output/contracts_output/gemini_with_rag_contracts/5927.sol,5927.sol,solhint-6.0.0,solidity,2025/09/14,20260206_1558,1770393841.6784687,1.1081137657165527,1,"{compiler_version,func_visibility,gas_custom_errors,gas_increment_by_one,gas_small_strings,gas_strict_inequalities,one_contract_per_file,reason_string,use_natspec}",{},{},{}
contracts_output/contracts_output/gemini_with_rag_contracts/5928.sol,5928.sol,solhint-6.0.0,solidity,2025/09/14,20260206_1558,1770394136.4520352,0.9612832069396973,1,"{compiler_version,func_visibility,gas_custom_errors,gas_indexed_events,gas_small_strings,gas_strict_inequalities,one_contract_per_file,reason_string,use_natspec}",{},{},{}
contracts_output/contracts_output/gemini_with_rag_contracts/5946.sol,5946.sol,solhint-6.0.0,solidity,2025/09/14,20260206_1558,1770394167.942918,0.8891034126281738,1,"{compiler_version,func_visibility,gas_custom_errors,gas_small_strings,gas_strict_inequalities,one_contract_per_file,reason_string,use_natspec}",{},{},{}
contracts_output/contracts_output/gemini_with_rag_contracts/5952.sol,5952.sol,solhint-6.0.0,solidity,2025/09/14,20260206_1558,1770393568.6530275,1.0215175151824951,1,"{compiler_version,func_visibility,gas_custom_errors,gas_indexed_events,gas_small_strings,gas_strict_inequalities,one_contract_per_file,reason_string,use_natspec}",{},{},{}
contracts_output/contracts_output/gemini_with_rag_contracts/5953.sol,5953.sol,solhint-6.0.0,solidity,2025/09/14,20260206_1558,1770393698.6123724,0.9496927261352539,1,{},{},{},{}
contracts_output/contracts_output/gemini_with_rag_contracts/598.sol,598.sol,solhint-6.0.0,solidity,2025/09/14,20260206_1558,1770393969.3828027,1.2213122844696045,1,"{compiler_version,func_visibility,gas_custom_errors,gas_indexed_events,gas_small_strings,gas_strict_inequalities,one_contract_per_file,reason_string,state_visibility,use_natspec}",{},{},{}
contracts_output/contracts_output/gemini_with_rag_contracts/5993.sol,5993.sol,solhint-6.0.0,solidity,2025/09/14,20260206_1558,1770393515.8519726,0.9579832553863525,1,"{avoid_tx_origin,compiler_version,func_visibility,gas_custom_errors,gas_small_strings,gas_strict_inequalities,one_contract_per_file,quotes,reason_string,use_natspec}",{},{},{}
contracts_output/contracts_output/gemini_with_rag_contracts/6003.sol,6003.sol,solhint-6.0.0,solidity,2025/09/14,20260206_1558,1770394191.7727003,0.9866852760314941,1,"{compiler_version,explicit_types,func_visibility,gas_custom_errors,gas_indexed_events,gas_small_strings,gas_strict_inequalities,one_contract_per_file,reason_string,use_natspec}",{},{},{}
contracts_output/contracts_output/gemini_with_rag_contracts/6025.sol,6025.sol,solhint-6.0.0,solidity,2025/09/14,20260206_1558,1770393510.345624,1.1349608898162842,1,"{compiler_version,func_visibility,gas_custom_errors,gas_indexed_events,gas_small_strings,gas_strict_inequalities,import_path_check,no_global_import,one_contract_per_file,reason_string,use_natspec}",{},{},{}
contracts_output/contracts_output/gemini_with_rag_contracts/6042.sol,6042.sol,solhint-6.0.0,solidity,2025/09/14,20260206_1558,1770393507.1577697,1.247619867324829,1,"{compiler_version,func_visibility,gas_custom_errors,gas_small_strings,gas_strict_inequalities,no_empty_blocks,one_contract_per_file,reason_string,use_natspec}",{},{},{}
contracts_output/contracts_output/gemini_with_rag_contracts/6047.sol,6047.sol,solhint-6.0.0,solidity,2025/09/14,20260206_1558,1770393618.026729,0.9685063362121582,1,"{compiler_version,explicit_types,func_visibility,gas_custom_errors,gas_increment_by_one,gas_small_strings,gas_strict_inequalities,no_empty_blocks,no_unused_vars,one_contract_per_file,reason_string,state_visibility,use_natspec}",{},{},{}
contracts_output/contracts_output/gemini_with_rag_contracts/6054.sol,6054.sol,solhint-6.0.0,solidity,2025/09/14,20260206_1558,1770393519.5657952,1.0393342971801758,1,"{compiler_version,func_visibility,gas_custom_errors,gas_indexed_events,gas_small_strings,gas_strict_inequalities,one_contract_per_file,reason_string,use_natspec}",{},{},{}
contracts_output/contracts_output/gemini_with_rag_contracts/6060.sol,6060.sol,solhint-6.0.0,solidity,2025/09/14,20260206_1558,1770393543.7384267,1.0193750858306885,1,"{compiler_version,event_name_capwords,func_visibility,gas_custom_errors,gas_indexed_events,gas_small_strings,gas_strict_inequalities,one_contract_per_file,reason_string,use_natspec,var_name_mixedcase}",{},{},{}
contracts_output/contracts_output/gemini_with_rag_contracts/6063.sol,6063.sol,solhint-6.0.0,solidity,2025/09/14,20260206_1558,1770393719.000197,1.1913080215454102,1,"{compiler_version,func_visibility,gas_custom_errors,gas_indexed_events,gas_small_strings,gas_strict_inequalities,one_contract_per_file,reason_string,use_natspec}",{},{},{}
contracts_output/contracts_output/gemini_with_rag_contracts/609.sol,609.sol,solhint-6.0.0,solidity,2025/09/14,20260206_1558,1770394313.6649497,1.0872504711151123,1,"{compiler_version,func_visibility,gas_custom_errors,gas_small_strings,gas_strict_inequalities,no_empty_blocks,no_unused_vars,one_contract_per_file,reason_string,use_natspec}",{},{},{}
contracts_output/contracts_output/gemini_with_rag_contracts/6100.sol,6100.sol,solhint-6.0.0,solidity,2025/09/14,20260206_1558,1770393603.5669954,0.9644320011138916,1,{},{},{},{}
contracts_output/contracts_output/gemini_with_rag_contracts/6110.sol,6110.sol,solhint-6.0.0,solidity,2025/09/14,20260206_1558,1770394032.6320422,0.969679594039917,1,"{compiler_version,func_visibility,gas_custom_errors,gas_indexed_events,gas_small_strings,gas_strict_inequalities,one_contract_per_file,reason_string,use_natspec}",{},{},{}
contracts_output/contracts_output/gemini_with_rag_contracts/6123.sol,6123.sol,solhint-6.0.0,solidity,2025/09/14,20260206_1558,1770394284.4815972,0.9919569492340088,1,"{compiler_version,explicit_types,func_visibility,gas_custom_errors,gas_increment_by_one,gas_indexed_events,gas_small_strings,gas_strict_inequalities,interface_starts_with_i,one_contract_per_file,reason_string,use_natspec}",{},{},{}
contracts_output/contracts_output/gemini_with_rag_contracts/6152.sol,6152.sol,solhint-6.0.0,solidity,2025/09/14,20260206_1558,1770393888.755181,1.0318126678466797,1,"{compiler_version,func_visibility,gas_custom_errors,gas_small_strings,gas_strict_inequalities,one_contract_per_file,reason_string,use_natspec}",{},{},{}
contracts_output/contracts_output/gemini_with_rag_contracts/6178.sol,6178.sol,solhint-6.0.0,solidity,2025/09/14,20260206_1558,1770393853.748148,0.9521210193634033,1,{},{},{},{}
contracts_output/contracts_output/gemini_with_rag_contracts/6206.sol,6206.sol,solhint-6.0.0,solidity,2025/09/14,20260206_1558,1770393666.825366,0.9385764598846436,1,"{compiler_version,func_visibility,gas_custom_errors,gas_increment_by_one,gas_small_strings,gas_strict_inequalities,one_contract_per_file,reason_string,use_natspec}",{},{},{}
contracts_output/contracts_output/gemini_with_rag_contracts/6236.sol,6236.sol,solhint-6.0.0,solidity,2025/09/14,20260206_1558,1770393516.8112805,0.9402449131011963,1,"{compiler_version,func_visibility,gas_custom_errors,gas_small_strings,gas_strict_inequalities,interface_starts_with_i,no_unused_vars,one_contract_per_file,quotes,reason_string,use_natspec}",{},{},{}
contracts_output/contracts_output/gemini_with_rag_contracts/6249.sol,6249.sol,solhint-6.0.0,solidity,2025/09/14,20260206_1558,1770393852.4165273,0.9900801181793213,1,"{compiler_version,func_visibility,gas_custom_errors,gas_small_strings,gas_strict_inequalities,one_contract_per_file,reason_string,use_natspec}",{},{},{}
contracts_output/contracts_output/gemini_with_rag_contracts/6260.sol,6260.sol,solhint-6.0.0,solidity,2025/09/14,20260206_1558,1770393889.9400592,0.9955360889434814,1,"{compiler_version,func_visibility,gas_custom_errors,gas_small_strings,gas_strict_inequalities,no_unused_vars,one_contract_per_file,quotes,reason_string,use_natspec,var_name_mixedcase}",{},{},{}
contracts_output/contracts_output/gemini_with_rag_contracts/6276.sol,6276.sol,solhint-6.0.0,solidity,2025/09/14,20260206_1558,1770394042.136117,0.9855139255523682,1,"{compiler_version,func_visibility,gas_custom_errors,gas_small_strings,gas_strict_inequalities,interface_starts_with_i,no_complex_fallback,no_inline_assembly,one_contract_per_file,reason_string,use_natspec}",{},{},{}
contracts_output/contracts_output/gemini_with_rag_contracts/629.sol,629.sol,solhint-6.0.0,solidity,2025/09/14,20260206_1558,1770394311.4219077,0.9575552940368652,1,"{compiler_version,func_visibility,gas_custom_errors,gas_small_strings,gas_strict_inequalities,one_contract_per_file,reason_string,use_natspec}",{},{},{}
contracts_output/contracts_output/gemini_with_rag_contracts/6310.sol,6310.sol,solhint-6.0.0,solidity,2025/09/14,20260206_1558,1770393723.4068344,1.0349879264831543,1,"{compiler_version,func_visibility,gas_custom_errors,gas_small_strings,gas_strict_inequalities,one_contract_per_file,reason_string,use_natspec}",{},{},{}
contracts_output/contracts_output/gemini_with_rag_contracts/6311.sol,6311.sol,solhint-6.0.0,solidity,2025/09/14,20260206_1558,1770393873.5613258,0.9338932037353516,1,{},{},{},{}
contracts_output/contracts_output/gemini_with_rag_contracts/6317.sol,6317.sol,solhint-6.0.0,solidity,2025/09/14,20260206_1558,1770394324.02213,0.9816086292266846,1,"{compiler_version,func_name_mixedcase,func_visibility,gas_custom_errors,gas_small_strings,gas_strict_inequalities,one_contract_per_file,quotes,reason_string,use_natspec}",{},{},{}
contracts_output/contracts_output/gemini_with_rag_contracts/6318.sol,6318.sol,solhint-6.0.0,solidity,2025/09/14,20260206_1558,1770394282.339096,1.0234484672546387,1,"{compiler_version,func_visibility,gas_custom_errors,gas_small_strings,gas_strict_inequalities,one_contract_per_file,reason_string,use_natspec,var_name_mixedcase}",{},{},{}
contracts_output/contracts_output/gemini_with_rag_contracts/6330.sol,6330.sol,solhint-6.0.0,solidity,2025/09/14,20260206_1558,1770394160.2452502,0.9627938270568848,1,"{compiler_version,const_name_snakecase,func_visibility,gas_custom_errors,gas_small_strings,gas_strict_inequalities,one_contract_per_file,reason_string,use_natspec,var_name_mixedcase}",{},{},{}
contracts_output/contracts_output/gemini_with_rag_contracts/6348.sol,6348.sol,solhint-6.0.0,solidity,2025/09/14,20260206_1558,1770393758.6214383,0.9677643775939941,255,{},{},{EXIT_CODE_255},{}
contracts_output/contracts_output/gemini_with_rag_contracts/6370.sol,6370.sol,solhint-6.0.0,solidity,2025/09/14,20260206_1558,1770394051.2229204,1.0304861068725586,1,"{compiler_version,func_visibility,gas_custom_errors,gas_indexed_events,gas_small_strings,gas_strict_inequalities,one_contract_per_file,reason_string,use_natspec}",{},{},{}
contracts_output/contracts_output/gemini_with_rag_contracts/6381.sol,6381.sol,solhint-6.0.0,solidity,2025/09/14,20260206_1558,1770394317.5368392,0.9828474521636963,1,"{compiler_version,func_visibility,gas_custom_errors,gas_small_strings,gas_strict_inequalities,no_inline_assembly,one_contract_per_file,quotes,reason_string,use_natspec}",{},{},{}
contracts_output/contracts_output/gemini_with_rag_contracts/6383.sol,6383.sol,solhint-6.0.0,solidity,2025/09/14,20260206_1558,1770393850.0392566,1.0195012092590332,1,"{compiler_version,explicit_types,func_visibility,gas_custom_errors,gas_increment_by_one,gas_small_strings,gas_strict_inequalities,one_contract_per_file,reason_string,use_natspec}",{},{},{}
contracts_output/contracts_output/gemini_with_rag_contracts/6386.sol,6386.sol,solhint-6.0.0,solidity,2025/09/14,20260206_1558,1770394296.29476,1.049518346786499,1,"{compiler_version,func_visibility,gas_custom_errors,gas_small_strings,gas_strict_inequalities,one_contract_per_file,reason_string,use_natspec}",{},{},{}
contracts_output/contracts_output/gemini_with_rag_contracts/6399.sol,6399.sol,solhint-6.0.0,solidity,2025/09/14,20260206_1558,1770394156.4787242,1.095369577407837,1,"{compiler_version,func_visibility,gas_custom_errors,gas_increment_by_one,gas_indexed_events,gas_small_strings,gas_strict_inequalities,one_contract_per_file,reason_string,use_natspec}",{},{},{}
contracts_output/contracts_output/gemini_with_rag_contracts/6404.sol,6404.sol,solhint-6.0.0,solidity,2025/09/14,20260206_1558,1770393563.5831993,1.0217258930206299,1,"{compiler_version,func_visibility,gas_custom_errors,gas_increment_by_one,gas_small_strings,gas_strict_inequalities,one_contract_per_file,reason_string,use_natspec}",{},{},{}
contracts_output/contracts_output/gemini_with_rag_contracts/6408.sol,6408.sol,solhint-6.0.0,solidity,2025/09/14,20260206_1558,1770393827.2311456,1.105762243270874,1,"{compiler_version,explicit_types,func_visibility,gas_custom_errors,gas_small_strings,gas_strict_inequalities,one_contract_per_file,reason_string,use_natspec}",{},{},{}
contracts_output/contracts_output/gemini_with_rag_contracts/6427.sol,6427.sol,solhint-6.0.0,solidity,2025/09/14,20260206_1558,1770394322.4837935,0.9129164218902588,1,{},{},{},{}
contracts_output/contracts_output/gemini_with_rag_contracts/6429.sol,6429.sol,solhint-6.0.0,solidity,2025/09/14,20260206_1558,1770393517.2609658,0.9611239433288574,1,"{compiler_version,func_visibility,gas_custom_errors,gas_small_strings,gas_strict_inequalities,no_inline_assembly,one_contract_per_file,reason_string,use_natspec}",{},{},{}
contracts_output/contracts_output/gemini_with_rag_contracts/6434.sol,6434.sol,solhint-6.0.0,solidity,2025/09/14,20260206_1558,1770393899.92308,0.9995222091674805,1,"{compiler_version,func_visibility,gas_custom_errors,gas_small_strings,gas_strict_inequalities,no_empty_blocks,one_contract_per_file,reason_string,use_natspec}",{},{},{}
contracts_output/contracts_output/gemini_with_rag_contracts/6458.sol,6458.sol,solhint-6.0.0,solidity,2025/09/14,20260206_1558,1770394189.8356671,1.0026955604553223,1,"{compiler_version,func_visibility,gas_custom_errors,gas_indexed_events,gas_small_strings,gas_strict_inequalities,one_contract_per_file,reason_string,use_natspec}",{},{},{}
contracts_output/contracts_output/gemini_with_rag_contracts/6503.sol,6503.sol,solhint-6.0.0,solidity,2025/09/14,20260206_1558,1770394293.862501,1.0513286590576172,1,"{compiler_version,func_visibility,gas_custom_errors,gas_small_strings,gas_strict_inequalities,one_contract_per_file,reason_string,use_natspec}",{},{},{}
contracts_output/contracts_output/gemini_with_rag_contracts/6513.sol,6513.sol,solhint-6.0.0,solidity,2025/09/14,20260206_1558,1770393659.168465,0.984703540802002,1,"{compiler_version,func_visibility,gas_custom_errors,gas_small_strings,gas_strict_inequalities,interface_starts_with_i,no_unused_vars,one_contract_per_file,reason_string,use_natspec}",{},{},{}
contracts_output/contracts_output/gemini_with_rag_contracts/6515.sol,6515.sol,solhint-6.0.0,solidity,2025/09/14,20260206_1558,1770393528.0381665,0.973839282989502,1,"{compiler_version,func_visibility,gas_custom_errors,gas_small_strings,gas_strict_inequalities,one_contract_per_file,reason_string,use_natspec}",{},{},{}
contracts_output/contracts_output/gemini_with_rag_contracts/6517.sol,6517.sol,solhint-6.0.0,solidity,2025/09/14,20260206_1558,1770393893.1870368,1.0237021446228027,1,"{compiler_version,func_visibility,gas_custom_errors,gas_small_strings,gas_strict_inequalities,import_path_check,no_global_import,no_unused_vars,one_contract_per_file,reason_string,use_natspec,var_name_mixedcase}",{},{},{}
contracts_output/contracts_output/gemini_with_rag_contracts/6519.sol,6519.sol,solhint-6.0.0,solidity,2025/09/14,20260206_1558,1770394159.5773325,1.0185656547546387,1,"{compiler_version,func_visibility,gas_custom_errors,gas_small_strings,gas_strict_inequalities,import_path_check,no_global_import,one_contract_per_file,reason_string,use_natspec}",{},{},{}
contracts_output/contracts_output/gemini_with_rag_contracts/6528.sol,6528.sol,solhint-6.0.0,solidity,2025/09/14,20260206_1558,1770393708.6945007,1.0037195682525635,1,"{compiler_version,explicit_types,func_visibility,gas_custom_errors,gas_increment_by_one,gas_small_strings,gas_strict_inequalities,one_contract_per_file,reason_string,use_natspec}",{},{},{}
contracts_output/contracts_output/gemini_with_rag_contracts/6552.sol,6552.sol,solhint-6.0.0,solidity,2025/09/14,20260206_1558,1770393681.995362,1.076930284500122,1,"{compiler_version,func_visibility,gas_custom_errors,gas_small_strings,gas_strict_inequalities,one_contract_per_file,reason_string,use_natspec}",{},{},{}
contracts_output/contracts_output/gemini_with_rag_contracts/6562.sol,6562.sol,solhint-6.0.0,solidity,2025/09/14,20260206_1558,1770393683.8077714,1.0151894092559814,1,"{compiler_version,func_visibility,gas_custom_errors,gas_small_strings,gas_strict_inequalities,one_contract_per_file,reason_string,use_natspec}",{},{},{}
contracts_output/contracts_output/gemini_with_rag_contracts/6593.sol,6593.sol,solhint-6.0.0,solidity,2025/09/14,20260206_1558,1770394021.5887804,0.9880428314208984,1,"{compiler_version,func_visibility,gas_custom_errors,gas_small_strings,gas_strict_inequalities,one_contract_per_file,reason_string,use_natspec}",{},{},{}
contracts_output/contracts_output/gemini_with_rag_contracts/6613.sol,6613.sol,solhint-6.0.0,solidity,2025/09/14,20260206_1558,1770393837.5293148,1.0816853046417236,1,"{compiler_version,func_visibility,gas_custom_errors,gas_small_strings,gas_strict_inequalities,one_contract_per_file,quotes,reason_string,use_natspec}",{},{},{}
contracts_output/contracts_output/gemini_with_rag_contracts/6641.sol,6641.sol,solhint-6.0.0,solidity,2025/09/14,20260206_1558,1770393586.224205,0.9691479206085205,1,"{compiler_version,explicit_types,func_visibility,gas_custom_errors,gas_increment_by_one,gas_small_strings,gas_strict_inequalities,one_contract_per_file,reason_string,use_natspec}",{},{},{}
contracts_output/contracts_output/gemini_with_rag_contracts/6644.sol,6644.sol,solhint-6.0.0,solidity,2025/09/14,20260206_1558,1770393565.2515078,0.9887583255767822,1,"{compiler_version,event_name_capwords,func_visibility,gas_custom_errors,gas_small_strings,gas_strict_inequalities,gas_struct_packing,one_contract_per_file,reason_string,use_natspec}",{},{},{}
contracts_output/contracts_output/gemini_with_rag_contracts/6660.sol,6660.sol,solhint-6.0.0,solidity,2025/09/14,20260206_1558,1770394192.1960654,0.9283201694488525,1,"{compiler_version,func_visibility,gas_custom_errors,gas_increment_by_one,gas_small_strings,gas_strict_inequalities,one_contract_per_file,quotes,reason_string,use_natspec}",{},{},{}
contracts_output/contracts_output/gemini_with_rag_contracts/6667.sol,6667.sol,solhint-6.0.0,solidity,2025/09/14,20260206_1558,1770393641.853084,1.0632896423339844,1,"{compiler_version,func_visibility,gas_custom_errors,gas_small_strings,gas_strict_inequalities,one_contract_per_file,reason_string,use_natspec}",{},{},{}
contracts_output/contracts_output/gemini_with_rag_contracts/6671.sol,6671.sol,solhint-6.0.0,solidity,2025/09/14,20260206_1558,1770394329.0890174,1.0322611331939697,1,"{compiler_version,func_visibility,gas_custom_errors,gas_indexed_events,gas_small_strings,gas_strict_inequalities,one_contract_per_file,reason_string,use_natspec}",{},{},{}
contracts_output/contracts_output/gemini_with_rag_contracts/6724.sol,6724.sol,solhint-6.0.0,solidity,2025/09/14,20260206_1558,1770394045.4017587,1.0624632835388184,1,"{compiler_version,func_visibility,gas_custom_errors,gas_small_strings,gas_strict_inequalities,one_contract_per_file,reason_string,use_natspec}",{},{},{}
contracts_output/contracts_output/gemini_with_rag_contracts/6726.sol,6726.sol,solhint-6.0.0,solidity,2025/09/14,20260206_1558,1770393836.826532,1.0445165634155273,1,"{compiler_version,func_visibility,gas_custom_errors,gas_small_strings,gas_strict_inequalities,one_contract_per_file,reason_string,use_natspec}",{},{},{}
contracts_output/contracts_output/gemini_with_rag_contracts/6728.sol,6728.sol,solhint-6.0.0,solidity,2025/09/14,20260206_1558,1770394126.632266,0.9916806221008301,1,"{compiler_version,func_visibility,gas_custom_errors,gas_indexed_events,gas_small_strings,gas_strict_inequalities,no_empty_blocks,one_contract_per_file,reason_string,use_natspec}",{},{},{}
contracts_output/contracts_output/gemini_with_rag_contracts/6735.sol,6735.sol,solhint-6.0.0,solidity,2025/09/14,20260206_1558,1770393510.0201597,1.084078311920166,1,"{compiler_version,func_visibility,gas_custom_errors,gas_indexed_events,gas_small_strings,gas_strict_inequalities,no_unused_vars,one_contract_per_file,reason_string,use_natspec}",{},{},{}
contracts_output/contracts_output/gemini_with_rag_contracts/6751.sol,6751.sol,solhint-6.0.0,solidity,2025/09/14,20260206_1558,1770393989.5015788,0.9776086807250977,1,"{compiler_version,func_visibility,gas_custom_errors,gas_small_strings,gas_strict_inequalities,one_contract_per_file,reason_string,use_natspec}",{},{},{}
contracts_output/contracts_output/gemini_with_rag_contracts/6764.sol,6764.sol,solhint-6.0.0,solidity,2025/09/14,20260206_1558,1770394044.3952396,1.0050792694091797,1,"{compiler_version,func_visibility,gas_custom_errors,gas_increment_by_one,gas_small_strings,gas_strict_inequalities,no_unused_vars,one_contract_per_file,reason_string,use_natspec,var_name_mixedcase}",{},{},{}
contracts_output/contracts_output/gemini_with_rag_contracts/6774.sol,6774.sol,solhint-6.0.0,solidity,2025/09/14,20260206_1558,1770394096.8148024,0.9965713024139404,1,"{compiler_version,func_visibility,gas_custom_errors,gas_small_strings,gas_strict_inequalities,one_contract_per_file,reason_string,use_natspec}",{},{},{}
contracts_output/contracts_output/gemini_with_rag_contracts/6776.sol,6776.sol,solhint-6.0.0,solidity,2025/09/14,20260206_1558,1770394289.2893229,0.9043135643005371,1,"{compiler_version,func_visibility,gas_custom_errors,gas_small_strings,gas_strict_inequalities,one_contract_per_file,reason_string,use_natspec}",{},{},{}
contracts_output/contracts_output/gemini_with_rag_contracts/6786.sol,6786.sol,solhint-6.0.0,solidity,2025/09/14,20260206_1558,1770394228.6594584,1.0664465427398682,1,{},{},{},{}
contracts_output/contracts_output/gemini_with_rag_contracts/6808.sol,6808.sol,solhint-6.0.0,solidity,2025/09/14,20260206_1558,1770393886.9629812,0.9844167232513428,1,"{compiler_version,func_visibility,gas_custom_errors,gas_small_strings,gas_strict_inequalities,one_contract_per_file,reason_string,use_natspec}",{},{},{}
contracts_output/contracts_output/gemini_with_rag_contracts/6826.sol,6826.sol,solhint-6.0.0,solidity,2025/09/14,20260206_1558,1770393731.4804544,1.0085339546203613,1,"{compiler_version,func_visibility,gas_custom_errors,gas_small_strings,gas_strict_inequalities,one_contract_per_file,reason_string,use_natspec}",{},{},{}
contracts_output/contracts_output/gemini_with_rag_contracts/6848.sol,6848.sol,solhint-6.0.0,solidity,2025/09/14,20260206_1558,1770393548.8161628,1.0450060367584229,1,"{compiler_version,func_visibility,gas_custom_errors,gas_indexed_events,gas_small_strings,gas_strict_inequalities,one_contract_per_file,reason_string,use_natspec}",{},{},{}
contracts_output/contracts_output/gemini_with_rag_contracts/6875.sol,6875.sol,solhint-6.0.0,solidity,2025/09/14,20260206_1558,1770394020.5908022,0.9968407154083252,1,"{compiler_version,func_visibility,gas_custom_errors,gas_indexed_events,gas_small_strings,gas_strict_inequalities,import_path_check,imports_on_top,no_global_import,one_contract_per_file,reason_string,use_natspec}",{},{},{}
contracts_output/contracts_output/gemini_with_rag_contracts/689.sol,689.sol,solhint-6.0.0,solidity,2025/09/14,20260206_1558,1770393747.9408846,0.9738426208496094,1,"{compiler_version,func_visibility,gas_custom_errors,gas_small_strings,gas_strict_inequalities,no_empty_blocks,one_contract_per_file,reason_string,use_natspec}",{},{},{}
contracts_output/contracts_output/gemini_with_rag_contracts/691.sol,691.sol,solhint-6.0.0,solidity,2025/09/14,20260206_1558,1770393651.3280356,0.9908561706542969,1,"{compiler_version,func_visibility,gas_custom_errors,gas_small_strings,gas_strict_inequalities,one_contract_per_file,reason_string,use_natspec}",{},{},{}
contracts_output/contracts_output/gemini_with_rag_contracts/694.sol,694.sol,solhint-6.0.0,solidity,2025/09/14,20260206_1558,1770394231.3519347,1.152332067489624,1,"{compiler_version,func_visibility,gas_custom_errors,gas_small_strings,gas_strict_inequalities,one_contract_per_file,reason_string,use_natspec}",{},{},{}
contracts_output/contracts_output/gemini_with_rag_contracts/714.sol,714.sol,solhint-6.0.0,solidity,2025/09/14,20260206_1558,1770394107.50946,0.9911074638366699,1,"{compiler_version,func_visibility,gas_custom_errors,gas_indexed_events,gas_small_strings,gas_strict_inequalities,one_contract_per_file,reason_string,use_natspec}",{},{},{}
contracts_output/contracts_output/gemini_with_rag_contracts/725.sol,725.sol,solhint-6.0.0,solidity,2025/09/14,20260206_1558,1770393512.3264742,1.024235486984253,1,"{compiler_version,func_visibility,gas_custom_errors,gas_small_strings,gas_strict_inequalities,one_contract_per_file,reason_string,use_natspec}",{},{},{}
contracts_output/contracts_output/gemini_with_rag_contracts/732.sol,732.sol,solhint-6.0.0,solidity,2025/09/14,20260206_1558,1770393588.1813338,0.9264471530914307,1,"{compiler_version,func_visibility,gas_custom_errors,gas_indexed_events,gas_small_strings,gas_strict_inequalities,no_empty_blocks,one_contract_per_file,quotes,reason_string,use_natspec}",{},{},{}
contracts_output/contracts_output/gemini_with_rag_contracts/752.sol,752.sol,solhint-6.0.0,solidity,2025/09/14,20260206_1558,1770394250.4197,0.9843578338623047,1,"{compiler_version,func_visibility,gas_calldata_parameters,gas_custom_errors,gas_small_strings,gas_strict_inequalities,no_unused_vars,one_contract_per_file,reason_string,use_natspec}",{},{},{}
contracts_output/contracts_output/gemini_with_rag_contracts/761.sol,761.sol,solhint-6.0.0,solidity,2025/09/14,20260206_1558,1770393836.7110057,1.0545952320098877,1,"{compiler_version,func_visibility,gas_custom_errors,gas_small_strings,gas_strict_inequalities,one_contract_per_file,reason_string,use_natspec}",{},{},{}
contracts_output/contracts_output/gemini_with_rag_contracts/772.sol,772.sol,solhint-6.0.0,solidity,2025/09/14,20260206_1558,1770394195.6241598,1.0656657218933105,1,"{compiler_version,func_visibility,gas_custom_errors,gas_small_strings,gas_strict_inequalities,import_path_check,no_global_import,one_contract_per_file,reason_string,use_natspec}",{},{},{}
contracts_output/contracts_output/gemini_with_rag_contracts/780.sol,780.sol,solhint-6.0.0,solidity,2025/09/14,20260206_1558,1770394274.4748116,0.9983932971954346,1,"{compiler_version,func_visibility,gas_custom_errors,gas_small_strings,gas_strict_inequalities,one_contract_per_file,reason_string,use_natspec}",{},{},{}
contracts_output/contracts_output/gemini_with_rag_contracts/79.sol,79.sol,solhint-6.0.0,solidity,2025/09/14,20260206_1558,1770393748.9163816,0.9787805080413818,1,"{compiler_version,func_visibility,gas_custom_errors,gas_increment_by_one,gas_small_strings,gas_strict_inequalities,no_unused_vars,one_contract_per_file,reason_string,use_natspec}",{},{},{}
contracts_output/contracts_output/gemini_with_rag_contracts/790.sol,790.sol,solhint-6.0.0,solidity,2025/09/14,20260206_1558,1770393973.0687838,0.9321386814117432,1,"{compiler_version,func_visibility,gas_custom_errors,gas_small_strings,gas_strict_inequalities,one_contract_per_file,reason_string,use_natspec}",{},{},{}
contracts_output/contracts_output/gemini_with_rag_contracts/799.sol,799.sol,solhint-6.0.0,solidity,2025/09/14,20260206_1558,1770393582.7877781,0.9698352813720703,1,"{compiler_version,func_visibility,gas_custom_errors,gas_increment_by_one,gas_small_strings,gas_strict_inequalities,no_unused_vars,one_contract_per_file,reason_string,use_natspec}",{},{},{}
contracts_output/contracts_output/gemini_with_rag_contracts/812.sol,812.sol,solhint-6.0.0,solidity,2025/09/14,20260206_1558,1770394260.3730643,1.0682353973388672,1,"{compiler_version,func_visibility,gas_custom_errors,gas_small_strings,gas_strict_inequalities,one_contract_per_file,quotes,reason_string,use_natspec}",{},{},{}
contracts_output/contracts_output/gemini_with_rag_contracts/827.sol,827.sol,solhint-6.0.0,solidity,2025/09/14,20260206_1558,1770393528.8744178,1.0493874549865723,1,"{compiler_version,func_visibility,gas_custom_errors,gas_increment_by_one,gas_small_strings,gas_strict_inequalities,one_contract_per_file,reason_string,use_natspec}",{},{},{}
contracts_output/contracts_output/gemini_with_rag_contracts/86.sol,86.sol,solhint-6.0.0,solidity,2025/09/14,20260206_1558,1770393919.6191928,0.9598407745361328,1,"{compiler_version,func_visibility,gas_custom_errors,gas_small_strings,gas_strict_inequalities,one_contract_per_file,reason_string,use_natspec}",{},{},{}
contracts_output/contracts_output/gemini_with_rag_contracts/868.sol,868.sol,solhint-6.0.0,solidity,2025/09/14,20260206_1558,1770394171.963569,1.014991283416748,1,"{avoid_low_level_calls,compiler_version,func_visibility,gas_custom_errors,gas_small_strings,gas_strict_inequalities,no_empty_blocks,no_unused_vars,one_contract_per_file,reason_string,use_natspec}",{},{},{}
contracts_output/contracts_output/gemini_with_rag_contracts/876.sol,876.sol,solhint-6.0.0,solidity,2025/09/14,20260206_1558,1770393591.615718,1.0357263088226318,1,"{compiler_version,func_visibility,gas_custom_errors,gas_small_strings,gas_strict_inequalities,no_empty_blocks,no_inline_assembly,one_contract_per_file,reason_string,use_natspec}",{},{},{}
contracts_output/contracts_output/gemini_with_rag_contracts/883.sol,883.sol,solhint-6.0.0,solidity,2025/09/14,20260206_1558,1770393797.8497443,1.1022553443908691,1,"{compiler_version,func_visibility,gas_custom_errors,gas_increment_by_one,gas_small_strings,gas_strict_inequalities,no_empty_blocks,no_unused_vars,one_contract_per_file,reason_string,use_natspec}",{},{},{}
contracts_output/contracts_output/gemini_with_rag_contracts/892.sol,892.sol,solhint-6.0.0,solidity,2025/09/14,20260206_1558,1770394129.142422,0.9922239780426025,1,"{compiler_version,func_visibility,gas_custom_errors,gas_indexed_events,gas_small_strings,gas_strict_inequalities,one_contract_per_file,reason_string,use_natspec}",{},{},{}
contracts_output/contracts_output/gemini_with_rag_contracts/906.sol,906.sol,solhint-6.0.0,solidity,2025/09/14,20260206_1558,1770394230.3928127,1.15061354637146,1,"{compiler_version,func_visibility,gas_custom_errors,gas_small_strings,gas_strict_inequalities,one_contract_per_file,reason_string,use_natspec}",{},{},{}
contracts_output/contracts_output/gemini_with_rag_contracts/915.sol,915.sol,solhint-6.0.0,solidity,2025/09/14,20260206_1558,1770394205.4241364,1.0610103607177734,1,"{compiler_version,func_visibility,gas_custom_errors,gas_increment_by_one,gas_small_strings,gas_strict_inequalities,one_contract_per_file,reason_string,use_natspec}",{},{},{}
contracts_output/contracts_output/gemini_with_rag_contracts/949.sol,949.sol,solhint-6.0.0,solidity,2025/09/14,20260206_1558,1770393939.4487216,1.0325438976287842,1,"{compiler_version,func_visibility,gas_custom_errors,gas_indexed_events,gas_small_strings,gas_strict_inequalities,one_contract_per_file,reason_string,use_natspec}",{},{},{}
contracts_output/contracts_output/gemini_with_rag_contracts/963.sol,963.sol,solhint-6.0.0,solidity,2025/09/14,20260206_1558,1770393809.4109216,0.9892256259918213,1,"{compiler_version,func_visibility,gas_custom_errors,gas_small_strings,gas_strict_inequalities,one_contract_per_file,reason_string,use_natspec}",{},{},{}
contracts_output/contracts_output/gemini_with_rag_contracts/967.sol,967.sol,solhint-6.0.0,solidity,2025/09/14,20260206_1558,1770393568.9917927,1.0152928829193115,1,"{compiler_version,func_visibility,gas_custom_errors,gas_increment_by_one,gas_small_strings,gas_strict_inequalities,one_contract_per_file,reason_string,use_natspec}",{},{},{}
contracts_output/contracts_output/gemini_with_rag_contracts/97.sol,97.sol,solhint-6.0.0,solidity,2025/09/14,20260206_1558,1770394103.676029,0.9941952228546143,1,"{compiler_version,func_visibility,gas_custom_errors,gas_small_strings,gas_strict_inequalities,one_contract_per_file,reason_string,use_natspec}",{},{},{}
contracts_output/contracts_output/gemini_with_rag_contracts/971.sol,971.sol,solhint-6.0.0,solidity,2025/09/14,20260206_1558,1770393823.3174863,1.0034470558166504,1,"{compiler_version,gas_custom_errors,gas_small_strings,gas_strict_inequalities,one_contract_per_file,reason_string,use_natspec}",{},{},{}
